country,year,temp_change_c,hemisphere
Afghanistan,1961,-0.121,north
Afghanistan,1962,-0.171,north
Afghanistan,1963,0.841,north
Afghanistan,1964,-0.779,north
Afghanistan,1965,-0.254,north
Afghanistan,1966,0.172,north
Afghanistan,1967,-0.374,north
Afghanistan,1968,-0.375,north
Afghanistan,1969,-0.49,north
Afghanistan,1970,0.852,north
Afghanistan,1971,0.621,north
Afghanistan,1972,-1.135,north
Afghanistan,1973,0.214,north
Afghanistan,1974,-0.508,north
Afghanistan,1975,-0.452,north
Afghanistan,1976,-0.261,north
Afghanistan,1977,0.57,north
Afghanistan,1978,0.16,north
Afghanistan,1979,0.386,north
Afghanistan,1980,0.624,north
Afghanistan,1981,0.502,north
Afghanistan,1982,-0.302,north
Afghanistan,1983,0.178,north
Afghanistan,1984,0.144,north
Afghanistan,1985,0.305,north
Afghanistan,1986,-0.09,north
Afghanistan,1987,0.44,north
Afghanistan,1988,0.958,north
Afghanistan,1989,-0.203,north
Afghanistan,1990,0.796,north
Afghanistan,1991,-0.133,north
Afghanistan,1992,-0.297,north
Afghanistan,1993,0.223,north
Afghanistan,1994,0.459,north
Afghanistan,1995,0.401,north
Afghanistan,1996,-0.064,north
Afghanistan,1997,0.409,north
Afghanistan,1998,0.585,north
Afghanistan,1999,1.192,north
Afghanistan,2000,1.039,north
Afghanistan,2001,1.355,north
Afghanistan,2002,1.361,north
Afghanistan,2003,0.632,north
Afghanistan,2004,1.37,north
Afghanistan,2005,0.477,north
Afghanistan,2006,1.754,north
Afghanistan,2007,0.745,north
Afghanistan,2008,0.798,north
Afghanistan,2009,0.982,north
Afghanistan,2010,1.695,north
Afghanistan,2011,1.463,north
Afghanistan,2012,0.283,north
Afghanistan,2013,1.325,north
Afghanistan,2014,0.536,north
Afghanistan,2015,1.166,north
Afghanistan,2016,1.581,north
Afghanistan,2017,1.626,north
Afghanistan,2018,1.682,north
Afghanistan,2019,1.125,north
Afghanistan,2020,0.652,north
Albania,1961,0.639,north
Albania,1962,0.345,north
Albania,1963,0.078,north
Albania,1964,-0.166,north
Albania,1965,-0.388,north
Albania,1966,0.553,north
Albania,1967,-0.082,north
Albania,1968,0.073,north
Albania,1969,-0.024,north
Albania,1970,-0.127,north
Albania,1971,-0.223,north
Albania,1972,-0.097,north
Albania,1973,-0.304,north
Albania,1974,-0.138,north
Albania,1975,-0.209,north
Albania,1976,-0.688,north
Albania,1977,0.543,north
Albania,1978,-0.795,north
Albania,1979,0.25,north
Albania,1980,-0.376,north
Albania,1981,-0.312,north
Albania,1982,0.236,north
Albania,1983,-0.059,north
Albania,1984,-0.21,north
Albania,1985,-0.041,north
Albania,1986,0.63,north
Albania,1987,-0.048,north
Albania,1988,0.431,north
Albania,1989,-0.004,north
Albania,1990,0.82,north
Albania,1991,-0.245,north
Albania,1992,0.116,north
Albania,1993,0.124,north
Albania,1994,1.374,north
Albania,1995,-0.127,north
Albania,1996,0.014,north
Albania,1997,0.117,north
Albania,1998,0.838,north
Albania,1999,0.718,north
Albania,2000,1.12,north
Albania,2001,1.573,north
Albania,2002,0.533,north
Albania,2003,1.016,north
Albania,2004,0.453,north
Albania,2005,0.216,north
Albania,2006,0.493,north
Albania,2007,1.487,north
Albania,2008,1.152,north
Albania,2009,1.016,north
Albania,2010,1.145,north
Albania,2011,1.133,north
Albania,2012,1.577,north
Albania,2013,1.431,north
Albania,2014,1.357,north
Albania,2015,1.703,north
Albania,2016,1.624,north
Albania,2017,1.286,north
Albania,2018,2.189,north
Albania,2019,1.858,north
Albania,2020,1.671,north
Algeria,1961,0.11,north
Algeria,1962,0.042,north
Algeria,1963,0.005,north
Algeria,1964,0.169,north
Algeria,1965,-0.176,north
Algeria,1966,0.373,north
Algeria,1967,-0.02,north
Algeria,1968,-0.062,north
Algeria,1969,0.325,north
Algeria,1970,0.13,north
Algeria,1971,-0.362,north
Algeria,1972,-0.324,north
Algeria,1973,0.004,north
Algeria,1974,-0.473,north
Algeria,1975,-0.526,north
Algeria,1976,-0.762,north
Algeria,1977,0.593,north
Algeria,1978,0.096,north
Algeria,1979,0.72,north
Algeria,1980,0.286,north
Algeria,1981,0.255,north
Algeria,1982,0.439,north
Algeria,1983,0.643,north
Algeria,1984,0.07,north
Algeria,1985,0.582,north
Algeria,1986,0.394,north
Algeria,1987,1.04,north
Algeria,1988,1.378,north
Algeria,1989,0.425,north
Algeria,1990,1.312,north
Algeria,1991,0.079,north
Algeria,1992,-0.273,north
Algeria,1993,0.633,north
Algeria,1994,0.719,north
Algeria,1995,0.619,north
Algeria,1996,0.866,north
Algeria,1997,1.085,north
Algeria,1998,1.142,north
Algeria,1999,1.527,north
Algeria,2000,0.865,north
Algeria,2001,1.897,north
Algeria,2002,1.291,north
Algeria,2003,1.635,north
Algeria,2004,1.034,north
Algeria,2005,1.305,north
Algeria,2006,1.429,north
Algeria,2007,1.245,north
Algeria,2008,1.215,north
Algeria,2009,0.978,north
Algeria,2010,2.291,north
Algeria,2011,1.427,north
Algeria,2012,1.184,north
Algeria,2013,1.211,north
Algeria,2014,1.715,north
Algeria,2015,1.151,north
Algeria,2016,1.776,north
Algeria,2017,1.537,north
Algeria,2018,1.246,north
Algeria,2019,1.127,north
Algeria,2020,1.943,north
American Samoa,1961,0.042,south
American Samoa,1962,-0.08,south
American Samoa,1963,0.128,south
American Samoa,1964,-0.178,south
American Samoa,1965,-0.526,south
American Samoa,1966,0.218,south
American Samoa,1967,-0.342,south
American Samoa,1968,-0.172,south
American Samoa,1969,0.147,south
American Samoa,1970,-0.033,south
American Samoa,1971,-0.464,south
American Samoa,1972,-0.073,south
American Samoa,1973,0.332,south
American Samoa,1974,-0.299,south
American Samoa,1975,-0.11,south
American Samoa,1976,-0.168,south
American Samoa,1977,0.157,south
American Samoa,1978,0.093,south
American Samoa,1979,0.339,south
American Samoa,1980,0.33,south
American Samoa,1981,0.155,south
American Samoa,1982,0.258,south
American Samoa,1983,0.287,south
American Samoa,1984,0.244,south
American Samoa,1985,0.223,south
American Samoa,1986,0.36,south
American Samoa,1987,0.311,south
American Samoa,1988,0.486,south
American Samoa,1989,0.151,south
American Samoa,1990,0.507,south
American Samoa,1991,0.801,south
American Samoa,1992,0.655,south
American Samoa,1993,0.204,south
American Samoa,1994,0.343,south
American Samoa,1995,0.813,south
American Samoa,1996,0.743,south
American Samoa,1997,0.5683,south
American Samoa,1998,0.3937,south
American Samoa,1999,0.219,south
American Samoa,2000,0.685,south
American Samoa,2001,0.962,south
American Samoa,2002,1.211,south
American Samoa,2003,0.702,south
American Samoa,2004,0.28,south
American Samoa,2005,0.959,south
American Samoa,2006,0.561,south
American Samoa,2007,1.034,south
American Samoa,2008,0.643,south
American Samoa,2009,0.903,south
American Samoa,2010,1.163,south
American Samoa,2011,0.711,south
American Samoa,2012,0.732,south
American Samoa,2013,1.016,south
American Samoa,2014,0.887,south
American Samoa,2015,0.726,south
American Samoa,2016,1.256,south
American Samoa,2017,1.151,south
American Samoa,2018,0.905,south
American Samoa,2019,1.255,south
American Samoa,2020,1.161,south
Andorra,1961,0.744,north
Andorra,1962,0.117,north
Andorra,1963,-0.746,north
Andorra,1964,0.315,north
Andorra,1965,-0.499,north
Andorra,1966,0.406,north
Andorra,1967,0.62,north
Andorra,1968,-0.013,north
Andorra,1969,-0.171,north
Andorra,1970,0.093,north
Andorra,1971,-0.343,north
Andorra,1972,-0.513,north
Andorra,1973,0.005,north
Andorra,1974,-0.403,north
Andorra,1975,0.221,north
Andorra,1976,-0.071,north
Andorra,1977,-0.122,north
Andorra,1978,-0.184,north
Andorra,1979,0.034,north
Andorra,1980,-0.214,north
Andorra,1981,0.145,north
Andorra,1982,1.009,north
Andorra,1983,0.808,north
Andorra,1984,-0.207,north
Andorra,1985,0.006,north
Andorra,1986,0.336,north
Andorra,1987,0.361,north
Andorra,1988,0.854,north
Andorra,1989,1.133,north
Andorra,1990,1.695,north
Andorra,1991,0.176,north
Andorra,1992,0.332,north
Andorra,1993,0.161,north
Andorra,1994,1.492,north
Andorra,1995,1.239,north
Andorra,1996,0.523,north
Andorra,1997,1.725,north
Andorra,1998,0.942,north
Andorra,1999,0.964,north
Andorra,2000,0.952,north
Andorra,2001,1.409,north
Andorra,2002,0.766,north
Andorra,2003,1.909,north
Andorra,2004,0.887,north
Andorra,2005,0.807,north
Andorra,2006,1.438,north
Andorra,2007,0.954,north
Andorra,2008,0.858,north
Andorra,2009,1.325,north
Andorra,2010,0.373,north
Andorra,2011,1.586,north
Andorra,2012,1.179,north
Andorra,2013,0.748,north
Andorra,2014,1.868,north
Andorra,2015,1.564,north
Andorra,2016,1.845,north
Andorra,2017,1.784,north
Andorra,2018,1.76,north
Andorra,2019,1.8,north
Andorra,2020,2.378,north
Angola,1961,0.049,south
Angola,1962,-0.143,south
Angola,1963,-0.181,south
Angola,1964,-0.207,south
Angola,1965,-0.201,south
Angola,1966,0.182,south
Angola,1967,-0.067,south
Angola,1968,-0.191,south
Angola,1969,0.182,south
Angola,1970,0.245,south
Angola,1971,-0.073,south
Angola,1972,-0.095,south
Angola,1973,0.471,south
Angola,1974,-0.161,south
Angola,1975,-0.029,south
Angola,1976,-0.328,south
Angola,1977,0.274,south
Angola,1978,0.043,south
Angola,1979,0.301,south
Angola,1980,0.289,south
Angola,1981,-0.063,south
Angola,1982,0.167,south
Angola,1983,0.473,south
Angola,1984,0.667,south
Angola,1985,0.694,south
Angola,1986,0.154,south
Angola,1987,0.731,south
Angola,1988,0.634,south
Angola,1989,0.079,south
Angola,1990,0.787,south
Angola,1991,0.448,south
Angola,1992,0.606,south
Angola,1993,0.34,south
Angola,1994,0.295,south
Angola,1995,0.827,south
Angola,1996,0.455,south
Angola,1997,0.3,south
Angola,1998,1.206,south
Angola,1999,0.499,south
Angola,2000,0.248,south
Angola,2001,0.326,south
Angola,2002,0.759,south
Angola,2003,0.948,south
Angola,2004,0.397,south
Angola,2005,1.084,south
Angola,2006,0.455,south
Angola,2007,0.753,south
Angola,2008,0.409,south
Angola,2009,0.64,south
Angola,2010,1.16,south
Angola,2011,0.828,south
Angola,2012,0.528,south
Angola,2013,0.97,south
Angola,2014,0.776,south
Angola,2015,1.319,south
Angola,2016,1.733,south
Angola,2017,0.952,south
Angola,2018,1.26,south
Angola,2019,1.752,south
Angola,2020,1.057,south
Anguilla,1961,0.039,north
Anguilla,1962,0.005,north
Anguilla,1963,0.203,north
Anguilla,1964,0.127,north
Anguilla,1965,-0.344,north
Anguilla,1966,0.062,north
Anguilla,1967,-0.22,north
Anguilla,1968,-0.309,north
Anguilla,1969,0.299,north
Anguilla,1970,0.05,north
Anguilla,1971,-0.32,north
Anguilla,1972,-0.148,north
Anguilla,1973,0.189,north
Anguilla,1974,-0.362,north
Anguilla,1975,-0.35,north
Anguilla,1976,-0.449,north
Anguilla,1977,0.163,north
Anguilla,1978,0.102,north
Anguilla,1979,0.002,north
Anguilla,1980,0.684,north
Anguilla,1981,0.519,north
Anguilla,1982,0.097,north
Anguilla,1983,0.486,north
Anguilla,1984,0.051,north
Anguilla,1985,-0.065,north
Anguilla,1986,-0.041,north
Anguilla,1987,0.505,north
Anguilla,1988,0.369,north
Anguilla,1989,-0.128,north
Anguilla,1990,0.264,north
Anguilla,1991,0.256,north
Anguilla,1992,0.199,north
Anguilla,1993,0.369,north
Anguilla,1994,0.429,north
Anguilla,1995,0.476,north
Anguilla,1996,0.229,north
Anguilla,1997,0.39,north
Anguilla,1998,0.975,north
Anguilla,1999,0.456,north
Anguilla,2000,0.114,north
Anguilla,2001,0.471,north
Anguilla,2002,0.573,north
Anguilla,2003,0.689,north
Anguilla,2004,0.374,north
Anguilla,2005,0.656,north
Anguilla,2006,0.441,north
Anguilla,2007,0.699,north
Anguilla,2008,0.166,north
Anguilla,2009,0.421,north
Anguilla,2010,0.931,north
Anguilla,2011,0.327,north
Anguilla,2012,0.492,north
Anguilla,2013,0.587,north
Anguilla,2014,0.611,north
Anguilla,2015,0.87,north
Anguilla,2016,0.963,north
Anguilla,2017,0.702,north
Anguilla,2018,0.532,north
Anguilla,2019,0.766,north
Anguilla,2020,1.154,north
Antarctica,1961,0.28,south
Antarctica,1962,-0.227,south
Antarctica,1963,0.136,south
Antarctica,1964,-0.366,south
Antarctica,1965,-0.098,south
Antarctica,1966,-0.24,south
Antarctica,1967,0.133,south
Antarctica,1968,-0.088,south
Antarctica,1969,-0.256,south
Antarctica,1970,-0.133,south
Antarctica,1971,0.28,south
Antarctica,1972,0.621,south
Antarctica,1973,0.011,south
Antarctica,1974,0.169,south
Antarctica,1975,0.177,south
Antarctica,1976,-0.634,south
Antarctica,1977,0.25,south
Antarctica,1978,-0.118,south
Antarctica,1979,-0.234,south
Antarctica,1980,0.565,south
Antarctica,1981,0.706,south
Antarctica,1982,-0.031,south
Antarctica,1983,-0.693,south
Antarctica,1984,0.131,south
Antarctica,1985,0.18,south
Antarctica,1986,-0.269,south
Antarctica,1987,-0.699,south
Antarctica,1988,0.955,south
Antarctica,1989,-0.437,south
Antarctica,1990,0.289,south
Antarctica,1991,0.677,south
Antarctica,1992,0.334,south
Antarctica,1993,-0.728,south
Antarctica,1994,-0.206,south
Antarctica,1995,-0.27,south
Antarctica,1996,0.799,south
Antarctica,1997,-0.543,south
Antarctica,1998,-0.47,south
Antarctica,1999,-0.581,south
Antarctica,2000,-0.765,south
Antarctica,2001,-0.049,south
Antarctica,2002,1.272,south
Antarctica,2003,-0.463,south
Antarctica,2004,0.141,south
Antarctica,2005,0.888,south
Antarctica,2006,-0.067,south
Antarctica,2007,0.694,south
Antarctica,2008,0.617,south
Antarctica,2009,1.354,south
Antarctica,2010,0.825,south
Antarctica,2011,0.738,south
Antarctica,2012,-0.202,south
Antarctica,2013,1.75,south
Antarctica,2014,0.559,south
Antarctica,2015,-0.085,south
Antarctica,2016,0.229,south
Antarctica,2017,0.773,south
Antarctica,2018,1.451,south
Antarctica,2019,0.638,south
Antarctica,2020,0.779,south
Antigua and Barbuda,1961,-0.005,north
Antigua and Barbuda,1962,0.015,north
Antigua and Barbuda,1963,0.252,north
Antigua and Barbuda,1964,0.101,north
Antigua and Barbuda,1965,-0.409,north
Antigua and Barbuda,1966,0.167,north
Antigua and Barbuda,1967,-0.152,north
Antigua and Barbuda,1968,-0.276,north
Antigua and Barbuda,1969,0.263,north
Antigua and Barbuda,1970,0.063,north
Antigua and Barbuda,1971,-0.294,north
Antigua and Barbuda,1972,-0.19,north
Antigua and Barbuda,1973,0.221,north
Antigua and Barbuda,1974,-0.349,north
Antigua and Barbuda,1975,-0.4,north
Antigua and Barbuda,1976,-0.472,north
Antigua and Barbuda,1977,0.157,north
Antigua and Barbuda,1978,0.135,north
Antigua and Barbuda,1979,0.128,north
Antigua and Barbuda,1980,0.663,north
Antigua and Barbuda,1981,0.567,north
Antigua and Barbuda,1982,0.19,north
Antigua and Barbuda,1983,0.474,north
Antigua and Barbuda,1984,-0.023,north
Antigua and Barbuda,1985,-0.089,north
Antigua and Barbuda,1986,-0.077,north
Antigua and Barbuda,1987,0.583,north
Antigua and Barbuda,1988,0.322,north
Antigua and Barbuda,1989,-0.177,north
Antigua and Barbuda,1990,0.241,north
Antigua and Barbuda,1991,0.318,north
Antigua and Barbuda,1992,0.276,north
Antigua and Barbuda,1993,0.364,north
Antigua and Barbuda,1994,0.373,north
Antigua and Barbuda,1995,0.522,north
Antigua and Barbuda,1996,0.274,north
Antigua and Barbuda,1997,0.431,north
Antigua and Barbuda,1998,0.992,north
Antigua and Barbuda,1999,0.439,north
Antigua and Barbuda,2000,0.186,north
Antigua and Barbuda,2001,0.3425,north
Antigua and Barbuda,2002,0.499,north
Antigua and Barbuda,2003,0.65,north
Antigua and Barbuda,2004,0.331,north
Antigua and Barbuda,2005,0.651,north
Antigua and Barbuda,2006,0.382,north
Antigua and Barbuda,2007,0.637,north
Antigua and Barbuda,2008,0.085,north
Antigua and Barbuda,2009,0.322,north
Antigua and Barbuda,2010,0.961,north
Antigua and Barbuda,2011,0.382,north
Antigua and Barbuda,2012,0.484,north
Antigua and Barbuda,2013,0.556,north
Antigua and Barbuda,2014,0.487,north
Antigua and Barbuda,2015,0.811,north
Antigua and Barbuda,2016,0.889,north
Antigua and Barbuda,2017,0.665,north
Antigua and Barbuda,2018,0.506,north
Antigua and Barbuda,2019,0.763,north
Antigua and Barbuda,2020,1.098,north
Argentina,1961,0.149,south
Argentina,1962,-0.049,south
Argentina,1963,0.169,south
Argentina,1964,-0.343,south
Argentina,1965,0.088,south
Argentina,1966,-0.167,south
Argentina,1967,0.001,south
Argentina,1968,0.479,south
Argentina,1969,0.285,south
Argentina,1970,0.43,south
Argentina,1971,-0.273,south
Argentina,1972,-0.03,south
Argentina,1973,-0.184,south
Argentina,1974,-0.144,south
Argentina,1975,-0.066,south
Argentina,1976,-0.384,south
Argentina,1977,0.363,south
Argentina,1978,0.302,south
Argentina,1979,0.206,south
Argentina,1980,0.313,south
Argentina,1981,0.323,south
Argentina,1982,0.312,south
Argentina,1983,-0.005,south
Argentina,1984,-0.16,south
Argentina,1985,0.245,south
Argentina,1986,0.405,south
Argentina,1987,0.391,south
Argentina,1988,-0.249,south
Argentina,1989,0.565,south
Argentina,1990,0.393,south
Argentina,1991,0.224,south
Argentina,1992,-0.289,south
Argentina,1993,0.043,south
Argentina,1994,0.457,south
Argentina,1995,0.21,south
Argentina,1996,0.476,south
Argentina,1997,0.732,south
Argentina,1998,0.32,south
Argentina,1999,0.138,south
Argentina,2000,-0.22,south
Argentina,2001,0.392,south
Argentina,2002,0.259,south
Argentina,2003,0.593,south
Argentina,2004,0.384,south
Argentina,2005,0.171,south
Argentina,2006,0.508,south
Argentina,2007,-0.248,south
Argentina,2008,0.522,south
Argentina,2009,0.735,south
Argentina,2010,0.042,south
Argentina,2011,0.29,south
Argentina,2012,0.713,south
Argentina,2013,0.37,south
Argentina,2014,0.901,south
Argentina,2015,0.892,south
Argentina,2016,0.417,south
Argentina,2017,1.01,south
Argentina,2018,0.783,south
Argentina,2019,0.664,south
Argentina,2020,1.04,south
Aruba,1961,-0.08,north
Aruba,1962,0.143,north
Aruba,1963,0.074,north
Aruba,1964,0.247,north
Aruba,1965,-0.218,north
Aruba,1966,0.09,north
Aruba,1967,-0.282,north
Aruba,1968,0.037,north
Aruba,1969,0.465,north
Aruba,1970,0.35,north
Aruba,1971,-0.346,north
Aruba,1972,-0.01,north
Aruba,1973,0.166,north
Aruba,1974,-0.424,north
Aruba,1975,-0.222,north
Aruba,1976,-0.48,north
Aruba,1977,-0.2505,north
Aruba,1978,-0.021,north
Aruba,1979,0.2085,north
Aruba,1980,0.438,north
Aruba,1981,0.462,north
Aruba,1982,0.382,north
Aruba,1983,0.689,north
Aruba,1984,0.074,north
Aruba,1985,-0.17,north
Aruba,1986,-0.113,north
Aruba,1987,0.661,north
Aruba,1988,0.249,north
Aruba,1989,-0.197,north
Aruba,1990,0.155,north
Aruba,1991,0.214,north
Aruba,1992,0.24,north
Aruba,1993,0.266,north
Aruba,1994,0.292,north
Aruba,1995,0.573,north
Aruba,1996,0.727,north
Aruba,1997,0.7409,north
Aruba,1998,0.7547,north
Aruba,1999,0.7686,north
Aruba,2000,0.7824,north
Aruba,2001,0.7963,north
Aruba,2002,0.8101,north
Aruba,2003,0.824,north
Aruba,2004,0.425,north
Aruba,2005,0.607,north
Aruba,2006,0.308,north
Aruba,2007,0.756,north
Aruba,2008,0.8693,north
Aruba,2009,0.9827,north
Aruba,2010,1.096,north
Aruba,2011,0.32,north
Aruba,2012,0.414,north
Aruba,2013,0.951,north
Aruba,2014,0.865,north
Aruba,2015,1.051,north
Aruba,2016,1.1355,north
Aruba,2017,1.22,north
Aruba,2018,0.637,north
Aruba,2019,0.97,north
Aruba,2020,1.267,north
Australia,1961,0.151,south
Australia,1962,0.111,south
Australia,1963,-0.122,south
Australia,1964,-0.042,south
Australia,1965,0.114,south
Australia,1966,-0.253,south
Australia,1967,-0.104,south
Australia,1968,-0.208,south
Australia,1969,0.099,south
Australia,1970,-0.01,south
Australia,1971,-0.044,south
Australia,1972,0.092,south
Australia,1973,0.835,south
Australia,1974,-0.349,south
Australia,1975,0.059,south
Australia,1976,-0.501,south
Australia,1977,0.195,south
Australia,1978,0.086,south
Australia,1979,0.386,south
Australia,1980,0.899,south
Australia,1981,0.505,south
Australia,1982,0.207,south
Australia,1983,0.646,south
Australia,1984,-0.157,south
Australia,1985,0.336,south
Australia,1986,0.365,south
Australia,1987,0.346,south
Australia,1988,0.945,south
Australia,1989,0.137,south
Australia,1990,0.529,south
Australia,1991,0.805,south
Australia,1992,0.247,south
Australia,1993,0.449,south
Australia,1994,0.187,south
Australia,1995,0.377,south
Australia,1996,0.559,south
Australia,1997,0.349,south
Australia,1998,1.048,south
Australia,1999,0.56,south
Australia,2000,0.121,south
Australia,2001,0.304,south
Australia,2002,0.687,south
Australia,2003,0.778,south
Australia,2004,0.666,south
Australia,2005,1.137,south
Australia,2006,0.653,south
Australia,2007,0.865,south
Australia,2008,0.557,south
Australia,2009,0.96,south
Australia,2010,0.619,south
Australia,2011,0.148,south
Australia,2012,0.24,south
Australia,2013,1.436,south
Australia,2014,1.141,south
Australia,2015,1.038,south
Australia,2016,1.126,south
Australia,2017,1.111,south
Australia,2018,1.104,south
Australia,2019,1.405,south
Australia,2020,1.404,south
Austria,1961,1.031,north
Austria,1962,-0.621,north
Austria,1963,-0.725,north
Austria,1964,-0.371,north
Austria,1965,-0.881,north
Austria,1966,0.605,north
Austria,1967,0.676,north
Austria,1968,0.21,north
Austria,1969,-0.124,north
Austria,1970,-0.55,north
Austria,1971,-0.061,north
Austria,1972,0.108,north
Austria,1973,-0.03,north
Austria,1974,0.317,north
Austria,1975,0.863,north
Austria,1976,0.219,north
Austria,1977,0.499,north
Austria,1978,-0.471,north
Austria,1979,-0.106,north
Austria,1980,-0.268,north
Austria,1981,0.283,north
Austria,1982,0.392,north
Austria,1983,1.069,north
Austria,1984,-0.242,north
Austria,1985,-0.562,north
Austria,1986,0.326,north
Austria,1987,-0.254,north
Austria,1988,0.829,north
Austria,1989,1.114,north
Austria,1990,1.276,north
Austria,1991,0.141,north
Austria,1992,1.263,north
Austria,1993,0.543,north
Austria,1994,1.978,north
Austria,1995,0.958,north
Austria,1996,-0.183,north
Austria,1997,0.533,north
Austria,1998,1.363,north
Austria,1999,1.001,north
Austria,2000,1.788,north
Austria,2001,1.523,north
Austria,2002,1.556,north
Austria,2003,1.487,north
Austria,2004,0.857,north
Austria,2005,0.657,north
Austria,2006,0.94,north
Austria,2007,2.166,north
Austria,2008,1.611,north
Austria,2009,1.572,north
Austria,2010,0.684,north
Austria,2011,1.398,north
Austria,2012,1.81,north
Austria,2013,1.122,north
Austria,2014,2.43,north
Austria,2015,2.184,north
Austria,2016,2.115,north
Austria,2017,1.765,north
Austria,2018,2.563,north
Austria,2019,2.408,north
Austria,2020,2.357,north
Bahamas,1961,-0.016,north
Bahamas,1962,-0.167,north
Bahamas,1963,-0.192,north
Bahamas,1964,0.091,north
Bahamas,1965,-0.014,north
Bahamas,1966,-0.213,north
Bahamas,1967,-0.187,north
Bahamas,1968,-0.31,north
Bahamas,1969,-0.13,north
Bahamas,1970,-0.485,north
Bahamas,1971,0.036,north
Bahamas,1972,0.472,north
Bahamas,1973,0.336,north
Bahamas,1974,0.091,north
Bahamas,1975,0.479,north
Bahamas,1976,-0.227,north
Bahamas,1977,0.132,north
Bahamas,1978,0.202,north
Bahamas,1979,0.278,north
Bahamas,1980,0.436,north
Bahamas,1981,-0.035,north
Bahamas,1982,0.527,north
Bahamas,1983,0.246,north
Bahamas,1984,0.121,north
Bahamas,1985,0.33,north
Bahamas,1986,0.321,north
Bahamas,1987,0.495,north
Bahamas,1988,0.422,north
Bahamas,1989,0.712,north
Bahamas,1990,0.82,north
Bahamas,1991,0.838,north
Bahamas,1992,0.342,north
Bahamas,1993,0.433,north
Bahamas,1994,0.857,north
Bahamas,1995,0.767,north
Bahamas,1996,0.115,north
Bahamas,1997,0.877,north
Bahamas,1998,1.029,north
Bahamas,1999,0.724,north
Bahamas,2000,0.313,north
Bahamas,2001,0.248,north
Bahamas,2002,0.969,north
Bahamas,2003,1.117,north
Bahamas,2004,0.449,north
Bahamas,2005,0.514,north
Bahamas,2006,0.448,north
Bahamas,2007,0.998,north
Bahamas,2008,0.932,north
Bahamas,2009,0.519,north
Bahamas,2010,0.408,north
Bahamas,2011,0.487,north
Bahamas,2012,0.496,north
Bahamas,2013,0.721,north
Bahamas,2014,1.053,north
Bahamas,2015,1.397,north
Bahamas,2016,1.349,north
Bahamas,2017,1.506,north
Bahamas,2018,1.144,north
Bahamas,2019,1.581,north
Bahamas,2020,1.706,north
Bahrain,1961,-0.465,north
Bahrain,1962,0.393,north
Bahrain,1963,0.625,north
Bahrain,1964,-0.572,north
Bahrain,1965,0.223,north
Bahrain,1966,0.521,north
Bahrain,1967,-0.389,north
Bahrain,1968,-0.475,north
Bahrain,1969,0.537,north
Bahrain,1970,0.23,north
Bahrain,1971,-0.26,north
Bahrain,1972,-0.579,north
Bahrain,1973,-0.239,north
Bahrain,1974,-0.235,north
Bahrain,1975,-0.219,north
Bahrain,1976,-0.506,north
Bahrain,1977,0.328,north
Bahrain,1978,0.095,north
Bahrain,1979,0.853,north
Bahrain,1980,0.347,north
Bahrain,1981,0.404,north
Bahrain,1982,-0.097,north
Bahrain,1983,-0.854,north
Bahrain,1984,0.016,north
Bahrain,1985,0.352,north
Bahrain,1986,0.649,north
Bahrain,1987,0.524,north
Bahrain,1988,0.601,north
Bahrain,1989,0.008,north
Bahrain,1990,0.383,north
Bahrain,1991,-0.244,north
Bahrain,1992,-0.549,north
Bahrain,1993,0.119,north
Bahrain,1994,0.988,north
Bahrain,1995,0.238,north
Bahrain,1996,0.68,north
Bahrain,1997,0.359,north
Bahrain,1998,1.417,north
Bahrain,1999,2.06,north
Bahrain,2000,1.15,north
Bahrain,2001,1.24,north
Bahrain,2002,1.584,north
Bahrain,2003,1.267,north
Bahrain,2004,1.389,north
Bahrain,2005,1.066,north
Bahrain,2006,1.839,north
Bahrain,2007,1.052,north
Bahrain,2008,1.295,north
Bahrain,2009,1.182,north
Bahrain,2010,2.141,north
Bahrain,2011,1.355,north
Bahrain,2012,1.299,north
Bahrain,2013,1.418,north
Bahrain,2014,1.814,north
Bahrain,2015,2.355,north
Bahrain,2016,1.63,north
Bahrain,2017,2.091,north
Bahrain,2018,2.25,north
Bahrain,2019,2.125,north
Bahrain,2020,2.119,north
Bangladesh,1961,0.155,north
Bangladesh,1962,-0.258,north
Bangladesh,1963,-0.082,north
Bangladesh,1964,0.099,north
Bangladesh,1965,-0.2,north
Bangladesh,1966,0.318,north
Bangladesh,1967,-0.221,north
Bangladesh,1968,-0.242,north
Bangladesh,1969,-0.019,north
Bangladesh,1970,-0.038,north
Bangladesh,1971,-0.586,north
Bangladesh,1972,-0.032,north
Bangladesh,1973,0.146,north
Bangladesh,1974,-0.152,north
Bangladesh,1975,-0.088,north
Bangladesh,1976,-0.11,north
Bangladesh,1977,-0.265,north
Bangladesh,1978,-0.23,north
Bangladesh,1979,0.488,north
Bangladesh,1980,0.152,north
Bangladesh,1981,-0.157,north
Bangladesh,1982,-0.027,north
Bangladesh,1983,-0.093,north
Bangladesh,1984,-0.239,north
Bangladesh,1985,0.154,north
Bangladesh,1986,0.135,north
Bangladesh,1987,0.433,north
Bangladesh,1988,0.429,north
Bangladesh,1989,0.2,north
Bangladesh,1990,-0.042,north
Bangladesh,1991,0.049,north
Bangladesh,1992,-0.047,north
Bangladesh,1993,-0.325,north
Bangladesh,1994,0.316,north
Bangladesh,1995,0.29,north
Bangladesh,1996,0.242,north
Bangladesh,1997,-0.015,north
Bangladesh,1998,0.598,north
Bangladesh,1999,0.877,north
Bangladesh,2000,0.337,north
Bangladesh,2001,0.461,north
Bangladesh,2002,0.52,north
Bangladesh,2003,0.373,north
Bangladesh,2004,0.418,north
Bangladesh,2005,0.766,north
Bangladesh,2006,1.007,north
Bangladesh,2007,0.472,north
Bangladesh,2008,0.26,north
Bangladesh,2009,1.037,north
Bangladesh,2010,1.005,north
Bangladesh,2011,0.292,north
Bangladesh,2012,0.485,north
Bangladesh,2013,0.377,north
Bangladesh,2014,0.563,north
Bangladesh,2015,0.796,north
Bangladesh,2016,1.395,north
Bangladesh,2017,1.242,north
Bangladesh,2018,1.039,north
Bangladesh,2019,1.264,north
Bangladesh,2020,1.053,north
Barbados,1961,0.26,north
Barbados,1962,0.13,north
Barbados,1963,0.233,north
Barbados,1964,0.019,north
Barbados,1965,-0.252,north
Barbados,1966,-0.125,north
Barbados,1967,-0.229,north
Barbados,1968,-0.343,north
Barbados,1969,0.327,north
Barbados,1970,0.088,north
Barbados,1971,-0.161,north
Barbados,1972,-0.005,north
Barbados,1973,0.013,north
Barbados,1974,-0.334,north
Barbados,1975,-0.559,north
Barbados,1976,-0.426,north
Barbados,1977,-0.04,north
Barbados,1978,0.254,north
Barbados,1979,0.043,north
Barbados,1980,0.506,north
Barbados,1981,0.275,north
Barbados,1982,0.127,north
Barbados,1983,0.241,north
Barbados,1984,-0.104,north
Barbados,1985,-0.298,north
Barbados,1986,-0.202,north
Barbados,1987,0.497,north
Barbados,1988,0.342,north
Barbados,1989,0.149,north
Barbados,1990,0.292,north
Barbados,1991,0.346,north
Barbados,1992,0.254,north
Barbados,1993,0.314,north
Barbados,1994,0.303,north
Barbados,1995,0.355,north
Barbados,1996,0.198,north
Barbados,1997,0.175,north
Barbados,1998,0.967,north
Barbados,1999,0.351,north
Barbados,2000,0.192,north
Barbados,2001,0.395,north
Barbados,2002,0.372,north
Barbados,2003,0.76,north
Barbados,2004,0.614,north
Barbados,2005,1.056,north
Barbados,2006,0.765,north
Barbados,2007,0.605,north
Barbados,2008,0.252,north
Barbados,2009,0.374,north
Barbados,2010,1.101,north
Barbados,2011,0.648,north
Barbados,2012,0.48,north
Barbados,2013,0.76,north
Barbados,2014,0.405,north
Barbados,2015,0.86,north
Barbados,2016,1.153,north
Barbados,2017,0.792,north
Barbados,2018,0.509,north
Barbados,2019,0.974,north
Barbados,2020,0.816,north
Belize,1961,-0.004,north
Belize,1962,-0.107,north
Belize,1963,-0.052,north
Belize,1964,-0.115,north
Belize,1965,-0.173,north
Belize,1966,-0.264,north
Belize,1967,-0.351,north
Belize,1968,-0.237,north
Belize,1969,0.238,north
Belize,1970,-0.223,north
Belize,1971,-0.178,north
Belize,1972,0.526,north
Belize,1973,0.449,north
Belize,1974,0.136,north
Belize,1975,0.05,north
Belize,1976,-0.316,north
Belize,1977,0.241,north
Belize,1978,0.134,north
Belize,1979,0.662,north
Belize,1980,0.635,north
Belize,1981,-0.069,north
Belize,1982,0.575,north
Belize,1983,0.721,north
Belize,1984,0.203,north
Belize,1985,0.488,north
Belize,1986,0.18,north
Belize,1987,0.42,north
Belize,1988,0.523,north
Belize,1989,0.282,north
Belize,1990,0.447,north
Belize,1991,0.614,north
Belize,1992,0.303,north
Belize,1993,0.326,north
Belize,1994,0.632,north
Belize,1995,0.657,north
Belize,1996,0.113,north
Belize,1997,0.781,north
Belize,1998,0.826,north
Belize,1999,0.34,north
Belize,2000,0.064,north
Belize,2001,0.339,north
Belize,2002,0.643,north
Belize,2003,0.881,north
Belize,2004,0.64,north
Belize,2005,0.793,north
Belize,2006,0.595,north
Belize,2007,0.797,north
Belize,2008,0.523,north
Belize,2009,0.863,north
Belize,2010,0.777,north
Belize,2011,0.655,north
Belize,2012,0.574,north
Belize,2013,0.714,north
Belize,2014,0.715,north
Belize,2015,1.235,north
Belize,2016,1.367,north
Belize,2017,1.273,north
Belize,2018,0.742,north
Belize,2019,1.443,north
Belize,2020,1.653,north
Benin,1961,-0.117,north
Benin,1962,-0.221,north
Benin,1963,0.158,north
Benin,1964,-0.21,north
Benin,1965,-0.079,north
Benin,1966,-0.03,north
Benin,1967,-0.246,north
Benin,1968,-0.096,north
Benin,1969,0.359,north
Benin,1970,0.366,north
Benin,1971,-0.133,north
Benin,1972,0.127,north
Benin,1973,0.664,north
Benin,1974,0.026,north
Benin,1975,-0.343,north
Benin,1976,-0.249,north
Benin,1977,0.305,north
Benin,1978,-0.084,north
Benin,1979,0.479,north
Benin,1980,0.428,north
Benin,1981,0.175,north
Benin,1982,0.218,north
Benin,1983,0.564,north
Benin,1984,0.559,north
Benin,1985,0.428,north
Benin,1986,0.329,north
Benin,1987,1.015,north
Benin,1988,0.67,north
Benin,1989,-0.013,north
Benin,1990,0.624,north
Benin,1991,0.34,north
Benin,1992,0.015,north
Benin,1993,0.567,north
Benin,1994,0.471,north
Benin,1995,0.454,north
Benin,1996,0.772,north
Benin,1997,0.588,north
Benin,1998,1.067,north
Benin,1999,0.641,north
Benin,2000,0.472,north
Benin,2001,0.55,north
Benin,2002,0.74,north
Benin,2003,0.994,north
Benin,2004,0.764,north
Benin,2005,1.147,north
Benin,2006,1.08,north
Benin,2007,0.88,north
Benin,2008,0.68,north
Benin,2009,0.996,north
Benin,2010,1.284,north
Benin,2011,0.993,north
Benin,2012,0.64,north
Benin,2013,0.91,north
Benin,2014,0.975,north
Benin,2015,1.192,north
Benin,2016,1.139,north
Benin,2017,1.26,north
Benin,2018,1.129,north
Benin,2019,1.232,north
Benin,2020,1.141,north
Bhutan,1961,0.227,north
Bhutan,1962,-0.265,north
Bhutan,1963,-0.204,north
Bhutan,1964,0.061,north
Bhutan,1965,-0.574,north
Bhutan,1966,0.186,north
Bhutan,1967,-0.364,north
Bhutan,1968,-0.474,north
Bhutan,1969,0.1,north
Bhutan,1970,-0.042,north
Bhutan,1971,-0.252,north
Bhutan,1972,-0.067,north
Bhutan,1973,0.259,north
Bhutan,1974,0.116,north
Bhutan,1975,0.06,north
Bhutan,1976,-0.077,north
Bhutan,1977,-0.087,north
Bhutan,1978,-0.258,north
Bhutan,1979,0.348,north
Bhutan,1980,0.045,north
Bhutan,1981,0.166,north
Bhutan,1982,-0.139,north
Bhutan,1983,-0.291,north
Bhutan,1984,-0.052,north
Bhutan,1985,0.204,north
Bhutan,1986,0.008,north
Bhutan,1987,0.298,north
Bhutan,1988,0.608,north
Bhutan,1989,0.307,north
Bhutan,1990,-0.004,north
Bhutan,1991,0.216,north
Bhutan,1992,-0.216,north
Bhutan,1993,-0.256,north
Bhutan,1994,0.257,north
Bhutan,1995,0.431,north
Bhutan,1996,0.204,north
Bhutan,1997,-0.358,north
Bhutan,1998,0.758,north
Bhutan,1999,0.954,north
Bhutan,2000,0.126,north
Bhutan,2001,0.655,north
Bhutan,2002,0.458,north
Bhutan,2003,0.502,north
Bhutan,2004,0.478,north
Bhutan,2005,0.759,north
Bhutan,2006,0.993,north
Bhutan,2007,0.987,north
Bhutan,2008,0.588,north
Bhutan,2009,1.424,north
Bhutan,2010,1.196,north
Bhutan,2011,0.52,north
Bhutan,2012,0.381,north
Bhutan,2013,0.691,north
Bhutan,2014,0.758,north
Bhutan,2015,0.986,north
Bhutan,2016,1.455,north
Bhutan,2017,1.443,north
Bhutan,2018,1.389,north
Bhutan,2019,1.282,north
Bhutan,2020,1.104,north
Bolivia (Plurinational State of),1961,0.225,south
Bolivia (Plurinational State of),1962,0.023,south
Bolivia (Plurinational State of),1963,0.382,south
Bolivia (Plurinational State of),1964,-0.118,south
Bolivia (Plurinational State of),1965,0.258,south
Bolivia (Plurinational State of),1966,-0.05,south
Bolivia (Plurinational State of),1967,0.385,south
Bolivia (Plurinational State of),1968,-0.13,south
Bolivia (Plurinational State of),1969,0.497,south
Bolivia (Plurinational State of),1970,0.236,south
Bolivia (Plurinational State of),1971,-0.53,south
Bolivia (Plurinational State of),1972,0.14,south
Bolivia (Plurinational State of),1973,0.233,south
Bolivia (Plurinational State of),1974,-0.092,south
Bolivia (Plurinational State of),1975,-0.041,south
Bolivia (Plurinational State of),1976,-0.15,south
Bolivia (Plurinational State of),1977,0.368,south
Bolivia (Plurinational State of),1978,0.426,south
Bolivia (Plurinational State of),1979,0.237,south
Bolivia (Plurinational State of),1980,0.327,south
Bolivia (Plurinational State of),1981,0.246,south
Bolivia (Plurinational State of),1982,0.378,south
Bolivia (Plurinational State of),1983,0.516,south
Bolivia (Plurinational State of),1984,0.375,south
Bolivia (Plurinational State of),1985,0.451,south
Bolivia (Plurinational State of),1986,0.557,south
Bolivia (Plurinational State of),1987,0.817,south
Bolivia (Plurinational State of),1988,0.459,south
Bolivia (Plurinational State of),1989,0.274,south
Bolivia (Plurinational State of),1990,0.32,south
Bolivia (Plurinational State of),1991,0.742,south
Bolivia (Plurinational State of),1992,0.195,south
Bolivia (Plurinational State of),1993,0.519,south
Bolivia (Plurinational State of),1994,1.02,south
Bolivia (Plurinational State of),1995,0.856,south
Bolivia (Plurinational State of),1996,0.427,south
Bolivia (Plurinational State of),1997,1.018,south
Bolivia (Plurinational State of),1998,1.014,south
Bolivia (Plurinational State of),1999,0.461,south
Bolivia (Plurinational State of),2000,0.504,south
Bolivia (Plurinational State of),2001,0.822,south
Bolivia (Plurinational State of),2002,1.125,south
Bolivia (Plurinational State of),2003,0.901,south
Bolivia (Plurinational State of),2004,1.091,south
Bolivia (Plurinational State of),2005,1.052,south
Bolivia (Plurinational State of),2006,1.18,south
Bolivia (Plurinational State of),2007,0.787,south
Bolivia (Plurinational State of),2008,0.663,south
Bolivia (Plurinational State of),2009,0.991,south
Bolivia (Plurinational State of),2010,0.986,south
Bolivia (Plurinational State of),2011,1.46,south
Bolivia (Plurinational State of),2012,1.152,south
Bolivia (Plurinational State of),2013,0.919,south
Bolivia (Plurinational State of),2014,1.321,south
Bolivia (Plurinational State of),2015,1.772,south
Bolivia (Plurinational State of),2016,1.015,south
Bolivia (Plurinational State of),2017,1.251,south
Bolivia (Plurinational State of),2018,0.816,south
Bolivia (Plurinational State of),2019,1.248,south
Bolivia (Plurinational State of),2020,1.667,south
Botswana,1961,0.124,south
Botswana,1962,0.218,south
Botswana,1963,-0.466,south
Botswana,1964,-0.068,south
Botswana,1965,0.08,south
Botswana,1966,0.428,south
Botswana,1967,-0.451,south
Botswana,1968,-0.179,south
Botswana,1969,0.214,south
Botswana,1970,0.603,south
Botswana,1971,-0.121,south
Botswana,1972,-0.466,south
Botswana,1973,0.608,south
Botswana,1974,-0.738,south
Botswana,1975,-0.232,south
Botswana,1976,-0.714,south
Botswana,1977,0.292,south
Botswana,1978,-0.056,south
Botswana,1979,0.544,south
Botswana,1980,-0.013,south
Botswana,1981,-0.414,south
Botswana,1982,0.368,south
Botswana,1983,1.04,south
Botswana,1984,0.502,south
Botswana,1985,0.359,south
Botswana,1986,0.314,south
Botswana,1987,1.273,south
Botswana,1988,0.291,south
Botswana,1989,-0.234,south
Botswana,1990,0.84,south
Botswana,1991,0.167,south
Botswana,1992,0.951,south
Botswana,1993,0.704,south
Botswana,1994,-0.011,south
Botswana,1995,1.286,south
Botswana,1996,-0.175,south
Botswana,1997,0.077,south
Botswana,1998,1.036,south
Botswana,1999,0.736,south
Botswana,2000,-0.562,south
Botswana,2001,-0.055,south
Botswana,2002,0.532,south
Botswana,2003,1.105,south
Botswana,2004,0.277,south
Botswana,2005,1.496,south
Botswana,2006,-0.239,south
Botswana,2007,0.402,south
Botswana,2008,0.337,south
Botswana,2009,-0.118,south
Botswana,2010,1.164,south
Botswana,2011,0.218,south
Botswana,2012,0.816,south
Botswana,2013,0.923,south
Botswana,2014,0.328,south
Botswana,2015,2.024,south
Botswana,2016,1.821,south
Botswana,2017,0.328,south
Botswana,2018,1.004,south
Botswana,2019,1.833,south
Botswana,2020,0.82,south
Brazil,1961,0.17,south
Brazil,1962,-0.191,south
Brazil,1963,0.169,south
Brazil,1964,-0.241,south
Brazil,1965,-0.098,south
Brazil,1966,0.037,south
Brazil,1967,0.071,south
Brazil,1968,-0.412,south
Brazil,1969,0.326,south
Brazil,1970,0.093,south
Brazil,1971,-0.165,south
Brazil,1972,0.088,south
Brazil,1973,0.427,south
Brazil,1974,-0.176,south
Brazil,1975,-0.15,south
Brazil,1976,-0.193,south
Brazil,1977,0.241,south
Brazil,1978,0.018,south
Brazil,1979,-0.009,south
Brazil,1980,0.299,south
Brazil,1981,0.184,south
Brazil,1982,0.28,south
Brazil,1983,0.469,south
Brazil,1984,0.295,south
Brazil,1985,0.11,south
Brazil,1986,0.298,south
Brazil,1987,0.701,south
Brazil,1988,0.457,south
Brazil,1989,0.143,south
Brazil,1990,0.44,south
Brazil,1991,0.47,south
Brazil,1992,0.381,south
Brazil,1993,0.522,south
Brazil,1994,0.612,south
Brazil,1995,0.781,south
Brazil,1996,0.506,south
Brazil,1997,0.694,south
Brazil,1998,1.282,south
Brazil,1999,0.602,south
Brazil,2000,0.552,south
Brazil,2001,0.759,south
Brazil,2002,1.059,south
Brazil,2003,0.975,south
Brazil,2004,0.804,south
Brazil,2005,1.117,south
Brazil,2006,0.817,south
Brazil,2007,0.98,south
Brazil,2008,0.72,south
Brazil,2009,0.941,south
Brazil,2010,1.107,south
Brazil,2011,0.812,south
Brazil,2012,1.052,south
Brazil,2013,0.963,south
Brazil,2014,1.169,south
Brazil,2015,1.6,south
Brazil,2016,1.49,south
Brazil,2017,1.348,south
Brazil,2018,1.17,south
Brazil,2019,1.532,south
Brazil,2020,1.449,south
British Virgin Islands,1961,0.083,north
British Virgin Islands,1962,-0.005,north
British Virgin Islands,1963,0.153,north
British Virgin Islands,1964,0.152,north
British Virgin Islands,1965,-0.278,north
British Virgin Islands,1966,-0.043,north
British Virgin Islands,1967,-0.29,north
British Virgin Islands,1968,-0.343,north
British Virgin Islands,1969,0.335,north
British Virgin Islands,1970,0.037,north
British Virgin Islands,1971,-0.346,north
British Virgin Islands,1972,-0.107,north
British Virgin Islands,1973,0.157,north
British Virgin Islands,1974,-0.375,north
British Virgin Islands,1975,-0.3,north
British Virgin Islands,1976,-0.425,north
British Virgin Islands,1977,0.17,north
British Virgin Islands,1978,0.069,north
British Virgin Islands,1979,-0.125,north
British Virgin Islands,1980,0.706,north
British Virgin Islands,1981,0.472,north
British Virgin Islands,1982,0.005,north
British Virgin Islands,1983,0.498,north
British Virgin Islands,1984,0.126,north
British Virgin Islands,1985,-0.04,north
British Virgin Islands,1986,-0.004,north
British Virgin Islands,1987,0.426,north
British Virgin Islands,1988,0.416,north
British Virgin Islands,1989,-0.078,north
British Virgin Islands,1990,0.287,north
British Virgin Islands,1991,0.194,north
British Virgin Islands,1992,0.123,north
British Virgin Islands,1993,0.375,north
British Virgin Islands,1994,0.485,north
British Virgin Islands,1995,0.43,north
British Virgin Islands,1996,0.185,north
British Virgin Islands,1997,0.349,north
British Virgin Islands,1998,0.957,north
British Virgin Islands,1999,0.473,north
British Virgin Islands,2000,0.043,north
British Virgin Islands,2001,0.48,north
British Virgin Islands,2002,0.647,north
British Virgin Islands,2003,0.727,north
British Virgin Islands,2004,0.417,north
British Virgin Islands,2005,0.66,north
British Virgin Islands,2006,0.499,north
British Virgin Islands,2007,0.762,north
British Virgin Islands,2008,0.245,north
British Virgin Islands,2009,0.521,north
British Virgin Islands,2010,0.901,north
British Virgin Islands,2011,0.271,north
British Virgin Islands,2012,0.5,north
British Virgin Islands,2013,0.618,north
British Virgin Islands,2014,0.736,north
British Virgin Islands,2015,0.929,north
British Virgin Islands,2016,1.037,north
British Virgin Islands,2017,0.738,north
British Virgin Islands,2018,0.559,north
British Virgin Islands,2019,0.768,north
British Virgin Islands,2020,1.211,north
Brunei Darussalam,1961,0.153,north
Brunei Darussalam,1962,-0.051,north
Brunei Darussalam,1963,-0.16,north
Brunei Darussalam,1964,-0.036,north
Brunei Darussalam,1965,-0.319,north
Brunei Darussalam,1966,0.152,north
Brunei Darussalam,1967,-0.184,north
Brunei Darussalam,1968,-0.202,north
Brunei Darussalam,1969,0.2,north
Brunei Darussalam,1970,-0.002,north
Brunei Darussalam,1971,-0.225,north
Brunei Darussalam,1972,0.038,north
Brunei Darussalam,1973,0.425,north
Brunei Darussalam,1974,-0.221,north
Brunei Darussalam,1975,0.031,north
Brunei Darussalam,1976,-0.029,north
Brunei Darussalam,1977,0.053,north
Brunei Darussalam,1978,0.15,north
Brunei Darussalam,1979,0.197,north
Brunei Darussalam,1980,0.234,north
Brunei Darussalam,1981,0.017,north
Brunei Darussalam,1982,0.144,north
Brunei Darussalam,1983,0.454,north
Brunei Darussalam,1984,-0.111,north
Brunei Darussalam,1985,0.06,north
Brunei Darussalam,1986,0.011,north
Brunei Darussalam,1987,0.424,north
Brunei Darussalam,1988,0.415,north
Brunei Darussalam,1989,0.011,north
Brunei Darussalam,1990,0.41,north
Brunei Darussalam,1991,0.221,north
Brunei Darussalam,1992,0.199,north
Brunei Darussalam,1993,0.043,north
Brunei Darussalam,1994,0.229,north
Brunei Darussalam,1995,0.334,north
Brunei Darussalam,1996,0.221,north
Brunei Darussalam,1997,0.571,north
Brunei Darussalam,1998,1.163,north
Brunei Darussalam,1999,0.419,north
Brunei Darussalam,2000,0.3,north
Brunei Darussalam,2001,0.432,north
Brunei Darussalam,2002,0.552,north
Brunei Darussalam,2003,0.725,north
Brunei Darussalam,2004,0.562,north
Brunei Darussalam,2005,0.822,north
Brunei Darussalam,2006,0.472,north
Brunei Darussalam,2007,0.491,north
Brunei Darussalam,2008,0.317,north
Brunei Darussalam,2009,0.704,north
Brunei Darussalam,2010,0.797,north
Brunei Darussalam,2011,0.429,north
Brunei Darussalam,2012,0.686,north
Brunei Darussalam,2013,0.885,north
Brunei Darussalam,2014,0.869,north
Brunei Darussalam,2015,1.043,north
Brunei Darussalam,2016,1.519,north
Brunei Darussalam,2017,1.067,north
Brunei Darussalam,2018,1.076,north
Brunei Darussalam,2019,1.283,north
Brunei Darussalam,2020,1.263,north
Bulgaria,1961,0.892,north
Bulgaria,1962,0.473,north
Bulgaria,1963,-0.258,north
Bulgaria,1964,-0.54,north
Bulgaria,1965,-0.463,north
Bulgaria,1966,1.143,north
Bulgaria,1967,0.019,north
Bulgaria,1968,0.411,north
Bulgaria,1969,-0.493,north
Bulgaria,1970,0.196,north
Bulgaria,1971,-0.154,north
Bulgaria,1972,0.119,north
Bulgaria,1973,-0.442,north
Bulgaria,1974,-0.211,north
Bulgaria,1975,0.376,north
Bulgaria,1976,-0.856,north
Bulgaria,1977,0.552,north
Bulgaria,1978,-0.725,north
Bulgaria,1979,0.154,north
Bulgaria,1980,-0.452,north
Bulgaria,1981,-0.043,north
Bulgaria,1982,-0.126,north
Bulgaria,1983,0.39,north
Bulgaria,1984,-0.017,north
Bulgaria,1985,-0.601,north
Bulgaria,1986,0.362,north
Bulgaria,1987,-0.483,north
Bulgaria,1988,0.133,north
Bulgaria,1989,0.415,north
Bulgaria,1990,0.805,north
Bulgaria,1991,-0.144,north
Bulgaria,1992,0.17,north
Bulgaria,1993,-0.29,north
Bulgaria,1994,1.621,north
Bulgaria,1995,0.26,north
Bulgaria,1996,-0.329,north
Bulgaria,1997,-0.306,north
Bulgaria,1998,0.807,north
Bulgaria,1999,0.717,north
Bulgaria,2000,1.202,north
Bulgaria,2001,1.646,north
Bulgaria,2002,0.848,north
Bulgaria,2003,0.173,north
Bulgaria,2004,0.522,north
Bulgaria,2005,0.213,north
Bulgaria,2006,0.581,north
Bulgaria,2007,1.895,north
Bulgaria,2008,1.189,north
Bulgaria,2009,1.302,north
Bulgaria,2010,1.378,north
Bulgaria,2011,0.436,north
Bulgaria,2012,1.692,north
Bulgaria,2013,1.491,north
Bulgaria,2014,1.236,north
Bulgaria,2015,1.495,north
Bulgaria,2016,1.955,north
Bulgaria,2017,1.013,north
Bulgaria,2018,2.251,north
Bulgaria,2019,2.208,north
Bulgaria,2020,2.176,north
Burkina Faso,1961,-0.301,north
Burkina Faso,1962,-0.227,north
Burkina Faso,1963,0.159,north
Burkina Faso,1964,-0.207,north
Burkina Faso,1965,-0.123,north
Burkina Faso,1966,-0.145,north
Burkina Faso,1967,-0.164,north
Burkina Faso,1968,-0.177,north
Burkina Faso,1969,0.572,north
Burkina Faso,1970,0.378,north
Burkina Faso,1971,-0.016,north
Burkina Faso,1972,0.15,north
Burkina Faso,1973,0.689,north
Burkina Faso,1974,-0.063,north
Burkina Faso,1975,-0.32,north
Burkina Faso,1976,-0.331,north
Burkina Faso,1977,0.254,north
Burkina Faso,1978,0.205,north
Burkina Faso,1979,0.433,north
Burkina Faso,1980,0.801,north
Burkina Faso,1981,0.277,north
Burkina Faso,1982,0.183,north
Burkina Faso,1983,0.702,north
Burkina Faso,1984,0.781,north
Burkina Faso,1985,0.513,north
Burkina Faso,1986,0.382,north
Burkina Faso,1987,1.075,north
Burkina Faso,1988,0.647,north
Burkina Faso,1989,0.062,north
Burkina Faso,1990,0.665,north
Burkina Faso,1991,0.578,north
Burkina Faso,1992,0.035,north
Burkina Faso,1993,0.795,north
Burkina Faso,1994,0.385,north
Burkina Faso,1995,0.478,north
Burkina Faso,1996,0.989,north
Burkina Faso,1997,0.696,north
Burkina Faso,1998,1.069,north
Burkina Faso,1999,0.629,north
Burkina Faso,2000,0.624,north
Burkina Faso,2001,0.578,north
Burkina Faso,2002,1.075,north
Burkina Faso,2003,1.054,north
Burkina Faso,2004,0.929,north
Burkina Faso,2005,1.517,north
Burkina Faso,2006,1.234,north
Burkina Faso,2007,0.949,north
Burkina Faso,2008,0.362,north
Burkina Faso,2009,0.989,north
Burkina Faso,2010,1.321,north
Burkina Faso,2011,1.058,north
Burkina Faso,2012,0.545,north
Burkina Faso,2013,0.903,north
Burkina Faso,2014,0.931,north
Burkina Faso,2015,1.178,north
Burkina Faso,2016,1.136,north
Burkina Faso,2017,1.283,north
Burkina Faso,2018,1.225,north
Burkina Faso,2019,1.153,north
Burkina Faso,2020,1.123,north
Burundi,1961,0.089,south
Burundi,1962,-0.434,south
Burundi,1963,0.033,south
Burundi,1964,-0.115,south
Burundi,1965,-0.198,south
Burundi,1966,0.072,south
Burundi,1967,-0.189,south
Burundi,1968,-0.205,south
Burundi,1969,0.217,south
Burundi,1970,0.325,south
Burundi,1971,-0.4,south
Burundi,1972,0.012,south
Burundi,1973,0.425,south
Burundi,1974,0.015,south
Burundi,1975,0.0682,south
Burundi,1976,0.1215,south
Burundi,1977,0.1748,south
Burundi,1978,0.228,south
Burundi,1979,0.3582,south
Burundi,1980,0.4885,south
Burundi,1981,0.6188,south
Burundi,1982,0.749,south
Burundi,1983,0.665,south
Burundi,1984,0.6173,south
Burundi,1985,0.5697,south
Burundi,1986,0.522,south
Burundi,1987,0.587,south
Burundi,1988,0.454,south
Burundi,1989,0.189,south
Burundi,1990,0.612,south
Burundi,1991,0.205,south
Burundi,1992,0.338,south
Burundi,1993,0.4285,south
Burundi,1994,0.519,south
Burundi,1995,0.6095,south
Burundi,1996,0.7,south
Burundi,1997,0.7905,south
Burundi,1998,0.881,south
Burundi,1999,0.703,south
Burundi,2000,0.525,south
Burundi,2001,0.436,south
Burundi,2002,0.878,south
Burundi,2003,0.947,south
Burundi,2004,1.061,south
Burundi,2005,1.0307,south
Burundi,2006,1.0003,south
Burundi,2007,0.97,south
Burundi,2008,0.454,south
Burundi,2009,0.5293,south
Burundi,2010,0.6047,south
Burundi,2011,0.68,south
Burundi,2012,0.68,south
Burundi,2013,0.68,south
Burundi,2014,0.68,south
Burundi,2015,0.68,south
Burundi,2016,0.68,south
Burundi,2017,0.68,south
Burundi,2018,0.68,south
Burundi,2019,0.68,south
Burundi,2020,0.68,south
Cabo Verde,1961,-0.092,north
Cabo Verde,1962,0.267,north
Cabo Verde,1963,0.528,north
Cabo Verde,1964,0.046,north
Cabo Verde,1965,-0.277,north
Cabo Verde,1966,0.316,north
Cabo Verde,1967,-0.016,north
Cabo Verde,1968,-0.315,north
Cabo Verde,1969,0.936,north
Cabo Verde,1970,0.736,north
Cabo Verde,1971,-0.239,north
Cabo Verde,1972,0.015,north
Cabo Verde,1973,0.305,north
Cabo Verde,1974,-0.554,north
Cabo Verde,1975,-0.436,north
Cabo Verde,1976,-0.318,north
Cabo Verde,1977,-0.01,north
Cabo Verde,1978,0.441,north
Cabo Verde,1979,0.658,north
Cabo Verde,1980,0.652,north
Cabo Verde,1981,0.357,north
Cabo Verde,1982,0.596,north
Cabo Verde,1983,0.595,north
Cabo Verde,1984,0.392,north
Cabo Verde,1985,0.189,north
Cabo Verde,1986,0.059,north
Cabo Verde,1987,1.093,north
Cabo Verde,1988,0.901,north
Cabo Verde,1989,1.036,north
Cabo Verde,1990,1.399,north
Cabo Verde,1991,0.766,north
Cabo Verde,1992,0.975,north
Cabo Verde,1993,0.594,north
Cabo Verde,1994,0.527,north
Cabo Verde,1995,1.561,north
Cabo Verde,1996,1.684,north
Cabo Verde,1997,1.74,north
Cabo Verde,1998,1.866,north
Cabo Verde,1999,0.881,north
Cabo Verde,2000,1.125,north
Cabo Verde,2001,1.415,north
Cabo Verde,2002,1.445,north
Cabo Verde,2003,0.956,north
Cabo Verde,2004,0.985,north
Cabo Verde,2005,0.498,north
Cabo Verde,2006,0.682,north
Cabo Verde,2007,0.148,north
Cabo Verde,2008,0.629,north
Cabo Verde,2009,0.463,north
Cabo Verde,2010,1.948,north
Cabo Verde,2011,1.053,north
Cabo Verde,2012,0.513,north
Cabo Verde,2013,0.943,north
Cabo Verde,2014,0.696,north
Cabo Verde,2015,0.683,north
Cabo Verde,2016,1.334,north
Cabo Verde,2017,1.626,north
Cabo Verde,2018,0.539,north
Cabo Verde,2019,1.134,north
Cabo Verde,2020,1.408,north
Cambodia,1961,-0.034,north
Cambodia,1962,-0.134,north
Cambodia,1963,-0.323,north
Cambodia,1964,0.151,north
Cambodia,1965,-0.2,north
Cambodia,1966,0.437,north
Cambodia,1967,-0.077,north
Cambodia,1968,-0.129,north
Cambodia,1969,0.463,north
Cambodia,1970,0.062,north
Cambodia,1971,-0.481,north
Cambodia,1972,0.018,north
Cambodia,1973,0.353,north
Cambodia,1974,-0.345,north
Cambodia,1975,-0.031,north
Cambodia,1976,-0.473,north
Cambodia,1977,0.095,north
Cambodia,1978,0.281,north
Cambodia,1979,0.443,north
Cambodia,1980,0.357,north
Cambodia,1981,0.352,north
Cambodia,1982,0.138,north
Cambodia,1983,0.507,north
Cambodia,1984,0.098,north
Cambodia,1985,0.248,north
Cambodia,1986,0.022,north
Cambodia,1987,0.592,north
Cambodia,1988,0.305,north
Cambodia,1989,0.227,north
Cambodia,1990,0.565,north
Cambodia,1991,0.485,north
Cambodia,1992,0.433,north
Cambodia,1993,0.298,north
Cambodia,1994,0.347,north
Cambodia,1995,0.58,north
Cambodia,1996,0.239,north
Cambodia,1997,0.297,north
Cambodia,1998,1.268,north
Cambodia,1999,0.362,north
Cambodia,2000,0.231,north
Cambodia,2001,0.611,north
Cambodia,2002,0.669,north
Cambodia,2003,0.657,north
Cambodia,2004,0.582,north
Cambodia,2005,0.72,north
Cambodia,2006,0.722,north
Cambodia,2007,0.6,north
Cambodia,2008,0.422,north
Cambodia,2009,0.4,north
Cambodia,2010,1.172,north
Cambodia,2011,0.375,north
Cambodia,2012,0.873,north
Cambodia,2013,1.014,north
Cambodia,2014,0.56,north
Cambodia,2015,1.037,north
Cambodia,2016,1.349,north
Cambodia,2017,0.998,north
Cambodia,2018,0.724,north
Cambodia,2019,1.544,north
Cambodia,2020,1.436,north
Cameroon,1961,-0.094,north
Cameroon,1962,-0.197,north
Cameroon,1963,0.172,north
Cameroon,1964,-0.158,north
Cameroon,1965,-0.093,north
Cameroon,1966,0.005,north
Cameroon,1967,-0.094,north
Cameroon,1968,-0.117,north
Cameroon,1969,0.201,north
Cameroon,1970,0.161,north
Cameroon,1971,-0.142,north
Cameroon,1972,0.037,north
Cameroon,1973,0.552,north
Cameroon,1974,-0.078,north
Cameroon,1975,-0.202,north
Cameroon,1976,-0.176,north
Cameroon,1977,0.313,north
Cameroon,1978,0.059,north
Cameroon,1979,0.444,north
Cameroon,1980,0.388,north
Cameroon,1981,0.116,north
Cameroon,1982,0.083,north
Cameroon,1983,0.21,north
Cameroon,1984,0.25,north
Cameroon,1985,0.096,north
Cameroon,1986,0.171,north
Cameroon,1987,0.571,north
Cameroon,1988,0.344,north
Cameroon,1989,-0.207,north
Cameroon,1990,0.678,north
Cameroon,1991,0.638,north
Cameroon,1992,-0.198,north
Cameroon,1993,0.36,north
Cameroon,1994,0.451,north
Cameroon,1995,0.526,north
Cameroon,1996,0.525,north
Cameroon,1997,0.672,north
Cameroon,1998,1.265,north
Cameroon,1999,0.787,north
Cameroon,2000,0.49,north
Cameroon,2001,0.284,north
Cameroon,2002,0.851,north
Cameroon,2003,0.983,north
Cameroon,2004,0.912,north
Cameroon,2005,1.144,north
Cameroon,2006,1.125,north
Cameroon,2007,0.768,north
Cameroon,2008,0.725,north
Cameroon,2009,1.203,north
Cameroon,2010,1.278,north
Cameroon,2011,0.719,north
Cameroon,2012,0.549,north
Cameroon,2013,0.785,north
Cameroon,2014,0.858,north
Cameroon,2015,1.139,north
Cameroon,2016,1.206,north
Cameroon,2017,1.172,north
Cameroon,2018,1.054,north
Cameroon,2019,1.527,north
Cameroon,2020,1.045,north
Canada,1961,0.055,north
Canada,1962,-0.121,north
Canada,1963,0.332,north
Canada,1964,-0.303,north
Canada,1965,-0.871,north
Canada,1966,-0.154,north
Canada,1967,-0.452,north
Canada,1968,0.481,north
Canada,1969,0.001,north
Canada,1970,0.426,north
Canada,1971,-0.026,north
Canada,1972,-1.799,north
Canada,1973,0.306,north
Canada,1974,-0.844,north
Canada,1975,0.226,north
Canada,1976,0.083,north
Canada,1977,1.082,north
Canada,1978,-0.602,north
Canada,1979,-0.213,north
Canada,1980,0.919,north
Canada,1981,1.565,north
Canada,1982,-0.67,north
Canada,1983,0.491,north
Canada,1984,0.338,north
Canada,1985,-0.306,north
Canada,1986,0.021,north
Canada,1987,1.348,north
Canada,1988,1.213,north
Canada,1989,0.031,north
Canada,1990,0.087,north
Canada,1991,0.346,north
Canada,1992,0.107,north
Canada,1993,0.347,north
Canada,1994,0.468,north
Canada,1995,0.934,north
Canada,1996,-0.124,north
Canada,1997,0.427,north
Canada,1998,2.47,north
Canada,1999,1.699,north
Canada,2000,1.292,north
Canada,2001,1.424,north
Canada,2002,0.554,north
Canada,2003,1.257,north
Canada,2004,0.508,north
Canada,2005,1.298,north
Canada,2006,2.348,north
Canada,2007,1.332,north
Canada,2008,0.856,north
Canada,2009,0.54,north
Canada,2010,2.915,north
Canada,2011,1.449,north
Canada,2012,2.155,north
Canada,2013,1.187,north
Canada,2014,0.297,north
Canada,2015,1.225,north
Canada,2016,2.412,north
Canada,2017,1.503,north
Canada,2018,0.523,north
Canada,2019,1.342,north
Canada,2020,1.158,north
Cayman Islands,1961,,north
Cayman Islands,1962,-0.16,north
Cayman Islands,1963,-0.204,north
Cayman Islands,1964,-0.228,north
Cayman Islands,1965,-0.252,north
Cayman Islands,1966,-0.276,north
Cayman Islands,1967,-0.31,north
Cayman Islands,1968,-0.398,north
Cayman Islands,1969,0.134,north
Cayman Islands,1970,-0.131,north
Cayman Islands,1971,-0.107,north
Cayman Islands,1972,0.368,north
Cayman Islands,1973,0.445,north
Cayman Islands,1974,0.6835,north
Cayman Islands,1975,0.922,north
Cayman Islands,1976,-0.066,north
Cayman Islands,1977,0.366,north
Cayman Islands,1978,0.283,north
Cayman Islands,1979,0.27,north
Cayman Islands,1980,0.513,north
Cayman Islands,1981,-0.078,north
Cayman Islands,1982,0.502,north
Cayman Islands,1983,0.359,north
Cayman Islands,1984,0.278,north
Cayman Islands,1985,0.163,north
Cayman Islands,1986,0.311,north
Cayman Islands,1987,0.629,north
Cayman Islands,1988,0.719,north
Cayman Islands,1989,0.799,north
Cayman Islands,1990,0.917,north
Cayman Islands,1991,0.843,north
Cayman Islands,1992,0.585,north
Cayman Islands,1993,0.848,north
Cayman Islands,1994,1.328,north
Cayman Islands,1995,1.044,north
Cayman Islands,1996,0.46,north
Cayman Islands,1997,1.015,north
Cayman Islands,1998,0.943,north
Cayman Islands,1999,0.472,north
Cayman Islands,2000,0.5047,north
Cayman Islands,2001,0.5373,north
Cayman Islands,2002,0.57,north
Cayman Islands,2003,0.6027,north
Cayman Islands,2004,0.6353,north
Cayman Islands,2005,0.668,north
Cayman Islands,2006,0.605,north
Cayman Islands,2007,0.756,north
Cayman Islands,2008,0.564,north
Cayman Islands,2009,0.466,north
Cayman Islands,2010,0.669,north
Cayman Islands,2011,0.355,north
Cayman Islands,2012,0.422,north
Cayman Islands,2013,0.579,north
Cayman Islands,2014,0.786,north
Cayman Islands,2015,1.027,north
Cayman Islands,2016,0.964,north
Cayman Islands,2017,0.937,north
Cayman Islands,2018,0.545,north
Cayman Islands,2019,0.917,north
Cayman Islands,2020,1.109,north
Central African Republic,1961,-0.012,north
Central African Republic,1962,-0.311,north
Central African Republic,1963,0.024,north
Central African Republic,1964,-0.16,north
Central African Republic,1965,-0.062,north
Central African Republic,1966,0.081,north
Central African Republic,1967,-0.253,north
Central African Republic,1968,-0.192,north
Central African Republic,1969,0.106,north
Central African Republic,1970,0.241,north
Central African Republic,1971,-0.072,north
Central African Republic,1972,0.056,north
Central African Republic,1973,0.543,north
Central African Republic,1974,-0.062,north
Central African Republic,1975,-0.053,north
Central African Republic,1976,-0.111,north
Central African Republic,1977,0.256,north
Central African Republic,1978,0.088,north
Central African Republic,1979,0.425,north
Central African Republic,1980,0.491,north
Central African Republic,1981,0.106,north
Central African Republic,1982,0.353,north
Central African Republic,1983,0.557,north
Central African Republic,1984,0.194,north
Central African Republic,1985,0.245,north
Central African Republic,1986,0.573,north
Central African Republic,1987,0.571,north
Central African Republic,1988,0.363,north
Central African Republic,1989,-0.102,north
Central African Republic,1990,0.394,north
Central African Republic,1991,0.624,north
Central African Republic,1992,-0.322,north
Central African Republic,1993,0.457,north
Central African Republic,1994,0.686,north
Central African Republic,1995,0.28,north
Central African Republic,1996,0.267,north
Central African Republic,1997,0.264,north
Central African Republic,1998,1.253,north
Central African Republic,1999,0.575,north
Central African Republic,2000,0.807,north
Central African Republic,2001,0.518,north
Central African Republic,2002,0.896,north
Central African Republic,2003,0.964,north
Central African Republic,2004,1.255,north
Central African Republic,2005,1.315,north
Central African Republic,2006,1.186,north
Central African Republic,2007,0.595,north
Central African Republic,2008,0.779,north
Central African Republic,2009,1.296,north
Central African Republic,2010,1.296,north
Central African Republic,2011,0.868,north
Central African Republic,2012,0.635,north
Central African Republic,2013,0.889,north
Central African Republic,2014,0.704,north
Central African Republic,2015,1.011,north
Central African Republic,2016,1.241,north
Central African Republic,2017,1.225,north
Central African Republic,2018,1.206,north
Central African Republic,2019,1.28,north
Central African Republic,2020,1.214,north
Chad,1961,-0.44,north
Chad,1962,-0.306,north
Chad,1963,0.256,north
Chad,1964,-0.231,north
Chad,1965,-0.149,north
Chad,1966,-0.013,north
Chad,1967,-0.38,north
Chad,1968,-0.161,north
Chad,1969,0.59,north
Chad,1970,0.214,north
Chad,1971,-0.223,north
Chad,1972,0.225,north
Chad,1973,0.744,north
Chad,1974,0.025,north
Chad,1975,-0.125,north
Chad,1976,0.288,north
Chad,1977,0.008,north
Chad,1978,-0.06,north
Chad,1979,0.575,north
Chad,1980,0.46,north
Chad,1981,0.22,north
Chad,1982,0.469,north
Chad,1983,0.109,north
Chad,1984,0.678,north
Chad,1985,0.339,north
Chad,1986,0.779,north
Chad,1987,0.485,north
Chad,1988,0.281,north
Chad,1989,-0.156,north
Chad,1990,0.449,north
Chad,1991,0.654,north
Chad,1992,-0.265,north
Chad,1993,0.323,north
Chad,1994,0.421,north
Chad,1995,0.283,north
Chad,1996,0.684,north
Chad,1997,0.251,north
Chad,1998,0.866,north
Chad,1999,0.596,north
Chad,2000,0.377,north
Chad,2001,0.294,north
Chad,2002,0.781,north
Chad,2003,0.835,north
Chad,2004,0.855,north
Chad,2005,1.214,north
Chad,2006,1.415,north
Chad,2007,0.63,north
Chad,2008,0.474,north
Chad,2009,1.294,north
Chad,2010,1.285,north
Chad,2011,1.03,north
Chad,2012,0.629,north
Chad,2013,1.063,north
Chad,2014,0.879,north
Chad,2015,1.328,north
Chad,2016,0.921,north
Chad,2017,1.025,north
Chad,2018,1.515,north
Chad,2019,1.375,north
Chad,2020,1.037,north
Channel Islands,1961,0.684,north
Channel Islands,1962,-0.634,north
Channel Islands,1963,-1.186,north
Channel Islands,1964,-0.28,north
Channel Islands,1965,-0.639,north
Channel Islands,1966,0.375,north
Channel Islands,1967,0.246,north
Channel Islands,1968,-0.012,north
Channel Islands,1969,0.2,north
Channel Islands,1970,0.08,north
Channel Islands,1971,0.032,north
Channel Islands,1972,-0.374,north
Channel Islands,1973,0.133,north
Channel Islands,1974,-0.073,north
Channel Islands,1975,0.642,north
Channel Islands,1976,0.652,north
Channel Islands,1977,-0.126,north
Channel Islands,1978,0.044,north
Channel Islands,1979,-0.563,north
Channel Islands,1980,-0.179,north
Channel Islands,1981,0.2,north
Channel Islands,1982,0.55,north
Channel Islands,1983,0.484,north
Channel Islands,1984,0.274,north
Channel Islands,1985,-0.493,north
Channel Islands,1986,-0.666,north
Channel Islands,1987,-0.241,north
Channel Islands,1988,0.444,north
Channel Islands,1989,1.497,north
Channel Islands,1990,1.494,north
Channel Islands,1991,0.07,north
Channel Islands,1992,0.46,north
Channel Islands,1993,0.103,north
Channel Islands,1994,1.086,north
Channel Islands,1995,1.533,north
Channel Islands,1996,0.11,north
Channel Islands,1997,0.904,north
Channel Islands,1998,0.817,north
Channel Islands,1999,1.346,north
Channel Islands,2000,0.892,north
Channel Islands,2001,1.111,north
Channel Islands,2002,1.039,north
Channel Islands,2003,1.388,north
Channel Islands,2004,1.014,north
Channel Islands,2005,1.19,north
Channel Islands,2006,1.144,north
Channel Islands,2007,1.308,north
Channel Islands,2008,0.842,north
Channel Islands,2009,0.743,north
Channel Islands,2010,0.165,north
Channel Islands,2011,1.129,north
Channel Islands,2012,0.811,north
Channel Islands,2013,0.591,north
Channel Islands,2014,1.792,north
Channel Islands,2015,1.146,north
Channel Islands,2016,1.509,north
Channel Islands,2017,1.525,north
Channel Islands,2018,1.551,north
Channel Islands,2019,1.693,north
Channel Islands,2020,2.128,north
Chile,1961,-0.219,south
Chile,1962,0.284,south
Chile,1963,0.088,south
Chile,1964,-0.154,south
Chile,1965,0.149,south
Chile,1966,-0.127,south
Chile,1967,-0.122,south
Chile,1968,0.364,south
Chile,1969,0.177,south
Chile,1970,0.192,south
Chile,1971,-0.346,south
Chile,1972,-0.13,south
Chile,1973,-0.089,south
Chile,1974,-0.208,south
Chile,1975,-0.184,south
Chile,1976,-0.342,south
Chile,1977,0.27,south
Chile,1978,0.285,south
Chile,1979,0.216,south
Chile,1980,0.299,south
Chile,1981,0.31,south
Chile,1982,0.333,south
Chile,1983,0.52,south
Chile,1984,-0.165,south
Chile,1985,0.272,south
Chile,1986,0.025,south
Chile,1987,0.543,south
Chile,1988,0.014,south
Chile,1989,0.272,south
Chile,1990,0.162,south
Chile,1991,0.047,south
Chile,1992,-0.137,south
Chile,1993,0.133,south
Chile,1994,0.164,south
Chile,1995,-0.109,south
Chile,1996,0.153,south
Chile,1997,0.657,south
Chile,1998,0.621,south
Chile,1999,0.19,south
Chile,2000,-0.277,south
Chile,2001,-0.019,south
Chile,2002,0.046,south
Chile,2003,0.246,south
Chile,2004,0.43,south
Chile,2005,0.08,south
Chile,2006,0.462,south
Chile,2007,-0.354,south
Chile,2008,0.359,south
Chile,2009,0.371,south
Chile,2010,-0.117,south
Chile,2011,0.074,south
Chile,2012,0.571,south
Chile,2013,0.346,south
Chile,2014,0.408,south
Chile,2015,0.734,south
Chile,2016,0.831,south
Chile,2017,0.671,south
Chile,2018,0.333,south
Chile,2019,0.459,south
Chile,2020,0.73,south
China,1961,0.266,north
China,1962,-0.134,north
China,1963,0.292,north
China,1964,-0.02,north
China,1965,0.081,north
China,1966,0.181,north
China,1967,-0.283,north
China,1968,-0.41,north
China,1969,-0.215,north
China,1970,-0.307,north
China,1971,0.034,north
China,1972,0.009,north
China,1973,0.408,north
China,1974,-0.01,north
China,1975,0.278,north
China,1976,-0.398,north
China,1977,-0.059,north
China,1978,0.236,north
China,1979,0.295,north
China,1980,0.248,north
China,1981,0.214,north
China,1982,0.375,north
China,1983,0.125,north
China,1984,-0.147,north
China,1985,-0.122,north
China,1986,-0.038,north
China,1987,0.436,north
China,1988,0.404,north
China,1989,0.433,north
China,1990,0.857,north
China,1991,0.527,north
China,1992,0.129,north
China,1993,0.281,north
China,1994,0.731,north
China,1995,0.576,north
China,1996,0.211,north
China,1997,0.738,north
China,1998,1.272,north
China,1999,1.235,north
China,2000,0.578,north
China,2001,1.045,north
China,2002,1.14,north
China,2003,0.831,north
China,2004,1.123,north
China,2005,1.064,north
China,2006,1.245,north
China,2007,1.55,north
China,2008,1.104,north
China,2009,1.352,north
China,2010,0.982,north
China,2011,0.808,north
China,2012,0.645,north
China,2013,1.103,north
China,2014,1.107,north
China,2015,1.341,north
China,2016,1.378,north
China,2017,1.636,north
China,2018,1.422,north
China,2019,1.473,north
China,2020,1.703,north
"China, Hong Kong SAR",1961,0.022,north
"China, Hong Kong SAR",1962,-0.092,north
"China, Hong Kong SAR",1963,0.293,north
"China, Hong Kong SAR",1964,0.082,north
"China, Hong Kong SAR",1965,0.117,north
"China, Hong Kong SAR",1966,0.621,north
"China, Hong Kong SAR",1967,0.041,north
"China, Hong Kong SAR",1968,-0.651,north
"China, Hong Kong SAR",1969,0.01,north
"China, Hong Kong SAR",1970,-0.381,north
"China, Hong Kong SAR",1971,-0.168,north
"China, Hong Kong SAR",1972,-0.119,north
"China, Hong Kong SAR",1973,0.434,north
"China, Hong Kong SAR",1974,-0.337,north
"China, Hong Kong SAR",1975,0.162,north
"China, Hong Kong SAR",1976,-0.77,north
"China, Hong Kong SAR",1977,0.162,north
"China, Hong Kong SAR",1978,0.004,north
"China, Hong Kong SAR",1979,0.015,north
"China, Hong Kong SAR",1980,0.231,north
"China, Hong Kong SAR",1981,0.354,north
"China, Hong Kong SAR",1982,0.038,north
"China, Hong Kong SAR",1983,-0.244,north
"China, Hong Kong SAR",1984,-0.582,north
"China, Hong Kong SAR",1985,-0.349,north
"China, Hong Kong SAR",1986,-0.045,north
"China, Hong Kong SAR",1987,0.772,north
"China, Hong Kong SAR",1988,-0.199,north
"China, Hong Kong SAR",1989,0.167,north
"China, Hong Kong SAR",1990,0.21,north
"China, Hong Kong SAR",1991,0.666,north
"China, Hong Kong SAR",1992,-0.294,north
"China, Hong Kong SAR",1993,0.236,north
"China, Hong Kong SAR",1994,0.325,north
"China, Hong Kong SAR",1995,-0.041,north
"China, Hong Kong SAR",1996,0.009,north
"China, Hong Kong SAR",1997,0.264,north
"China, Hong Kong SAR",1998,0.929,north
"China, Hong Kong SAR",1999,0.942,north
"China, Hong Kong SAR",2000,0.275,north
"China, Hong Kong SAR",2001,0.813,north
"China, Hong Kong SAR",2002,0.903,north
"China, Hong Kong SAR",2003,0.902,north
"China, Hong Kong SAR",2004,0.67,north
"China, Hong Kong SAR",2005,0.742,north
"China, Hong Kong SAR",2006,0.926,north
"China, Hong Kong SAR",2007,1.045,north
"China, Hong Kong SAR",2008,0.452,north
"China, Hong Kong SAR",2009,0.974,north
"China, Hong Kong SAR",2010,0.435,north
"China, Hong Kong SAR",2011,0.408,north
"China, Hong Kong SAR",2012,0.592,north
"China, Hong Kong SAR",2013,0.901,north
"China, Hong Kong SAR",2014,0.98,north
"China, Hong Kong SAR",2015,1.455,north
"China, Hong Kong SAR",2016,1.055,north
"China, Hong Kong SAR",2017,1.629,north
"China, Hong Kong SAR",2018,1.479,north
"China, Hong Kong SAR",2019,2.089,north
"China, Hong Kong SAR",2020,2.35,north
"China, Macao SAR",1961,0.022,north
"China, Macao SAR",1962,-0.092,north
"China, Macao SAR",1963,0.293,north
"China, Macao SAR",1964,0.082,north
"China, Macao SAR",1965,0.117,north
"China, Macao SAR",1966,0.621,north
"China, Macao SAR",1967,0.041,north
"China, Macao SAR",1968,-0.651,north
"China, Macao SAR",1969,0.01,north
"China, Macao SAR",1970,-0.381,north
"China, Macao SAR",1971,-0.168,north
"China, Macao SAR",1972,-0.119,north
"China, Macao SAR",1973,0.434,north
"China, Macao SAR",1974,-0.337,north
"China, Macao SAR",1975,0.162,north
"China, Macao SAR",1976,-0.77,north
"China, Macao SAR",1977,0.162,north
"China, Macao SAR",1978,0.004,north
"China, Macao SAR",1979,0.015,north
"China, Macao SAR",1980,0.231,north
"China, Macao SAR",1981,0.354,north
"China, Macao SAR",1982,0.038,north
"China, Macao SAR",1983,-0.244,north
"China, Macao SAR",1984,-0.582,north
"China, Macao SAR",1985,-0.349,north
"China, Macao SAR",1986,-0.045,north
"China, Macao SAR",1987,0.772,north
"China, Macao SAR",1988,-0.199,north
"China, Macao SAR",1989,0.167,north
"China, Macao SAR",1990,0.21,north
"China, Macao SAR",1991,0.666,north
"China, Macao SAR",1992,-0.294,north
"China, Macao SAR",1993,0.236,north
"China, Macao SAR",1994,0.325,north
"China, Macao SAR",1995,-0.041,north
"China, Macao SAR",1996,0.009,north
"China, Macao SAR",1997,0.264,north
"China, Macao SAR",1998,0.929,north
"China, Macao SAR",1999,0.942,north
"China, Macao SAR",2000,0.275,north
"China, Macao SAR",2001,0.813,north
"China, Macao SAR",2002,0.903,north
"China, Macao SAR",2003,0.902,north
"China, Macao SAR",2004,0.67,north
"China, Macao SAR",2005,0.742,north
"China, Macao SAR",2006,0.926,north
"China, Macao SAR",2007,1.045,north
"China, Macao SAR",2008,0.452,north
"China, Macao SAR",2009,0.974,north
"China, Macao SAR",2010,0.435,north
"China, Macao SAR",2011,0.408,north
"China, Macao SAR",2012,0.592,north
"China, Macao SAR",2013,0.901,north
"China, Macao SAR",2014,0.98,north
"China, Macao SAR",2015,1.455,north
"China, Macao SAR",2016,1.055,north
"China, Macao SAR",2017,1.629,north
"China, Macao SAR",2018,1.479,north
"China, Macao SAR",2019,2.089,north
"China, Macao SAR",2020,2.35,north
"China, Taiwan Province of",1961,0.157,north
"China, Taiwan Province of",1962,-0.156,north
"China, Taiwan Province of",1963,-0.208,north
"China, Taiwan Province of",1964,0.256,north
"China, Taiwan Province of",1965,-0.139,north
"China, Taiwan Province of",1966,0.296,north
"China, Taiwan Province of",1967,0.098,north
"China, Taiwan Province of",1968,-0.928,north
"China, Taiwan Province of",1969,0.016,north
"China, Taiwan Province of",1970,-0.327,north
"China, Taiwan Province of",1971,-0.225,north
"China, Taiwan Province of",1972,-0.153,north
"China, Taiwan Province of",1973,0.494,north
"China, Taiwan Province of",1974,-0.356,north
"China, Taiwan Province of",1975,0.24,north
"China, Taiwan Province of",1976,-0.545,north
"China, Taiwan Province of",1977,0.226,north
"China, Taiwan Province of",1978,0.033,north
"China, Taiwan Province of",1979,0.067,north
"China, Taiwan Province of",1980,0.258,north
"China, Taiwan Province of",1981,-0.045,north
"China, Taiwan Province of",1982,-0.115,north
"China, Taiwan Province of",1983,0.297,north
"China, Taiwan Province of",1984,-0.517,north
"China, Taiwan Province of",1985,-0.027,north
"China, Taiwan Province of",1986,-0.232,north
"China, Taiwan Province of",1987,0.349,north
"China, Taiwan Province of",1988,0.292,north
"China, Taiwan Province of",1989,0.048,north
"China, Taiwan Province of",1990,0.341,north
"China, Taiwan Province of",1991,0.554,north
"China, Taiwan Province of",1992,-0.119,north
"China, Taiwan Province of",1993,0.326,north
"China, Taiwan Province of",1994,0.303,north
"China, Taiwan Province of",1995,0.126,north
"China, Taiwan Province of",1996,-0.056,north
"China, Taiwan Province of",1997,0.065,north
"China, Taiwan Province of",1998,1.121,north
"China, Taiwan Province of",1999,0.662,north
"China, Taiwan Province of",2000,0.335,north
"China, Taiwan Province of",2001,0.739,north
"China, Taiwan Province of",2002,0.896,north
"China, Taiwan Province of",2003,0.839,north
"China, Taiwan Province of",2004,0.403,north
"China, Taiwan Province of",2005,0.622,north
"China, Taiwan Province of",2006,0.673,north
"China, Taiwan Province of",2007,0.739,north
"China, Taiwan Province of",2008,0.528,north
"China, Taiwan Province of",2009,0.713,north
"China, Taiwan Province of",2010,0.455,north
"China, Taiwan Province of",2011,-0.02,north
"China, Taiwan Province of",2012,0.261,north
"China, Taiwan Province of",2013,0.565,north
"China, Taiwan Province of",2014,0.678,north
"China, Taiwan Province of",2015,0.703,north
"China, Taiwan Province of",2016,0.99,north
"China, Taiwan Province of",2017,1.324,north
"China, Taiwan Province of",2018,1.074,north
"China, Taiwan Province of",2019,1.269,north
"China, Taiwan Province of",2020,1.891,north
"China, mainland",1961,0.266,north
"China, mainland",1962,-0.134,north
"China, mainland",1963,0.294,north
"China, mainland",1964,-0.021,north
"China, mainland",1965,0.082,north
"China, mainland",1966,0.181,north
"China, mainland",1967,-0.284,north
"China, mainland",1968,-0.408,north
"China, mainland",1969,-0.216,north
"China, mainland",1970,-0.307,north
"China, mainland",1971,0.035,north
"China, mainland",1972,0.01,north
"China, mainland",1973,0.408,north
"China, mainland",1974,-0.009,north
"China, mainland",1975,0.278,north
"China, mainland",1976,-0.397,north
"China, mainland",1977,-0.06,north
"China, mainland",1978,0.237,north
"China, mainland",1979,0.296,north
"China, mainland",1980,0.248,north
"China, mainland",1981,0.215,north
"China, mainland",1982,0.377,north
"China, mainland",1983,0.124,north
"China, mainland",1984,-0.146,north
"China, mainland",1985,-0.122,north
"China, mainland",1986,-0.037,north
"China, mainland",1987,0.436,north
"China, mainland",1988,0.404,north
"China, mainland",1989,0.434,north
"China, mainland",1990,0.859,north
"China, mainland",1991,0.527,north
"China, mainland",1992,0.13,north
"China, mainland",1993,0.281,north
"China, mainland",1994,0.733,north
"China, mainland",1995,0.578,north
"China, mainland",1996,0.212,north
"China, mainland",1997,0.741,north
"China, mainland",1998,1.273,north
"China, mainland",1999,1.237,north
"China, mainland",2000,0.579,north
"China, mainland",2001,1.046,north
"China, mainland",2002,1.141,north
"China, mainland",2003,0.831,north
"China, mainland",2004,1.126,north
"China, mainland",2005,1.066,north
"China, mainland",2006,1.247,north
"China, mainland",2007,1.553,north
"China, mainland",2008,1.106,north
"China, mainland",2009,1.354,north
"China, mainland",2010,0.984,north
"China, mainland",2011,0.811,north
"China, mainland",2012,0.646,north
"China, mainland",2013,1.105,north
"China, mainland",2014,1.109,north
"China, mainland",2015,1.343,north
"China, mainland",2016,1.379,north
"China, mainland",2017,1.637,north
"China, mainland",2018,1.423,north
"China, mainland",2019,1.474,north
"China, mainland",2020,1.702,north
Christmas Island,1961,,south
Christmas Island,1962,,south
Christmas Island,1963,,south
Christmas Island,1964,,south
Christmas Island,1965,,south
Christmas Island,1966,,south
Christmas Island,1967,,south
Christmas Island,1968,,south
Christmas Island,1969,,south
Christmas Island,1970,,south
Christmas Island,1971,,south
Christmas Island,1972,,south
Christmas Island,1973,0.457,south
Christmas Island,1974,-0.117,south
Christmas Island,1975,-0.193,south
Christmas Island,1976,-0.319,south
Christmas Island,1977,-0.029,south
Christmas Island,1978,-0.172,south
Christmas Island,1979,0.137,south
Christmas Island,1980,0.203,south
Christmas Island,1981,0.1865,south
Christmas Island,1982,0.17,south
Christmas Island,1983,0.1535,south
Christmas Island,1984,0.137,south
Christmas Island,1985,0.1987,south
Christmas Island,1986,0.2603,south
Christmas Island,1987,0.322,south
Christmas Island,1988,0.315,south
Christmas Island,1989,0.104,south
Christmas Island,1990,0.416,south
Christmas Island,1991,0.136,south
Christmas Island,1992,0.185,south
Christmas Island,1993,0.169,south
Christmas Island,1994,0.255,south
Christmas Island,1995,0.341,south
Christmas Island,1996,0.427,south
Christmas Island,1997,0.708,south
Christmas Island,1998,0.989,south
Christmas Island,1999,0.276,south
Christmas Island,2000,0.184,south
Christmas Island,2001,0.494,south
Christmas Island,2002,0.583,south
Christmas Island,2003,0.692,south
Christmas Island,2004,0.467,south
Christmas Island,2005,0.992,south
Christmas Island,2006,0.205,south
Christmas Island,2007,0.578,south
Christmas Island,2008,0.14,south
Christmas Island,2009,0.326,south
Christmas Island,2010,0.4572,south
Christmas Island,2011,0.5885,south
Christmas Island,2012,0.7197,south
Christmas Island,2013,0.851,south
Christmas Island,2014,0.771,south
Christmas Island,2015,0.826,south
Christmas Island,2016,1.457,south
Christmas Island,2017,0.927,south
Christmas Island,2018,0.543,south
Christmas Island,2019,0.932,south
Christmas Island,2020,1.465,south
Cocos (Keeling) Islands,1961,-0.01,south
Cocos (Keeling) Islands,1962,0.076,south
Cocos (Keeling) Islands,1963,-0.065,south
Cocos (Keeling) Islands,1964,0.114,south
Cocos (Keeling) Islands,1965,-0.115,south
Cocos (Keeling) Islands,1966,-0.13,south
Cocos (Keeling) Islands,1967,0.104,south
Cocos (Keeling) Islands,1968,-0.577,south
Cocos (Keeling) Islands,1969,-0.488,south
Cocos (Keeling) Islands,1970,-0.399,south
Cocos (Keeling) Islands,1971,-0.31,south
Cocos (Keeling) Islands,1972,-0.231,south
Cocos (Keeling) Islands,1973,0.107,south
Cocos (Keeling) Islands,1974,-0.332,south
Cocos (Keeling) Islands,1975,-0.412,south
Cocos (Keeling) Islands,1976,-0.227,south
Cocos (Keeling) Islands,1977,0.05,south
Cocos (Keeling) Islands,1978,-0.377,south
Cocos (Keeling) Islands,1979,0.0,south
Cocos (Keeling) Islands,1980,0.032,south
Cocos (Keeling) Islands,1981,-0.251,south
Cocos (Keeling) Islands,1982,-0.321,south
Cocos (Keeling) Islands,1983,0.606,south
Cocos (Keeling) Islands,1984,0.121,south
Cocos (Keeling) Islands,1985,0.06,south
Cocos (Keeling) Islands,1986,-0.338,south
Cocos (Keeling) Islands,1987,0.378,south
Cocos (Keeling) Islands,1988,0.355,south
Cocos (Keeling) Islands,1989,0.177,south
Cocos (Keeling) Islands,1990,0.29,south
Cocos (Keeling) Islands,1991,0.405,south
Cocos (Keeling) Islands,1992,0.148,south
Cocos (Keeling) Islands,1993,0.149,south
Cocos (Keeling) Islands,1994,-0.05,south
Cocos (Keeling) Islands,1995,0.37,south
Cocos (Keeling) Islands,1996,0.595,south
Cocos (Keeling) Islands,1997,0.282,south
Cocos (Keeling) Islands,1998,1.196,south
Cocos (Keeling) Islands,1999,1.151,south
Cocos (Keeling) Islands,2000,0.288,south
Cocos (Keeling) Islands,2001,0.116,south
Cocos (Keeling) Islands,2002,0.665,south
Cocos (Keeling) Islands,2003,0.48,south
Cocos (Keeling) Islands,2004,0.347,south
Cocos (Keeling) Islands,2005,0.622,south
Cocos (Keeling) Islands,2006,0.315,south
Cocos (Keeling) Islands,2007,0.538,south
Cocos (Keeling) Islands,2008,0.509,south
Cocos (Keeling) Islands,2009,0.517,south
Cocos (Keeling) Islands,2010,0.884,south
Cocos (Keeling) Islands,2011,0.605,south
Cocos (Keeling) Islands,2012,0.788,south
Cocos (Keeling) Islands,2013,0.862,south
Cocos (Keeling) Islands,2014,0.846,south
Cocos (Keeling) Islands,2015,1.087,south
Cocos (Keeling) Islands,2016,1.361,south
Cocos (Keeling) Islands,2017,0.757,south
Cocos (Keeling) Islands,2018,0.853,south
Cocos (Keeling) Islands,2019,0.974,south
Cocos (Keeling) Islands,2020,1.47,south
Colombia,1961,0.176,south
Colombia,1962,-0.046,south
Colombia,1963,0.025,south
Colombia,1964,0.13,south
Colombia,1965,-0.064,south
Colombia,1966,0.166,south
Colombia,1967,-0.228,south
Colombia,1968,-0.167,south
Colombia,1969,0.393,south
Colombia,1970,0.069,south
Colombia,1971,-0.449,south
Colombia,1972,-0.111,south
Colombia,1973,0.291,south
Colombia,1974,-0.389,south
Colombia,1975,-0.383,south
Colombia,1976,-0.298,south
Colombia,1977,0.163,south
Colombia,1978,0.055,south
Colombia,1979,0.125,south
Colombia,1980,0.382,south
Colombia,1981,0.096,south
Colombia,1982,0.164,south
Colombia,1983,0.62,south
Colombia,1984,-0.281,south
Colombia,1985,-0.121,south
Colombia,1986,-0.08,south
Colombia,1987,0.493,south
Colombia,1988,0.268,south
Colombia,1989,-0.149,south
Colombia,1990,0.258,south
Colombia,1991,0.347,south
Colombia,1992,0.532,south
Colombia,1993,0.157,south
Colombia,1994,0.162,south
Colombia,1995,0.431,south
Colombia,1996,0.057,south
Colombia,1997,0.431,south
Colombia,1998,0.848,south
Colombia,1999,-0.105,south
Colombia,2000,-0.144,south
Colombia,2001,0.344,south
Colombia,2002,0.567,south
Colombia,2003,0.621,south
Colombia,2004,0.519,south
Colombia,2005,0.605,south
Colombia,2006,0.471,south
Colombia,2007,0.567,south
Colombia,2008,0.249,south
Colombia,2009,0.723,south
Colombia,2010,0.885,south
Colombia,2011,0.31,south
Colombia,2012,0.494,south
Colombia,2013,0.652,south
Colombia,2014,0.624,south
Colombia,2015,1.093,south
Colombia,2016,0.941,south
Colombia,2017,0.625,south
Colombia,2018,0.972,south
Colombia,2019,1.228,south
Colombia,2020,1.391,south
Comoros,1961,0.485,south
Comoros,1962,0.029,south
Comoros,1963,-0.22,south
Comoros,1964,-0.187,south
Comoros,1965,-0.306,south
Comoros,1966,0.088,south
Comoros,1967,0.183,south
Comoros,1968,-0.424,south
Comoros,1969,0.227,south
Comoros,1970,0.086,south
Comoros,1971,-0.565,south
Comoros,1972,-0.096,south
Comoros,1973,0.115,south
Comoros,1974,-0.396,south
Comoros,1975,-0.163,south
Comoros,1976,-0.173,south
Comoros,1977,0.405,south
Comoros,1978,0.093,south
Comoros,1979,0.046,south
Comoros,1980,0.102,south
Comoros,1981,-0.012,south
Comoros,1982,0.422,south
Comoros,1983,0.232,south
Comoros,1984,-0.577,south
Comoros,1985,-0.362,south
Comoros,1986,-0.147,south
Comoros,1987,0.306,south
Comoros,1988,0.313,south
Comoros,1989,-0.382,south
Comoros,1990,0.005,south
Comoros,1991,0.151,south
Comoros,1992,-0.029,south
Comoros,1993,0.085,south
Comoros,1994,0.446,south
Comoros,1995,0.327,south
Comoros,1996,-0.135,south
Comoros,1997,0.154,south
Comoros,1998,0.619,south
Comoros,1999,0.068,south
Comoros,2000,0.071,south
Comoros,2001,0.22,south
Comoros,2002,0.675,south
Comoros,2003,0.352,south
Comoros,2004,0.276,south
Comoros,2005,0.371,south
Comoros,2006,0.177,south
Comoros,2007,0.509,south
Comoros,2008,0.369,south
Comoros,2009,0.74,south
Comoros,2010,0.982,south
Comoros,2011,0.618,south
Comoros,2012,0.581,south
Comoros,2013,0.526,south
Comoros,2014,0.621,south
Comoros,2015,0.837,south
Comoros,2016,0.812,south
Comoros,2017,1.062,south
Comoros,2018,0.816,south
Comoros,2019,1.408,south
Comoros,2020,1.141,south
Congo,1961,-0.154,south
Congo,1962,-0.028,south
Congo,1963,0.136,south
Congo,1964,-0.117,south
Congo,1965,-0.17,south
Congo,1966,0.122,south
Congo,1967,-0.121,south
Congo,1968,-0.11,south
Congo,1969,0.116,south
Congo,1970,0.148,south
Congo,1971,-0.096,south
Congo,1972,-0.07,south
Congo,1973,0.481,south
Congo,1974,-0.095,south
Congo,1975,-0.153,south
Congo,1976,-0.265,south
Congo,1977,0.226,south
Congo,1978,0.1,south
Congo,1979,0.406,south
Congo,1980,0.28,south
Congo,1981,-0.193,south
Congo,1982,-0.208,south
Congo,1983,0.259,south
Congo,1984,0.181,south
Congo,1985,-0.195,south
Congo,1986,0.038,south
Congo,1987,0.452,south
Congo,1988,0.262,south
Congo,1989,-0.216,south
Congo,1990,0.112,south
Congo,1991,0.291,south
Congo,1992,-0.152,south
Congo,1993,0.061,south
Congo,1994,0.36,south
Congo,1995,0.601,south
Congo,1996,0.078,south
Congo,1997,0.5825,south
Congo,1998,1.087,south
Congo,1999,0.659,south
Congo,2000,0.442,south
Congo,2001,0.373,south
Congo,2002,0.767,south
Congo,2003,0.868,south
Congo,2004,0.859,south
Congo,2005,0.802,south
Congo,2006,0.708,south
Congo,2007,0.764,south
Congo,2008,0.727,south
Congo,2009,0.783,south
Congo,2010,1.219,south
Congo,2011,0.595,south
Congo,2012,0.606,south
Congo,2013,0.782,south
Congo,2014,0.694,south
Congo,2015,1.02,south
Congo,2016,1.481,south
Congo,2017,1.155,south
Congo,2018,1.181,south
Congo,2019,1.313,south
Congo,2020,1.413,south
Cook Islands,1961,0.115,south
Cook Islands,1962,-0.076,south
Cook Islands,1963,-0.108,south
Cook Islands,1964,0.15,south
Cook Islands,1965,-0.386,south
Cook Islands,1966,0.022,south
Cook Islands,1967,-0.312,south
Cook Islands,1968,-0.356,south
Cook Islands,1969,-0.022,south
Cook Islands,1970,0.222,south
Cook Islands,1971,-0.104,south
Cook Islands,1972,-0.056,south
Cook Islands,1973,0.501,south
Cook Islands,1974,-0.111,south
Cook Islands,1975,-0.172,south
Cook Islands,1976,-0.208,south
Cook Islands,1977,0.193,south
Cook Islands,1978,0.147,south
Cook Islands,1979,0.168,south
Cook Islands,1980,0.299,south
Cook Islands,1981,0.161,south
Cook Islands,1982,0.112,south
Cook Islands,1983,0.281,south
Cook Islands,1984,0.125,south
Cook Islands,1985,0.143,south
Cook Islands,1986,0.368,south
Cook Islands,1987,0.138,south
Cook Islands,1988,0.481,south
Cook Islands,1989,0.277,south
Cook Islands,1990,0.306,south
Cook Islands,1991,0.437,south
Cook Islands,1992,0.435,south
Cook Islands,1993,0.193,south
Cook Islands,1994,0.269,south
Cook Islands,1995,0.522,south
Cook Islands,1996,0.404,south
Cook Islands,1997,0.266,south
Cook Islands,1998,0.57,south
Cook Islands,1999,0.874,south
Cook Islands,2000,0.539,south
Cook Islands,2001,0.624,south
Cook Islands,2002,0.512,south
Cook Islands,2003,0.467,south
Cook Islands,2004,0.493,south
Cook Islands,2005,0.365,south
Cook Islands,2006,0.564,south
Cook Islands,2007,0.594,south
Cook Islands,2008,0.458,south
Cook Islands,2009,0.312,south
Cook Islands,2010,0.732,south
Cook Islands,2011,0.58,south
Cook Islands,2012,0.301,south
Cook Islands,2013,0.508,south
Cook Islands,2014,0.6775,south
Cook Islands,2015,0.847,south
Cook Islands,2016,1.0165,south
Cook Islands,2017,1.186,south
Cook Islands,2018,0.748,south
Cook Islands,2019,0.73,south
Cook Islands,2020,0.784,south
Costa Rica,1961,,north
Costa Rica,1962,,north
Costa Rica,1963,,north
Costa Rica,1964,,north
Costa Rica,1965,,north
Costa Rica,1966,,north
Costa Rica,1967,,north
Costa Rica,1968,,north
Costa Rica,1969,,north
Costa Rica,1970,,north
Costa Rica,1971,-0.45,north
Costa Rica,1972,0.207,north
Costa Rica,1973,0.211,north
Costa Rica,1974,-0.256,north
Costa Rica,1975,-0.304,north
Costa Rica,1976,0.087,north
Costa Rica,1977,0.293,north
Costa Rica,1978,0.094,north
Costa Rica,1979,0.065,north
Costa Rica,1980,0.344,north
Costa Rica,1981,0.076,north
Costa Rica,1982,0.337,north
Costa Rica,1983,0.923,north
Costa Rica,1984,-0.158,north
Costa Rica,1985,-0.219,north
Costa Rica,1986,0.151,north
Costa Rica,1987,0.521,north
Costa Rica,1988,0.032,north
Costa Rica,1989,-0.11,north
Costa Rica,1990,0.374,north
Costa Rica,1991,0.461,north
Costa Rica,1992,0.333,north
Costa Rica,1993,0.207,north
Costa Rica,1994,0.191,north
Costa Rica,1995,0.271,north
Costa Rica,1996,-0.194,north
Costa Rica,1997,0.661,north
Costa Rica,1998,0.939,north
Costa Rica,1999,-0.37,north
Costa Rica,2000,-0.185,north
Costa Rica,2001,0.454,north
Costa Rica,2002,0.507,north
Costa Rica,2003,0.724,north
Costa Rica,2004,0.653,north
Costa Rica,2005,0.582,north
Costa Rica,2006,0.52,north
Costa Rica,2007,0.704,north
Costa Rica,2008,0.245,north
Costa Rica,2009,0.905,north
Costa Rica,2010,0.968,north
Costa Rica,2011,0.471,north
Costa Rica,2012,0.264,north
Costa Rica,2013,0.712,north
Costa Rica,2014,0.612,north
Costa Rica,2015,0.972,north
Costa Rica,2016,0.937,north
Costa Rica,2017,0.731,north
Costa Rica,2018,1.18,north
Costa Rica,2019,1.394,north
Costa Rica,2020,1.458,north
Cote d'Ivoire,1961,-0.07,north
Cote d'Ivoire,1962,-0.097,north
Cote d'Ivoire,1963,0.163,north
Cote d'Ivoire,1964,-0.226,north
Cote d'Ivoire,1965,-0.185,north
Cote d'Ivoire,1966,0.112,north
Cote d'Ivoire,1967,-0.206,north
Cote d'Ivoire,1968,-0.083,north
Cote d'Ivoire,1969,0.34,north
Cote d'Ivoire,1970,0.283,north
Cote d'Ivoire,1971,-0.122,north
Cote d'Ivoire,1972,0.014,north
Cote d'Ivoire,1973,0.627,north
Cote d'Ivoire,1974,-0.032,north
Cote d'Ivoire,1975,-0.134,north
Cote d'Ivoire,1976,-0.305,north
Cote d'Ivoire,1977,0.33,north
Cote d'Ivoire,1978,0.113,north
Cote d'Ivoire,1979,0.52,north
Cote d'Ivoire,1980,0.444,north
Cote d'Ivoire,1981,0.267,north
Cote d'Ivoire,1982,0.171,north
Cote d'Ivoire,1983,0.667,north
Cote d'Ivoire,1984,0.513,north
Cote d'Ivoire,1985,0.245,north
Cote d'Ivoire,1986,0.22,north
Cote d'Ivoire,1987,1.007,north
Cote d'Ivoire,1988,0.706,north
Cote d'Ivoire,1989,0.313,north
Cote d'Ivoire,1990,0.614,north
Cote d'Ivoire,1991,0.508,north
Cote d'Ivoire,1992,0.305,north
Cote d'Ivoire,1993,0.549,north
Cote d'Ivoire,1994,0.578,north
Cote d'Ivoire,1995,0.749,north
Cote d'Ivoire,1996,0.82,north
Cote d'Ivoire,1997,0.728,north
Cote d'Ivoire,1998,1.324,north
Cote d'Ivoire,1999,0.529,north
Cote d'Ivoire,2000,0.482,north
Cote d'Ivoire,2001,0.57,north
Cote d'Ivoire,2002,0.827,north
Cote d'Ivoire,2003,1.093,north
Cote d'Ivoire,2004,0.853,north
Cote d'Ivoire,2005,1.115,north
Cote d'Ivoire,2006,1.027,north
Cote d'Ivoire,2007,1.115,north
Cote d'Ivoire,2008,0.824,north
Cote d'Ivoire,2009,1.028,north
Cote d'Ivoire,2010,1.351,north
Cote d'Ivoire,2011,1.052,north
Cote d'Ivoire,2012,0.742,north
Cote d'Ivoire,2013,1.021,north
Cote d'Ivoire,2014,0.909,north
Cote d'Ivoire,2015,1.354,north
Cote d'Ivoire,2016,1.538,north
Cote d'Ivoire,2017,1.584,north
Cote d'Ivoire,2018,1.395,north
Cote d'Ivoire,2019,1.4,north
Cote d'Ivoire,2020,1.353,north
Cuba,1961,-0.122,north
Cuba,1962,-0.114,north
Cuba,1963,-0.223,north
Cuba,1964,0.07,north
Cuba,1965,0.041,north
Cuba,1966,-0.294,north
Cuba,1967,-0.221,north
Cuba,1968,-0.304,north
Cuba,1969,0.049,north
Cuba,1970,-0.344,north
Cuba,1971,0.097,north
Cuba,1972,0.457,north
Cuba,1973,0.412,north
Cuba,1974,0.083,north
Cuba,1975,0.536,north
Cuba,1976,-0.177,north
Cuba,1977,0.153,north
Cuba,1978,0.056,north
Cuba,1979,0.339,north
Cuba,1980,0.487,north
Cuba,1981,-0.014,north
Cuba,1982,0.578,north
Cuba,1983,0.302,north
Cuba,1984,0.292,north
Cuba,1985,0.226,north
Cuba,1986,0.354,north
Cuba,1987,0.735,north
Cuba,1988,0.588,north
Cuba,1989,0.673,north
Cuba,1990,0.836,north
Cuba,1991,0.889,north
Cuba,1992,0.601,north
Cuba,1993,0.627,north
Cuba,1994,0.997,north
Cuba,1995,1.047,north
Cuba,1996,0.205,north
Cuba,1997,0.794,north
Cuba,1998,1.022,north
Cuba,1999,0.718,north
Cuba,2000,0.538,north
Cuba,2001,0.521,north
Cuba,2002,0.848,north
Cuba,2003,0.912,north
Cuba,2004,0.653,north
Cuba,2005,0.609,north
Cuba,2006,0.742,north
Cuba,2007,0.769,north
Cuba,2008,0.496,north
Cuba,2009,0.842,north
Cuba,2010,0.53,north
Cuba,2011,0.394,north
Cuba,2012,0.455,north
Cuba,2013,0.701,north
Cuba,2014,0.887,north
Cuba,2015,1.142,north
Cuba,2016,1.203,north
Cuba,2017,1.339,north
Cuba,2018,1.157,north
Cuba,2019,1.601,north
Cuba,2020,1.631,north
Cyprus,1961,0.022,north
Cyprus,1962,0.746,north
Cyprus,1963,0.699,north
Cyprus,1964,-0.615,north
Cyprus,1965,-0.203,north
Cyprus,1966,0.653,north
Cyprus,1967,-0.761,north
Cyprus,1968,-0.008,north
Cyprus,1969,0.184,north
Cyprus,1970,0.517,north
Cyprus,1971,-0.182,north
Cyprus,1972,-0.526,north
Cyprus,1973,-0.293,north
Cyprus,1974,-0.14,north
Cyprus,1975,-0.178,north
Cyprus,1976,-0.683,north
Cyprus,1977,0.146,north
Cyprus,1978,-0.01,north
Cyprus,1979,0.628,north
Cyprus,1980,-0.286,north
Cyprus,1981,0.108,north
Cyprus,1982,-0.312,north
Cyprus,1983,-0.785,north
Cyprus,1984,0.02,north
Cyprus,1985,-0.061,north
Cyprus,1986,0.253,north
Cyprus,1987,-0.267,north
Cyprus,1988,0.038,north
Cyprus,1989,0.116,north
Cyprus,1990,0.09,north
Cyprus,1991,0.379,north
Cyprus,1992,-0.924,north
Cyprus,1993,-0.423,north
Cyprus,1994,1.076,north
Cyprus,1995,0.095,north
Cyprus,1996,0.288,north
Cyprus,1997,0.037,north
Cyprus,1998,0.984,north
Cyprus,1999,1.118,north
Cyprus,2000,0.671,north
Cyprus,2001,1.218,north
Cyprus,2002,0.888,north
Cyprus,2003,0.648,north
Cyprus,2004,0.684,north
Cyprus,2005,0.414,north
Cyprus,2006,0.697,north
Cyprus,2007,0.881,north
Cyprus,2008,1.101,north
Cyprus,2009,1.055,north
Cyprus,2010,2.069,north
Cyprus,2011,0.758,north
Cyprus,2012,1.008,north
Cyprus,2013,1.279,north
Cyprus,2014,1.103,north
Cyprus,2015,1.254,north
Cyprus,2016,1.628,north
Cyprus,2017,0.916,north
Cyprus,2018,2.236,north
Cyprus,2019,1.643,north
Cyprus,2020,1.795,north
Democratic People's Republic of Korea,1961,0.454,north
Democratic People's Republic of Korea,1962,-0.096,north
Democratic People's Republic of Korea,1963,-0.146,north
Democratic People's Republic of Korea,1964,0.198,north
Democratic People's Republic of Korea,1965,-0.247,north
Democratic People's Republic of Korea,1966,-0.104,north
Democratic People's Republic of Korea,1967,0.129,north
Democratic People's Republic of Korea,1968,-0.501,north
Democratic People's Republic of Korea,1969,-0.49,north
Democratic People's Republic of Korea,1970,-0.412,north
Democratic People's Republic of Korea,1971,-0.267,north
Democratic People's Republic of Korea,1972,-0.148,north
Democratic People's Republic of Korea,1973,0.641,north
Democratic People's Republic of Korea,1974,-0.421,north
Democratic People's Republic of Korea,1975,0.982,north
Democratic People's Republic of Korea,1976,-0.249,north
Democratic People's Republic of Korea,1977,0.209,north
Democratic People's Republic of Korea,1978,0.728,north
Democratic People's Republic of Korea,1979,0.682,north
Democratic People's Republic of Korea,1980,0.065,north
Democratic People's Republic of Korea,1981,-0.54,north
Democratic People's Republic of Korea,1982,0.96,north
Democratic People's Republic of Korea,1983,0.642,north
Democratic People's Republic of Korea,1984,-0.101,north
Democratic People's Republic of Korea,1985,0.195,north
Democratic People's Republic of Korea,1986,-0.658,north
Democratic People's Republic of Korea,1987,0.279,north
Democratic People's Republic of Korea,1988,0.61,north
Democratic People's Republic of Korea,1989,1.269,north
Democratic People's Republic of Korea,1990,1.366,north
Democratic People's Republic of Korea,1991,0.628,north
Democratic People's Republic of Korea,1992,0.798,north
Democratic People's Republic of Korea,1993,0.601,north
Democratic People's Republic of Korea,1994,1.397,north
Democratic People's Republic of Korea,1995,0.739,north
Democratic People's Republic of Korea,1996,0.318,north
Democratic People's Republic of Korea,1997,1.033,north
Democratic People's Republic of Korea,1998,1.839,north
Democratic People's Republic of Korea,1999,1.44,north
Democratic People's Republic of Korea,2000,0.655,north
Democratic People's Republic of Korea,2001,0.909,north
Democratic People's Republic of Korea,2002,0.913,north
Democratic People's Republic of Korea,2003,1.008,north
Democratic People's Republic of Korea,2004,1.656,north
Democratic People's Republic of Korea,2005,0.947,north
Democratic People's Republic of Korea,2006,0.786,north
Democratic People's Republic of Korea,2007,1.695,north
Democratic People's Republic of Korea,2008,1.602,north
Democratic People's Republic of Korea,2009,1.148,north
Democratic People's Republic of Korea,2010,0.456,north
Democratic People's Republic of Korea,2011,0.596,north
Democratic People's Republic of Korea,2012,0.495,north
Democratic People's Republic of Korea,2013,0.375,north
Democratic People's Republic of Korea,2014,1.55,north
Democratic People's Republic of Korea,2015,1.246,north
Democratic People's Republic of Korea,2016,1.467,north
Democratic People's Republic of Korea,2017,1.654,north
Democratic People's Republic of Korea,2018,0.909,north
Democratic People's Republic of Korea,2019,1.915,north
Democratic People's Republic of Korea,2020,2.022,north
Democratic Republic of the Congo,1961,-0.012,south
Democratic Republic of the Congo,1962,-0.158,south
Democratic Republic of the Congo,1963,-0.04,south
Democratic Republic of the Congo,1964,-0.115,south
Democratic Republic of the Congo,1965,-0.194,south
Democratic Republic of the Congo,1966,0.116,south
Democratic Republic of the Congo,1967,-0.125,south
Democratic Republic of the Congo,1968,-0.164,south
Democratic Republic of the Congo,1969,0.132,south
Democratic Republic of the Congo,1970,0.209,south
Democratic Republic of the Congo,1971,-0.161,south
Democratic Republic of the Congo,1972,0.059,south
Democratic Republic of the Congo,1973,0.452,south
Democratic Republic of the Congo,1974,-0.09,south
Democratic Republic of the Congo,1975,-0.107,south
Democratic Republic of the Congo,1976,-0.169,south
Democratic Republic of the Congo,1977,0.305,south
Democratic Republic of the Congo,1978,0.16,south
Democratic Republic of the Congo,1979,0.477,south
Democratic Republic of the Congo,1980,0.36,south
Democratic Republic of the Congo,1981,0.122,south
Democratic Republic of the Congo,1982,0.13,south
Democratic Republic of the Congo,1983,0.458,south
Democratic Republic of the Congo,1984,0.14,south
Democratic Republic of the Congo,1985,0.083,south
Democratic Republic of the Congo,1986,0.253,south
Democratic Republic of the Congo,1987,0.553,south
Democratic Republic of the Congo,1988,0.464,south
Democratic Republic of the Congo,1989,-0.09,south
Democratic Republic of the Congo,1990,0.211,south
Democratic Republic of the Congo,1991,0.445,south
Democratic Republic of the Congo,1992,-0.038,south
Democratic Republic of the Congo,1993,0.212,south
Democratic Republic of the Congo,1994,0.356,south
Democratic Republic of the Congo,1995,0.462,south
Democratic Republic of the Congo,1996,0.036,south
Democratic Republic of the Congo,1997,0.747,south
Democratic Republic of the Congo,1998,0.95,south
Democratic Republic of the Congo,1999,0.368,south
Democratic Republic of the Congo,2000,0.532,south
Democratic Republic of the Congo,2001,0.39,south
Democratic Republic of the Congo,2002,0.842,south
Democratic Republic of the Congo,2003,0.882,south
Democratic Republic of the Congo,2004,0.915,south
Democratic Republic of the Congo,2005,1.081,south
Democratic Republic of the Congo,2006,0.846,south
Democratic Republic of the Congo,2007,0.762,south
Democratic Republic of the Congo,2008,0.625,south
Democratic Republic of the Congo,2009,0.877,south
Democratic Republic of the Congo,2010,1.293,south
Democratic Republic of the Congo,2011,0.756,south
Democratic Republic of the Congo,2012,0.616,south
Democratic Republic of the Congo,2013,0.912,south
Democratic Republic of the Congo,2014,0.86,south
Democratic Republic of the Congo,2015,0.966,south
Democratic Republic of the Congo,2016,1.454,south
Democratic Republic of the Congo,2017,1.19,south
Democratic Republic of the Congo,2018,1.34,south
Democratic Republic of the Congo,2019,1.325,south
Democratic Republic of the Congo,2020,1.559,south
Denmark,1961,1.124,north
Denmark,1962,-0.637,north
Denmark,1963,-1.012,north
Denmark,1964,-0.275,north
Denmark,1965,-0.602,north
Denmark,1966,-0.502,north
Denmark,1967,0.828,north
Denmark,1968,0.276,north
Denmark,1969,-0.136,north
Denmark,1970,-1.207,north
Denmark,1971,0.259,north
Denmark,1972,0.284,north
Denmark,1973,0.666,north
Denmark,1974,0.578,north
Denmark,1975,1.329,north
Denmark,1976,0.295,north
Denmark,1977,-0.02,north
Denmark,1978,0.141,north
Denmark,1979,-1.193,north
Denmark,1980,-0.443,north
Denmark,1981,0.297,north
Denmark,1982,-0.001,north
Denmark,1983,1.058,north
Denmark,1984,0.381,north
Denmark,1985,-0.999,north
Denmark,1986,-0.435,north
Denmark,1987,-0.98,north
Denmark,1988,0.924,north
Denmark,1989,1.794,north
Denmark,1990,1.832,north
Denmark,1991,0.613,north
Denmark,1992,1.447,north
Denmark,1993,0.224,north
Denmark,1994,0.966,north
Denmark,1995,1.305,north
Denmark,1996,-0.747,north
Denmark,1997,0.655,north
Denmark,1998,0.865,north
Denmark,1999,1.335,north
Denmark,2000,1.716,north
Denmark,2001,1.04,north
Denmark,2002,1.647,north
Denmark,2003,0.711,north
Denmark,2004,1.04,north
Denmark,2005,1.29,north
Denmark,2006,1.356,north
Denmark,2007,2.143,north
Denmark,2008,1.866,north
Denmark,2009,1.333,north
Denmark,2010,-0.185,north
Denmark,2011,0.693,north
Denmark,2012,1.15,north
Denmark,2013,0.408,north
Denmark,2014,2.688,north
Denmark,2015,1.524,north
Denmark,2016,1.856,north
Denmark,2017,1.624,north
Denmark,2018,2.113,north
Denmark,2019,2.186,north
Denmark,2020,2.622,north
Djibouti,1961,0.112,north
Djibouti,1962,-0.219,north
Djibouti,1963,0.032,north
Djibouti,1964,-0.299,north
Djibouti,1965,-0.432,north
Djibouti,1966,-0.002,north
Djibouti,1967,-0.475,north
Djibouti,1968,-0.515,north
Djibouti,1969,0.158,north
Djibouti,1970,0.019,north
Djibouti,1971,-0.268,north
Djibouti,1972,0.119,north
Djibouti,1973,0.713,north
Djibouti,1974,-0.094,north
Djibouti,1975,0.229,north
Djibouti,1976,0.04,north
Djibouti,1977,0.297,north
Djibouti,1978,0.316,north
Djibouti,1979,0.245,north
Djibouti,1980,0.881,north
Djibouti,1981,0.227,north
Djibouti,1982,0.311,north
Djibouti,1983,0.451,north
Djibouti,1984,0.044,north
Djibouti,1985,0.194,north
Djibouti,1986,0.063,north
Djibouti,1987,0.343,north
Djibouti,1988,0.709,north
Djibouti,1989,0.019,north
Djibouti,1990,0.653,north
Djibouti,1991,0.602,north
Djibouti,1992,0.572,north
Djibouti,1993,0.429,north
Djibouti,1994,0.396,north
Djibouti,1995,0.763,north
Djibouti,1996,0.869,north
Djibouti,1997,0.763,north
Djibouti,1998,1.067,north
Djibouti,1999,0.528,north
Djibouti,2000,0.943,north
Djibouti,2001,0.893,north
Djibouti,2002,1.472,north
Djibouti,2003,1.312,north
Djibouti,2004,1.03,north
Djibouti,2005,1.291,north
Djibouti,2006,0.977,north
Djibouti,2007,0.953,north
Djibouti,2008,0.389,north
Djibouti,2009,1.58,north
Djibouti,2010,1.113,north
Djibouti,2011,0.984,north
Djibouti,2012,1.1385,north
Djibouti,2013,1.293,north
Djibouti,2014,1.153,north
Djibouti,2015,1.638,north
Djibouti,2016,1.401,north
Djibouti,2017,1.676,north
Djibouti,2018,1.024,north
Djibouti,2019,1.255,north
Djibouti,2020,1.255,north
Dominica,1961,-0.078,north
Dominica,1962,0.112,north
Dominica,1963,0.222,north
Dominica,1964,0.04,north
Dominica,1965,-0.311,north
Dominica,1966,0.089,north
Dominica,1967,-0.255,north
Dominica,1968,-0.22,north
Dominica,1969,0.378,north
Dominica,1970,0.131,north
Dominica,1971,-0.242,north
Dominica,1972,-0.097,north
Dominica,1973,0.155,north
Dominica,1974,-0.411,north
Dominica,1975,-0.426,north
Dominica,1976,-0.454,north
Dominica,1977,0.07,north
Dominica,1978,0.109,north
Dominica,1979,0.22,north
Dominica,1980,0.409,north
Dominica,1981,0.459,north
Dominica,1982,0.135,north
Dominica,1983,0.468,north
Dominica,1984,-0.035,north
Dominica,1985,-0.059,north
Dominica,1986,-0.005,north
Dominica,1987,0.565,north
Dominica,1988,0.361,north
Dominica,1989,-0.134,north
Dominica,1990,0.246,north
Dominica,1991,0.321,north
Dominica,1992,0.262,north
Dominica,1993,0.388,north
Dominica,1994,0.481,north
Dominica,1995,0.591,north
Dominica,1996,0.365,north
Dominica,1997,0.558,north
Dominica,1998,0.98,north
Dominica,1999,0.408,north
Dominica,2000,0.149,north
Dominica,2001,0.395,north
Dominica,2002,0.522,north
Dominica,2003,0.609,north
Dominica,2004,0.314,north
Dominica,2005,0.638,north
Dominica,2006,0.531,north
Dominica,2007,0.65,north
Dominica,2008,0.169,north
Dominica,2009,0.367,north
Dominica,2010,1.033,north
Dominica,2011,0.425,north
Dominica,2012,0.526,north
Dominica,2013,0.519,north
Dominica,2014,0.475,north
Dominica,2015,0.712,north
Dominica,2016,0.864,north
Dominica,2017,0.621,north
Dominica,2018,0.421,north
Dominica,2019,0.579,north
Dominica,2020,0.87,north
Dominican Republic,1961,-0.054,north
Dominican Republic,1962,-0.039,north
Dominican Republic,1963,0.009,north
Dominican Republic,1964,0.201,north
Dominican Republic,1965,-0.305,north
Dominican Republic,1966,0.013,north
Dominican Republic,1967,-0.208,north
Dominican Republic,1968,-0.216,north
Dominican Republic,1969,0.289,north
Dominican Republic,1970,-0.061,north
Dominican Republic,1971,-0.334,north
Dominican Republic,1972,-0.084,north
Dominican Republic,1973,0.3,north
Dominican Republic,1974,-0.396,north
Dominican Republic,1975,-0.035,north
Dominican Republic,1976,-0.378,north
Dominican Republic,1977,0.317,north
Dominican Republic,1978,0.34,north
Dominican Republic,1979,0.201,north
Dominican Republic,1980,0.653,north
Dominican Republic,1981,0.483,north
Dominican Republic,1982,0.291,north
Dominican Republic,1983,0.628,north
Dominican Republic,1984,0.19,north
Dominican Republic,1985,0.034,north
Dominican Republic,1986,0.14,north
Dominican Republic,1987,0.667,north
Dominican Republic,1988,0.426,north
Dominican Republic,1989,0.069,north
Dominican Republic,1990,0.482,north
Dominican Republic,1991,0.32,north
Dominican Republic,1992,0.153,north
Dominican Republic,1993,0.28,north
Dominican Republic,1994,0.7,north
Dominican Republic,1995,0.786,north
Dominican Republic,1996,0.553,north
Dominican Republic,1997,0.819,north
Dominican Republic,1998,1.216,north
Dominican Republic,1999,0.743,north
Dominican Republic,2000,0.498,north
Dominican Republic,2001,0.795,north
Dominican Republic,2002,0.871,north
Dominican Republic,2003,1.054,north
Dominican Republic,2004,0.641,north
Dominican Republic,2005,0.829,north
Dominican Republic,2006,0.839,north
Dominican Republic,2007,1.022,north
Dominican Republic,2008,0.482,north
Dominican Republic,2009,0.622,north
Dominican Republic,2010,1.144,north
Dominican Republic,2011,0.469,north
Dominican Republic,2012,0.713,north
Dominican Republic,2013,0.973,north
Dominican Republic,2014,0.984,north
Dominican Republic,2015,1.192,north
Dominican Republic,2016,1.11,north
Dominican Republic,2017,0.851,north
Dominican Republic,2018,0.97,north
Dominican Republic,2019,1.115,north
Dominican Republic,2020,1.333,north
Ecuador,1961,-0.225,south
Ecuador,1962,-0.317,south
Ecuador,1963,-0.153,south
Ecuador,1964,-0.287,south
Ecuador,1965,0.205,south
Ecuador,1966,0.011,south
Ecuador,1967,-0.51,south
Ecuador,1968,-0.41,south
Ecuador,1969,0.375,south
Ecuador,1970,-0.163,south
Ecuador,1971,-0.56,south
Ecuador,1972,0.456,south
Ecuador,1973,0.02,south
Ecuador,1974,-0.357,south
Ecuador,1975,-0.511,south
Ecuador,1976,0.151,south
Ecuador,1977,0.294,south
Ecuador,1978,0.195,south
Ecuador,1979,0.444,south
Ecuador,1980,0.428,south
Ecuador,1981,-0.019,south
Ecuador,1982,0.507,south
Ecuador,1983,1.161,south
Ecuador,1984,-0.105,south
Ecuador,1985,-0.244,south
Ecuador,1986,0.029,south
Ecuador,1987,0.917,south
Ecuador,1988,0.236,south
Ecuador,1989,-0.067,south
Ecuador,1990,0.483,south
Ecuador,1991,0.472,south
Ecuador,1992,0.791,south
Ecuador,1993,0.517,south
Ecuador,1994,0.273,south
Ecuador,1995,0.694,south
Ecuador,1996,0.029,south
Ecuador,1997,1.002,south
Ecuador,1998,1.185,south
Ecuador,1999,0.189,south
Ecuador,2000,0.215,south
Ecuador,2001,0.428,south
Ecuador,2002,0.727,south
Ecuador,2003,0.756,south
Ecuador,2004,0.718,south
Ecuador,2005,0.708,south
Ecuador,2006,0.68,south
Ecuador,2007,0.684,south
Ecuador,2008,0.542,south
Ecuador,2009,0.795,south
Ecuador,2010,0.652,south
Ecuador,2011,0.542,south
Ecuador,2012,0.554,south
Ecuador,2013,0.335,south
Ecuador,2014,0.962,south
Ecuador,2015,1.403,south
Ecuador,2016,1.39,south
Ecuador,2017,0.963,south
Ecuador,2018,0.966,south
Ecuador,2019,1.174,south
Ecuador,2020,1.214,south
Egypt,1961,-0.258,north
Egypt,1962,0.634,north
Egypt,1963,0.638,north
Egypt,1964,-0.367,north
Egypt,1965,-0.077,north
Egypt,1966,0.474,north
Egypt,1967,-0.667,north
Egypt,1968,-0.104,north
Egypt,1969,0.437,north
Egypt,1970,-0.088,north
Egypt,1971,-0.234,north
Egypt,1972,0.007,north
Egypt,1973,-0.279,north
Egypt,1974,-0.119,north
Egypt,1975,-0.483,north
Egypt,1976,-0.262,north
Egypt,1977,-0.119,north
Egypt,1978,-0.265,north
Egypt,1979,0.589,north
Egypt,1980,-0.087,north
Egypt,1981,-0.234,north
Egypt,1982,-0.319,north
Egypt,1983,-1.026,north
Egypt,1984,-0.161,north
Egypt,1985,0.284,north
Egypt,1986,0.165,north
Egypt,1987,-0.293,north
Egypt,1988,0.27,north
Egypt,1989,-0.13,north
Egypt,1990,-0.063,north
Egypt,1991,0.438,north
Egypt,1992,-0.576,north
Egypt,1993,0.025,north
Egypt,1994,0.62,north
Egypt,1995,0.156,north
Egypt,1996,0.391,north
Egypt,1997,0.022,north
Egypt,1998,0.748,north
Egypt,1999,0.851,north
Egypt,2000,0.082,north
Egypt,2001,0.722,north
Egypt,2002,0.838,north
Egypt,2003,0.73,north
Egypt,2004,0.643,north
Egypt,2005,0.517,north
Egypt,2006,0.745,north
Egypt,2007,0.623,north
Egypt,2008,0.953,north
Egypt,2009,0.954,north
Egypt,2010,2.348,north
Egypt,2011,0.653,north
Egypt,2012,0.952,north
Egypt,2013,1.069,north
Egypt,2014,1.263,north
Egypt,2015,1.219,north
Egypt,2016,1.38,north
Egypt,2017,0.626,north
Egypt,2018,2.053,north
Egypt,2019,1.058,north
Egypt,2020,1.091,north
El Salvador,1961,0.018,north
El Salvador,1962,-0.107,north
El Salvador,1963,-0.171,north
El Salvador,1964,-0.071,north
El Salvador,1965,-0.084,north
El Salvador,1966,0.051,north
El Salvador,1967,-0.455,north
El Salvador,1968,-0.306,north
El Salvador,1969,0.324,north
El Salvador,1970,-0.028,north
El Salvador,1971,-0.289,north
El Salvador,1972,0.359,north
El Salvador,1973,0.38,north
El Salvador,1974,-0.306,north
El Salvador,1975,0.051,north
El Salvador,1976,-0.164,north
El Salvador,1977,0.438,north
El Salvador,1978,0.162,north
El Salvador,1979,0.403,north
El Salvador,1980,0.388,north
El Salvador,1981,0.056,north
El Salvador,1982,0.394,north
El Salvador,1983,0.742,north
El Salvador,1984,0.085,north
El Salvador,1985,0.164,north
El Salvador,1986,0.25,north
El Salvador,1987,0.698,north
El Salvador,1988,0.494,north
El Salvador,1989,0.285,north
El Salvador,1990,0.578,north
El Salvador,1991,0.564,north
El Salvador,1992,0.542,north
El Salvador,1993,0.288,north
El Salvador,1994,0.715,north
El Salvador,1995,0.636,north
El Salvador,1996,0.183,north
El Salvador,1997,0.859,north
El Salvador,1998,0.939,north
El Salvador,1999,0.339,north
El Salvador,2000,0.033,north
El Salvador,2001,0.482,north
El Salvador,2002,0.68,north
El Salvador,2003,0.875,north
El Salvador,2004,0.747,north
El Salvador,2005,0.684,north
El Salvador,2006,0.652,north
El Salvador,2007,0.664,north
El Salvador,2008,0.434,north
El Salvador,2009,0.998,north
El Salvador,2010,0.659,north
El Salvador,2011,0.663,north
El Salvador,2012,0.769,north
El Salvador,2013,0.754,north
El Salvador,2014,0.718,north
El Salvador,2015,1.337,north
El Salvador,2016,1.297,north
El Salvador,2017,0.75,north
El Salvador,2018,0.803,north
El Salvador,2019,0.996,north
El Salvador,2020,1.726,north
Equatorial Guinea,1961,-0.119,north
Equatorial Guinea,1962,-0.035,north
Equatorial Guinea,1963,0.261,north
Equatorial Guinea,1964,-0.128,north
Equatorial Guinea,1965,-0.139,north
Equatorial Guinea,1966,0.154,north
Equatorial Guinea,1967,-0.048,north
Equatorial Guinea,1968,-0.057,north
Equatorial Guinea,1969,0.091,north
Equatorial Guinea,1970,0.219,north
Equatorial Guinea,1971,-0.144,north
Equatorial Guinea,1972,-0.102,north
Equatorial Guinea,1973,0.428,north
Equatorial Guinea,1974,-0.188,north
Equatorial Guinea,1975,-0.219,north
Equatorial Guinea,1976,-0.365,north
Equatorial Guinea,1977,0.174,north
Equatorial Guinea,1978,0.091,north
Equatorial Guinea,1979,0.359,north
Equatorial Guinea,1980,0.314,north
Equatorial Guinea,1981,0.115,north
Equatorial Guinea,1982,-0.058,north
Equatorial Guinea,1983,0.132,north
Equatorial Guinea,1984,0.248,north
Equatorial Guinea,1985,0.021,north
Equatorial Guinea,1986,-0.074,north
Equatorial Guinea,1987,0.401,north
Equatorial Guinea,1988,0.28,north
Equatorial Guinea,1989,-0.001,north
Equatorial Guinea,1990,0.135,north
Equatorial Guinea,1991,-0.0345,north
Equatorial Guinea,1992,-0.204,north
Equatorial Guinea,1993,0.099,north
Equatorial Guinea,1994,0.299,north
Equatorial Guinea,1995,0.921,north
Equatorial Guinea,1996,0.466,north
Equatorial Guinea,1997,0.7475,north
Equatorial Guinea,1998,1.029,north
Equatorial Guinea,1999,0.547,north
Equatorial Guinea,2000,0.353,north
Equatorial Guinea,2001,0.354,north
Equatorial Guinea,2002,0.623,north
Equatorial Guinea,2003,0.908,north
Equatorial Guinea,2004,0.756,north
Equatorial Guinea,2005,0.752,north
Equatorial Guinea,2006,0.576,north
Equatorial Guinea,2007,0.762,north
Equatorial Guinea,2008,0.612,north
Equatorial Guinea,2009,0.703,north
Equatorial Guinea,2010,0.915,north
Equatorial Guinea,2011,0.585,north
Equatorial Guinea,2012,0.514,north
Equatorial Guinea,2013,0.724,north
Equatorial Guinea,2014,0.892,north
Equatorial Guinea,2015,0.849,north
Equatorial Guinea,2016,1.458,north
Equatorial Guinea,2017,1.338,north
Equatorial Guinea,2018,0.685,north
Equatorial Guinea,2019,1.522,north
Equatorial Guinea,2020,1.433,north
Eswatini,1961,0.264,south
Eswatini,1962,0.421,south
Eswatini,1963,-0.217,south
Eswatini,1964,0.012,south
Eswatini,1965,-0.238,south
Eswatini,1966,0.278,south
Eswatini,1967,-0.27,south
Eswatini,1968,-0.408,south
Eswatini,1969,0.401,south
Eswatini,1970,0.533,south
Eswatini,1971,0.039,south
Eswatini,1972,-0.335,south
Eswatini,1973,0.125,south
Eswatini,1974,-0.251,south
Eswatini,1975,-0.383,south
Eswatini,1976,-0.46,south
Eswatini,1977,0.288,south
Eswatini,1978,0.197,south
Eswatini,1979,0.23,south
Eswatini,1980,-0.136,south
Eswatini,1981,-0.41,south
Eswatini,1982,0.177,south
Eswatini,1983,0.929,south
Eswatini,1984,-0.02,south
Eswatini,1985,0.537,south
Eswatini,1986,0.281,south
Eswatini,1987,0.523,south
Eswatini,1988,0.585,south
Eswatini,1989,0.126,south
Eswatini,1990,0.254,south
Eswatini,1991,0.484,south
Eswatini,1992,1.106,south
Eswatini,1993,0.704,south
Eswatini,1994,-0.038,south
Eswatini,1995,0.546,south
Eswatini,1996,-0.104,south
Eswatini,1997,0.193,south
Eswatini,1998,0.892,south
Eswatini,1999,0.352,south
Eswatini,2000,-0.235,south
Eswatini,2001,0.383,south
Eswatini,2002,0.344,south
Eswatini,2003,0.376,south
Eswatini,2004,0.233,south
Eswatini,2005,0.849,south
Eswatini,2006,0.05,south
Eswatini,2007,0.764,south
Eswatini,2008,0.351,south
Eswatini,2009,0.161,south
Eswatini,2010,0.967,south
Eswatini,2011,0.839,south
Eswatini,2012,0.341,south
Eswatini,2013,0.273,south
Eswatini,2014,0.387,south
Eswatini,2015,0.781,south
Eswatini,2016,0.867,south
Eswatini,2017,0.383,south
Eswatini,2018,0.842,south
Eswatini,2019,1.341,south
Eswatini,2020,0.273,south
Falkland Islands (Malvinas),1961,-0.351,south
Falkland Islands (Malvinas),1962,0.401,south
Falkland Islands (Malvinas),1963,-0.286,south
Falkland Islands (Malvinas),1964,-0.082,south
Falkland Islands (Malvinas),1965,0.178,south
Falkland Islands (Malvinas),1966,-0.606,south
Falkland Islands (Malvinas),1967,0.011,south
Falkland Islands (Malvinas),1968,0.286,south
Falkland Islands (Malvinas),1969,-0.348,south
Falkland Islands (Malvinas),1970,0.203,south
Falkland Islands (Malvinas),1971,-0.223,south
Falkland Islands (Malvinas),1972,-0.505,south
Falkland Islands (Malvinas),1973,0.219,south
Falkland Islands (Malvinas),1974,0.211,south
Falkland Islands (Malvinas),1975,0.128,south
Falkland Islands (Malvinas),1976,-0.223,south
Falkland Islands (Malvinas),1977,-0.089,south
Falkland Islands (Malvinas),1978,0.228,south
Falkland Islands (Malvinas),1979,0.644,south
Falkland Islands (Malvinas),1980,0.186,south
Falkland Islands (Malvinas),1981,0.186,south
Falkland Islands (Malvinas),1982,0.186,south
Falkland Islands (Malvinas),1983,0.186,south
Falkland Islands (Malvinas),1984,0.186,south
Falkland Islands (Malvinas),1985,0.186,south
Falkland Islands (Malvinas),1986,0.186,south
Falkland Islands (Malvinas),1987,0.186,south
Falkland Islands (Malvinas),1988,0.186,south
Falkland Islands (Malvinas),1989,0.186,south
Falkland Islands (Malvinas),1990,0.186,south
Falkland Islands (Malvinas),1991,0.186,south
Falkland Islands (Malvinas),1992,0.186,south
Falkland Islands (Malvinas),1993,0.186,south
Falkland Islands (Malvinas),1994,0.186,south
Falkland Islands (Malvinas),1995,0.186,south
Falkland Islands (Malvinas),1996,0.186,south
Falkland Islands (Malvinas),1997,0.186,south
Falkland Islands (Malvinas),1998,0.186,south
Falkland Islands (Malvinas),1999,0.186,south
Falkland Islands (Malvinas),2000,0.186,south
Falkland Islands (Malvinas),2001,0.186,south
Falkland Islands (Malvinas),2002,0.186,south
Falkland Islands (Malvinas),2003,0.186,south
Falkland Islands (Malvinas),2004,0.186,south
Falkland Islands (Malvinas),2005,0.186,south
Falkland Islands (Malvinas),2006,0.186,south
Falkland Islands (Malvinas),2007,0.186,south
Falkland Islands (Malvinas),2008,0.186,south
Falkland Islands (Malvinas),2009,0.186,south
Falkland Islands (Malvinas),2010,0.186,south
Falkland Islands (Malvinas),2011,0.186,south
Falkland Islands (Malvinas),2012,0.186,south
Falkland Islands (Malvinas),2013,0.186,south
Falkland Islands (Malvinas),2014,0.186,south
Falkland Islands (Malvinas),2015,0.186,south
Falkland Islands (Malvinas),2016,0.186,south
Falkland Islands (Malvinas),2017,0.186,south
Falkland Islands (Malvinas),2018,0.186,south
Falkland Islands (Malvinas),2019,0.186,south
Falkland Islands (Malvinas),2020,0.186,south
Faroe Islands,1961,0.633,north
Faroe Islands,1962,-0.477,north
Faroe Islands,1963,-0.053,north
Faroe Islands,1964,0.481,north
Faroe Islands,1965,-0.351,north
Faroe Islands,1966,-0.39,north
Faroe Islands,1967,-0.117,north
Faroe Islands,1968,-0.248,north
Faroe Islands,1969,-0.342,north
Faroe Islands,1970,-0.508,north
Faroe Islands,1971,0.247,north
Faroe Islands,1972,0.675,north
Faroe Islands,1973,-0.047,north
Faroe Islands,1974,0.503,north
Faroe Islands,1975,-0.022,north
Faroe Islands,1976,0.51,north
Faroe Islands,1977,-0.314,north
Faroe Islands,1978,-0.12,north
Faroe Islands,1979,-0.886,north
Faroe Islands,1980,0.015,north
Faroe Islands,1981,-0.4,north
Faroe Islands,1982,0.175,north
Faroe Islands,1983,-0.327,north
Faroe Islands,1984,0.418,north
Faroe Islands,1985,-0.2,north
Faroe Islands,1986,-0.219,north
Faroe Islands,1987,0.116,north
Faroe Islands,1988,0.18,north
Faroe Islands,1989,0.401,north
Faroe Islands,1990,0.652,north
Faroe Islands,1991,0.952,north
Faroe Islands,1992,0.644,north
Faroe Islands,1993,0.039,north
Faroe Islands,1994,-0.073,north
Faroe Islands,1995,-0.219,north
Faroe Islands,1996,0.28,north
Faroe Islands,1997,0.823,north
Faroe Islands,1998,0.607,north
Faroe Islands,1999,0.509,north
Faroe Islands,2000,0.214,north
Faroe Islands,2001,0.474,north
Faroe Islands,2002,1.045,north
Faroe Islands,2003,1.614,north
Faroe Islands,2004,1.029,north
Faroe Islands,2005,0.49,north
Faroe Islands,2006,1.137,north
Faroe Islands,2007,0.953,north
Faroe Islands,2008,0.889,north
Faroe Islands,2009,1.441,north
Faroe Islands,2010,0.257,north
Faroe Islands,2011,1.053,north
Faroe Islands,2012,0.359,north
Faroe Islands,2013,0.594,north
Faroe Islands,2014,1.763,north
Faroe Islands,2015,0.81,north
Faroe Islands,2016,0.8,north
Faroe Islands,2017,1.486,north
Faroe Islands,2018,0.826,north
Faroe Islands,2019,0.871,north
Faroe Islands,2020,0.832,north
Fiji,1961,0.268,south
Fiji,1962,-0.046,south
Fiji,1963,-0.009,south
Fiji,1964,0.227,south
Fiji,1965,-0.604,south
Fiji,1966,-0.256,south
Fiji,1967,-0.249,south
Fiji,1968,-0.058,south
Fiji,1969,-0.058,south
Fiji,1970,0.154,south
Fiji,1971,0.114,south
Fiji,1972,-0.248,south
Fiji,1973,0.413,south
Fiji,1974,0.172,south
Fiji,1975,0.184,south
Fiji,1976,0.005,south
Fiji,1977,-0.138,south
Fiji,1978,-0.114,south
Fiji,1979,0.009,south
Fiji,1980,0.004,south
Fiji,1981,0.013,south
Fiji,1982,-0.003,south
Fiji,1983,-0.057,south
Fiji,1984,0.223,south
Fiji,1985,0.169,south
Fiji,1986,-0.321,south
Fiji,1987,-0.054,south
Fiji,1988,0.548,south
Fiji,1989,-0.021,south
Fiji,1990,0.072,south
Fiji,1991,-0.049,south
Fiji,1992,-0.037,south
Fiji,1993,-0.437,south
Fiji,1994,-0.257,south
Fiji,1995,0.285,south
Fiji,1996,0.425,south
Fiji,1997,0.169,south
Fiji,1998,0.755,south
Fiji,1999,0.535,south
Fiji,2000,0.618,south
Fiji,2001,0.656,south
Fiji,2002,0.639,south
Fiji,2003,0.539,south
Fiji,2004,0.43,south
Fiji,2005,0.591,south
Fiji,2006,0.59,south
Fiji,2007,0.877,south
Fiji,2008,0.469,south
Fiji,2009,0.239,south
Fiji,2010,0.782,south
Fiji,2011,0.766,south
Fiji,2012,0.458,south
Fiji,2013,0.848,south
Fiji,2014,0.696,south
Fiji,2015,0.616,south
Fiji,2016,1.086,south
Fiji,2017,1.273,south
Fiji,2018,1.058,south
Fiji,2019,0.969,south
Fiji,2020,1.178,south
Finland,1961,1.896,north
Finland,1962,-0.34,north
Finland,1963,-0.405,north
Finland,1964,0.334,north
Finland,1965,-0.257,north
Finland,1966,-1.796,north
Finland,1967,1.091,north
Finland,1968,-1.629,north
Finland,1969,-0.472,north
Finland,1970,-0.623,north
Finland,1971,-0.445,north
Finland,1972,0.942,north
Finland,1973,1.148,north
Finland,1974,1.129,north
Finland,1975,1.903,north
Finland,1976,-0.865,north
Finland,1977,-0.215,north
Finland,1978,-0.515,north
Finland,1979,-0.743,north
Finland,1980,-0.367,north
Finland,1981,-0.227,north
Finland,1982,-0.14,north
Finland,1983,0.98,north
Finland,1984,0.775,north
Finland,1985,-1.157,north
Finland,1986,-0.165,north
Finland,1987,-1.636,north
Finland,1988,0.601,north
Finland,1989,2.201,north
Finland,1990,1.274,north
Finland,1991,1.159,north
Finland,1992,1.187,north
Finland,1993,0.96,north
Finland,1994,0.167,north
Finland,1995,1.724,north
Finland,1996,0.158,north
Finland,1997,0.806,north
Finland,1998,0.092,north
Finland,1999,1.179,north
Finland,2000,2.046,north
Finland,2001,1.386,north
Finland,2002,1.19,north
Finland,2003,0.732,north
Finland,2004,1.25,north
Finland,2005,2.22,north
Finland,2006,1.221,north
Finland,2007,1.965,north
Finland,2008,2.153,north
Finland,2009,1.709,north
Finland,2010,0.255,north
Finland,2011,1.369,north
Finland,2012,1.559,north
Finland,2013,1.439,north
Finland,2014,2.609,north
Finland,2015,2.629,north
Finland,2016,2.167,north
Finland,2017,1.504,north
Finland,2018,2.17,north
Finland,2019,1.471,north
Finland,2020,3.337,north
France,1961,0.83,north
France,1962,-0.303,north
France,1963,-0.952,north
France,1964,0.028,north
France,1965,-0.625,north
France,1966,0.423,north
France,1967,0.497,north
France,1968,-0.074,north
France,1969,0.017,north
France,1970,-0.099,north
France,1971,-0.165,north
France,1972,-0.331,north
France,1973,0.053,north
France,1974,-0.09,north
France,1975,0.471,north
France,1976,0.354,north
France,1977,0.008,north
France,1978,-0.223,north
France,1979,-0.194,north
France,1980,-0.226,north
France,1981,0.082,north
France,1982,0.797,north
France,1983,0.702,north
France,1984,-0.099,north
France,1985,-0.354,north
France,1986,-0.02,north
France,1987,-0.014,north
France,1988,0.759,north
France,1989,1.262,north
France,1990,1.567,north
France,1991,0.23,north
France,1992,0.632,north
France,1993,0.301,north
France,1994,1.523,north
France,1995,1.299,north
France,1996,0.163,north
France,1997,1.213,north
France,1998,0.913,north
France,1999,1.167,north
France,2000,1.143,north
France,2001,1.362,north
France,2002,1.023,north
France,2003,1.771,north
France,2004,0.945,north
France,2005,0.998,north
France,2006,1.28,north
France,2007,1.376,north
France,2008,0.959,north
France,2009,1.174,north
France,2010,0.353,north
France,2011,1.492,north
France,2012,1.178,north
France,2013,0.671,north
France,2014,1.999,north
France,2015,1.558,north
France,2016,1.738,north
France,2017,1.743,north
France,2018,2.006,north
France,2019,1.956,north
France,2020,2.478,north
French Guyana,1961,-0.157,south
French Guyana,1962,-0.102,south
French Guyana,1963,-0.078,south
French Guyana,1964,-0.089,south
French Guyana,1965,-0.166,south
French Guyana,1966,0.141,south
French Guyana,1967,-0.189,south
French Guyana,1968,-0.198,south
French Guyana,1969,0.45,south
French Guyana,1970,0.223,south
French Guyana,1971,-0.382,south
French Guyana,1972,-0.095,south
French Guyana,1973,0.118,south
French Guyana,1974,-0.388,south
French Guyana,1975,-0.326,south
French Guyana,1976,-0.146,south
French Guyana,1977,0.085,south
French Guyana,1978,0.093,south
French Guyana,1979,0.263,south
French Guyana,1980,0.336,south
French Guyana,1981,0.36,south
French Guyana,1982,0.225,south
French Guyana,1983,0.648,south
French Guyana,1984,-0.04,south
French Guyana,1985,0.045,south
French Guyana,1986,0.202,south
French Guyana,1987,0.736,south
French Guyana,1988,0.524,south
French Guyana,1989,0.07,south
French Guyana,1990,0.351,south
French Guyana,1991,0.376,south
French Guyana,1992,0.498,south
French Guyana,1993,0.446,south
French Guyana,1994,0.411,south
French Guyana,1995,0.833,south
French Guyana,1996,0.559,south
French Guyana,1997,0.685,south
French Guyana,1998,1.414,south
French Guyana,1999,0.67,south
French Guyana,2000,0.578,south
French Guyana,2001,0.652,south
French Guyana,2002,0.819,south
French Guyana,2003,0.954,south
French Guyana,2004,0.96,south
French Guyana,2005,1.439,south
French Guyana,2006,0.933,south
French Guyana,2007,1.242,south
French Guyana,2008,0.991,south
French Guyana,2009,1.376,south
French Guyana,2010,1.583,south
French Guyana,2011,1.158,south
French Guyana,2012,1.162,south
French Guyana,2013,1.404,south
French Guyana,2014,1.451,south
French Guyana,2015,1.654,south
French Guyana,2016,2.074,south
French Guyana,2017,1.798,south
French Guyana,2018,1.538,south
French Guyana,2019,1.855,south
French Guyana,2020,1.964,south
French Polynesia,1961,0.141,south
French Polynesia,1962,-0.113,south
French Polynesia,1963,-0.027,south
French Polynesia,1964,-0.195,south
French Polynesia,1965,-0.118,south
French Polynesia,1966,0.067,south
French Polynesia,1967,-0.29,south
French Polynesia,1968,-0.525,south
French Polynesia,1969,0.304,south
French Polynesia,1970,0.231,south
French Polynesia,1971,-0.259,south
French Polynesia,1972,0.177,south
French Polynesia,1973,0.366,south
French Polynesia,1974,-0.274,south
French Polynesia,1975,-0.172,south
French Polynesia,1976,-0.198,south
French Polynesia,1977,0.248,south
French Polynesia,1978,-0.061,south
French Polynesia,1979,0.11,south
French Polynesia,1980,0.218,south
French Polynesia,1981,0.106,south
French Polynesia,1982,0.271,south
French Polynesia,1983,0.09,south
French Polynesia,1984,0.254,south
French Polynesia,1985,-0.006,south
French Polynesia,1986,0.116,south
French Polynesia,1987,0.303,south
French Polynesia,1988,0.214,south
French Polynesia,1989,0.051,south
French Polynesia,1990,0.285,south
French Polynesia,1991,0.244,south
French Polynesia,1992,0.238,south
French Polynesia,1993,0.029,south
French Polynesia,1994,0.422,south
French Polynesia,1995,0.441,south
French Polynesia,1996,0.019,south
French Polynesia,1997,0.177,south
French Polynesia,1998,0.487,south
French Polynesia,1999,0.311,south
French Polynesia,2000,0.188,south
French Polynesia,2001,0.362,south
French Polynesia,2002,0.661,south
French Polynesia,2003,0.565,south
French Polynesia,2004,0.395,south
French Polynesia,2005,0.538,south
French Polynesia,2006,0.696,south
French Polynesia,2007,0.71,south
French Polynesia,2008,0.208,south
French Polynesia,2009,0.653,south
French Polynesia,2010,0.617,south
French Polynesia,2011,0.072,south
French Polynesia,2012,0.579,south
French Polynesia,2013,0.392,south
French Polynesia,2014,0.449,south
French Polynesia,2015,0.51,south
French Polynesia,2016,0.946,south
French Polynesia,2017,0.679,south
French Polynesia,2018,0.404,south
French Polynesia,2019,0.627,south
French Polynesia,2020,0.588,south
French Southern Territories,1961,-0.484,south
French Southern Territories,1962,-0.059,south
French Southern Territories,1963,-0.509,south
French Southern Territories,1964,-0.789,south
French Southern Territories,1965,-0.051,south
French Southern Territories,1966,-0.262,south
French Southern Territories,1967,-0.516,south
French Southern Territories,1968,0.822,south
French Southern Territories,1969,-0.014,south
French Southern Territories,1970,0.188,south
French Southern Territories,1971,0.412,south
French Southern Territories,1972,-0.128,south
French Southern Territories,1973,0.025,south
French Southern Territories,1974,-0.04,south
French Southern Territories,1975,0.175,south
French Southern Territories,1976,0.018,south
French Southern Territories,1977,-0.146,south
French Southern Territories,1978,0.5,south
French Southern Territories,1979,0.682,south
French Southern Territories,1980,0.497,south
French Southern Territories,1981,0.502,south
French Southern Territories,1982,0.947,south
French Southern Territories,1983,0.171,south
French Southern Territories,1984,0.062,south
French Southern Territories,1985,0.474,south
French Southern Territories,1986,0.597,south
French Southern Territories,1987,0.72,south
French Southern Territories,1988,-0.453,south
French Southern Territories,1989,0.61,south
French Southern Territories,1990,0.7005,south
French Southern Territories,1991,0.791,south
French Southern Territories,1992,0.315,south
French Southern Territories,1993,0.77,south
French Southern Territories,1994,0.027,south
French Southern Territories,1995,0.163,south
French Southern Territories,1996,0.19,south
French Southern Territories,1997,0.984,south
French Southern Territories,1998,0.694,south
French Southern Territories,1999,0.452,south
French Southern Territories,2000,0.663,south
French Southern Territories,2001,0.595,south
French Southern Territories,2002,0.638,south
French Southern Territories,2003,0.357,south
French Southern Territories,2004,0.584,south
French Southern Territories,2005,0.168,south
French Southern Territories,2006,0.322,south
French Southern Territories,2007,0.143,south
French Southern Territories,2008,0.391,south
French Southern Territories,2009,0.314,south
French Southern Territories,2010,0.481,south
French Southern Territories,2011,0.463,south
French Southern Territories,2012,0.904,south
French Southern Territories,2013,0.36,south
French Southern Territories,2014,-0.063,south
French Southern Territories,2015,0.724,south
French Southern Territories,2016,1.027,south
French Southern Territories,2017,1.025,south
French Southern Territories,2018,0.928,south
French Southern Territories,2019,0.833,south
French Southern Territories,2020,0.516,south
Gabon,1961,-0.124,south
Gabon,1962,-0.02,south
Gabon,1963,0.276,south
Gabon,1964,-0.117,south
Gabon,1965,-0.137,south
Gabon,1966,0.174,south
Gabon,1967,-0.092,south
Gabon,1968,-0.113,south
Gabon,1969,0.115,south
Gabon,1970,0.124,south
Gabon,1971,-0.093,south
Gabon,1972,-0.118,south
Gabon,1973,0.429,south
Gabon,1974,-0.12,south
Gabon,1975,-0.177,south
Gabon,1976,-0.386,south
Gabon,1977,0.171,south
Gabon,1978,0.079,south
Gabon,1979,0.377,south
Gabon,1980,0.289,south
Gabon,1981,-0.165,south
Gabon,1982,-0.358,south
Gabon,1983,0.115,south
Gabon,1984,0.143,south
Gabon,1985,-0.222,south
Gabon,1986,-0.141,south
Gabon,1987,0.272,south
Gabon,1988,0.191,south
Gabon,1989,-0.03,south
Gabon,1990,0.115,south
Gabon,1991,0.106,south
Gabon,1992,-0.168,south
Gabon,1993,0.138,south
Gabon,1994,0.205,south
Gabon,1995,0.599,south
Gabon,1996,0.13,south
Gabon,1997,0.318,south
Gabon,1998,1.111,south
Gabon,1999,0.566,south
Gabon,2000,0.293,south
Gabon,2001,0.257,south
Gabon,2002,0.647,south
Gabon,2003,0.868,south
Gabon,2004,0.764,south
Gabon,2005,0.719,south
Gabon,2006,0.682,south
Gabon,2007,0.853,south
Gabon,2008,0.738,south
Gabon,2009,0.744,south
Gabon,2010,0.959,south
Gabon,2011,0.529,south
Gabon,2012,0.511,south
Gabon,2013,0.81,south
Gabon,2014,0.791,south
Gabon,2015,0.893,south
Gabon,2016,1.417,south
Gabon,2017,1.392,south
Gabon,2018,0.896,south
Gabon,2019,1.554,south
Gabon,2020,1.433,south
Gambia,1961,-0.138,north
Gambia,1962,-0.039,north
Gambia,1963,0.122,north
Gambia,1964,-0.18,north
Gambia,1965,-0.452,north
Gambia,1966,-0.081,north
Gambia,1967,-0.4,north
Gambia,1968,-0.586,north
Gambia,1969,0.83,north
Gambia,1970,0.384,north
Gambia,1971,-0.046,north
Gambia,1972,0.326,north
Gambia,1973,0.694,north
Gambia,1974,-0.214,north
Gambia,1975,-0.147,north
Gambia,1976,-0.049,north
Gambia,1977,0.522,north
Gambia,1978,0.428,north
Gambia,1979,0.614,north
Gambia,1980,0.807,north
Gambia,1981,0.647,north
Gambia,1982,0.394,north
Gambia,1983,1.196,north
Gambia,1984,0.683,north
Gambia,1985,0.432,north
Gambia,1986,0.708,north
Gambia,1987,1.113,north
Gambia,1988,0.964,north
Gambia,1989,0.807,north
Gambia,1990,1.332,north
Gambia,1991,1.018,north
Gambia,1992,1.06,north
Gambia,1993,1.262,north
Gambia,1994,0.944,north
Gambia,1995,1.055,north
Gambia,1996,1.281,north
Gambia,1997,1.516,north
Gambia,1998,1.764,north
Gambia,1999,0.957,north
Gambia,2000,1.126,north
Gambia,2001,1.411,north
Gambia,2002,1.531,north
Gambia,2003,1.202,north
Gambia,2004,1.228,north
Gambia,2005,1.632,north
Gambia,2006,1.367,north
Gambia,2007,1.249,north
Gambia,2008,1.506,north
Gambia,2009,0.873,north
Gambia,2010,1.48,north
Gambia,2011,1.228,north
Gambia,2012,1.095,north
Gambia,2013,1.202,north
Gambia,2014,1.465,north
Gambia,2015,1.516,north
Gambia,2016,1.917,north
Gambia,2017,2.033,north
Gambia,2018,1.317,north
Gambia,2019,1.63,north
Gambia,2020,2.05,north
Germany,1961,0.99,north
Germany,1962,-0.751,north
Germany,1963,-1.085,north
Germany,1964,-0.33,north
Germany,1965,-0.815,north
Germany,1966,0.406,north
Germany,1967,0.867,north
Germany,1968,0.203,north
Germany,1969,-0.111,north
Germany,1970,-0.832,north
Germany,1971,0.032,north
Germany,1972,-0.014,north
Germany,1973,0.189,north
Germany,1974,0.319,north
Germany,1975,1.099,north
Germany,1976,0.468,north
Germany,1977,0.28,north
Germany,1978,-0.176,north
Germany,1979,-0.642,north
Germany,1980,-0.187,north
Germany,1981,0.295,north
Germany,1982,0.437,north
Germany,1983,1.068,north
Germany,1984,-0.113,north
Germany,1985,-0.802,north
Germany,1986,-0.007,north
Germany,1987,-0.559,north
Germany,1988,0.893,north
Germany,1989,1.491,north
Germany,1990,1.573,north
Germany,1991,0.287,north
Germany,1992,1.228,north
Germany,1993,0.312,north
Germany,1994,1.625,north
Germany,1995,1.308,north
Germany,1996,-0.698,north
Germany,1997,0.559,north
Germany,1998,1.152,north
Germany,1999,1.366,north
Germany,2000,1.762,north
Germany,2001,1.29,north
Germany,2002,1.488,north
Germany,2003,1.259,north
Germany,2004,1.001,north
Germany,2005,1.028,north
Germany,2006,1.26,north
Germany,2007,2.093,north
Germany,2008,1.545,north
Germany,2009,1.284,north
Germany,2010,0.196,north
Germany,2011,1.12,north
Germany,2012,1.35,north
Germany,2013,0.584,north
Germany,2014,2.516,north
Germany,2015,1.673,north
Germany,2016,1.985,north
Germany,2017,1.651,north
Germany,2018,2.395,north
Germany,2019,2.335,north
Germany,2020,2.521,north
Ghana,1961,-0.071,north
Ghana,1962,-0.143,north
Ghana,1963,0.135,north
Ghana,1964,-0.149,north
Ghana,1965,-0.139,north
Ghana,1966,0.068,north
Ghana,1967,-0.203,north
Ghana,1968,-0.128,north
Ghana,1969,0.301,north
Ghana,1970,0.302,north
Ghana,1971,-0.127,north
Ghana,1972,0.056,north
Ghana,1973,0.603,north
Ghana,1974,0.027,north
Ghana,1975,-0.2,north
Ghana,1976,-0.328,north
Ghana,1977,0.316,north
Ghana,1978,0.099,north
Ghana,1979,0.592,north
Ghana,1980,0.476,north
Ghana,1981,0.204,north
Ghana,1982,0.192,north
Ghana,1983,0.722,north
Ghana,1984,0.685,north
Ghana,1985,0.375,north
Ghana,1986,0.318,north
Ghana,1987,0.985,north
Ghana,1988,0.687,north
Ghana,1989,0.251,north
Ghana,1990,0.539,north
Ghana,1991,0.405,north
Ghana,1992,0.159,north
Ghana,1993,0.503,north
Ghana,1994,0.591,north
Ghana,1995,0.761,north
Ghana,1996,0.726,north
Ghana,1997,0.544,north
Ghana,1998,1.193,north
Ghana,1999,0.625,north
Ghana,2000,0.479,north
Ghana,2001,0.612,north
Ghana,2002,0.871,north
Ghana,2003,1.038,north
Ghana,2004,0.794,north
Ghana,2005,1.019,north
Ghana,2006,1.039,north
Ghana,2007,1.015,north
Ghana,2008,0.767,north
Ghana,2009,0.941,north
Ghana,2010,1.322,north
Ghana,2011,0.929,north
Ghana,2012,0.657,north
Ghana,2013,0.89,north
Ghana,2014,0.919,north
Ghana,2015,1.224,north
Ghana,2016,1.328,north
Ghana,2017,1.405,north
Ghana,2018,1.173,north
Ghana,2019,1.389,north
Ghana,2020,1.355,north
Gibraltar,1961,0.567,north
Gibraltar,1962,0.517,north
Gibraltar,1963,0.048,north
Gibraltar,1964,0.488,north
Gibraltar,1965,-0.063,north
Gibraltar,1966,0.251,north
Gibraltar,1967,-0.12,north
Gibraltar,1968,-0.014,north
Gibraltar,1969,-0.352,north
Gibraltar,1970,-0.093,north
Gibraltar,1971,-0.855,north
Gibraltar,1972,-0.912,north
Gibraltar,1973,-0.2,north
Gibraltar,1974,-0.414,north
Gibraltar,1975,-0.203,north
Gibraltar,1976,-0.49,north
Gibraltar,1977,-0.143,north
Gibraltar,1978,0.212,north
Gibraltar,1979,0.388,north
Gibraltar,1980,0.3,north
Gibraltar,1981,0.355,north
Gibraltar,1982,0.474,north
Gibraltar,1983,0.366,north
Gibraltar,1984,-0.158,north
Gibraltar,1985,0.579,north
Gibraltar,1986,0.224,north
Gibraltar,1987,0.489,north
Gibraltar,1988,0.778,north
Gibraltar,1989,0.918,north
Gibraltar,1990,1.207,north
Gibraltar,1991,0.124,north
Gibraltar,1992,0.197,north
Gibraltar,1993,-0.093,north
Gibraltar,1994,0.77,north
Gibraltar,1995,1.344,north
Gibraltar,1996,0.771,north
Gibraltar,1997,1.469,north
Gibraltar,1998,1.117,north
Gibraltar,1999,0.73,north
Gibraltar,2000,0.843,north
Gibraltar,2001,1.299,north
Gibraltar,2002,0.883,north
Gibraltar,2003,1.424,north
Gibraltar,2004,1.056,north
Gibraltar,2005,0.873,north
Gibraltar,2006,1.457,north
Gibraltar,2007,0.844,north
Gibraltar,2008,0.978,north
Gibraltar,2009,1.27,north
Gibraltar,2010,1.341,north
Gibraltar,2011,1.679,north
Gibraltar,2012,0.992,north
Gibraltar,2013,0.913,north
Gibraltar,2014,1.507,north
Gibraltar,2015,1.442,north
Gibraltar,2016,1.799,north
Gibraltar,2017,2.089,north
Gibraltar,2018,0.799,north
Gibraltar,2019,1.351,north
Gibraltar,2020,1.992,north
Greece,1961,0.493,north
Greece,1962,0.621,north
Greece,1963,0.3,north
Greece,1964,-0.308,north
Greece,1965,-0.328,north
Greece,1966,0.782,north
Greece,1967,-0.201,north
Greece,1968,0.187,north
Greece,1969,-0.079,north
Greece,1970,0.275,north
Greece,1971,-0.223,north
Greece,1972,-0.182,north
Greece,1973,-0.362,north
Greece,1974,-0.194,north
Greece,1975,-0.251,north
Greece,1976,-0.907,north
Greece,1977,0.342,north
Greece,1978,-0.542,north
Greece,1979,0.201,north
Greece,1980,-0.36,north
Greece,1981,-0.169,north
Greece,1982,-0.215,north
Greece,1983,-0.464,north
Greece,1984,-0.093,north
Greece,1985,-0.03,north
Greece,1986,0.341,north
Greece,1987,-0.363,north
Greece,1988,0.162,north
Greece,1989,-0.173,north
Greece,1990,0.388,north
Greece,1991,-0.174,north
Greece,1992,-0.5,north
Greece,1993,-0.292,north
Greece,1994,1.099,north
Greece,1995,-0.001,north
Greece,1996,-0.127,north
Greece,1997,-0.169,north
Greece,1998,0.654,north
Greece,1999,0.824,north
Greece,2000,0.697,north
Greece,2001,1.334,north
Greece,2002,0.465,north
Greece,2003,0.409,north
Greece,2004,0.349,north
Greece,2005,0.222,north
Greece,2006,0.272,north
Greece,2007,1.084,north
Greece,2008,0.88,north
Greece,2009,0.765,north
Greece,2010,1.567,north
Greece,2011,0.389,north
Greece,2012,1.23,north
Greece,2013,1.329,north
Greece,2014,1.073,north
Greece,2015,0.911,north
Greece,2016,1.576,north
Greece,2017,0.657,north
Greece,2018,1.948,north
Greece,2019,1.503,north
Greece,2020,1.447,north
Greenland,1961,-0.285,north
Greenland,1962,0.849,north
Greenland,1963,0.316,north
Greenland,1964,0.265,north
Greenland,1965,0.806,north
Greenland,1966,-0.209,north
Greenland,1967,-0.372,north
Greenland,1968,-0.266,north
Greenland,1969,-0.258,north
Greenland,1970,-0.231,north
Greenland,1971,-0.792,north
Greenland,1972,-0.85,north
Greenland,1973,-0.995,north
Greenland,1974,0.296,north
Greenland,1975,-1.103,north
Greenland,1976,-0.267,north
Greenland,1977,0.749,north
Greenland,1978,-0.693,north
Greenland,1979,0.487,north
Greenland,1980,0.906,north
Greenland,1981,-0.378,north
Greenland,1982,-0.657,north
Greenland,1983,-2.076,north
Greenland,1984,-1.47,north
Greenland,1985,0.875,north
Greenland,1986,0.364,north
Greenland,1987,-0.138,north
Greenland,1988,0.488,north
Greenland,1989,-1.512,north
Greenland,1990,-0.376,north
Greenland,1991,-0.327,north
Greenland,1992,-1.256,north
Greenland,1993,-1.371,north
Greenland,1994,-0.442,north
Greenland,1995,-0.345,north
Greenland,1996,0.652,north
Greenland,1997,0.371,north
Greenland,1998,1.253,north
Greenland,1999,0.503,north
Greenland,2000,0.824,north
Greenland,2001,0.818,north
Greenland,2002,1.173,north
Greenland,2003,2.314,north
Greenland,2004,1.454,north
Greenland,2005,1.866,north
Greenland,2006,1.707,north
Greenland,2007,1.35,north
Greenland,2008,0.941,north
Greenland,2009,0.832,north
Greenland,2010,3.039,north
Greenland,2011,1.672,north
Greenland,2012,1.612,north
Greenland,2013,1.363,north
Greenland,2014,1.419,north
Greenland,2015,0.184,north
Greenland,2016,2.346,north
Greenland,2017,1.184,north
Greenland,2018,0.912,north
Greenland,2019,2.211,north
Greenland,2020,1.325,north
Grenada,1961,0.12,north
Grenada,1962,0.046,north
Grenada,1963,0.287,north
Grenada,1964,-0.081,north
Grenada,1965,-0.23,north
Grenada,1966,0.021,north
Grenada,1967,-0.277,north
Grenada,1968,-0.19,north
Grenada,1969,0.447,north
Grenada,1970,0.232,north
Grenada,1971,-0.349,north
Grenada,1972,-0.151,north
Grenada,1973,0.063,north
Grenada,1974,-0.46,north
Grenada,1975,-0.414,north
Grenada,1976,-0.151,north
Grenada,1977,-0.015,north
Grenada,1978,0.134,north
Grenada,1979,0.336,north
Grenada,1980,0.296,north
Grenada,1981,0.365,north
Grenada,1982,0.13,north
Grenada,1983,0.406,north
Grenada,1984,0.016,north
Grenada,1985,-0.378,north
Grenada,1986,-0.1,north
Grenada,1987,0.51,north
Grenada,1988,0.521,north
Grenada,1989,-0.089,north
Grenada,1990,0.133,north
Grenada,1991,0.271,north
Grenada,1992,0.303,north
Grenada,1993,0.372,north
Grenada,1994,0.378,north
Grenada,1995,0.595,north
Grenada,1996,0.344,north
Grenada,1997,0.436,north
Grenada,1998,0.988,north
Grenada,1999,0.445,north
Grenada,2000,0.24,north
Grenada,2001,0.466,north
Grenada,2002,0.421,north
Grenada,2003,0.746,north
Grenada,2004,0.34,north
Grenada,2005,0.866,north
Grenada,2006,0.575,north
Grenada,2007,0.515,north
Grenada,2008,0.383,north
Grenada,2009,0.403,north
Grenada,2010,1.132,north
Grenada,2011,0.645,north
Grenada,2012,0.489,north
Grenada,2013,0.595,north
Grenada,2014,0.51,north
Grenada,2015,0.704,north
Grenada,2016,0.802,north
Grenada,2017,0.748,north
Grenada,2018,0.333,north
Grenada,2019,0.566,north
Grenada,2020,0.823,north
Guadeloupe,1961,-0.011,north
Guadeloupe,1962,0.047,north
Guadeloupe,1963,0.216,north
Guadeloupe,1964,0.09,north
Guadeloupe,1965,-0.339,north
Guadeloupe,1966,0.085,north
Guadeloupe,1967,-0.225,north
Guadeloupe,1968,-0.271,north
Guadeloupe,1969,0.325,north
Guadeloupe,1970,0.083,north
Guadeloupe,1971,-0.287,north
Guadeloupe,1972,-0.134,north
Guadeloupe,1973,0.18,north
Guadeloupe,1974,-0.379,north
Guadeloupe,1975,-0.385,north
Guadeloupe,1976,-0.454,north
Guadeloupe,1977,0.127,north
Guadeloupe,1978,0.109,north
Guadeloupe,1979,0.1,north
Guadeloupe,1980,0.577,north
Guadeloupe,1981,0.502,north
Guadeloupe,1982,0.123,north
Guadeloupe,1983,0.478,north
Guadeloupe,1984,0.009,north
Guadeloupe,1985,-0.066,north
Guadeloupe,1986,-0.031,north
Guadeloupe,1987,0.537,north
Guadeloupe,1988,0.36,north
Guadeloupe,1989,-0.136,north
Guadeloupe,1990,0.255,north
Guadeloupe,1991,0.289,north
Guadeloupe,1992,0.233,north
Guadeloupe,1993,0.375,north
Guadeloupe,1994,0.442,north
Guadeloupe,1995,0.526,north
Guadeloupe,1996,0.287,north
Guadeloupe,1997,0.46,north
Guadeloupe,1998,0.979,north
Guadeloupe,1999,0.435,north
Guadeloupe,2000,0.136,north
Guadeloupe,2001,0.434,north
Guadeloupe,2002,0.544,north
Guadeloupe,2003,0.678,north
Guadeloupe,2004,0.346,north
Guadeloupe,2005,0.648,north
Guadeloupe,2006,0.468,north
Guadeloupe,2007,0.673,north
Guadeloupe,2008,0.157,north
Guadeloupe,2009,0.389,north
Guadeloupe,2010,0.974,north
Guadeloupe,2011,0.371,north
Guadeloupe,2012,0.504,north
Guadeloupe,2013,0.558,north
Guadeloupe,2014,0.544,north
Guadeloupe,2015,0.803,north
Guadeloupe,2016,0.916,north
Guadeloupe,2017,0.666,north
Guadeloupe,2018,0.486,north
Guadeloupe,2019,0.694,north
Guadeloupe,2020,1.039,north
Guatemala,1961,-0.003,north
Guatemala,1962,-0.077,north
Guatemala,1963,-0.09,north
Guatemala,1964,-0.068,north
Guatemala,1965,-0.09,north
Guatemala,1966,-0.097,north
Guatemala,1967,-0.39,north
Guatemala,1968,-0.359,north
Guatemala,1969,0.396,north
Guatemala,1970,-0.085,north
Guatemala,1971,-0.101,north
Guatemala,1972,0.437,north
Guatemala,1973,0.479,north
Guatemala,1974,-0.289,north
Guatemala,1975,0.178,north
Guatemala,1976,-0.351,north
Guatemala,1977,0.25,north
Guatemala,1978,0.168,north
Guatemala,1979,0.34,north
Guatemala,1980,0.463,north
Guatemala,1981,-0.004,north
Guatemala,1982,0.484,north
Guatemala,1983,0.68,north
Guatemala,1984,0.135,north
Guatemala,1985,0.177,north
Guatemala,1986,0.141,north
Guatemala,1987,0.37,north
Guatemala,1988,0.509,north
Guatemala,1989,0.21,north
Guatemala,1990,0.412,north
Guatemala,1991,0.666,north
Guatemala,1992,0.481,north
Guatemala,1993,0.378,north
Guatemala,1994,0.654,north
Guatemala,1995,0.675,north
Guatemala,1996,0.17,north
Guatemala,1997,0.785,north
Guatemala,1998,0.962,north
Guatemala,1999,0.661,north
Guatemala,2000,0.383,north
Guatemala,2001,0.455,north
Guatemala,2002,0.702,north
Guatemala,2003,0.887,north
Guatemala,2004,0.62,north
Guatemala,2005,0.778,north
Guatemala,2006,0.567,north
Guatemala,2007,0.732,north
Guatemala,2008,0.417,north
Guatemala,2009,1.021,north
Guatemala,2010,0.715,north
Guatemala,2011,0.701,north
Guatemala,2012,0.512,north
Guatemala,2013,0.684,north
Guatemala,2014,0.602,north
Guatemala,2015,1.184,north
Guatemala,2016,1.386,north
Guatemala,2017,1.029,north
Guatemala,2018,0.865,north
Guatemala,2019,1.408,north
Guatemala,2020,1.714,north
Guinea,1961,-0.131,north
Guinea,1962,-0.137,north
Guinea,1963,0.16,north
Guinea,1964,-0.173,north
Guinea,1965,-0.115,north
Guinea,1966,0.01,north
Guinea,1967,-0.23,north
Guinea,1968,-0.176,north
Guinea,1969,0.443,north
Guinea,1970,0.344,north
Guinea,1971,-0.132,north
Guinea,1972,0.199,north
Guinea,1973,0.573,north
Guinea,1974,-0.076,north
Guinea,1975,-0.258,north
Guinea,1976,-0.264,north
Guinea,1977,0.21,north
Guinea,1978,0.204,north
Guinea,1979,0.511,north
Guinea,1980,0.639,north
Guinea,1981,0.342,north
Guinea,1982,0.233,north
Guinea,1983,0.655,north
Guinea,1984,0.387,north
Guinea,1985,0.406,north
Guinea,1986,0.107,north
Guinea,1987,0.82,north
Guinea,1988,0.625,north
Guinea,1989,0.141,north
Guinea,1990,0.705,north
Guinea,1991,0.773,north
Guinea,1992,0.426,north
Guinea,1993,0.793,north
Guinea,1994,0.62,north
Guinea,1995,0.682,north
Guinea,1996,0.957,north
Guinea,1997,0.875,north
Guinea,1998,1.213,north
Guinea,1999,0.567,north
Guinea,2000,0.686,north
Guinea,2001,0.962,north
Guinea,2002,1.308,north
Guinea,2003,1.235,north
Guinea,2004,1.256,north
Guinea,2005,1.37,north
Guinea,2006,1.32,north
Guinea,2007,1.184,north
Guinea,2008,1.311,north
Guinea,2009,1.139,north
Guinea,2010,1.543,north
Guinea,2011,1.265,north
Guinea,2012,0.722,north
Guinea,2013,1.305,north
Guinea,2014,1.181,north
Guinea,2015,1.432,north
Guinea,2016,1.442,north
Guinea,2017,1.807,north
Guinea,2018,1.53,north
Guinea,2019,1.797,north
Guinea,2020,1.683,north
Guinea-Bissau,1961,-0.137,north
Guinea-Bissau,1962,-0.076,north
Guinea-Bissau,1963,0.145,north
Guinea-Bissau,1964,-0.22,north
Guinea-Bissau,1965,-0.37,north
Guinea-Bissau,1966,-0.039,north
Guinea-Bissau,1967,-0.286,north
Guinea-Bissau,1968,-0.467,north
Guinea-Bissau,1969,0.722,north
Guinea-Bissau,1970,0.324,north
Guinea-Bissau,1971,-0.053,north
Guinea-Bissau,1972,0.277,north
Guinea-Bissau,1973,0.59,north
Guinea-Bissau,1974,-0.148,north
Guinea-Bissau,1975,-0.169,north
Guinea-Bissau,1976,-0.098,north
Guinea-Bissau,1977,0.399,north
Guinea-Bissau,1978,0.316,north
Guinea-Bissau,1979,0.497,north
Guinea-Bissau,1980,0.656,north
Guinea-Bissau,1981,0.49,north
Guinea-Bissau,1982,0.404,north
Guinea-Bissau,1983,1.03,north
Guinea-Bissau,1984,0.578,north
Guinea-Bissau,1985,0.422,north
Guinea-Bissau,1986,0.548,north
Guinea-Bissau,1987,0.878,north
Guinea-Bissau,1988,0.796,north
Guinea-Bissau,1989,0.63,north
Guinea-Bissau,1990,1.183,north
Guinea-Bissau,1991,1.069,north
Guinea-Bissau,1992,0.978,north
Guinea-Bissau,1993,1.183,north
Guinea-Bissau,1994,0.929,north
Guinea-Bissau,1995,1.016,north
Guinea-Bissau,1996,1.161,north
Guinea-Bissau,1997,1.355,north
Guinea-Bissau,1998,1.772,north
Guinea-Bissau,1999,0.978,north
Guinea-Bissau,2000,1.179,north
Guinea-Bissau,2001,1.415,north
Guinea-Bissau,2002,1.51,north
Guinea-Bissau,2003,1.236,north
Guinea-Bissau,2004,1.306,north
Guinea-Bissau,2005,1.64,north
Guinea-Bissau,2006,1.428,north
Guinea-Bissau,2007,1.333,north
Guinea-Bissau,2008,1.626,north
Guinea-Bissau,2009,1.165,north
Guinea-Bissau,2010,1.643,north
Guinea-Bissau,2011,1.413,north
Guinea-Bissau,2012,1.179,north
Guinea-Bissau,2013,1.458,north
Guinea-Bissau,2014,1.689,north
Guinea-Bissau,2015,1.722,north
Guinea-Bissau,2016,2.038,north
Guinea-Bissau,2017,2.171,north
Guinea-Bissau,2018,1.618,north
Guinea-Bissau,2019,1.939,north
Guinea-Bissau,2020,2.2,north
Guyana,1961,0.014,south
Guyana,1962,-0.079,south
Guyana,1963,-0.136,south
Guyana,1964,0.204,south
Guyana,1965,-0.129,south
Guyana,1966,0.231,south
Guyana,1967,-0.196,south
Guyana,1968,-0.22,south
Guyana,1969,0.484,south
Guyana,1970,0.416,south
Guyana,1971,-0.464,south
Guyana,1972,0.027,south
Guyana,1973,0.117,south
Guyana,1974,-0.359,south
Guyana,1975,-0.273,south
Guyana,1976,-0.371,south
Guyana,1977,0.111,south
Guyana,1978,0.014,south
Guyana,1979,0.335,south
Guyana,1980,0.368,south
Guyana,1981,0.516,south
Guyana,1982,0.385,south
Guyana,1983,0.561,south
Guyana,1984,-0.295,south
Guyana,1985,-0.361,south
Guyana,1986,0.08,south
Guyana,1987,0.544,south
Guyana,1988,0.432,south
Guyana,1989,-0.028,south
Guyana,1990,0.513,south
Guyana,1991,0.442,south
Guyana,1992,0.118,south
Guyana,1993,0.351,south
Guyana,1994,0.518,south
Guyana,1995,0.932,south
Guyana,1996,0.559,south
Guyana,1997,0.682,south
Guyana,1998,1.284,south
Guyana,1999,0.462,south
Guyana,2000,0.55,south
Guyana,2001,0.691,south
Guyana,2002,0.79,south
Guyana,2003,1.202,south
Guyana,2004,0.998,south
Guyana,2005,1.099,south
Guyana,2006,0.932,south
Guyana,2007,0.914,south
Guyana,2008,0.731,south
Guyana,2009,1.249,south
Guyana,2010,1.153,south
Guyana,2011,0.809,south
Guyana,2012,0.902,south
Guyana,2013,0.953,south
Guyana,2014,1.297,south
Guyana,2015,1.589,south
Guyana,2016,1.64,south
Guyana,2017,1.307,south
Guyana,2018,1.411,south
Guyana,2019,1.301,south
Guyana,2020,1.499,south
Haiti,1961,-0.104,north
Haiti,1962,-0.087,north
Haiti,1963,-0.157,north
Haiti,1964,0.262,north
Haiti,1965,-0.285,north
Haiti,1966,-0.003,north
Haiti,1967,-0.167,north
Haiti,1968,-0.267,north
Haiti,1969,0.168,north
Haiti,1970,-0.122,north
Haiti,1971,-0.067,north
Haiti,1972,0.105,north
Haiti,1973,0.49,north
Haiti,1974,-0.226,north
Haiti,1975,0.426,north
Haiti,1976,-0.421,north
Haiti,1977,0.361,north
Haiti,1978,0.156,north
Haiti,1979,0.11,north
Haiti,1980,0.552,north
Haiti,1981,0.4,north
Haiti,1982,0.456,north
Haiti,1983,0.584,north
Haiti,1984,0.316,north
Haiti,1985,0.127,north
Haiti,1986,0.252,north
Haiti,1987,0.86,north
Haiti,1988,0.681,north
Haiti,1989,0.366,north
Haiti,1990,0.744,north
Haiti,1991,0.727,north
Haiti,1992,0.442,north
Haiti,1993,0.371,north
Haiti,1994,1.078,north
Haiti,1995,0.889,north
Haiti,1996,0.363,north
Haiti,1997,1.078,north
Haiti,1998,1.127,north
Haiti,1999,1.177,north
Haiti,2000,0.825,north
Haiti,2001,0.627,north
Haiti,2002,0.854,north
Haiti,2003,1.163,north
Haiti,2004,0.83,north
Haiti,2005,1.004,north
Haiti,2006,0.825,north
Haiti,2007,1.024,north
Haiti,2008,0.663,north
Haiti,2009,0.779,north
Haiti,2010,1.028,north
Haiti,2011,0.436,north
Haiti,2012,0.742,north
Haiti,2013,0.971,north
Haiti,2014,1.193,north
Haiti,2015,1.256,north
Haiti,2016,1.189,north
Haiti,2017,0.985,north
Haiti,2018,1.106,north
Haiti,2019,1.356,north
Haiti,2020,1.284,north
Holy See,1961,0.682,north
Holy See,1962,0.051,north
Holy See,1963,-0.172,north
Holy See,1964,0.176,north
Holy See,1965,-0.414,north
Holy See,1966,0.264,north
Holy See,1967,0.166,north
Holy See,1968,0.047,north
Holy See,1969,0.027,north
Holy See,1970,-0.122,north
Holy See,1971,-0.222,north
Holy See,1972,-0.145,north
Holy See,1973,0.043,north
Holy See,1974,-0.221,north
Holy See,1975,-0.168,north
Holy See,1976,-0.411,north
Holy See,1977,0.322,north
Holy See,1978,-0.586,north
Holy See,1979,0.107,north
Holy See,1980,-0.538,north
Holy See,1981,-0.455,north
Holy See,1982,0.579,north
Holy See,1983,0.222,north
Holy See,1984,-0.535,north
Holy See,1985,0.292,north
Holy See,1986,0.626,north
Holy See,1987,0.202,north
Holy See,1988,0.763,north
Holy See,1989,0.165,north
Holy See,1990,1.139,north
Holy See,1991,0.009,north
Holy See,1992,0.559,north
Holy See,1993,0.507,north
Holy See,1994,1.504,north
Holy See,1995,0.228,north
Holy See,1996,0.389,north
Holy See,1997,0.885,north
Holy See,1998,0.967,north
Holy See,1999,0.822,north
Holy See,2000,1.217,north
Holy See,2001,1.583,north
Holy See,2002,0.854,north
Holy See,2003,1.615,north
Holy See,2004,0.601,north
Holy See,2005,0.539,north
Holy See,2006,0.718,north
Holy See,2007,1.433,north
Holy See,2008,1.077,north
Holy See,2009,1.141,north
Holy See,2010,0.861,north
Holy See,2011,1.117,north
Holy See,2012,1.61,north
Holy See,2013,0.976,north
Holy See,2014,1.459,north
Holy See,2015,1.614,north
Holy See,2016,1.688,north
Holy See,2017,1.383,north
Holy See,2018,1.935,north
Holy See,2019,1.654,north
Holy See,2020,1.629,north
Honduras,1961,-0.066,north
Honduras,1962,-0.151,north
Honduras,1963,-0.277,north
Honduras,1964,-0.101,north
Honduras,1965,-0.109,north
Honduras,1966,-0.074,north
Honduras,1967,-0.354,north
Honduras,1968,-0.343,north
Honduras,1969,0.278,north
Honduras,1970,-0.106,north
Honduras,1971,-0.181,north
Honduras,1972,0.255,north
Honduras,1973,0.544,north
Honduras,1974,-0.265,north
Honduras,1975,0.064,north
Honduras,1976,-0.122,north
Honduras,1977,0.384,north
Honduras,1978,0.281,north
Honduras,1979,0.398,north
Honduras,1980,0.425,north
Honduras,1981,0.077,north
Honduras,1982,0.465,north
Honduras,1983,0.593,north
Honduras,1984,0.084,north
Honduras,1985,0.147,north
Honduras,1986,0.126,north
Honduras,1987,0.375,north
Honduras,1988,0.545,north
Honduras,1989,0.229,north
Honduras,1990,0.33,north
Honduras,1991,0.507,north
Honduras,1992,0.501,north
Honduras,1993,0.212,north
Honduras,1994,0.781,north
Honduras,1995,0.9,north
Honduras,1996,0.12,north
Honduras,1997,0.86,north
Honduras,1998,1.091,north
Honduras,1999,0.451,north
Honduras,2000,0.13,north
Honduras,2001,0.39,north
Honduras,2002,0.804,north
Honduras,2003,0.763,north
Honduras,2004,0.65,north
Honduras,2005,1.127,north
Honduras,2006,0.765,north
Honduras,2007,0.932,north
Honduras,2008,0.709,north
Honduras,2009,0.948,north
Honduras,2010,0.928,north
Honduras,2011,0.843,north
Honduras,2012,0.752,north
Honduras,2013,1.022,north
Honduras,2014,0.778,north
Honduras,2015,1.223,north
Honduras,2016,1.449,north
Honduras,2017,1.095,north
Honduras,2018,0.819,north
Honduras,2019,1.252,north
Honduras,2020,1.853,north
Hungary,1961,1.18,north
Hungary,1962,-0.414,north
Hungary,1963,-0.458,north
Hungary,1964,-0.872,north
Hungary,1965,-0.879,north
Hungary,1966,0.758,north
Hungary,1967,0.599,north
Hungary,1968,0.388,north
Hungary,1969,-0.272,north
Hungary,1970,-0.505,north
Hungary,1971,-0.062,north
Hungary,1972,0.393,north
Hungary,1973,-0.031,north
Hungary,1974,0.264,north
Hungary,1975,0.858,north
Hungary,1976,-0.275,north
Hungary,1977,0.549,north
Hungary,1978,-0.867,north
Hungary,1979,0.054,north
Hungary,1980,-0.611,north
Hungary,1981,0.158,north
Hungary,1982,0.116,north
Hungary,1983,1.004,north
Hungary,1984,-0.14,north
Hungary,1985,-1.054,north
Hungary,1986,0.374,north
Hungary,1987,-0.527,north
Hungary,1988,0.405,north
Hungary,1989,0.885,north
Hungary,1990,1.093,north
Hungary,1991,-0.033,north
Hungary,1992,0.924,north
Hungary,1993,0.086,north
Hungary,1994,1.761,north
Hungary,1995,0.65,north
Hungary,1996,-0.316,north
Hungary,1997,-0.125,north
Hungary,1998,1.102,north
Hungary,1999,0.626,north
Hungary,2000,1.764,north
Hungary,2001,1.42,north
Hungary,2002,1.453,north
Hungary,2003,0.74,north
Hungary,2004,0.582,north
Hungary,2005,0.268,north
Hungary,2006,0.723,north
Hungary,2007,2.166,north
Hungary,2008,1.518,north
Hungary,2009,1.637,north
Hungary,2010,0.831,north
Hungary,2011,0.915,north
Hungary,2012,1.755,north
Hungary,2013,1.185,north
Hungary,2014,2.248,north
Hungary,2015,2.103,north
Hungary,2016,1.929,north
Hungary,2017,1.383,north
Hungary,2018,2.579,north
Hungary,2019,2.411,north
Hungary,2020,2.048,north
Iceland,1961,0.55,north
Iceland,1962,-0.273,north
Iceland,1963,-0.05,north
Iceland,1964,1.099,north
Iceland,1965,-0.136,north
Iceland,1966,-0.501,north
Iceland,1967,-0.599,north
Iceland,1968,-0.637,north
Iceland,1969,-0.902,north
Iceland,1970,-0.619,north
Iceland,1971,-0.012,north
Iceland,1972,0.82,north
Iceland,1973,-0.051,north
Iceland,1974,0.569,north
Iceland,1975,-0.39,north
Iceland,1976,0.37,north
Iceland,1977,-0.25,north
Iceland,1978,0.036,north
Iceland,1979,-1.321,north
Iceland,1980,0.3,north
Iceland,1981,-1.006,north
Iceland,1982,-0.349,north
Iceland,1983,-0.922,north
Iceland,1984,0.154,north
Iceland,1985,0.125,north
Iceland,1986,-0.117,north
Iceland,1987,0.666,north
Iceland,1988,-0.109,north
Iceland,1989,-0.201,north
Iceland,1990,0.148,north
Iceland,1991,0.757,north
Iceland,1992,0.215,north
Iceland,1993,0.206,north
Iceland,1994,-0.115,north
Iceland,1995,-0.349,north
Iceland,1996,0.545,north
Iceland,1997,0.417,north
Iceland,1998,0.223,north
Iceland,1999,0.489,north
Iceland,2000,0.316,north
Iceland,2001,0.623,north
Iceland,2002,0.834,north
Iceland,2003,1.855,north
Iceland,2004,1.305,north
Iceland,2005,0.518,north
Iceland,2006,1.103,north
Iceland,2007,1.169,north
Iceland,2008,0.821,north
Iceland,2009,0.98,north
Iceland,2010,1.233,north
Iceland,2011,1.041,north
Iceland,2012,0.763,north
Iceland,2013,0.776,north
Iceland,2014,1.706,north
Iceland,2015,0.462,north
Iceland,2016,1.453,north
Iceland,2017,1.736,north
Iceland,2018,0.859,north
Iceland,2019,1.366,north
Iceland,2020,0.798,north
India,1961,-0.208,north
India,1962,-0.486,north
India,1963,-0.042,north
India,1964,-0.032,north
India,1965,-0.085,north
India,1966,0.292,north
India,1967,-0.206,north
India,1968,-0.199,north
India,1969,0.333,north
India,1970,0.054,north
India,1971,-0.49,north
India,1972,0.025,north
India,1973,0.319,north
India,1974,0.034,north
India,1975,-0.297,north
India,1976,-0.001,north
India,1977,0.17,north
India,1978,-0.152,north
India,1979,0.321,north
India,1980,0.429,north
India,1981,0.081,north
India,1982,-0.009,north
India,1983,-0.144,north
India,1984,-0.116,north
India,1985,0.185,north
India,1986,0.176,north
India,1987,0.567,north
India,1988,0.499,north
India,1989,-0.008,north
India,1990,-0.074,north
India,1991,0.185,north
India,1992,0.031,north
India,1993,0.214,north
India,1994,0.09,north
India,1995,0.208,north
India,1996,0.319,north
India,1997,-0.083,north
India,1998,0.569,north
India,1999,0.448,north
India,2000,0.339,north
India,2001,0.472,north
India,2002,0.832,north
India,2003,0.675,north
India,2004,0.563,north
India,2005,0.58,north
India,2006,0.643,north
India,2007,0.604,north
India,2008,0.248,north
India,2009,1.118,north
India,2010,1.101,north
India,2011,0.323,north
India,2012,0.451,north
India,2013,0.397,north
India,2014,0.492,north
India,2015,0.653,north
India,2016,1.048,north
India,2017,0.949,north
India,2018,0.855,north
India,2019,0.772,north
India,2020,0.461,north
Indonesia,1961,-0.093,south
Indonesia,1962,-0.034,south
Indonesia,1963,-0.131,south
Indonesia,1964,-0.032,south
Indonesia,1965,-0.243,south
Indonesia,1966,0.072,south
Indonesia,1967,-0.107,south
Indonesia,1968,-0.032,south
Indonesia,1969,0.189,south
Indonesia,1970,0.15,south
Indonesia,1971,-0.163,south
Indonesia,1972,-0.024,south
Indonesia,1973,0.282,south
Indonesia,1974,-0.122,south
Indonesia,1975,-0.107,south
Indonesia,1976,0.02,south
Indonesia,1977,0.129,south
Indonesia,1978,0.108,south
Indonesia,1979,0.183,south
Indonesia,1980,0.233,south
Indonesia,1981,0.167,south
Indonesia,1982,-0.001,south
Indonesia,1983,0.383,south
Indonesia,1984,-0.183,south
Indonesia,1985,0.073,south
Indonesia,1986,0.044,south
Indonesia,1987,0.449,south
Indonesia,1988,0.369,south
Indonesia,1989,0.07,south
Indonesia,1990,0.12,south
Indonesia,1991,0.203,south
Indonesia,1992,0.264,south
Indonesia,1993,0.206,south
Indonesia,1994,0.267,south
Indonesia,1995,0.344,south
Indonesia,1996,0.387,south
Indonesia,1997,0.397,south
Indonesia,1998,0.997,south
Indonesia,1999,0.265,south
Indonesia,2000,0.271,south
Indonesia,2001,0.515,south
Indonesia,2002,0.608,south
Indonesia,2003,0.567,south
Indonesia,2004,0.524,south
Indonesia,2005,0.702,south
Indonesia,2006,0.416,south
Indonesia,2007,0.485,south
Indonesia,2008,0.278,south
Indonesia,2009,0.586,south
Indonesia,2010,0.797,south
Indonesia,2011,0.349,south
Indonesia,2012,0.443,south
Indonesia,2013,0.782,south
Indonesia,2014,0.768,south
Indonesia,2015,0.789,south
Indonesia,2016,1.455,south
Indonesia,2017,0.968,south
Indonesia,2018,0.881,south
Indonesia,2019,1.056,south
Indonesia,2020,1.259,south
Iran (Islamic Republic of),1961,-0.051,north
Iran (Islamic Republic of),1962,0.259,north
Iran (Islamic Republic of),1963,0.692,north
Iran (Islamic Republic of),1964,-0.734,north
Iran (Islamic Republic of),1965,-0.319,north
Iran (Islamic Republic of),1966,0.716,north
Iran (Islamic Republic of),1967,-0.284,north
Iran (Islamic Republic of),1968,-0.245,north
Iran (Islamic Republic of),1969,-0.351,north
Iran (Islamic Republic of),1970,0.981,north
Iran (Islamic Republic of),1971,0.105,north
Iran (Islamic Republic of),1972,-0.937,north
Iran (Islamic Republic of),1973,-0.189,north
Iran (Islamic Republic of),1974,-0.666,north
Iran (Islamic Republic of),1975,-0.209,north
Iran (Islamic Republic of),1976,-0.549,north
Iran (Islamic Republic of),1977,0.401,north
Iran (Islamic Republic of),1978,0.275,north
Iran (Islamic Republic of),1979,0.697,north
Iran (Islamic Republic of),1980,0.551,north
Iran (Islamic Republic of),1981,0.683,north
Iran (Islamic Republic of),1982,-0.106,north
Iran (Islamic Republic of),1983,-0.093,north
Iran (Islamic Republic of),1984,0.144,north
Iran (Islamic Republic of),1985,0.233,north
Iran (Islamic Republic of),1986,0.212,north
Iran (Islamic Republic of),1987,0.525,north
Iran (Islamic Republic of),1988,0.701,north
Iran (Islamic Republic of),1989,0.219,north
Iran (Islamic Republic of),1990,0.726,north
Iran (Islamic Republic of),1991,0.386,north
Iran (Islamic Republic of),1992,-0.774,north
Iran (Islamic Republic of),1993,-0.029,north
Iran (Islamic Republic of),1994,0.804,north
Iran (Islamic Republic of),1995,0.692,north
Iran (Islamic Republic of),1996,0.238,north
Iran (Islamic Republic of),1997,0.647,north
Iran (Islamic Republic of),1998,1.157,north
Iran (Islamic Republic of),1999,1.634,north
Iran (Islamic Republic of),2000,1.188,north
Iran (Islamic Republic of),2001,1.491,north
Iran (Islamic Republic of),2002,1.666,north
Iran (Islamic Republic of),2003,0.883,north
Iran (Islamic Republic of),2004,1.463,north
Iran (Islamic Republic of),2005,0.807,north
Iran (Islamic Republic of),2006,1.822,north
Iran (Islamic Republic of),2007,0.857,north
Iran (Islamic Republic of),2008,1.135,north
Iran (Islamic Republic of),2009,1.166,north
Iran (Islamic Republic of),2010,2.2,north
Iran (Islamic Republic of),2011,1.335,north
Iran (Islamic Republic of),2012,1.09,north
Iran (Islamic Republic of),2013,1.638,north
Iran (Islamic Republic of),2014,1.063,north
Iran (Islamic Republic of),2015,1.835,north
Iran (Islamic Republic of),2016,1.64,north
Iran (Islamic Republic of),2017,1.746,north
Iran (Islamic Republic of),2018,2.036,north
Iran (Islamic Republic of),2019,1.616,north
Iran (Islamic Republic of),2020,1.36,north
Iraq,1961,-0.173,north
Iraq,1962,0.896,north
Iraq,1963,0.453,north
Iraq,1964,-0.801,north
Iraq,1965,-0.118,north
Iraq,1966,0.981,north
Iraq,1967,-0.825,north
Iraq,1968,-0.262,north
Iraq,1969,0.255,north
Iraq,1970,0.675,north
Iraq,1971,-0.165,north
Iraq,1972,-0.723,north
Iraq,1973,-0.206,north
Iraq,1974,-0.411,north
Iraq,1975,-0.242,north
Iraq,1976,-0.787,north
Iraq,1977,0.279,north
Iraq,1978,0.124,north
Iraq,1979,1.22,north
Iraq,1980,-0.002,north
Iraq,1981,0.183,north
Iraq,1982,-0.495,north
Iraq,1983,-0.901,north
Iraq,1984,-0.072,north
Iraq,1985,-0.06,north
Iraq,1986,0.297,north
Iraq,1987,0.27,north
Iraq,1988,-0.014,north
Iraq,1989,0.069,north
Iraq,1990,0.243,north
Iraq,1991,0.533,north
Iraq,1992,-1.253,north
Iraq,1993,-0.549,north
Iraq,1994,0.92,north
Iraq,1995,0.276,north
Iraq,1996,0.718,north
Iraq,1997,0.212,north
Iraq,1998,1.187,north
Iraq,1999,1.805,north
Iraq,2000,0.87,north
Iraq,2001,1.171,north
Iraq,2002,1.048,north
Iraq,2003,0.848,north
Iraq,2004,0.954,north
Iraq,2005,0.404,north
Iraq,2006,1.5,north
Iraq,2007,0.854,north
Iraq,2008,1.033,north
Iraq,2009,0.72,north
Iraq,2010,2.536,north
Iraq,2011,0.749,north
Iraq,2012,1.145,north
Iraq,2013,1.139,north
Iraq,2014,1.075,north
Iraq,2015,1.808,north
Iraq,2016,1.513,north
Iraq,2017,1.452,north
Iraq,2018,2.303,north
Iraq,2019,1.639,north
Iraq,2020,1.781,north
Ireland,1961,0.262,north
Ireland,1962,-0.689,north
Ireland,1963,-0.775,north
Ireland,1964,0.155,north
Ireland,1965,-0.558,north
Ireland,1966,-0.04,north
Ireland,1967,-0.018,north
Ireland,1968,0.054,north
Ireland,1969,-0.29,north
Ireland,1970,0.035,north
Ireland,1971,0.318,north
Ireland,1972,-0.288,north
Ireland,1973,0.341,north
Ireland,1974,-0.232,north
Ireland,1975,0.681,north
Ireland,1976,0.541,north
Ireland,1977,-0.299,north
Ireland,1978,0.239,north
Ireland,1979,-0.705,north
Ireland,1980,-0.076,north
Ireland,1981,0.355,north
Ireland,1982,0.131,north
Ireland,1983,0.382,north
Ireland,1984,0.306,north
Ireland,1985,-0.47,north
Ireland,1986,-0.757,north
Ireland,1987,-0.177,north
Ireland,1988,0.215,north
Ireland,1989,1.018,north
Ireland,1990,0.789,north
Ireland,1991,0.176,north
Ireland,1992,0.425,north
Ireland,1993,0.045,north
Ireland,1994,0.267,north
Ireland,1995,1.182,north
Ireland,1996,-0.02,north
Ireland,1997,0.966,north
Ireland,1998,0.927,north
Ireland,1999,1.062,north
Ireland,2000,0.555,north
Ireland,2001,0.538,north
Ireland,2002,0.821,north
Ireland,2003,1.015,north
Ireland,2004,0.887,north
Ireland,2005,1.164,north
Ireland,2006,1.148,north
Ireland,2007,1.346,north
Ireland,2008,0.846,north
Ireland,2009,0.814,north
Ireland,2010,-0.092,north
Ireland,2011,0.574,north
Ireland,2012,0.727,north
Ireland,2013,0.611,north
Ireland,2014,1.362,north
Ireland,2015,0.437,north
Ireland,2016,1.047,north
Ireland,2017,1.281,north
Ireland,2018,0.801,north
Ireland,2019,1.222,north
Ireland,2020,1.103,north
Isle of Man,1961,0.359,north
Isle of Man,1962,-0.742,north
Isle of Man,1963,-0.817,north
Isle of Man,1964,0.096,north
Isle of Man,1965,-0.579,north
Isle of Man,1966,-0.101,north
Isle of Man,1967,0.105,north
Isle of Man,1968,0.026,north
Isle of Man,1969,-0.305,north
Isle of Man,1970,0.029,north
Isle of Man,1971,0.297,north
Isle of Man,1972,-0.205,north
Isle of Man,1973,0.28,north
Isle of Man,1974,-0.215,north
Isle of Man,1975,0.685,north
Isle of Man,1976,0.651,north
Isle of Man,1977,-0.351,north
Isle of Man,1978,0.199,north
Isle of Man,1979,-0.789,north
Isle of Man,1980,-0.044,north
Isle of Man,1981,0.275,north
Isle of Man,1982,0.059,north
Isle of Man,1983,0.364,north
Isle of Man,1984,0.335,north
Isle of Man,1985,-0.51,north
Isle of Man,1986,-0.704,north
Isle of Man,1987,-0.245,north
Isle of Man,1988,0.25,north
Isle of Man,1989,1.078,north
Isle of Man,1990,0.879,north
Isle of Man,1991,0.156,north
Isle of Man,1992,0.44,north
Isle of Man,1993,-0.054,north
Isle of Man,1994,0.257,north
Isle of Man,1995,1.153,north
Isle of Man,1996,-0.121,north
Isle of Man,1997,0.916,north
Isle of Man,1998,0.921,north
Isle of Man,1999,1.103,north
Isle of Man,2000,0.619,north
Isle of Man,2001,0.51,north
Isle of Man,2002,0.889,north
Isle of Man,2003,1.048,north
Isle of Man,2004,0.948,north
Isle of Man,2005,1.164,north
Isle of Man,2006,1.222,north
Isle of Man,2007,1.309,north
Isle of Man,2008,0.812,north
Isle of Man,2009,0.857,north
Isle of Man,2010,-0.123,north
Isle of Man,2011,0.672,north
Isle of Man,2012,0.611,north
Isle of Man,2013,0.453,north
Isle of Man,2014,1.507,north
Isle of Man,2015,0.402,north
Isle of Man,2016,1.11,north
Isle of Man,2017,1.374,north
Isle of Man,2018,0.886,north
Isle of Man,2019,1.184,north
Isle of Man,2020,1.211,north
Israel,1961,-0.136,north
Israel,1962,0.757,north
Israel,1963,0.832,north
Israel,1964,-0.613,north
Israel,1965,-0.006,north
Israel,1966,0.639,north
Israel,1967,-0.903,north
Israel,1968,-0.071,north
Israel,1969,0.279,north
Israel,1970,0.235,north
Israel,1971,-0.336,north
Israel,1972,-0.493,north
Israel,1973,-0.472,north
Israel,1974,-0.256,north
Israel,1975,-0.42,north
Israel,1976,-0.587,north
Israel,1977,-0.013,north
Israel,1978,-0.099,north
Israel,1979,0.582,north
Israel,1980,-0.229,north
Israel,1981,-0.245,north
Israel,1982,-0.595,north
Israel,1983,-1.099,north
Israel,1984,-0.246,north
Israel,1985,-0.021,north
Israel,1986,0.01,north
Israel,1987,-0.364,north
Israel,1988,-0.046,north
Israel,1989,-0.239,north
Israel,1990,-0.178,north
Israel,1991,0.323,north
Israel,1992,-1.111,north
Israel,1993,-0.445,north
Israel,1994,0.721,north
Israel,1995,-0.23,north
Israel,1996,0.258,north
Israel,1997,-0.22,north
Israel,1998,0.779,north
Israel,1999,0.773,north
Israel,2000,0.157,north
Israel,2001,0.769,north
Israel,2002,0.647,north
Israel,2003,0.477,north
Israel,2004,0.477,north
Israel,2005,0.115,north
Israel,2006,0.501,north
Israel,2007,0.433,north
Israel,2008,0.637,north
Israel,2009,0.733,north
Israel,2010,2.226,north
Israel,2011,0.473,north
Israel,2012,0.926,north
Israel,2013,1.014,north
Israel,2014,0.767,north
Israel,2015,1.237,north
Israel,2016,1.527,north
Israel,2017,0.647,north
Israel,2018,1.881,north
Israel,2019,1.071,north
Israel,2020,1.309,north
Italy,1961,0.804,north
Italy,1962,0.035,north
Italy,1963,-0.355,north
Italy,1964,0.14,north
Italy,1965,-0.422,north
Italy,1966,0.312,north
Italy,1967,0.304,north
Italy,1968,0.016,north
Italy,1969,-0.104,north
Italy,1970,-0.151,north
Italy,1971,-0.153,north
Italy,1972,-0.131,north
Italy,1973,0.041,north
Italy,1974,-0.111,north
Italy,1975,0.072,north
Italy,1976,-0.321,north
Italy,1977,0.293,north
Italy,1978,-0.522,north
Italy,1979,0.034,north
Italy,1980,-0.414,north
Italy,1981,-0.271,north
Italy,1982,0.516,north
Italy,1983,0.387,north
Italy,1984,-0.449,north
Italy,1985,0.135,north
Italy,1986,0.457,north
Italy,1987,0.197,north
Italy,1988,0.84,north
Italy,1989,0.422,north
Italy,1990,1.14,north
Italy,1991,0.039,north
Italy,1992,0.546,north
Italy,1993,0.533,north
Italy,1994,1.528,north
Italy,1995,0.436,north
Italy,1996,0.252,north
Italy,1997,0.943,north
Italy,1998,0.966,north
Italy,1999,0.92,north
Italy,2000,1.254,north
Italy,2001,1.553,north
Italy,2002,0.938,north
Italy,2003,1.54,north
Italy,2004,0.769,north
Italy,2005,0.587,north
Italy,2006,0.865,north
Italy,2007,1.576,north
Italy,2008,1.149,north
Italy,2009,1.24,north
Italy,2010,0.745,north
Italy,2011,1.242,north
Italy,2012,1.54,north
Italy,2013,1.009,north
Italy,2014,1.642,north
Italy,2015,1.74,north
Italy,2016,1.739,north
Italy,2017,1.618,north
Italy,2018,1.873,north
Italy,2019,1.709,north
Italy,2020,1.903,north
Jamaica,1961,-0.092,north
Jamaica,1962,-0.098,north
Jamaica,1963,-0.168,north
Jamaica,1964,-0.099,north
Jamaica,1965,-0.282,north
Jamaica,1966,-0.055,north
Jamaica,1967,-0.203,north
Jamaica,1968,-0.04,north
Jamaica,1969,0.324,north
Jamaica,1970,-0.161,north
Jamaica,1971,-0.285,north
Jamaica,1972,0.036,north
Jamaica,1973,0.369,north
Jamaica,1974,0.225,north
Jamaica,1975,0.322,north
Jamaica,1976,-0.277,north
Jamaica,1977,-0.0398,north
Jamaica,1978,0.1975,north
Jamaica,1979,0.4348,north
Jamaica,1980,0.672,north
Jamaica,1981,0.92,north
Jamaica,1982,0.413,north
Jamaica,1983,0.72,north
Jamaica,1984,0.271,north
Jamaica,1985,0.299,north
Jamaica,1986,0.318,north
Jamaica,1987,1.179,north
Jamaica,1988,1.019,north
Jamaica,1989,0.584,north
Jamaica,1990,0.61,north
Jamaica,1991,0.675,north
Jamaica,1992,0.856,north
Jamaica,1993,0.475,north
Jamaica,1994,0.968,north
Jamaica,1995,0.932,north
Jamaica,1996,0.252,north
Jamaica,1997,0.768,north
Jamaica,1998,1.246,north
Jamaica,1999,0.603,north
Jamaica,2000,0.292,north
Jamaica,2001,0.549,north
Jamaica,2002,0.794,north
Jamaica,2003,0.961,north
Jamaica,2004,0.791,north
Jamaica,2005,0.881,north
Jamaica,2006,0.877,north
Jamaica,2007,0.825,north
Jamaica,2008,0.438,north
Jamaica,2009,0.703,north
Jamaica,2010,1.225,north
Jamaica,2011,0.476,north
Jamaica,2012,0.603,north
Jamaica,2013,0.87,north
Jamaica,2014,1.091,north
Jamaica,2015,1.15,north
Jamaica,2016,1.291,north
Jamaica,2017,1.074,north
Jamaica,2018,1.543,north
Jamaica,2019,1.46,north
Jamaica,2020,1.558,north
Japan,1961,0.666,north
Japan,1962,0.121,north
Japan,1963,-0.06,north
Japan,1964,0.257,north
Japan,1965,-0.527,north
Japan,1966,0.015,north
Japan,1967,0.027,north
Japan,1968,-0.499,north
Japan,1969,-0.046,north
Japan,1970,-0.373,north
Japan,1971,-0.328,north
Japan,1972,0.23,north
Japan,1973,0.329,north
Japan,1974,-0.481,north
Japan,1975,0.042,north
Japan,1976,-0.505,north
Japan,1977,-0.156,north
Japan,1978,0.227,north
Japan,1979,0.454,north
Japan,1980,-0.21,north
Japan,1981,-0.643,north
Japan,1982,-0.057,north
Japan,1983,0.087,north
Japan,1984,-0.628,north
Japan,1985,0.11,north
Japan,1986,-0.702,north
Japan,1987,0.309,north
Japan,1988,-0.166,north
Japan,1989,0.541,north
Japan,1990,1.117,north
Japan,1991,0.704,north
Japan,1992,0.309,north
Japan,1993,-0.011,north
Japan,1994,0.947,north
Japan,1995,0.323,north
Japan,1996,-0.154,north
Japan,1997,0.425,north
Japan,1998,1.173,north
Japan,1999,0.919,north
Japan,2000,0.6,north
Japan,2001,0.383,north
Japan,2002,0.599,north
Japan,2003,0.293,north
Japan,2004,1.089,north
Japan,2005,0.706,north
Japan,2006,0.357,north
Japan,2007,0.97,north
Japan,2008,0.642,north
Japan,2009,0.778,north
Japan,2010,0.899,north
Japan,2011,0.578,north
Japan,2012,0.369,north
Japan,2013,0.596,north
Japan,2014,0.53,north
Japan,2015,0.815,north
Japan,2016,1.304,north
Japan,2017,0.774,north
Japan,2018,0.899,north
Japan,2019,1.247,north
Japan,2020,1.413,north
Jordan,1961,-0.247,north
Jordan,1962,0.807,north
Jordan,1963,0.769,north
Jordan,1964,-0.649,north
Jordan,1965,-0.006,north
Jordan,1966,0.738,north
Jordan,1967,-0.991,north
Jordan,1968,-0.061,north
Jordan,1969,0.435,north
Jordan,1970,0.246,north
Jordan,1971,-0.37,north
Jordan,1972,-0.597,north
Jordan,1973,-0.538,north
Jordan,1974,-0.37,north
Jordan,1975,-0.56,north
Jordan,1976,-0.763,north
Jordan,1977,-0.049,north
Jordan,1978,-0.061,north
Jordan,1979,0.693,north
Jordan,1980,-0.2,north
Jordan,1981,-0.256,north
Jordan,1982,-0.736,north
Jordan,1983,-1.119,north
Jordan,1984,-0.303,north
Jordan,1985,-0.082,north
Jordan,1986,0.007,north
Jordan,1987,-0.222,north
Jordan,1988,-0.104,north
Jordan,1989,-0.157,north
Jordan,1990,-0.151,north
Jordan,1991,0.415,north
Jordan,1992,-1.219,north
Jordan,1993,-0.612,north
Jordan,1994,0.836,north
Jordan,1995,-0.154,north
Jordan,1996,0.377,north
Jordan,1997,-0.286,north
Jordan,1998,0.893,north
Jordan,1999,0.925,north
Jordan,2000,0.255,north
Jordan,2001,0.864,north
Jordan,2002,0.547,north
Jordan,2003,0.38,north
Jordan,2004,0.5,north
Jordan,2005,-0.02,north
Jordan,2006,0.628,north
Jordan,2007,0.394,north
Jordan,2008,0.582,north
Jordan,2009,0.427,north
Jordan,2010,2.484,north
Jordan,2011,0.362,north
Jordan,2012,0.922,north
Jordan,2013,0.893,north
Jordan,2014,0.69,north
Jordan,2015,1.345,north
Jordan,2016,1.573,north
Jordan,2017,0.871,north
Jordan,2018,1.899,north
Jordan,2019,1.222,north
Jordan,2020,1.569,north
Kenya,1961,0.26,south
Kenya,1962,-0.227,south
Kenya,1963,-0.173,south
Kenya,1964,-0.399,south
Kenya,1965,-0.244,south
Kenya,1966,0.148,south
Kenya,1967,0.003,south
Kenya,1968,-0.59,south
Kenya,1969,0.094,south
Kenya,1970,0.159,south
Kenya,1971,-0.291,south
Kenya,1972,0.193,south
Kenya,1973,0.501,south
Kenya,1974,-0.103,south
Kenya,1975,-0.092,south
Kenya,1976,0.193,south
Kenya,1977,0.147,south
Kenya,1978,-0.024,south
Kenya,1979,0.026,south
Kenya,1980,0.558,south
Kenya,1981,0.157,south
Kenya,1982,0.263,south
Kenya,1983,0.579,south
Kenya,1984,0.145,south
Kenya,1985,-0.07,south
Kenya,1986,0.121,south
Kenya,1987,0.717,south
Kenya,1988,0.611,south
Kenya,1989,-0.186,south
Kenya,1990,-0.025,south
Kenya,1991,0.264,south
Kenya,1992,0.418,south
Kenya,1993,0.067,south
Kenya,1994,0.502,south
Kenya,1995,0.376,south
Kenya,1996,0.424,south
Kenya,1997,0.495,south
Kenya,1998,0.228,south
Kenya,1999,0.218,south
Kenya,2000,0.504,south
Kenya,2001,0.59,south
Kenya,2002,0.72,south
Kenya,2003,0.868,south
Kenya,2004,0.673,south
Kenya,2005,0.794,south
Kenya,2006,0.799,south
Kenya,2007,0.505,south
Kenya,2008,0.685,south
Kenya,2009,1.289,south
Kenya,2010,1.104,south
Kenya,2011,1.05,south
Kenya,2012,0.945,south
Kenya,2013,0.87,south
Kenya,2014,0.956,south
Kenya,2015,1.16,south
Kenya,2016,1.259,south
Kenya,2017,1.512,south
Kenya,2018,0.635,south
Kenya,2019,1.611,south
Kenya,2020,1.332,south
Kiribati,1961,-0.024,south
Kiribati,1962,-0.109,south
Kiribati,1963,-0.049,south
Kiribati,1964,-0.161,south
Kiribati,1965,-0.332,south
Kiribati,1966,-0.002,south
Kiribati,1967,-0.016,south
Kiribati,1968,0.004,south
Kiribati,1969,0.383,south
Kiribati,1970,0.123,south
Kiribati,1971,-0.436,south
Kiribati,1972,-0.271,south
Kiribati,1973,0.16,south
Kiribati,1974,-0.146,south
Kiribati,1975,-0.248,south
Kiribati,1976,-0.24,south
Kiribati,1977,0.124,south
Kiribati,1978,0.227,south
Kiribati,1979,0.151,south
Kiribati,1980,0.194,south
Kiribati,1981,0.229,south
Kiribati,1982,0.148,south
Kiribati,1983,0.096,south
Kiribati,1984,-0.17,south
Kiribati,1985,0.028,south
Kiribati,1986,0.301,south
Kiribati,1987,0.086,south
Kiribati,1988,0.057,south
Kiribati,1989,-0.225,south
Kiribati,1990,0.205,south
Kiribati,1991,0.189,south
Kiribati,1992,0.099,south
Kiribati,1993,-0.228,south
Kiribati,1994,0.065,south
Kiribati,1995,0.355,south
Kiribati,1996,0.258,south
Kiribati,1997,0.052,south
Kiribati,1998,0.46,south
Kiribati,1999,-0.196,south
Kiribati,2000,0.071,south
Kiribati,2001,0.353,south
Kiribati,2002,0.454,south
Kiribati,2003,0.537,south
Kiribati,2004,0.5303,south
Kiribati,2005,0.5237,south
Kiribati,2006,0.517,south
Kiribati,2007,0.563,south
Kiribati,2008,0.327,south
Kiribati,2009,0.669,south
Kiribati,2010,0.618,south
Kiribati,2011,0.634,south
Kiribati,2012,0.734,south
Kiribati,2013,0.934,south
Kiribati,2014,1.073,south
Kiribati,2015,1.028,south
Kiribati,2016,1.296,south
Kiribati,2017,1.107,south
Kiribati,2018,1.014,south
Kiribati,2019,1.015,south
Kiribati,2020,1.307,south
Kuwait,1961,-0.262,north
Kuwait,1962,0.767,north
Kuwait,1963,0.464,north
Kuwait,1964,-0.796,north
Kuwait,1965,0.031,north
Kuwait,1966,0.776,north
Kuwait,1967,-0.643,north
Kuwait,1968,-0.279,north
Kuwait,1969,0.361,north
Kuwait,1970,0.514,north
Kuwait,1971,-0.18,north
Kuwait,1972,-0.784,north
Kuwait,1973,-0.275,north
Kuwait,1974,-0.341,north
Kuwait,1975,-0.265,north
Kuwait,1976,-0.672,north
Kuwait,1977,0.339,north
Kuwait,1978,-0.005,north
Kuwait,1979,1.248,north
Kuwait,1980,0.413,north
Kuwait,1981,0.329,north
Kuwait,1982,-0.234,north
Kuwait,1983,-0.715,north
Kuwait,1984,0.202,north
Kuwait,1985,-0.045,north
Kuwait,1986,0.421,north
Kuwait,1987,0.661,north
Kuwait,1988,0.389,north
Kuwait,1989,0.083,north
Kuwait,1990,0.33,north
Kuwait,1991,0.478,north
Kuwait,1992,-0.565,north
Kuwait,1993,-0.125,north
Kuwait,1994,0.952,north
Kuwait,1995,0.192,north
Kuwait,1996,0.908,north
Kuwait,1997,0.519,north
Kuwait,1998,1.345,north
Kuwait,1999,2.075,north
Kuwait,2000,1.177,north
Kuwait,2001,1.301,north
Kuwait,2002,1.631,north
Kuwait,2003,1.584,north
Kuwait,2004,1.54,north
Kuwait,2005,0.751,north
Kuwait,2006,1.93,north
Kuwait,2007,1.113,north
Kuwait,2008,1.431,north
Kuwait,2009,1.258,north
Kuwait,2010,2.546,north
Kuwait,2011,1.329,north
Kuwait,2012,1.538,north
Kuwait,2013,1.433,north
Kuwait,2014,1.505,north
Kuwait,2015,2.083,north
Kuwait,2016,1.586,north
Kuwait,2017,1.925,north
Kuwait,2018,2.315,north
Kuwait,2019,1.834,north
Kuwait,2020,1.911,north
Lao People's Democratic Republic,1961,0.083,north
Lao People's Democratic Republic,1962,-0.231,north
Lao People's Democratic Republic,1963,-0.401,north
Lao People's Democratic Republic,1964,-0.058,north
Lao People's Democratic Republic,1965,-0.159,north
Lao People's Democratic Republic,1966,0.472,north
Lao People's Democratic Republic,1967,-0.082,north
Lao People's Democratic Republic,1968,-0.11,north
Lao People's Democratic Republic,1969,0.505,north
Lao People's Democratic Republic,1970,-0.05,north
Lao People's Democratic Republic,1971,-0.515,north
Lao People's Democratic Republic,1972,-0.044,north
Lao People's Democratic Republic,1973,0.478,north
Lao People's Democratic Republic,1974,-0.424,north
Lao People's Democratic Republic,1975,0.237,north
Lao People's Democratic Republic,1976,-0.518,north
Lao People's Democratic Republic,1977,-0.02,north
Lao People's Democratic Republic,1978,0.133,north
Lao People's Democratic Republic,1979,0.458,north
Lao People's Democratic Republic,1980,0.452,north
Lao People's Democratic Republic,1981,0.433,north
Lao People's Democratic Republic,1982,0.168,north
Lao People's Democratic Republic,1983,0.259,north
Lao People's Democratic Republic,1984,0.073,north
Lao People's Democratic Republic,1985,0.257,north
Lao People's Democratic Republic,1986,0.015,north
Lao People's Democratic Republic,1987,0.94,north
Lao People's Democratic Republic,1988,0.3,north
Lao People's Democratic Republic,1989,0.26,north
Lao People's Democratic Republic,1990,0.419,north
Lao People's Democratic Republic,1991,0.688,north
Lao People's Democratic Republic,1992,0.199,north
Lao People's Democratic Republic,1993,0.302,north
Lao People's Democratic Republic,1994,0.394,north
Lao People's Democratic Republic,1995,0.623,north
Lao People's Democratic Republic,1996,0.143,north
Lao People's Democratic Republic,1997,0.333,north
Lao People's Democratic Republic,1998,1.432,north
Lao People's Democratic Republic,1999,0.663,north
Lao People's Democratic Republic,2000,0.039,north
Lao People's Democratic Republic,2001,0.721,north
Lao People's Democratic Republic,2002,0.601,north
Lao People's Democratic Republic,2003,0.977,north
Lao People's Democratic Republic,2004,0.401,north
Lao People's Democratic Republic,2005,0.878,north
Lao People's Democratic Republic,2006,0.834,north
Lao People's Democratic Republic,2007,0.556,north
Lao People's Democratic Republic,2008,0.244,north
Lao People's Democratic Republic,2009,0.612,north
Lao People's Democratic Republic,2010,1.322,north
Lao People's Democratic Republic,2011,0.092,north
Lao People's Democratic Republic,2012,0.92,north
Lao People's Democratic Republic,2013,1.085,north
Lao People's Democratic Republic,2014,0.66,north
Lao People's Democratic Republic,2015,1.314,north
Lao People's Democratic Republic,2016,1.324,north
Lao People's Democratic Republic,2017,1.071,north
Lao People's Democratic Republic,2018,0.814,north
Lao People's Democratic Republic,2019,2.053,north
Lao People's Democratic Republic,2020,1.605,north
Lebanon,1961,-0.013,north
Lebanon,1962,0.801,north
Lebanon,1963,0.766,north
Lebanon,1964,-0.714,north
Lebanon,1965,-0.089,north
Lebanon,1966,0.702,north
Lebanon,1967,-0.906,north
Lebanon,1968,-0.054,north
Lebanon,1969,0.25,north
Lebanon,1970,0.417,north
Lebanon,1971,-0.28,north
Lebanon,1972,-0.635,north
Lebanon,1973,-0.522,north
Lebanon,1974,-0.225,north
Lebanon,1975,-0.25,north
Lebanon,1976,-0.666,north
Lebanon,1977,0.067,north
Lebanon,1978,0.005,north
Lebanon,1979,0.681,north
Lebanon,1980,-0.245,north
Lebanon,1981,-0.009,north
Lebanon,1982,-0.523,north
Lebanon,1983,-0.986,north
Lebanon,1984,-0.115,north
Lebanon,1985,-0.046,north
Lebanon,1986,0.194,north
Lebanon,1987,-0.291,north
Lebanon,1988,-0.043,north
Lebanon,1989,0.079,north
Lebanon,1990,0.007,north
Lebanon,1991,0.356,north
Lebanon,1992,-1.074,north
Lebanon,1993,-0.492,north
Lebanon,1994,1.005,north
Lebanon,1995,0.011,north
Lebanon,1996,0.363,north
Lebanon,1997,-0.143,north
Lebanon,1998,0.95,north
Lebanon,1999,1.043,north
Lebanon,2000,0.502,north
Lebanon,2001,1.105,north
Lebanon,2002,0.792,north
Lebanon,2003,0.604,north
Lebanon,2004,0.629,north
Lebanon,2005,0.265,north
Lebanon,2006,0.696,north
Lebanon,2007,0.693,north
Lebanon,2008,0.957,north
Lebanon,2009,0.829,north
Lebanon,2010,2.308,north
Lebanon,2011,0.609,north
Lebanon,2012,0.977,north
Lebanon,2013,1.183,north
Lebanon,2014,1.01,north
Lebanon,2015,1.413,north
Lebanon,2016,1.695,north
Lebanon,2017,1.107,north
Lebanon,2018,2.202,north
Lebanon,2019,1.467,north
Lebanon,2020,1.711,north
Lesotho,1961,0.378,south
Lesotho,1962,0.281,south
Lesotho,1963,0.031,south
Lesotho,1964,0.005,south
Lesotho,1965,-0.079,south
Lesotho,1966,0.238,south
Lesotho,1967,-0.103,south
Lesotho,1968,-0.367,south
Lesotho,1969,0.494,south
Lesotho,1970,0.492,south
Lesotho,1971,-0.024,south
Lesotho,1972,-0.111,south
Lesotho,1973,0.115,south
Lesotho,1974,-0.113,south
Lesotho,1975,-0.157,south
Lesotho,1976,-0.427,south
Lesotho,1977,0.302,south
Lesotho,1978,0.14,south
Lesotho,1979,0.346,south
Lesotho,1980,0.209,south
Lesotho,1981,-0.267,south
Lesotho,1982,0.313,south
Lesotho,1983,1.045,south
Lesotho,1984,0.38,south
Lesotho,1985,0.821,south
Lesotho,1986,0.529,south
Lesotho,1987,0.618,south
Lesotho,1988,0.494,south
Lesotho,1989,0.022,south
Lesotho,1990,0.364,south
Lesotho,1991,0.524,south
Lesotho,1992,0.969,south
Lesotho,1993,1.016,south
Lesotho,1994,0.09,south
Lesotho,1995,0.709,south
Lesotho,1996,-0.233,south
Lesotho,1997,0.214,south
Lesotho,1998,0.887,south
Lesotho,1999,1.208,south
Lesotho,2000,0.305,south
Lesotho,2001,0.558,south
Lesotho,2002,0.485,south
Lesotho,2003,0.662,south
Lesotho,2004,0.707,south
Lesotho,2005,0.75,south
Lesotho,2006,0.023,south
Lesotho,2007,0.574,south
Lesotho,2008,0.31,south
Lesotho,2009,0.316,south
Lesotho,2010,1.06,south
Lesotho,2011,0.185,south
Lesotho,2012,0.559,south
Lesotho,2013,0.557,south
Lesotho,2014,0.635,south
Lesotho,2015,1.135,south
Lesotho,2016,1.792,south
Lesotho,2017,0.826,south
Lesotho,2018,0.717,south
Lesotho,2019,1.557,south
Lesotho,2020,0.667,south
Liberia,1961,-0.114,north
Liberia,1962,-0.108,north
Liberia,1963,0.123,north
Liberia,1964,-0.149,north
Liberia,1965,-0.27,north
Liberia,1966,0.055,north
Liberia,1967,-0.145,north
Liberia,1968,-0.071,north
Liberia,1969,0.157,north
Liberia,1970,0.292,north
Liberia,1971,-0.12,north
Liberia,1972,0.053,north
Liberia,1973,0.534,north
Liberia,1974,0.054,north
Liberia,1975,-0.082,north
Liberia,1976,-0.177,north
Liberia,1977,0.261,north
Liberia,1978,0.259,north
Liberia,1979,0.556,north
Liberia,1980,0.421,north
Liberia,1981,0.175,north
Liberia,1982,0.241,north
Liberia,1983,0.504,north
Liberia,1984,0.373,north
Liberia,1985,0.293,north
Liberia,1986,0.182,north
Liberia,1987,0.959,north
Liberia,1988,0.835,north
Liberia,1989,0.372,north
Liberia,1990,0.591,north
Liberia,1991,0.531,north
Liberia,1992,0.264,north
Liberia,1993,0.542,north
Liberia,1994,0.592,north
Liberia,1995,0.75,north
Liberia,1996,0.677,north
Liberia,1997,0.985,north
Liberia,1998,1.26,north
Liberia,1999,0.747,north
Liberia,2000,0.505,north
Liberia,2001,0.691,north
Liberia,2002,1.033,north
Liberia,2003,1.056,north
Liberia,2004,0.921,north
Liberia,2005,1.127,north
Liberia,2006,1.149,north
Liberia,2007,1.071,north
Liberia,2008,1.226,north
Liberia,2009,1.418,north
Liberia,2010,1.447,north
Liberia,2011,1.119,north
Liberia,2012,0.894,north
Liberia,2013,1.008,north
Liberia,2014,0.963,north
Liberia,2015,1.33,north
Liberia,2016,1.523,north
Liberia,2017,1.538,north
Liberia,2018,1.367,north
Liberia,2019,1.552,north
Liberia,2020,1.63,north
Libya,1961,-0.484,north
Libya,1962,0.167,north
Libya,1963,0.198,north
Libya,1964,-0.087,north
Libya,1965,-0.105,north
Libya,1966,0.212,north
Libya,1967,-0.6,north
Libya,1968,-0.043,north
Libya,1969,0.755,north
Libya,1970,-0.22,north
Libya,1971,-0.233,north
Libya,1972,0.137,north
Libya,1973,-0.239,north
Libya,1974,-0.114,north
Libya,1975,-0.369,north
Libya,1976,-0.426,north
Libya,1977,0.349,north
Libya,1978,-0.188,north
Libya,1979,0.267,north
Libya,1980,-0.038,north
Libya,1981,0.039,north
Libya,1982,0.062,north
Libya,1983,-0.392,north
Libya,1984,-0.143,north
Libya,1985,0.016,north
Libya,1986,0.147,north
Libya,1987,-0.059,north
Libya,1988,0.933,north
Libya,1989,-0.08,north
Libya,1990,0.543,north
Libya,1991,0.226,north
Libya,1992,-0.41,north
Libya,1993,0.279,north
Libya,1994,0.415,north
Libya,1995,0.26,north
Libya,1996,0.448,north
Libya,1997,0.401,north
Libya,1998,0.693,north
Libya,1999,1.184,north
Libya,2000,0.237,north
Libya,2001,1.218,north
Libya,2002,0.825,north
Libya,2003,0.859,north
Libya,2004,0.654,north
Libya,2005,0.63,north
Libya,2006,0.72,north
Libya,2007,0.842,north
Libya,2008,0.87,north
Libya,2009,0.756,north
Libya,2010,2.068,north
Libya,2011,0.752,north
Libya,2012,0.677,north
Libya,2013,1.122,north
Libya,2014,1.202,north
Libya,2015,0.692,north
Libya,2016,1.504,north
Libya,2017,0.471,north
Libya,2018,1.695,north
Libya,2019,0.968,north
Libya,2020,1.28,north
Liechtenstein,1961,1.056,north
Liechtenstein,1962,-0.478,north
Liechtenstein,1963,-0.771,north
Liechtenstein,1964,0.056,north
Liechtenstein,1965,-0.835,north
Liechtenstein,1966,0.411,north
Liechtenstein,1967,0.545,north
Liechtenstein,1968,0.013,north
Liechtenstein,1969,-0.015,north
Liechtenstein,1970,-0.553,north
Liechtenstein,1971,-0.08,north
Liechtenstein,1972,0.08,north
Liechtenstein,1973,-0.019,north
Liechtenstein,1974,0.184,north
Liechtenstein,1975,0.692,north
Liechtenstein,1976,0.303,north
Liechtenstein,1977,0.276,north
Liechtenstein,1978,-0.351,north
Liechtenstein,1979,-0.079,north
Liechtenstein,1980,-0.163,north
Liechtenstein,1981,0.045,north
Liechtenstein,1982,0.546,north
Liechtenstein,1983,0.945,north
Liechtenstein,1984,-0.366,north
Liechtenstein,1985,-0.33,north
Liechtenstein,1986,0.392,north
Liechtenstein,1987,-0.034,north
Liechtenstein,1988,0.942,north
Liechtenstein,1989,1.101,north
Liechtenstein,1990,1.322,north
Liechtenstein,1991,0.197,north
Liechtenstein,1992,1.101,north
Liechtenstein,1993,0.647,north
Liechtenstein,1994,1.939,north
Liechtenstein,1995,0.911,north
Liechtenstein,1996,-0.022,north
Liechtenstein,1997,0.954,north
Liechtenstein,1998,1.212,north
Liechtenstein,1999,0.977,north
Liechtenstein,2000,1.462,north
Liechtenstein,2001,1.445,north
Liechtenstein,2002,1.395,north
Liechtenstein,2003,1.686,north
Liechtenstein,2004,0.921,north
Liechtenstein,2005,0.69,north
Liechtenstein,2006,0.987,north
Liechtenstein,2007,1.964,north
Liechtenstein,2008,1.421,north
Liechtenstein,2009,1.435,north
Liechtenstein,2010,0.507,north
Liechtenstein,2011,1.677,north
Liechtenstein,2012,1.635,north
Liechtenstein,2013,0.952,north
Liechtenstein,2014,2.254,north
Liechtenstein,2015,2.073,north
Liechtenstein,2016,2.057,north
Liechtenstein,2017,1.829,north
Liechtenstein,2018,2.333,north
Liechtenstein,2019,2.148,north
Liechtenstein,2020,2.423,north
Madagascar,1961,0.562,south
Madagascar,1962,-0.07,south
Madagascar,1963,-0.305,south
Madagascar,1964,-0.396,south
Madagascar,1965,-0.583,south
Madagascar,1966,-0.06,south
Madagascar,1967,0.311,south
Madagascar,1968,-0.413,south
Madagascar,1969,0.416,south
Madagascar,1970,0.25,south
Madagascar,1971,-0.249,south
Madagascar,1972,-0.074,south
Madagascar,1973,0.112,south
Madagascar,1974,-0.321,south
Madagascar,1975,-0.282,south
Madagascar,1976,-0.013,south
Madagascar,1977,0.345,south
Madagascar,1978,0.457,south
Madagascar,1979,0.222,south
Madagascar,1980,0.288,south
Madagascar,1981,0.059,south
Madagascar,1982,0.259,south
Madagascar,1983,0.387,south
Madagascar,1984,-0.133,south
Madagascar,1985,0.054,south
Madagascar,1986,-0.079,south
Madagascar,1987,0.482,south
Madagascar,1988,0.538,south
Madagascar,1989,0.01,south
Madagascar,1990,0.056,south
Madagascar,1991,0.311,south
Madagascar,1992,0.369,south
Madagascar,1993,0.204,south
Madagascar,1994,0.323,south
Madagascar,1995,0.347,south
Madagascar,1996,0.128,south
Madagascar,1997,0.607,south
Madagascar,1998,0.778,south
Madagascar,1999,0.425,south
Madagascar,2000,0.429,south
Madagascar,2001,0.593,south
Madagascar,2002,0.569,south
Madagascar,2003,0.628,south
Madagascar,2004,0.384,south
Madagascar,2005,0.634,south
Madagascar,2006,0.806,south
Madagascar,2007,0.707,south
Madagascar,2008,0.527,south
Madagascar,2009,0.919,south
Madagascar,2010,1.198,south
Madagascar,2011,1.166,south
Madagascar,2012,0.841,south
Madagascar,2013,0.696,south
Madagascar,2014,0.821,south
Madagascar,2015,1.171,south
Madagascar,2016,1.12,south
Madagascar,2017,1.442,south
Madagascar,2018,1.115,south
Madagascar,2019,1.696,south
Madagascar,2020,1.359,south
Malawi,1961,0.366,south
Malawi,1962,-0.143,south
Malawi,1963,-0.428,south
Malawi,1964,-0.295,south
Malawi,1965,-0.547,south
Malawi,1966,0.145,south
Malawi,1967,0.123,south
Malawi,1968,-0.275,south
Malawi,1969,0.342,south
Malawi,1970,0.241,south
Malawi,1971,-0.27,south
Malawi,1972,-0.027,south
Malawi,1973,0.234,south
Malawi,1974,-0.28,south
Malawi,1975,-0.153,south
Malawi,1976,-0.07,south
Malawi,1977,0.488,south
Malawi,1978,0.236,south
Malawi,1979,0.124,south
Malawi,1980,0.221,south
Malawi,1981,-0.227,south
Malawi,1982,-0.116,south
Malawi,1983,0.85,south
Malawi,1984,0.228,south
Malawi,1985,-0.077,south
Malawi,1986,-0.006,south
Malawi,1987,0.519,south
Malawi,1988,0.599,south
Malawi,1989,0.073,south
Malawi,1990,0.546,south
Malawi,1991,0.091,south
Malawi,1992,0.653,south
Malawi,1993,0.005,south
Malawi,1994,0.215,south
Malawi,1995,0.74,south
Malawi,1996,0.496,south
Malawi,1997,0.656,south
Malawi,1998,0.937,south
Malawi,1999,0.163,south
Malawi,2000,0.697,south
Malawi,2001,0.587,south
Malawi,2002,0.684,south
Malawi,2003,0.937,south
Malawi,2004,0.871,south
Malawi,2005,1.34,south
Malawi,2006,1.05,south
Malawi,2007,1.054,south
Malawi,2008,0.482,south
Malawi,2009,0.696,south
Malawi,2010,0.966,south
Malawi,2011,0.629,south
Malawi,2012,0.865,south
Malawi,2013,0.788,south
Malawi,2014,1.055,south
Malawi,2015,0.991,south
Malawi,2016,1.31,south
Malawi,2017,1.22,south
Malawi,2018,1.039,south
Malawi,2019,1.225,south
Malawi,2020,1.361,south
Malaysia,1961,-0.036,north
Malaysia,1962,-0.088,north
Malaysia,1963,-0.104,north
Malaysia,1964,0.019,north
Malaysia,1965,-0.24,north
Malaysia,1966,0.138,north
Malaysia,1967,-0.141,north
Malaysia,1968,-0.093,north
Malaysia,1969,0.224,north
Malaysia,1970,0.096,north
Malaysia,1971,-0.215,north
Malaysia,1972,0.053,north
Malaysia,1973,0.317,north
Malaysia,1974,-0.193,north
Malaysia,1975,-0.017,north
Malaysia,1976,-0.14,north
Malaysia,1977,0.14,north
Malaysia,1978,0.254,north
Malaysia,1979,0.351,north
Malaysia,1980,0.276,north
Malaysia,1981,0.214,north
Malaysia,1982,0.213,north
Malaysia,1983,0.559,north
Malaysia,1984,-0.058,north
Malaysia,1985,0.137,north
Malaysia,1986,0.164,north
Malaysia,1987,0.485,north
Malaysia,1988,0.448,north
Malaysia,1989,0.093,north
Malaysia,1990,0.497,north
Malaysia,1991,0.368,north
Malaysia,1992,0.349,north
Malaysia,1993,0.167,north
Malaysia,1994,0.308,north
Malaysia,1995,0.431,north
Malaysia,1996,0.325,north
Malaysia,1997,0.588,north
Malaysia,1998,1.138,north
Malaysia,1999,0.385,north
Malaysia,2000,0.361,north
Malaysia,2001,0.575,north
Malaysia,2002,0.674,north
Malaysia,2003,0.693,north
Malaysia,2004,0.658,north
Malaysia,2005,0.867,north
Malaysia,2006,0.605,north
Malaysia,2007,0.652,north
Malaysia,2008,0.534,north
Malaysia,2009,0.754,north
Malaysia,2010,0.977,north
Malaysia,2011,0.603,north
Malaysia,2012,0.773,north
Malaysia,2013,0.957,north
Malaysia,2014,0.976,north
Malaysia,2015,1.13,north
Malaysia,2016,1.577,north
Malaysia,2017,1.109,north
Malaysia,2018,1.172,north
Malaysia,2019,1.428,north
Malaysia,2020,1.358,north
Maldives,1961,,north
Maldives,1962,-0.054,north
Maldives,1963,0.067,north
Maldives,1964,0.188,north
Maldives,1965,0.309,north
Maldives,1966,0.43,north
Maldives,1967,-0.16,north
Maldives,1968,-0.243,north
Maldives,1969,0.227,north
Maldives,1970,0.225,north
Maldives,1971,0.223,north
Maldives,1972,0.221,north
Maldives,1973,0.586,north
Maldives,1974,-0.133,north
Maldives,1975,-0.324,north
Maldives,1976,0.008,north
Maldives,1977,-0.019,north
Maldives,1978,-0.17,north
Maldives,1979,0.082,north
Maldives,1980,0.183,north
Maldives,1981,0.132,north
Maldives,1982,0.319,north
Maldives,1983,0.476,north
Maldives,1984,0.206,north
Maldives,1985,0.068,north
Maldives,1986,0.242,north
Maldives,1987,0.493,north
Maldives,1988,0.809,north
Maldives,1989,-0.011,north
Maldives,1990,0.579,north
Maldives,1991,0.615,north
Maldives,1992,0.225,north
Maldives,1993,0.241,north
Maldives,1994,0.44,north
Maldives,1995,0.707,north
Maldives,1996,0.453,north
Maldives,1997,0.58,north
Maldives,1998,0.919,north
Maldives,1999,0.311,north
Maldives,2000,0.277,north
Maldives,2001,0.475,north
Maldives,2002,0.634,north
Maldives,2003,0.535,north
Maldives,2004,0.404,north
Maldives,2005,0.859,north
Maldives,2006,0.402,north
Maldives,2007,0.45,north
Maldives,2008,0.225,north
Maldives,2009,0.556,north
Maldives,2010,0.683,north
Maldives,2011,0.538,north
Maldives,2012,0.526,north
Maldives,2013,0.592,north
Maldives,2014,0.672,north
Maldives,2015,0.806,north
Maldives,2016,0.846,north
Maldives,2017,0.707,north
Maldives,2018,0.65,north
Maldives,2019,0.918,north
Maldives,2020,0.933,north
Mali,1961,-0.301,north
Mali,1962,-0.162,north
Mali,1963,0.203,north
Mali,1964,-0.141,north
Mali,1965,-0.316,north
Mali,1966,0.012,north
Mali,1967,-0.137,north
Mali,1968,-0.297,north
Mali,1969,0.673,north
Mali,1970,0.403,north
Mali,1971,0.032,north
Mali,1972,0.317,north
Mali,1973,0.538,north
Mali,1974,-0.406,north
Mali,1975,-0.445,north
Mali,1976,-0.348,north
Mali,1977,0.385,north
Mali,1978,0.389,north
Mali,1979,0.673,north
Mali,1980,0.996,north
Mali,1981,0.419,north
Mali,1982,0.295,north
Mali,1983,0.849,north
Mali,1984,0.632,north
Mali,1985,0.558,north
Mali,1986,0.335,north
Mali,1987,1.122,north
Mali,1988,0.822,north
Mali,1989,0.143,north
Mali,1990,0.956,north
Mali,1991,0.757,north
Mali,1992,0.266,north
Mali,1993,1.081,north
Mali,1994,0.27,north
Mali,1995,0.647,north
Mali,1996,1.225,north
Mali,1997,0.915,north
Mali,1998,1.238,north
Mali,1999,0.414,north
Mali,2000,0.721,north
Mali,2001,0.641,north
Mali,2002,1.286,north
Mali,2003,1.31,north
Mali,2004,1.247,north
Mali,2005,1.426,north
Mali,2006,1.145,north
Mali,2007,0.979,north
Mali,2008,0.585,north
Mali,2009,1.038,north
Mali,2010,1.723,north
Mali,2011,1.296,north
Mali,2012,0.438,north
Mali,2013,0.99,north
Mali,2014,0.852,north
Mali,2015,1.094,north
Mali,2016,1.161,north
Mali,2017,1.406,north
Mali,2018,1.179,north
Mali,2019,1.242,north
Mali,2020,1.171,north
Malta,1961,0.53,north
Malta,1962,0.388,north
Malta,1963,-0.145,north
Malta,1964,0.306,north
Malta,1965,-0.167,north
Malta,1966,0.19,north
Malta,1967,0.191,north
Malta,1968,0.01,north
Malta,1969,-0.088,north
Malta,1970,-0.102,north
Malta,1971,-0.226,north
Malta,1972,-0.255,north
Malta,1973,0.039,north
Malta,1974,-0.193,north
Malta,1975,-0.323,north
Malta,1976,-0.644,north
Malta,1977,0.365,north
Malta,1978,-0.541,north
Malta,1979,0.099,north
Malta,1980,-0.459,north
Malta,1981,-0.317,north
Malta,1982,0.645,north
Malta,1983,0.071,north
Malta,1984,-0.244,north
Malta,1985,0.443,north
Malta,1986,0.398,north
Malta,1987,0.503,north
Malta,1988,1.156,north
Malta,1989,0.184,north
Malta,1990,1.211,north
Malta,1991,0.12,north
Malta,1992,0.245,north
Malta,1993,0.588,north
Malta,1994,1.377,north
Malta,1995,0.42,north
Malta,1996,0.6,north
Malta,1997,1.016,north
Malta,1998,0.84,north
Malta,1999,1.25,north
Malta,2000,1.067,north
Malta,2001,1.677,north
Malta,2002,0.934,north
Malta,2003,1.353,north
Malta,2004,0.649,north
Malta,2005,0.612,north
Malta,2006,0.909,north
Malta,2007,1.314,north
Malta,2008,1.148,north
Malta,2009,0.884,north
Malta,2010,1.073,north
Malta,2011,0.831,north
Malta,2012,1.289,north
Malta,2013,1.222,north
Malta,2014,1.419,north
Malta,2015,1.429,north
Malta,2016,1.682,north
Malta,2017,1.142,north
Malta,2018,1.344,north
Malta,2019,0.949,north
Malta,2020,1.238,north
Martinique,1961,-0.067,north
Martinique,1962,0.131,north
Martinique,1963,0.222,north
Martinique,1964,0.034,north
Martinique,1965,-0.293,north
Martinique,1966,0.054,north
Martinique,1967,-0.268,north
Martinique,1968,-0.215,north
Martinique,1969,0.393,north
Martinique,1970,0.14,north
Martinique,1971,-0.226,north
Martinique,1972,-0.073,north
Martinique,1973,0.137,north
Martinique,1974,-0.422,north
Martinique,1975,-0.442,north
Martinique,1976,-0.445,north
Martinique,1977,0.05,north
Martinique,1978,0.108,north
Martinique,1979,0.218,north
Martinique,1980,0.386,north
Martinique,1981,0.424,north
Martinique,1982,0.119,north
Martinique,1983,0.444,north
Martinique,1984,-0.026,north
Martinique,1985,-0.065,north
Martinique,1986,-0.005,north
Martinique,1987,0.562,north
Martinique,1988,0.372,north
Martinique,1989,-0.078,north
Martinique,1990,0.258,north
Martinique,1991,0.33,north
Martinique,1992,0.258,north
Martinique,1993,0.381,north
Martinique,1994,0.493,north
Martinique,1995,0.586,north
Martinique,1996,0.376,north
Martinique,1997,0.557,north
Martinique,1998,0.981,north
Martinique,1999,0.409,north
Martinique,2000,0.14,north
Martinique,2001,0.39,north
Martinique,2002,0.535,north
Martinique,2003,0.644,north
Martinique,2004,0.355,north
Martinique,2005,0.669,north
Martinique,2006,0.567,north
Martinique,2007,0.65,north
Martinique,2008,0.201,north
Martinique,2009,0.391,north
Martinique,2010,1.031,north
Martinique,2011,0.446,north
Martinique,2012,0.538,north
Martinique,2013,0.539,north
Martinique,2014,0.474,north
Martinique,2015,0.71,north
Martinique,2016,0.87,north
Martinique,2017,0.625,north
Martinique,2018,0.407,north
Martinique,2019,0.576,north
Martinique,2020,0.845,north
Mauritania,1961,-0.087,north
Mauritania,1962,0.105,north
Mauritania,1963,0.069,north
Mauritania,1964,0.04,north
Mauritania,1965,-0.543,north
Mauritania,1966,0.117,north
Mauritania,1967,-0.219,north
Mauritania,1968,-0.473,north
Mauritania,1969,0.613,north
Mauritania,1970,0.706,north
Mauritania,1971,-0.323,north
Mauritania,1972,-0.064,north
Mauritania,1973,0.48,north
Mauritania,1974,-0.686,north
Mauritania,1975,-0.315,north
Mauritania,1976,-0.569,north
Mauritania,1977,0.625,north
Mauritania,1978,0.532,north
Mauritania,1979,0.948,north
Mauritania,1980,0.877,north
Mauritania,1981,0.868,north
Mauritania,1982,0.546,north
Mauritania,1983,1.578,north
Mauritania,1984,0.538,north
Mauritania,1985,0.555,north
Mauritania,1986,0.247,north
Mauritania,1987,1.532,north
Mauritania,1988,0.882,north
Mauritania,1989,0.687,north
Mauritania,1990,1.448,north
Mauritania,1991,0.832,north
Mauritania,1992,0.848,north
Mauritania,1993,1.0,north
Mauritania,1994,0.563,north
Mauritania,1995,1.171,north
Mauritania,1996,1.515,north
Mauritania,1997,1.261,north
Mauritania,1998,1.767,north
Mauritania,1999,0.536,north
Mauritania,2000,1.185,north
Mauritania,2001,1.342,north
Mauritania,2002,1.28,north
Mauritania,2003,1.192,north
Mauritania,2004,1.283,north
Mauritania,2005,1.343,north
Mauritania,2006,1.456,north
Mauritania,2007,1.05,north
Mauritania,2008,1.332,north
Mauritania,2009,0.971,north
Mauritania,2010,2.021,north
Mauritania,2011,1.661,north
Mauritania,2012,0.829,north
Mauritania,2013,1.459,north
Mauritania,2014,1.357,north
Mauritania,2015,1.357,north
Mauritania,2016,1.591,north
Mauritania,2017,1.911,north
Mauritania,2018,1.008,north
Mauritania,2019,1.426,north
Mauritania,2020,1.815,north
Mauritius,1961,0.481,south
Mauritius,1962,-0.099,south
Mauritius,1963,-0.137,south
Mauritius,1964,-0.249,south
Mauritius,1965,-0.162,south
Mauritius,1966,-0.013,south
Mauritius,1967,0.086,south
Mauritius,1968,-0.193,south
Mauritius,1969,0.319,south
Mauritius,1970,0.363,south
Mauritius,1971,-0.293,south
Mauritius,1972,0.173,south
Mauritius,1973,-0.048,south
Mauritius,1974,-0.669,south
Mauritius,1975,-0.059,south
Mauritius,1976,0.1,south
Mauritius,1977,0.601,south
Mauritius,1978,0.41,south
Mauritius,1979,0.435,south
Mauritius,1980,0.477,south
Mauritius,1981,0.263,south
Mauritius,1982,0.365,south
Mauritius,1983,0.4,south
Mauritius,1984,-0.122,south
Mauritius,1985,0.06,south
Mauritius,1986,0.296,south
Mauritius,1987,0.762,south
Mauritius,1988,0.579,south
Mauritius,1989,0.199,south
Mauritius,1990,0.356,south
Mauritius,1991,0.629,south
Mauritius,1992,0.301,south
Mauritius,1993,0.283,south
Mauritius,1994,0.697,south
Mauritius,1995,0.577,south
Mauritius,1996,0.304,south
Mauritius,1997,0.861,south
Mauritius,1998,1.105,south
Mauritius,1999,0.399,south
Mauritius,2000,0.386,south
Mauritius,2001,0.77,south
Mauritius,2002,0.674,south
Mauritius,2003,0.961,south
Mauritius,2004,0.575,south
Mauritius,2005,0.625,south
Mauritius,2006,0.441,south
Mauritius,2007,0.77,south
Mauritius,2008,0.57,south
Mauritius,2009,1.193,south
Mauritius,2010,1.347,south
Mauritius,2011,1.178,south
Mauritius,2012,0.954,south
Mauritius,2013,1.102,south
Mauritius,2014,1.051,south
Mauritius,2015,1.382,south
Mauritius,2016,1.362,south
Mauritius,2017,1.562,south
Mauritius,2018,1.299,south
Mauritius,2019,1.762,south
Mauritius,2020,1.467,south
Mayotte,1961,0.333,south
Mayotte,1962,-0.096,south
Mayotte,1963,-0.234,south
Mayotte,1964,-0.049,south
Mayotte,1965,-0.488,south
Mayotte,1966,0.1,south
Mayotte,1967,0.17,south
Mayotte,1968,-0.467,south
Mayotte,1969,0.138,south
Mayotte,1970,0.154,south
Mayotte,1971,-0.75,south
Mayotte,1972,-0.188,south
Mayotte,1973,0.123,south
Mayotte,1974,-0.568,south
Mayotte,1975,-0.214,south
Mayotte,1976,-0.0987,south
Mayotte,1977,0.0167,south
Mayotte,1978,0.132,south
Mayotte,1979,0.061,south
Mayotte,1980,0.229,south
Mayotte,1981,0.153,south
Mayotte,1982,0.476,south
Mayotte,1983,0.235,south
Mayotte,1984,-0.545,south
Mayotte,1985,-0.25,south
Mayotte,1986,-0.044,south
Mayotte,1987,0.336,south
Mayotte,1988,0.323,south
Mayotte,1989,-0.297,south
Mayotte,1990,0.093,south
Mayotte,1991,0.236,south
Mayotte,1992,0.083,south
Mayotte,1993,0.193,south
Mayotte,1994,0.494,south
Mayotte,1995,0.314,south
Mayotte,1996,-0.046,south
Mayotte,1997,0.314,south
Mayotte,1998,0.716,south
Mayotte,1999,0.161,south
Mayotte,2000,0.156,south
Mayotte,2001,0.318,south
Mayotte,2002,0.764,south
Mayotte,2003,0.437,south
Mayotte,2004,0.343,south
Mayotte,2005,0.483,south
Mayotte,2006,0.262,south
Mayotte,2007,0.717,south
Mayotte,2008,0.532,south
Mayotte,2009,0.891,south
Mayotte,2010,1.135,south
Mayotte,2011,0.877,south
Mayotte,2012,0.782,south
Mayotte,2013,0.678,south
Mayotte,2014,0.872,south
Mayotte,2015,1.098,south
Mayotte,2016,1.003,south
Mayotte,2017,1.239,south
Mayotte,2018,1.028,south
Mayotte,2019,1.588,south
Mayotte,2020,1.336,south
Mexico,1961,-0.127,north
Mexico,1962,0.215,north
Mexico,1963,0.248,north
Mexico,1964,-0.273,north
Mexico,1965,-0.062,north
Mexico,1966,-0.252,north
Mexico,1967,-0.112,north
Mexico,1968,-0.425,north
Mexico,1969,0.175,north
Mexico,1970,-0.303,north
Mexico,1971,-0.065,north
Mexico,1972,0.3,north
Mexico,1973,-0.168,north
Mexico,1974,-0.088,north
Mexico,1975,-0.332,north
Mexico,1976,-0.491,north
Mexico,1977,-0.001,north
Mexico,1978,0.173,north
Mexico,1979,-0.07,north
Mexico,1980,0.379,north
Mexico,1981,0.15,north
Mexico,1982,0.561,north
Mexico,1983,0.009,north
Mexico,1984,-0.119,north
Mexico,1985,0.069,north
Mexico,1986,0.268,north
Mexico,1987,-0.156,north
Mexico,1988,0.138,north
Mexico,1989,0.444,north
Mexico,1990,0.233,north
Mexico,1991,0.218,north
Mexico,1992,0.048,north
Mexico,1993,0.291,north
Mexico,1994,0.677,north
Mexico,1995,0.77,north
Mexico,1996,0.527,north
Mexico,1997,0.447,north
Mexico,1998,0.677,north
Mexico,1999,0.585,north
Mexico,2000,0.575,north
Mexico,2001,0.495,north
Mexico,2002,0.656,north
Mexico,2003,0.806,north
Mexico,2004,0.289,north
Mexico,2005,0.727,north
Mexico,2006,0.861,north
Mexico,2007,0.467,north
Mexico,2008,0.524,north
Mexico,2009,1.039,north
Mexico,2010,0.237,north
Mexico,2011,0.978,north
Mexico,2012,0.864,north
Mexico,2013,0.698,north
Mexico,2014,0.797,north
Mexico,2015,1.048,north
Mexico,2016,1.236,north
Mexico,2017,1.474,north
Mexico,2018,1.105,north
Mexico,2019,1.246,north
Mexico,2020,1.571,north
Midway Island,1961,,north
Midway Island,1962,,north
Midway Island,1963,,north
Midway Island,1964,,north
Midway Island,1965,,north
Midway Island,1966,,north
Midway Island,1967,,north
Midway Island,1968,,north
Midway Island,1969,,north
Midway Island,1970,0.279,north
Midway Island,1971,0.433,north
Midway Island,1972,-0.783,north
Midway Island,1973,0.531,north
Midway Island,1974,0.587,north
Midway Island,1975,0.606,north
Midway Island,1976,-0.02,north
Midway Island,1977,-0.282,north
Midway Island,1978,-0.463,north
Midway Island,1979,-0.305,north
Midway Island,1980,-0.444,north
Midway Island,1981,-0.123,north
Midway Island,1982,-0.554,north
Midway Island,1983,-0.416,north
Midway Island,1984,0.906,north
Midway Island,1985,-0.471,north
Midway Island,1986,-0.864,north
Midway Island,1987,-0.274,north
Midway Island,1988,0.167,north
Midway Island,1989,-0.351,north
Midway Island,1990,-0.686,north
Midway Island,1991,-0.305,north
Midway Island,1992,-0.2699,north
Midway Island,1993,-0.2348,north
Midway Island,1994,-0.1996,north
Midway Island,1995,-0.1645,north
Midway Island,1996,-0.1294,north
Midway Island,1997,-0.0943,north
Midway Island,1998,-0.0592,north
Midway Island,1999,-0.0241,north
Midway Island,2000,0.0111,north
Midway Island,2001,0.0462,north
Midway Island,2002,0.0813,north
Midway Island,2003,0.1164,north
Midway Island,2004,0.1515,north
Midway Island,2005,0.1866,north
Midway Island,2006,0.2218,north
Midway Island,2007,0.2569,north
Midway Island,2008,0.292,north
Midway Island,2009,-0.722,north
Midway Island,2010,-0.64,north
Midway Island,2011,0.183,north
Midway Island,2012,1.006,north
Midway Island,2013,-0.255,north
Midway Island,2014,-0.255,north
Midway Island,2015,-0.255,north
Midway Island,2016,-0.255,north
Midway Island,2017,-0.255,north
Midway Island,2018,-0.255,north
Midway Island,2019,-0.255,north
Midway Island,2020,-0.255,north
Monaco,1961,0.761,north
Monaco,1962,-0.028,north
Monaco,1963,-0.588,north
Monaco,1964,0.446,north
Monaco,1965,-0.435,north
Monaco,1966,0.235,north
Monaco,1967,0.45,north
Monaco,1968,0.009,north
Monaco,1969,-0.246,north
Monaco,1970,-0.046,north
Monaco,1971,-0.029,north
Monaco,1972,-0.145,north
Monaco,1973,0.265,north
Monaco,1974,-0.114,north
Monaco,1975,0.142,north
Monaco,1976,-0.018,north
Monaco,1977,-0.021,north
Monaco,1978,-0.397,north
Monaco,1979,-0.005,north
Monaco,1980,-0.335,north
Monaco,1981,-0.058,north
Monaco,1982,0.566,north
Monaco,1983,0.497,north
Monaco,1984,-0.608,north
Monaco,1985,-0.117,north
Monaco,1986,0.42,north
Monaco,1987,0.184,north
Monaco,1988,0.748,north
Monaco,1989,0.9,north
Monaco,1990,1.273,north
Monaco,1991,0.09,north
Monaco,1992,0.605,north
Monaco,1993,0.434,north
Monaco,1994,1.27,north
Monaco,1995,0.665,north
Monaco,1996,0.213,north
Monaco,1997,1.299,north
Monaco,1998,0.913,north
Monaco,1999,0.913,north
Monaco,2000,1.097,north
Monaco,2001,1.378,north
Monaco,2002,0.91,north
Monaco,2003,1.643,north
Monaco,2004,0.854,north
Monaco,2005,0.786,north
Monaco,2006,1.145,north
Monaco,2007,1.603,north
Monaco,2008,1.054,north
Monaco,2009,1.428,north
Monaco,2010,0.408,north
Monaco,2011,1.358,north
Monaco,2012,1.351,north
Monaco,2013,0.678,north
Monaco,2014,1.768,north
Monaco,2015,1.863,north
Monaco,2016,1.734,north
Monaco,2017,1.921,north
Monaco,2018,1.886,north
Monaco,2019,1.858,north
Monaco,2020,2.143,north
Mongolia,1961,0.163,north
Mongolia,1962,-0.117,north
Mongolia,1963,1.198,north
Mongolia,1964,-0.178,north
Mongolia,1965,0.851,north
Mongolia,1966,0.364,north
Mongolia,1967,-0.46,north
Mongolia,1968,-0.797,north
Mongolia,1969,-0.855,north
Mongolia,1970,-0.301,north
Mongolia,1971,-0.038,north
Mongolia,1972,0.225,north
Mongolia,1973,0.693,north
Mongolia,1974,0.198,north
Mongolia,1975,0.493,north
Mongolia,1976,-0.195,north
Mongolia,1977,0.07,north
Mongolia,1978,0.916,north
Mongolia,1979,0.962,north
Mongolia,1980,0.461,north
Mongolia,1981,0.217,north
Mongolia,1982,1.146,north
Mongolia,1983,0.629,north
Mongolia,1984,-0.309,north
Mongolia,1985,-0.413,north
Mongolia,1986,0.385,north
Mongolia,1987,0.188,north
Mongolia,1988,0.641,north
Mongolia,1989,1.349,north
Mongolia,1990,1.555,north
Mongolia,1991,1.096,north
Mongolia,1992,0.835,north
Mongolia,1993,0.476,north
Mongolia,1994,1.352,north
Mongolia,1995,1.293,north
Mongolia,1996,0.434,north
Mongolia,1997,1.968,north
Mongolia,1998,2.153,north
Mongolia,1999,1.793,north
Mongolia,2000,1.011,north
Mongolia,2001,1.718,north
Mongolia,2002,1.815,north
Mongolia,2003,0.525,north
Mongolia,2004,1.764,north
Mongolia,2005,0.966,north
Mongolia,2006,1.258,north
Mongolia,2007,2.767,north
Mongolia,2008,1.8,north
Mongolia,2009,1.434,north
Mongolia,2010,0.344,north
Mongolia,2011,0.796,north
Mongolia,2012,0.275,north
Mongolia,2013,1.061,north
Mongolia,2014,1.913,north
Mongolia,2015,2.172,north
Mongolia,2016,1.434,north
Mongolia,2017,2.515,north
Mongolia,2018,2.235,north
Mongolia,2019,1.856,north
Mongolia,2020,2.36,north
Montserrat,1961,-0.005,north
Montserrat,1962,0.015,north
Montserrat,1963,0.252,north
Montserrat,1964,0.101,north
Montserrat,1965,-0.409,north
Montserrat,1966,0.167,north
Montserrat,1967,-0.152,north
Montserrat,1968,-0.276,north
Montserrat,1969,0.263,north
Montserrat,1970,0.063,north
Montserrat,1971,-0.294,north
Montserrat,1972,-0.19,north
Montserrat,1973,0.221,north
Montserrat,1974,-0.349,north
Montserrat,1975,-0.4,north
Montserrat,1976,-0.472,north
Montserrat,1977,0.157,north
Montserrat,1978,0.135,north
Montserrat,1979,0.128,north
Montserrat,1980,0.663,north
Montserrat,1981,0.567,north
Montserrat,1982,0.19,north
Montserrat,1983,0.474,north
Montserrat,1984,-0.023,north
Montserrat,1985,-0.089,north
Montserrat,1986,-0.077,north
Montserrat,1987,0.583,north
Montserrat,1988,0.322,north
Montserrat,1989,-0.177,north
Montserrat,1990,0.241,north
Montserrat,1991,0.318,north
Montserrat,1992,0.276,north
Montserrat,1993,0.364,north
Montserrat,1994,0.373,north
Montserrat,1995,0.522,north
Montserrat,1996,0.274,north
Montserrat,1997,0.431,north
Montserrat,1998,0.992,north
Montserrat,1999,0.439,north
Montserrat,2000,0.186,north
Montserrat,2001,0.3425,north
Montserrat,2002,0.499,north
Montserrat,2003,0.65,north
Montserrat,2004,0.331,north
Montserrat,2005,0.651,north
Montserrat,2006,0.382,north
Montserrat,2007,0.637,north
Montserrat,2008,0.085,north
Montserrat,2009,0.322,north
Montserrat,2010,0.961,north
Montserrat,2011,0.382,north
Montserrat,2012,0.484,north
Montserrat,2013,0.556,north
Montserrat,2014,0.487,north
Montserrat,2015,0.811,north
Montserrat,2016,0.889,north
Montserrat,2017,0.665,north
Montserrat,2018,0.506,north
Montserrat,2019,0.763,north
Montserrat,2020,1.098,north
Morocco,1961,0.603,north
Morocco,1962,0.44,north
Morocco,1963,0.138,north
Morocco,1964,0.506,north
Morocco,1965,-0.274,north
Morocco,1966,0.454,north
Morocco,1967,-0.002,north
Morocco,1968,-0.155,north
Morocco,1969,-0.023,north
Morocco,1970,0.051,north
Morocco,1971,-0.816,north
Morocco,1972,-1.341,north
Morocco,1973,0.046,north
Morocco,1974,-0.462,north
Morocco,1975,-0.245,north
Morocco,1976,-0.857,north
Morocco,1977,0.054,north
Morocco,1978,0.345,north
Morocco,1979,0.456,north
Morocco,1980,0.497,north
Morocco,1981,0.428,north
Morocco,1982,0.425,north
Morocco,1983,0.699,north
Morocco,1984,0.181,north
Morocco,1985,0.753,north
Morocco,1986,0.202,north
Morocco,1987,1.009,north
Morocco,1988,0.911,north
Morocco,1989,0.597,north
Morocco,1990,1.323,north
Morocco,1991,0.057,north
Morocco,1992,0.149,north
Morocco,1993,0.199,north
Morocco,1994,0.855,north
Morocco,1995,1.121,north
Morocco,1996,0.895,north
Morocco,1997,1.207,north
Morocco,1998,1.484,north
Morocco,1999,1.028,north
Morocco,2000,0.909,north
Morocco,2001,1.812,north
Morocco,2002,1.199,north
Morocco,2003,1.69,north
Morocco,2004,1.133,north
Morocco,2005,1.284,north
Morocco,2006,1.49,north
Morocco,2007,1.032,north
Morocco,2008,1.18,north
Morocco,2009,1.274,north
Morocco,2010,2.145,north
Morocco,2011,1.835,north
Morocco,2012,1.445,north
Morocco,2013,1.362,north
Morocco,2014,1.751,north
Morocco,2015,1.256,north
Morocco,2016,1.948,north
Morocco,2017,2.232,north
Morocco,2018,0.638,north
Morocco,2019,1.579,north
Morocco,2020,2.172,north
Mozambique,1961,0.398,south
Mozambique,1962,0.039,south
Mozambique,1963,-0.435,south
Mozambique,1964,-0.179,south
Mozambique,1965,-0.574,south
Mozambique,1966,0.152,south
Mozambique,1967,0.136,south
Mozambique,1968,-0.326,south
Mozambique,1969,0.353,south
Mozambique,1970,0.284,south
Mozambique,1971,-0.09,south
Mozambique,1972,-0.265,south
Mozambique,1973,0.22,south
Mozambique,1974,-0.316,south
Mozambique,1975,-0.178,south
Mozambique,1976,-0.169,south
Mozambique,1977,0.441,south
Mozambique,1978,0.323,south
Mozambique,1979,0.097,south
Mozambique,1980,0.046,south
Mozambique,1981,-0.232,south
Mozambique,1982,-0.084,south
Mozambique,1983,0.853,south
Mozambique,1984,0.191,south
Mozambique,1985,-0.069,south
Mozambique,1986,0.001,south
Mozambique,1987,0.59,south
Mozambique,1988,0.49,south
Mozambique,1989,0.048,south
Mozambique,1990,0.3,south
Mozambique,1991,0.108,south
Mozambique,1992,0.773,south
Mozambique,1993,0.299,south
Mozambique,1994,0.116,south
Mozambique,1995,0.564,south
Mozambique,1996,0.091,south
Mozambique,1997,0.214,south
Mozambique,1998,0.887,south
Mozambique,1999,0.234,south
Mozambique,2000,0.23,south
Mozambique,2001,0.422,south
Mozambique,2002,0.503,south
Mozambique,2003,0.541,south
Mozambique,2004,0.39,south
Mozambique,2005,1.076,south
Mozambique,2006,0.528,south
Mozambique,2007,0.66,south
Mozambique,2008,0.263,south
Mozambique,2009,0.487,south
Mozambique,2010,0.895,south
Mozambique,2011,0.728,south
Mozambique,2012,0.647,south
Mozambique,2013,0.42,south
Mozambique,2014,0.671,south
Mozambique,2015,0.967,south
Mozambique,2016,1.189,south
Mozambique,2017,0.915,south
Mozambique,2018,0.836,south
Mozambique,2019,1.185,south
Mozambique,2020,0.968,south
Myanmar,1961,-0.013,north
Myanmar,1962,-0.122,north
Myanmar,1963,-0.179,north
Myanmar,1964,0.017,north
Myanmar,1965,-0.323,north
Myanmar,1966,0.388,north
Myanmar,1967,-0.043,north
Myanmar,1968,-0.168,north
Myanmar,1969,0.192,north
Myanmar,1970,-0.049,north
Myanmar,1971,-0.415,north
Myanmar,1972,-0.032,north
Myanmar,1973,0.244,north
Myanmar,1974,-0.277,north
Myanmar,1975,0.113,north
Myanmar,1976,-0.393,north
Myanmar,1977,-0.071,north
Myanmar,1978,0.075,north
Myanmar,1979,0.491,north
Myanmar,1980,0.284,north
Myanmar,1981,0.277,north
Myanmar,1982,0.048,north
Myanmar,1983,0.112,north
Myanmar,1984,0.037,north
Myanmar,1985,0.141,north
Myanmar,1986,0.045,north
Myanmar,1987,0.523,north
Myanmar,1988,0.386,north
Myanmar,1989,0.352,north
Myanmar,1990,0.221,north
Myanmar,1991,0.546,north
Myanmar,1992,0.09,north
Myanmar,1993,0.115,north
Myanmar,1994,0.477,north
Myanmar,1995,0.661,north
Myanmar,1996,0.39,north
Myanmar,1997,0.274,north
Myanmar,1998,1.208,north
Myanmar,1999,0.927,north
Myanmar,2000,0.236,north
Myanmar,2001,0.691,north
Myanmar,2002,0.734,north
Myanmar,2003,0.719,north
Myanmar,2004,0.673,north
Myanmar,2005,1.004,north
Myanmar,2006,0.893,north
Myanmar,2007,0.583,north
Myanmar,2008,0.586,north
Myanmar,2009,1.028,north
Myanmar,2010,1.326,north
Myanmar,2011,0.651,north
Myanmar,2012,1.044,north
Myanmar,2013,1.109,north
Myanmar,2014,1.009,north
Myanmar,2015,1.308,north
Myanmar,2016,1.539,north
Myanmar,2017,1.434,north
Myanmar,2018,1.181,north
Myanmar,2019,1.879,north
Myanmar,2020,1.869,north
Namibia,1961,0.193,south
Namibia,1962,-0.074,south
Namibia,1963,0.42,south
Namibia,1964,-0.137,south
Namibia,1965,-0.026,south
Namibia,1966,0.07,south
Namibia,1967,-0.013,south
Namibia,1968,-0.18,south
Namibia,1969,0.21,south
Namibia,1970,0.465,south
Namibia,1971,-0.122,south
Namibia,1972,0.072,south
Namibia,1973,0.608,south
Namibia,1974,-0.744,south
Namibia,1975,-0.023,south
Namibia,1976,-0.602,south
Namibia,1977,0.136,south
Namibia,1978,-0.116,south
Namibia,1979,0.32,south
Namibia,1980,0.111,south
Namibia,1981,-0.067,south
Namibia,1982,0.268,south
Namibia,1983,0.593,south
Namibia,1984,0.667,south
Namibia,1985,0.4,south
Namibia,1986,0.177,south
Namibia,1987,0.891,south
Namibia,1988,0.254,south
Namibia,1989,-0.524,south
Namibia,1990,0.506,south
Namibia,1991,-0.045,south
Namibia,1992,0.409,south
Namibia,1993,0.518,south
Namibia,1994,-0.019,south
Namibia,1995,0.752,south
Namibia,1996,-0.094,south
Namibia,1997,-0.132,south
Namibia,1998,1.093,south
Namibia,1999,0.646,south
Namibia,2000,-0.227,south
Namibia,2001,0.182,south
Namibia,2002,0.583,south
Namibia,2003,1.003,south
Namibia,2004,0.705,south
Namibia,2005,1.083,south
Namibia,2006,-0.175,south
Namibia,2007,0.679,south
Namibia,2008,0.653,south
Namibia,2009,0.418,south
Namibia,2010,1.171,south
Namibia,2011,-0.499,south
Namibia,2012,-0.115,south
Namibia,2013,0.728,south
Namibia,2014,0.412,south
Namibia,2015,1.089,south
Namibia,2016,1.487,south
Namibia,2017,0.844,south
Namibia,2018,1.231,south
Namibia,2019,1.939,south
Namibia,2020,0.609,south
Nauru,1961,-0.342,south
Nauru,1962,-0.375,south
Nauru,1963,-0.408,south
Nauru,1964,-0.441,south
Nauru,1965,-0.474,south
Nauru,1966,-0.507,south
Nauru,1967,-0.3399,south
Nauru,1968,-0.1727,south
Nauru,1969,-0.0056,south
Nauru,1970,0.1616,south
Nauru,1971,0.3287,south
Nauru,1972,0.4959,south
Nauru,1973,0.663,south
Nauru,1974,0.312,south
Nauru,1975,-0.004,south
Nauru,1976,-0.35,south
Nauru,1977,-0.554,south
Nauru,1978,0.258,south
Nauru,1979,0.215,south
Nauru,1980,-0.016,south
Nauru,1981,0.124,south
Nauru,1982,-0.397,south
Nauru,1983,-0.336,south
Nauru,1984,-0.275,south
Nauru,1985,-0.203,south
Nauru,1986,-0.1588,south
Nauru,1987,-0.1145,south
Nauru,1988,-0.0703,south
Nauru,1989,-0.026,south
Nauru,1990,-0.405,south
Nauru,1991,-0.23,south
Nauru,1992,-0.658,south
Nauru,1993,-0.658,south
Nauru,1994,-0.658,south
Nauru,1995,-0.658,south
Nauru,1996,-0.658,south
Nauru,1997,-0.658,south
Nauru,1998,-0.658,south
Nauru,1999,-0.658,south
Nauru,2000,-0.658,south
Nauru,2001,-0.658,south
Nauru,2002,-0.658,south
Nauru,2003,-0.658,south
Nauru,2004,-0.658,south
Nauru,2005,-0.658,south
Nauru,2006,-0.658,south
Nauru,2007,-0.658,south
Nauru,2008,-0.658,south
Nauru,2009,-0.658,south
Nauru,2010,-0.658,south
Nauru,2011,-0.658,south
Nauru,2012,-0.658,south
Nauru,2013,-0.658,south
Nauru,2014,-0.658,south
Nauru,2015,-0.658,south
Nauru,2016,-0.658,south
Nauru,2017,-0.658,south
Nauru,2018,-0.658,south
Nauru,2019,-0.658,south
Nauru,2020,-0.658,south
Nepal,1961,0.134,north
Nepal,1962,-0.439,north
Nepal,1963,-0.212,north
Nepal,1964,0.16,north
Nepal,1965,-0.435,north
Nepal,1966,0.203,north
Nepal,1967,-0.283,north
Nepal,1968,-0.433,north
Nepal,1969,0.089,north
Nepal,1970,0.098,north
Nepal,1971,-0.544,north
Nepal,1972,0.041,north
Nepal,1973,0.213,north
Nepal,1974,0.2,north
Nepal,1975,-0.05,north
Nepal,1976,0.033,north
Nepal,1977,0.031,north
Nepal,1978,-0.365,north
Nepal,1979,0.35,north
Nepal,1980,0.19,north
Nepal,1981,-0.025,north
Nepal,1982,-0.094,north
Nepal,1983,-0.355,north
Nepal,1984,0.042,north
Nepal,1985,0.388,north
Nepal,1986,0.013,north
Nepal,1987,0.432,north
Nepal,1988,0.659,north
Nepal,1989,0.165,north
Nepal,1990,0.068,north
Nepal,1991,0.148,north
Nepal,1992,-0.002,north
Nepal,1993,-0.108,north
Nepal,1994,0.224,north
Nepal,1995,0.354,north
Nepal,1996,0.278,north
Nepal,1997,-0.322,north
Nepal,1998,0.405,north
Nepal,1999,0.715,north
Nepal,2000,0.168,north
Nepal,2001,0.534,north
Nepal,2002,0.633,north
Nepal,2003,0.397,north
Nepal,2004,0.456,north
Nepal,2005,0.789,north
Nepal,2006,0.919,north
Nepal,2007,0.602,north
Nepal,2008,0.387,north
Nepal,2009,1.252,north
Nepal,2010,1.282,north
Nepal,2011,0.374,north
Nepal,2012,0.526,north
Nepal,2013,0.341,north
Nepal,2014,0.453,north
Nepal,2015,0.67,north
Nepal,2016,1.192,north
Nepal,2017,1.123,north
Nepal,2018,0.654,north
Nepal,2019,0.67,north
Nepal,2020,-0.02,north
Netherlands,1961,0.851,north
Netherlands,1962,-0.909,north
Netherlands,1963,-1.272,north
Netherlands,1964,-0.338,north
Netherlands,1965,-0.727,north
Netherlands,1966,0.274,north
Netherlands,1967,0.758,north
Netherlands,1968,0.159,north
Netherlands,1969,-0.004,north
Netherlands,1970,-0.587,north
Netherlands,1971,0.049,north
Netherlands,1972,-0.114,north
Netherlands,1973,0.291,north
Netherlands,1974,0.228,north
Netherlands,1975,1.032,north
Netherlands,1976,0.704,north
Netherlands,1977,0.155,north
Netherlands,1978,-0.071,north
Netherlands,1979,-0.906,north
Netherlands,1980,0.007,north
Netherlands,1981,0.336,north
Netherlands,1982,0.464,north
Netherlands,1983,0.869,north
Netherlands,1984,0.062,north
Netherlands,1985,-0.849,north
Netherlands,1986,-0.194,north
Netherlands,1987,-0.498,north
Netherlands,1988,0.799,north
Netherlands,1989,1.544,north
Netherlands,1990,1.57,north
Netherlands,1991,0.268,north
Netherlands,1992,1.186,north
Netherlands,1993,0.252,north
Netherlands,1994,1.37,north
Netherlands,1995,1.548,north
Netherlands,1996,-0.772,north
Netherlands,1997,0.617,north
Netherlands,1998,1.073,north
Netherlands,1999,1.579,north
Netherlands,2000,1.6,north
Netherlands,2001,1.274,north
Netherlands,2002,1.531,north
Netherlands,2003,1.209,north
Netherlands,2004,1.16,north
Netherlands,2005,1.251,north
Netherlands,2006,1.505,north
Netherlands,2007,2.068,north
Netherlands,2008,1.425,north
Netherlands,2009,1.219,north
Netherlands,2010,0.094,north
Netherlands,2011,1.061,north
Netherlands,2012,1.141,north
Netherlands,2013,0.421,north
Netherlands,2014,2.555,north
Netherlands,2015,1.282,north
Netherlands,2016,1.924,north
Netherlands,2017,1.723,north
Netherlands,2018,2.127,north
Netherlands,2019,2.136,north
Netherlands,2020,2.482,north
Netherlands Antilles (former),1961,-0.037,north
Netherlands Antilles (former),1962,0.081,north
Netherlands Antilles (former),1963,0.103,north
Netherlands Antilles (former),1964,0.17,north
Netherlands Antilles (former),1965,-0.267,north
Netherlands Antilles (former),1966,0.072,north
Netherlands Antilles (former),1967,-0.286,north
Netherlands Antilles (former),1968,-0.076,north
Netherlands Antilles (former),1969,0.431,north
Netherlands Antilles (former),1970,0.253,north
Netherlands Antilles (former),1971,-0.337,north
Netherlands Antilles (former),1972,-0.05,north
Netherlands Antilles (former),1973,0.19,north
Netherlands Antilles (former),1974,-0.427,north
Netherlands Antilles (former),1975,-0.283,north
Netherlands Antilles (former),1976,-0.47,north
Netherlands Antilles (former),1977,0.256,north
Netherlands Antilles (former),1978,0.075,north
Netherlands Antilles (former),1979,0.121,north
Netherlands Antilles (former),1980,0.542,north
Netherlands Antilles (former),1981,0.489,north
Netherlands Antilles (former),1982,0.242,north
Netherlands Antilles (former),1983,0.651,north
Netherlands Antilles (former),1984,0.055,north
Netherlands Antilles (former),1985,-0.154,north
Netherlands Antilles (former),1986,-0.079,north
Netherlands Antilles (former),1987,0.587,north
Netherlands Antilles (former),1988,0.292,north
Netherlands Antilles (former),1989,-0.188,north
Netherlands Antilles (former),1990,0.204,north
Netherlands Antilles (former),1991,0.221,north
Netherlands Antilles (former),1992,0.135,north
Netherlands Antilles (former),1993,0.359,north
Netherlands Antilles (former),1994,0.321,north
Netherlands Antilles (former),1995,0.524,north
Netherlands Antilles (former),1996,0.562,north
Netherlands Antilles (former),1997,0.467,north
Netherlands Antilles (former),1998,0.935,north
Netherlands Antilles (former),1999,0.277,north
Netherlands Antilles (former),2000,0.007,north
Netherlands Antilles (former),2001,0.468,north
Netherlands Antilles (former),2002,0.473,north
Netherlands Antilles (former),2003,0.784,north
Netherlands Antilles (former),2004,0.428,north
Netherlands Antilles (former),2005,0.63,north
Netherlands Antilles (former),2006,0.323,north
Netherlands Antilles (former),2007,0.709,north
Netherlands Antilles (former),2008,0.269,north
Netherlands Antilles (former),2009,0.595,north
Netherlands Antilles (former),2010,1.05,north
Netherlands Antilles (former),2011,0.306,north
Netherlands Antilles (former),2012,0.405,north
Netherlands Antilles (former),2013,0.828,north
Netherlands Antilles (former),2014,0.798,north
Netherlands Antilles (former),2015,1.027,north
Netherlands Antilles (former),2016,0.976,north
Netherlands Antilles (former),2017,1.032,north
Netherlands Antilles (former),2018,0.551,north
Netherlands Antilles (former),2019,0.806,north
Netherlands Antilles (former),2020,1.062,north
New Caledonia,1961,-0.192,south
New Caledonia,1962,0.131,south
New Caledonia,1963,-0.163,south
New Caledonia,1964,0.209,south
New Caledonia,1965,-0.762,south
New Caledonia,1966,-0.596,south
New Caledonia,1967,0.076,south
New Caledonia,1968,-0.382,south
New Caledonia,1969,-0.13,south
New Caledonia,1970,0.465,south
New Caledonia,1971,0.136,south
New Caledonia,1972,-0.199,south
New Caledonia,1973,0.809,south
New Caledonia,1974,0.299,south
New Caledonia,1975,0.245,south
New Caledonia,1976,0.103,south
New Caledonia,1977,-0.145,south
New Caledonia,1978,-0.014,south
New Caledonia,1979,-0.101,south
New Caledonia,1980,0.109,south
New Caledonia,1981,0.084,south
New Caledonia,1982,-0.005,south
New Caledonia,1983,0.493,south
New Caledonia,1984,0.119,south
New Caledonia,1985,0.297,south
New Caledonia,1986,0.157,south
New Caledonia,1987,-0.142,south
New Caledonia,1988,0.837,south
New Caledonia,1989,0.265,south
New Caledonia,1990,0.527,south
New Caledonia,1991,0.004,south
New Caledonia,1992,0.12,south
New Caledonia,1993,-0.15,south
New Caledonia,1994,-0.219,south
New Caledonia,1995,0.448,south
New Caledonia,1996,0.636,south
New Caledonia,1997,0.175,south
New Caledonia,1998,1.606,south
New Caledonia,1999,0.827,south
New Caledonia,2000,0.345,south
New Caledonia,2001,0.586,south
New Caledonia,2002,0.584,south
New Caledonia,2003,0.399,south
New Caledonia,2004,0.518,south
New Caledonia,2005,0.377,south
New Caledonia,2006,0.282,south
New Caledonia,2007,0.683,south
New Caledonia,2008,0.608,south
New Caledonia,2009,0.395,south
New Caledonia,2010,0.788,south
New Caledonia,2011,0.634,south
New Caledonia,2012,0.484,south
New Caledonia,2013,0.597,south
New Caledonia,2014,0.605,south
New Caledonia,2015,0.818,south
New Caledonia,2016,1.512,south
New Caledonia,2017,1.302,south
New Caledonia,2018,0.937,south
New Caledonia,2019,0.875,south
New Caledonia,2020,1.366,south
New Zealand,1961,-0.274,south
New Zealand,1962,0.587,south
New Zealand,1963,-0.352,south
New Zealand,1964,-0.454,south
New Zealand,1965,-0.453,south
New Zealand,1966,-0.237,south
New Zealand,1967,-0.188,south
New Zealand,1968,-0.09,south
New Zealand,1969,-0.379,south
New Zealand,1970,0.588,south
New Zealand,1971,0.672,south
New Zealand,1972,0.105,south
New Zealand,1973,0.175,south
New Zealand,1974,0.353,south
New Zealand,1975,0.581,south
New Zealand,1976,-0.513,south
New Zealand,1977,-0.388,south
New Zealand,1978,0.408,south
New Zealand,1979,0.314,south
New Zealand,1980,0.002,south
New Zealand,1981,0.418,south
New Zealand,1982,-0.075,south
New Zealand,1983,-0.311,south
New Zealand,1984,0.167,south
New Zealand,1985,0.394,south
New Zealand,1986,0.376,south
New Zealand,1987,0.405,south
New Zealand,1988,0.532,south
New Zealand,1989,0.763,south
New Zealand,1990,0.602,south
New Zealand,1991,-0.008,south
New Zealand,1992,-0.704,south
New Zealand,1993,-0.368,south
New Zealand,1994,-0.069,south
New Zealand,1995,0.095,south
New Zealand,1996,0.234,south
New Zealand,1997,-0.14,south
New Zealand,1998,0.967,south
New Zealand,1999,1.006,south
New Zealand,2000,0.261,south
New Zealand,2001,0.565,south
New Zealand,2002,0.412,south
New Zealand,2003,0.23,south
New Zealand,2004,0.025,south
New Zealand,2005,0.433,south
New Zealand,2006,0.379,south
New Zealand,2007,0.221,south
New Zealand,2008,0.545,south
New Zealand,2009,0.02,south
New Zealand,2010,0.56,south
New Zealand,2011,0.635,south
New Zealand,2012,0.088,south
New Zealand,2013,0.94,south
New Zealand,2014,0.509,south
New Zealand,2015,0.542,south
New Zealand,2016,1.182,south
New Zealand,2017,0.606,south
New Zealand,2018,1.157,south
New Zealand,2019,1.107,south
New Zealand,2020,0.905,south
Nicaragua,1961,-0.165,north
Nicaragua,1962,-0.409,north
Nicaragua,1963,-0.292,north
Nicaragua,1964,-0.218,north
Nicaragua,1965,-0.027,north
Nicaragua,1966,0.052,north
Nicaragua,1967,-0.39,north
Nicaragua,1968,-0.293,north
Nicaragua,1969,0.322,north
Nicaragua,1970,-0.153,north
Nicaragua,1971,-0.287,north
Nicaragua,1972,0.221,north
Nicaragua,1973,0.447,north
Nicaragua,1974,-0.216,north
Nicaragua,1975,-0.01,north
Nicaragua,1976,0.048,north
Nicaragua,1977,0.376,north
Nicaragua,1978,0.352,north
Nicaragua,1979,0.319,north
Nicaragua,1980,0.655,north
Nicaragua,1981,0.169,north
Nicaragua,1982,0.506,north
Nicaragua,1983,0.721,north
Nicaragua,1984,-0.054,north
Nicaragua,1985,0.028,north
Nicaragua,1986,0.126,north
Nicaragua,1987,0.335,north
Nicaragua,1988,0.357,north
Nicaragua,1989,0.058,north
Nicaragua,1990,0.273,north
Nicaragua,1991,0.437,north
Nicaragua,1992,0.412,north
Nicaragua,1993,0.253,north
Nicaragua,1994,0.574,north
Nicaragua,1995,0.756,north
Nicaragua,1996,-0.049,north
Nicaragua,1997,0.699,north
Nicaragua,1998,0.975,north
Nicaragua,1999,0.026,north
Nicaragua,2000,0.085,north
Nicaragua,2001,0.47,north
Nicaragua,2002,0.613,north
Nicaragua,2003,0.689,north
Nicaragua,2004,0.644,north
Nicaragua,2005,0.932,north
Nicaragua,2006,0.636,north
Nicaragua,2007,0.91,north
Nicaragua,2008,0.596,north
Nicaragua,2009,0.874,north
Nicaragua,2010,0.901,north
Nicaragua,2011,0.665,north
Nicaragua,2012,0.628,north
Nicaragua,2013,1.07,north
Nicaragua,2014,0.803,north
Nicaragua,2015,1.083,north
Nicaragua,2016,1.267,north
Nicaragua,2017,0.975,north
Nicaragua,2018,1.096,north
Nicaragua,2019,1.362,north
Nicaragua,2020,1.527,north
Niger,1961,-0.774,north
Niger,1962,-0.212,north
Niger,1963,0.363,north
Niger,1964,-0.338,north
Niger,1965,-0.057,north
Niger,1966,-0.006,north
Niger,1967,-0.288,north
Niger,1968,0.136,north
Niger,1969,0.819,north
Niger,1970,0.14,north
Niger,1971,-0.005,north
Niger,1972,0.423,north
Niger,1973,0.52,north
Niger,1974,0.068,north
Niger,1975,-0.35,north
Niger,1976,0.348,north
Niger,1977,-0.296,north
Niger,1978,0.26,north
Niger,1979,0.786,north
Niger,1980,0.591,north
Niger,1981,0.089,north
Niger,1982,0.431,north
Niger,1983,0.111,north
Niger,1984,0.691,north
Niger,1985,0.367,north
Niger,1986,0.801,north
Niger,1987,0.745,north
Niger,1988,0.652,north
Niger,1989,-0.324,north
Niger,1990,0.584,north
Niger,1991,0.963,north
Niger,1992,-0.168,north
Niger,1993,0.529,north
Niger,1994,0.405,north
Niger,1995,0.585,north
Niger,1996,1.2,north
Niger,1997,0.806,north
Niger,1998,0.818,north
Niger,1999,0.709,north
Niger,2000,0.879,north
Niger,2001,0.373,north
Niger,2002,0.727,north
Niger,2003,0.988,north
Niger,2004,0.723,north
Niger,2005,1.37,north
Niger,2006,1.379,north
Niger,2007,1.087,north
Niger,2008,0.529,north
Niger,2009,1.618,north
Niger,2010,1.794,north
Niger,2011,1.218,north
Niger,2012,0.845,north
Niger,2013,1.064,north
Niger,2014,1.248,north
Niger,2015,1.055,north
Niger,2016,1.204,north
Niger,2017,1.026,north
Niger,2018,1.196,north
Niger,2019,1.104,north
Niger,2020,0.925,north
Nigeria,1961,-0.235,north
Nigeria,1962,-0.249,north
Nigeria,1963,0.272,north
Nigeria,1964,-0.268,north
Nigeria,1965,-0.051,north
Nigeria,1966,-0.073,north
Nigeria,1967,-0.321,north
Nigeria,1968,-0.061,north
Nigeria,1969,0.415,north
Nigeria,1970,0.245,north
Nigeria,1971,-0.035,north
Nigeria,1972,0.125,north
Nigeria,1973,0.846,north
Nigeria,1974,0.122,north
Nigeria,1975,-0.282,north
Nigeria,1976,0.057,north
Nigeria,1977,0.314,north
Nigeria,1978,0.023,north
Nigeria,1979,0.562,north
Nigeria,1980,0.424,north
Nigeria,1981,0.195,north
Nigeria,1982,0.377,north
Nigeria,1983,0.279,north
Nigeria,1984,0.82,north
Nigeria,1985,0.416,north
Nigeria,1986,0.552,north
Nigeria,1987,0.855,north
Nigeria,1988,0.538,north
Nigeria,1989,-0.363,north
Nigeria,1990,0.619,north
Nigeria,1991,0.653,north
Nigeria,1992,-0.085,north
Nigeria,1993,0.545,north
Nigeria,1994,0.471,north
Nigeria,1995,0.448,north
Nigeria,1996,0.789,north
Nigeria,1997,0.71,north
Nigeria,1998,1.078,north
Nigeria,1999,0.812,north
Nigeria,2000,0.565,north
Nigeria,2001,0.249,north
Nigeria,2002,0.779,north
Nigeria,2003,0.838,north
Nigeria,2004,0.757,north
Nigeria,2005,1.255,north
Nigeria,2006,1.283,north
Nigeria,2007,0.875,north
Nigeria,2008,0.631,north
Nigeria,2009,1.369,north
Nigeria,2010,1.492,north
Nigeria,2011,0.9,north
Nigeria,2012,0.577,north
Nigeria,2013,0.964,north
Nigeria,2014,1.048,north
Nigeria,2015,1.228,north
Nigeria,2016,1.214,north
Nigeria,2017,1.19,north
Nigeria,2018,1.069,north
Nigeria,2019,1.26,north
Nigeria,2020,1.026,north
Niue,1961,0.353,south
Niue,1962,-0.223,south
Niue,1963,-0.333,south
Niue,1964,0.217,south
Niue,1965,-0.4,south
Niue,1966,-0.061,south
Niue,1967,0.198,south
Niue,1968,0.355,south
Niue,1969,0.189,south
Niue,1970,0.023,south
Niue,1971,-0.143,south
Niue,1972,-0.309,south
Niue,1973,0.349,south
Niue,1974,-0.135,south
Niue,1975,-0.303,south
Niue,1976,0.021,south
Niue,1977,-0.139,south
Niue,1978,0.013,south
Niue,1979,-0.045,south
Niue,1980,-0.121,south
Niue,1981,-0.321,south
Niue,1982,-0.109,south
Niue,1983,0.153,south
Niue,1984,0.253,south
Niue,1985,0.059,south
Niue,1986,-0.059,south
Niue,1987,0.051,south
Niue,1988,0.737,south
Niue,1989,0.342,south
Niue,1990,0.36,south
Niue,1991,0.554,south
Niue,1992,0.185,south
Niue,1993,0.185,south
Niue,1994,0.185,south
Niue,1995,0.185,south
Niue,1996,0.185,south
Niue,1997,0.185,south
Niue,1998,0.185,south
Niue,1999,0.185,south
Niue,2000,0.185,south
Niue,2001,0.185,south
Niue,2002,0.185,south
Niue,2003,0.185,south
Niue,2004,0.185,south
Niue,2005,0.185,south
Niue,2006,0.185,south
Niue,2007,0.185,south
Niue,2008,0.185,south
Niue,2009,0.185,south
Niue,2010,0.185,south
Niue,2011,0.185,south
Niue,2012,0.185,south
Niue,2013,0.185,south
Niue,2014,0.185,south
Niue,2015,0.185,south
Niue,2016,0.185,south
Niue,2017,0.185,south
Niue,2018,0.185,south
Niue,2019,0.185,south
Niue,2020,0.185,south
Norfolk Island,1961,-0.315,south
Norfolk Island,1962,0.396,south
Norfolk Island,1963,0.1,south
Norfolk Island,1964,0.17,south
Norfolk Island,1965,-0.452,south
Norfolk Island,1966,-0.265,south
Norfolk Island,1967,0.201,south
Norfolk Island,1968,-0.005,south
Norfolk Island,1969,-0.365,south
Norfolk Island,1970,0.446,south
Norfolk Island,1971,0.378,south
Norfolk Island,1972,-0.088,south
Norfolk Island,1973,0.758,south
Norfolk Island,1974,0.4457,south
Norfolk Island,1975,0.1333,south
Norfolk Island,1976,-0.179,south
Norfolk Island,1977,-0.246,south
Norfolk Island,1978,-0.118,south
Norfolk Island,1979,0.015,south
Norfolk Island,1980,-0.032,south
Norfolk Island,1981,0.195,south
Norfolk Island,1982,-0.042,south
Norfolk Island,1983,0.269,south
Norfolk Island,1984,0.149,south
Norfolk Island,1985,0.212,south
Norfolk Island,1986,0.282,south
Norfolk Island,1987,-0.015,south
Norfolk Island,1988,0.8,south
Norfolk Island,1989,0.516,south
Norfolk Island,1990,0.486,south
Norfolk Island,1991,0.131,south
Norfolk Island,1992,-0.143,south
Norfolk Island,1993,-0.107,south
Norfolk Island,1994,-0.161,south
Norfolk Island,1995,0.463,south
Norfolk Island,1996,0.818,south
Norfolk Island,1997,0.6842,south
Norfolk Island,1998,0.5505,south
Norfolk Island,1999,0.4168,south
Norfolk Island,2000,0.283,south
Norfolk Island,2001,0.76,south
Norfolk Island,2002,0.594,south
Norfolk Island,2003,0.225,south
Norfolk Island,2004,0.474,south
Norfolk Island,2005,0.506,south
Norfolk Island,2006,0.388,south
Norfolk Island,2007,0.474,south
Norfolk Island,2008,0.363,south
Norfolk Island,2009,0.5423,south
Norfolk Island,2010,0.7217,south
Norfolk Island,2011,0.901,south
Norfolk Island,2012,0.431,south
Norfolk Island,2013,0.483,south
Norfolk Island,2014,0.325,south
Norfolk Island,2015,0.862,south
Norfolk Island,2016,1.38,south
Norfolk Island,2017,1.047,south
Norfolk Island,2018,1.03,south
Norfolk Island,2019,0.997,south
Norfolk Island,2020,1.034,south
Norway,1961,1.24,north
Norway,1962,-0.782,north
Norway,1963,-0.132,north
Norway,1964,0.36,north
Norway,1965,-0.267,north
Norway,1966,-1.637,north
Norway,1967,0.56,north
Norway,1968,-0.935,north
Norway,1969,-0.168,north
Norway,1970,-0.69,north
Norway,1971,-0.073,north
Norway,1972,0.942,north
Norway,1973,0.926,north
Norway,1974,0.973,north
Norway,1975,1.062,north
Norway,1976,-0.034,north
Norway,1977,-0.544,north
Norway,1978,-0.095,north
Norway,1979,-1.063,north
Norway,1980,-0.305,north
Norway,1981,-0.487,north
Norway,1982,-0.044,north
Norway,1983,0.642,north
Norway,1984,0.543,north
Norway,1985,-0.585,north
Norway,1986,-0.421,north
Norway,1987,-0.818,north
Norway,1988,0.492,north
Norway,1989,1.759,north
Norway,1990,1.533,north
Norway,1991,0.992,north
Norway,1992,1.135,north
Norway,1993,0.712,north
Norway,1994,0.082,north
Norway,1995,0.959,north
Norway,1996,-0.044,north
Norway,1997,0.779,north
Norway,1998,0.401,north
Norway,1999,1.276,north
Norway,2000,1.446,north
Norway,2001,0.632,north
Norway,2002,1.404,north
Norway,2003,1.116,north
Norway,2004,1.315,north
Norway,2005,1.782,north
Norway,2006,1.521,north
Norway,2007,1.711,north
Norway,2008,1.637,north
Norway,2009,1.41,north
Norway,2010,-0.325,north
Norway,2011,1.421,north
Norway,2012,1.075,north
Norway,2013,0.804,north
Norway,2014,2.43,north
Norway,2015,1.808,north
Norway,2016,1.73,north
Norway,2017,1.559,north
Norway,2018,1.491,north
Norway,2019,1.208,north
Norway,2020,2.395,north
Oman,1961,-0.191,north
Oman,1962,0.647,north
Oman,1963,0.281,north
Oman,1964,-0.567,north
Oman,1965,-0.395,north
Oman,1966,0.157,north
Oman,1967,0.034,north
Oman,1968,-0.613,north
Oman,1969,0.265,north
Oman,1970,0.856,north
Oman,1971,-0.049,north
Oman,1972,-0.23,north
Oman,1973,-0.311,north
Oman,1974,-0.27,north
Oman,1975,-0.358,north
Oman,1976,0.199,north
Oman,1977,0.631,north
Oman,1978,0.315,north
Oman,1979,0.329,north
Oman,1980,0.181,north
Oman,1981,0.424,north
Oman,1982,-0.358,north
Oman,1983,-0.455,north
Oman,1984,-0.399,north
Oman,1985,0.146,north
Oman,1986,0.157,north
Oman,1987,0.277,north
Oman,1988,0.382,north
Oman,1989,-0.198,north
Oman,1990,0.219,north
Oman,1991,-0.092,north
Oman,1992,-0.398,north
Oman,1993,0.543,north
Oman,1994,0.482,north
Oman,1995,0.321,north
Oman,1996,0.24,north
Oman,1997,0.05,north
Oman,1998,0.996,north
Oman,1999,0.823,north
Oman,2000,0.781,north
Oman,2001,0.835,north
Oman,2002,0.956,north
Oman,2003,0.951,north
Oman,2004,0.891,north
Oman,2005,0.937,north
Oman,2006,0.99,north
Oman,2007,0.803,north
Oman,2008,0.697,north
Oman,2009,0.902,north
Oman,2010,1.282,north
Oman,2011,1.059,north
Oman,2012,0.991,north
Oman,2013,0.724,north
Oman,2014,0.774,north
Oman,2015,1.446,north
Oman,2016,1.137,north
Oman,2017,1.592,north
Oman,2018,1.267,north
Oman,2019,0.975,north
Oman,2020,0.531,north
Pakistan,1961,-0.263,north
Pakistan,1962,-0.24,north
Pakistan,1963,0.422,north
Pakistan,1964,-0.36,north
Pakistan,1965,-0.271,north
Pakistan,1966,-0.137,north
Pakistan,1967,-0.308,north
Pakistan,1968,-0.462,north
Pakistan,1969,0.255,north
Pakistan,1970,0.569,north
Pakistan,1971,0.194,north
Pakistan,1972,-0.485,north
Pakistan,1973,0.091,north
Pakistan,1974,-0.207,north
Pakistan,1975,-0.566,north
Pakistan,1976,-0.267,north
Pakistan,1977,0.384,north
Pakistan,1978,0.014,north
Pakistan,1979,-0.019,north
Pakistan,1980,0.471,north
Pakistan,1981,0.283,north
Pakistan,1982,-0.404,north
Pakistan,1983,-0.425,north
Pakistan,1984,-0.233,north
Pakistan,1985,0.218,north
Pakistan,1986,-0.286,north
Pakistan,1987,0.176,north
Pakistan,1988,0.743,north
Pakistan,1989,-0.3,north
Pakistan,1990,0.385,north
Pakistan,1991,-0.258,north
Pakistan,1992,-0.362,north
Pakistan,1993,0.466,north
Pakistan,1994,0.212,north
Pakistan,1995,-0.051,north
Pakistan,1996,-0.08,north
Pakistan,1997,-0.364,north
Pakistan,1998,0.454,north
Pakistan,1999,0.847,north
Pakistan,2000,0.714,north
Pakistan,2001,0.803,north
Pakistan,2002,1.019,north
Pakistan,2003,0.534,north
Pakistan,2004,0.997,north
Pakistan,2005,0.174,north
Pakistan,2006,0.955,north
Pakistan,2007,0.654,north
Pakistan,2008,0.339,north
Pakistan,2009,1.025,north
Pakistan,2010,1.28,north
Pakistan,2011,0.84,north
Pakistan,2012,0.276,north
Pakistan,2013,0.845,north
Pakistan,2014,0.453,north
Pakistan,2015,0.606,north
Pakistan,2016,1.226,north
Pakistan,2017,1.322,north
Pakistan,2018,1.418,north
Pakistan,2019,0.608,north
Pakistan,2020,0.383,north
Palestine,1961,-0.136,north
Palestine,1962,0.757,north
Palestine,1963,0.838,north
Palestine,1964,-0.617,north
Palestine,1965,-0.005,north
Palestine,1966,0.635,north
Palestine,1967,-0.905,north
Palestine,1968,-0.065,north
Palestine,1969,0.27,north
Palestine,1970,0.238,north
Palestine,1971,-0.334,north
Palestine,1972,-0.487,north
Palestine,1973,-0.474,north
Palestine,1974,-0.256,north
Palestine,1975,-0.418,north
Palestine,1976,-0.585,north
Palestine,1977,-0.016,north
Palestine,1978,-0.099,north
Palestine,1979,0.578,north
Palestine,1980,-0.233,north
Palestine,1981,-0.25,north
Palestine,1982,-0.596,north
Palestine,1983,-1.105,north
Palestine,1984,-0.243,north
Palestine,1985,-0.018,north
Palestine,1986,0.004,north
Palestine,1987,-0.38,north
Palestine,1988,-0.055,north
Palestine,1989,-0.244,north
Palestine,1990,-0.181,north
Palestine,1991,0.325,north
Palestine,1992,-1.121,north
Palestine,1993,-0.446,north
Palestine,1994,0.722,north
Palestine,1995,-0.246,north
Palestine,1996,0.252,north
Palestine,1997,-0.227,north
Palestine,1998,0.775,north
Palestine,1999,0.773,north
Palestine,2000,0.15,north
Palestine,2001,0.764,north
Palestine,2002,0.642,north
Palestine,2003,0.472,north
Palestine,2004,0.47,north
Palestine,2005,0.107,north
Palestine,2006,0.49,north
Palestine,2007,0.426,north
Palestine,2008,0.629,north
Palestine,2009,0.733,north
Palestine,2010,2.225,north
Palestine,2011,0.47,north
Palestine,2012,0.927,north
Palestine,2013,1.013,north
Palestine,2014,0.754,north
Palestine,2015,1.226,north
Palestine,2016,1.528,north
Palestine,2017,0.639,north
Palestine,2018,1.875,north
Palestine,2019,1.052,north
Palestine,2020,1.302,north
Panama,1961,,north
Panama,1962,,north
Panama,1963,,north
Panama,1964,,north
Panama,1965,-0.124,north
Panama,1966,0.185,north
Panama,1967,-0.156,north
Panama,1968,-0.112,north
Panama,1969,0.261,north
Panama,1970,0.13,north
Panama,1971,-0.321,north
Panama,1972,0.093,north
Panama,1973,0.164,north
Panama,1974,-0.412,north
Panama,1975,-0.33,north
Panama,1976,-0.043,north
Panama,1977,0.245,north
Panama,1978,0.115,north
Panama,1979,0.114,north
Panama,1980,0.399,north
Panama,1981,0.184,north
Panama,1982,0.272,north
Panama,1983,0.818,north
Panama,1984,-0.148,north
Panama,1985,-0.299,north
Panama,1986,-0.016,north
Panama,1987,0.472,north
Panama,1988,0.089,north
Panama,1989,-0.089,north
Panama,1990,0.267,north
Panama,1991,0.421,north
Panama,1992,0.255,north
Panama,1993,0.343,north
Panama,1994,0.249,north
Panama,1995,0.19,north
Panama,1996,0.026,north
Panama,1997,0.458,north
Panama,1998,0.786,north
Panama,1999,-0.282,north
Panama,2000,-0.046,north
Panama,2001,0.343,north
Panama,2002,0.509,north
Panama,2003,0.687,north
Panama,2004,0.443,north
Panama,2005,0.574,north
Panama,2006,0.543,north
Panama,2007,0.545,north
Panama,2008,0.254,north
Panama,2009,0.774,north
Panama,2010,0.859,north
Panama,2011,0.454,north
Panama,2012,0.386,north
Panama,2013,0.693,north
Panama,2014,0.636,north
Panama,2015,0.923,north
Panama,2016,0.831,north
Panama,2017,0.69,north
Panama,2018,1.076,north
Panama,2019,1.277,north
Panama,2020,1.376,north
Papua New Guinea,1961,-0.201,south
Papua New Guinea,1962,0.195,south
Papua New Guinea,1963,-0.033,south
Papua New Guinea,1964,0.084,south
Papua New Guinea,1965,-0.504,south
Papua New Guinea,1966,-0.116,south
Papua New Guinea,1967,-0.25,south
Papua New Guinea,1968,-0.078,south
Papua New Guinea,1969,0.138,south
Papua New Guinea,1970,0.186,south
Papua New Guinea,1971,-0.025,south
Papua New Guinea,1972,-0.356,south
Papua New Guinea,1973,0.157,south
Papua New Guinea,1974,-0.003,south
Papua New Guinea,1975,0.036,south
Papua New Guinea,1976,-0.308,south
Papua New Guinea,1977,-0.143,south
Papua New Guinea,1978,0.122,south
Papua New Guinea,1979,0.045,south
Papua New Guinea,1980,0.102,south
Papua New Guinea,1981,0.228,south
Papua New Guinea,1982,-0.18,south
Papua New Guinea,1983,0.288,south
Papua New Guinea,1984,0.239,south
Papua New Guinea,1985,0.17,south
Papua New Guinea,1986,0.287,south
Papua New Guinea,1987,0.307,south
Papua New Guinea,1988,0.617,south
Papua New Guinea,1989,0.366,south
Papua New Guinea,1990,0.334,south
Papua New Guinea,1991,0.246,south
Papua New Guinea,1992,0.537,south
Papua New Guinea,1993,0.307,south
Papua New Guinea,1994,0.291,south
Papua New Guinea,1995,0.802,south
Papua New Guinea,1996,0.572,south
Papua New Guinea,1997,0.101,south
Papua New Guinea,1998,1.243,south
Papua New Guinea,1999,0.306,south
Papua New Guinea,2000,0.286,south
Papua New Guinea,2001,0.449,south
Papua New Guinea,2002,0.737,south
Papua New Guinea,2003,0.496,south
Papua New Guinea,2004,0.246,south
Papua New Guinea,2005,0.752,south
Papua New Guinea,2006,0.323,south
Papua New Guinea,2007,0.461,south
Papua New Guinea,2008,0.405,south
Papua New Guinea,2009,0.405,south
Papua New Guinea,2010,1.054,south
Papua New Guinea,2011,0.423,south
Papua New Guinea,2012,0.313,south
Papua New Guinea,2013,0.798,south
Papua New Guinea,2014,0.488,south
Papua New Guinea,2015,0.411,south
Papua New Guinea,2016,1.373,south
Papua New Guinea,2017,0.997,south
Papua New Guinea,2018,0.659,south
Papua New Guinea,2019,0.656,south
Papua New Guinea,2020,1.042,south
Paraguay,1961,0.65,south
Paraguay,1962,-0.567,south
Paraguay,1963,0.943,south
Paraguay,1964,-0.312,south
Paraguay,1965,-0.124,south
Paraguay,1966,-0.126,south
Paraguay,1967,0.503,south
Paraguay,1968,-0.031,south
Paraguay,1969,0.402,south
Paraguay,1970,0.282,south
Paraguay,1971,-0.412,south
Paraguay,1972,0.358,south
Paraguay,1973,0.012,south
Paraguay,1974,-0.305,south
Paraguay,1975,-0.147,south
Paraguay,1976,-0.443,south
Paraguay,1977,0.644,south
Paraguay,1978,0.637,south
Paraguay,1979,0.051,south
Paraguay,1980,0.135,south
Paraguay,1981,0.337,south
Paraguay,1982,0.307,south
Paraguay,1983,-0.35,south
Paraguay,1984,0.459,south
Paraguay,1985,0.353,south
Paraguay,1986,0.832,south
Paraguay,1987,0.175,south
Paraguay,1988,-0.077,south
Paraguay,1989,-0.126,south
Paraguay,1990,0.014,south
Paraguay,1991,0.621,south
Paraguay,1992,-0.428,south
Paraguay,1993,0.175,south
Paraguay,1994,0.836,south
Paraguay,1995,0.548,south
Paraguay,1996,0.082,south
Paraguay,1997,0.876,south
Paraguay,1998,0.155,south
Paraguay,1999,0.008,south
Paraguay,2000,0.046,south
Paraguay,2001,0.579,south
Paraguay,2002,1.073,south
Paraguay,2003,0.708,south
Paraguay,2004,0.369,south
Paraguay,2005,0.55,south
Paraguay,2006,0.928,south
Paraguay,2007,0.277,south
Paraguay,2008,0.29,south
Paraguay,2009,0.898,south
Paraguay,2010,0.358,south
Paraguay,2011,0.647,south
Paraguay,2012,0.889,south
Paraguay,2013,0.412,south
Paraguay,2014,1.186,south
Paraguay,2015,1.522,south
Paraguay,2016,0.233,south
Paraguay,2017,1.155,south
Paraguay,2018,0.549,south
Paraguay,2019,1.363,south
Paraguay,2020,1.558,south
Peru,1961,-0.02,south
Peru,1962,-0.162,south
Peru,1963,0.044,south
Peru,1964,-0.259,south
Peru,1965,0.18,south
Peru,1966,0.048,south
Peru,1967,-0.306,south
Peru,1968,-0.342,south
Peru,1969,0.46,south
Peru,1970,-0.052,south
Peru,1971,-0.471,south
Peru,1972,0.28,south
Peru,1973,0.135,south
Peru,1974,-0.3,south
Peru,1975,-0.263,south
Peru,1976,-0.054,south
Peru,1977,0.354,south
Peru,1978,0.215,south
Peru,1979,0.368,south
Peru,1980,0.497,south
Peru,1981,0.173,south
Peru,1982,0.317,south
Peru,1983,1.409,south
Peru,1984,0.302,south
Peru,1985,0.154,south
Peru,1986,0.184,south
Peru,1987,0.928,south
Peru,1988,0.559,south
Peru,1989,0.1,south
Peru,1990,0.39,south
Peru,1991,0.531,south
Peru,1992,0.895,south
Peru,1993,0.576,south
Peru,1994,0.59,south
Peru,1995,0.881,south
Peru,1996,0.221,south
Peru,1997,0.899,south
Peru,1998,1.288,south
Peru,1999,0.31,south
Peru,2000,0.378,south
Peru,2001,0.444,south
Peru,2002,0.756,south
Peru,2003,0.744,south
Peru,2004,0.71,south
Peru,2005,0.819,south
Peru,2006,0.786,south
Peru,2007,0.53,south
Peru,2008,0.578,south
Peru,2009,0.828,south
Peru,2010,0.996,south
Peru,2011,0.764,south
Peru,2012,0.853,south
Peru,2013,0.649,south
Peru,2014,0.863,south
Peru,2015,1.245,south
Peru,2016,1.383,south
Peru,2017,0.928,south
Peru,2018,0.7,south
Peru,2019,0.996,south
Peru,2020,1.502,south
Philippines,1961,-0.148,north
Philippines,1962,-0.098,north
Philippines,1963,-0.314,north
Philippines,1964,-0.014,north
Philippines,1965,-0.268,north
Philippines,1966,0.205,north
Philippines,1967,-0.116,north
Philippines,1968,-0.069,north
Philippines,1969,0.154,north
Philippines,1970,0.234,north
Philippines,1971,-0.287,north
Philippines,1972,0.059,north
Philippines,1973,0.319,north
Philippines,1974,-0.062,north
Philippines,1975,0.065,north
Philippines,1976,-0.11,north
Philippines,1977,0.279,north
Philippines,1978,0.173,north
Philippines,1979,0.34,north
Philippines,1980,0.128,north
Philippines,1981,0.253,north
Philippines,1982,0.126,north
Philippines,1983,0.567,north
Philippines,1984,0.184,north
Philippines,1985,0.383,north
Philippines,1986,0.273,north
Philippines,1987,0.51,north
Philippines,1988,0.77,north
Philippines,1989,0.264,north
Philippines,1990,0.42,north
Philippines,1991,0.378,north
Philippines,1992,0.407,north
Philippines,1993,0.375,north
Philippines,1994,0.47,north
Philippines,1995,0.492,north
Philippines,1996,0.377,north
Philippines,1997,0.461,north
Philippines,1998,1.265,north
Philippines,1999,0.508,north
Philippines,2000,0.642,north
Philippines,2001,0.738,north
Philippines,2002,0.64,north
Philippines,2003,0.688,north
Philippines,2004,0.59,north
Philippines,2005,0.681,north
Philippines,2006,0.731,north
Philippines,2007,0.825,north
Philippines,2008,0.509,north
Philippines,2009,0.665,north
Philippines,2010,0.969,north
Philippines,2011,0.545,north
Philippines,2012,0.828,north
Philippines,2013,0.904,north
Philippines,2014,0.783,north
Philippines,2015,1.056,north
Philippines,2016,1.495,north
Philippines,2017,1.199,north
Philippines,2018,1.22,north
Philippines,2019,1.325,north
Philippines,2020,1.458,north
Pitcairn,1961,0.659,south
Pitcairn,1962,0.208,south
Pitcairn,1963,0.28,south
Pitcairn,1964,0.344,south
Pitcairn,1965,0.33,south
Pitcairn,1966,-0.386,south
Pitcairn,1967,0.487,south
Pitcairn,1968,-0.287,south
Pitcairn,1969,-0.177,south
Pitcairn,1970,0.471,south
Pitcairn,1971,0.159,south
Pitcairn,1972,-0.232,south
Pitcairn,1973,-0.325,south
Pitcairn,1974,-0.183,south
Pitcairn,1975,-0.088,south
Pitcairn,1976,-0.451,south
Pitcairn,1977,-0.779,south
Pitcairn,1978,-0.32,south
Pitcairn,1979,-0.612,south
Pitcairn,1980,-0.272,south
Pitcairn,1981,-0.21,south
Pitcairn,1982,-0.114,south
Pitcairn,1983,-0.769,south
Pitcairn,1984,0.117,south
Pitcairn,1985,0.314,south
Pitcairn,1986,0.098,south
Pitcairn,1987,-0.307,south
Pitcairn,1988,-0.049,south
Pitcairn,1989,0.264,south
Pitcairn,1990,0.042,south
Pitcairn,1991,-0.382,south
Pitcairn,1992,-0.492,south
Pitcairn,1993,-0.669,south
Pitcairn,1994,-0.31,south
Pitcairn,1995,-0.153,south
Pitcairn,1996,-0.366,south
Pitcairn,1997,-0.385,south
Pitcairn,1998,-0.578,south
Pitcairn,1999,-0.1085,south
Pitcairn,2000,0.361,south
Pitcairn,2001,0.118,south
Pitcairn,2002,0.458,south
Pitcairn,2003,-0.196,south
Pitcairn,2004,-0.592,south
Pitcairn,2005,-0.363,south
Pitcairn,2006,0.397,south
Pitcairn,2007,-0.028,south
Pitcairn,2008,-0.109,south
Pitcairn,2009,-0.273,south
Pitcairn,2010,-0.078,south
Pitcairn,2011,-0.078,south
Pitcairn,2012,-0.078,south
Pitcairn,2013,-0.078,south
Pitcairn,2014,-0.078,south
Pitcairn,2015,-0.078,south
Pitcairn,2016,-0.078,south
Pitcairn,2017,-0.078,south
Pitcairn,2018,-0.078,south
Pitcairn,2019,-0.078,south
Pitcairn,2020,-0.078,south
Poland,1961,1.395,north
Poland,1962,-0.516,north
Poland,1963,-0.885,north
Poland,1964,-0.72,north
Poland,1965,-1.064,north
Poland,1966,0.554,north
Poland,1967,1.137,north
Poland,1968,0.46,north
Poland,1969,-0.489,north
Poland,1970,-1.281,north
Poland,1971,0.14,north
Poland,1972,0.489,north
Poland,1973,0.426,north
Poland,1974,0.497,north
Poland,1975,1.493,north
Poland,1976,-0.288,north
Poland,1977,0.435,north
Poland,1978,-0.22,north
Poland,1979,-0.763,north
Poland,1980,-0.745,north
Poland,1981,0.448,north
Poland,1982,0.333,north
Poland,1983,1.459,north
Poland,1984,0.246,north
Poland,1985,-1.035,north
Poland,1986,0.025,north
Poland,1987,-1.071,north
Poland,1988,0.69,north
Poland,1989,1.703,north
Poland,1990,1.717,north
Poland,1991,0.413,north
Poland,1992,1.148,north
Poland,1993,0.072,north
Poland,1994,1.374,north
Poland,1995,1.114,north
Poland,1996,-0.781,north
Poland,1997,0.016,north
Poland,1998,0.952,north
Poland,1999,1.206,north
Poland,2000,1.889,north
Poland,2001,1.287,north
Poland,2002,1.701,north
Poland,2003,0.369,north
Poland,2004,0.786,north
Poland,2005,0.889,north
Poland,2006,0.839,north
Poland,2007,2.15,north
Poland,2008,1.756,north
Poland,2009,1.274,north
Poland,2010,0.403,north
Poland,2011,0.764,north
Poland,2012,1.379,north
Poland,2013,0.65,north
Poland,2014,2.349,north
Poland,2015,1.999,north
Poland,2016,2.038,north
Poland,2017,1.461,north
Poland,2018,2.418,north
Poland,2019,2.64,north
Poland,2020,2.651,north
Portugal,1961,0.811,north
Portugal,1962,0.519,north
Portugal,1963,-0.084,north
Portugal,1964,0.519,north
Portugal,1965,-0.225,north
Portugal,1966,0.287,north
Portugal,1967,-0.042,north
Portugal,1968,0.029,north
Portugal,1969,-0.344,north
Portugal,1970,0.07,north
Portugal,1971,-0.876,north
Portugal,1972,-0.911,north
Portugal,1973,-0.075,north
Portugal,1974,-0.447,north
Portugal,1975,-0.096,north
Portugal,1976,-0.36,north
Portugal,1977,-0.268,north
Portugal,1978,0.184,north
Portugal,1979,0.181,north
Portugal,1980,0.295,north
Portugal,1981,0.574,north
Portugal,1982,0.585,north
Portugal,1983,0.306,north
Portugal,1984,-0.103,north
Portugal,1985,0.546,north
Portugal,1986,0.112,north
Portugal,1987,0.76,north
Portugal,1988,0.642,north
Portugal,1989,1.133,north
Portugal,1990,1.417,north
Portugal,1991,0.454,north
Portugal,1992,0.444,north
Portugal,1993,-0.179,north
Portugal,1994,0.692,north
Portugal,1995,1.673,north
Portugal,1996,0.757,north
Portugal,1997,1.596,north
Portugal,1998,1.212,north
Portugal,1999,0.625,north
Portugal,2000,0.658,north
Portugal,2001,1.166,north
Portugal,2002,0.671,north
Portugal,2003,1.446,north
Portugal,2004,1.002,north
Portugal,2005,0.966,north
Portugal,2006,1.536,north
Portugal,2007,0.759,north
Portugal,2008,0.637,north
Portugal,2009,1.407,north
Portugal,2010,1.13,north
Portugal,2011,1.619,north
Portugal,2012,0.791,north
Portugal,2013,0.944,north
Portugal,2014,1.351,north
Portugal,2015,1.398,north
Portugal,2016,1.681,north
Portugal,2017,2.125,north
Portugal,2018,0.883,north
Portugal,2019,1.258,north
Portugal,2020,1.968,north
Puerto Rico,1961,-0.007,north
Puerto Rico,1962,-0.088,north
Puerto Rico,1963,0.104,north
Puerto Rico,1964,0.121,north
Puerto Rico,1965,-0.324,north
Puerto Rico,1966,-0.024,north
Puerto Rico,1967,-0.277,north
Puerto Rico,1968,-0.31,north
Puerto Rico,1969,0.357,north
Puerto Rico,1970,0.017,north
Puerto Rico,1971,-0.336,north
Puerto Rico,1972,-0.086,north
Puerto Rico,1973,0.212,north
Puerto Rico,1974,-0.396,north
Puerto Rico,1975,-0.225,north
Puerto Rico,1976,-0.399,north
Puerto Rico,1977,0.195,north
Puerto Rico,1978,0.279,north
Puerto Rico,1979,0.085,north
Puerto Rico,1980,0.576,north
Puerto Rico,1981,0.531,north
Puerto Rico,1982,0.134,north
Puerto Rico,1983,0.514,north
Puerto Rico,1984,0.119,north
Puerto Rico,1985,-0.072,north
Puerto Rico,1986,0.058,north
Puerto Rico,1987,0.576,north
Puerto Rico,1988,0.464,north
Puerto Rico,1989,-0.028,north
Puerto Rico,1990,0.378,north
Puerto Rico,1991,0.269,north
Puerto Rico,1992,0.168,north
Puerto Rico,1993,0.329,north
Puerto Rico,1994,0.52,north
Puerto Rico,1995,0.565,north
Puerto Rico,1996,0.347,north
Puerto Rico,1997,0.555,north
Puerto Rico,1998,1.099,north
Puerto Rico,1999,0.557,north
Puerto Rico,2000,0.169,north
Puerto Rico,2001,0.651,north
Puerto Rico,2002,0.785,north
Puerto Rico,2003,0.913,north
Puerto Rico,2004,0.452,north
Puerto Rico,2005,0.704,north
Puerto Rico,2006,0.642,north
Puerto Rico,2007,0.868,north
Puerto Rico,2008,0.319,north
Puerto Rico,2009,0.55,north
Puerto Rico,2010,1.036,north
Puerto Rico,2011,0.449,north
Puerto Rico,2012,0.685,north
Puerto Rico,2013,0.651,north
Puerto Rico,2014,0.767,north
Puerto Rico,2015,1.022,north
Puerto Rico,2016,1.11,north
Puerto Rico,2017,0.834,north
Puerto Rico,2018,0.66,north
Puerto Rico,2019,0.82,north
Puerto Rico,2020,1.248,north
Qatar,1961,-0.509,north
Qatar,1962,0.458,north
Qatar,1963,0.372,north
Qatar,1964,-0.478,north
Qatar,1965,0.305,north
Qatar,1966,0.345,north
Qatar,1967,-0.44,north
Qatar,1968,-0.725,north
Qatar,1969,0.497,north
Qatar,1970,0.118,north
Qatar,1971,-0.279,north
Qatar,1972,-0.438,north
Qatar,1973,0.052,north
Qatar,1974,-0.139,north
Qatar,1975,-0.266,north
Qatar,1976,-0.559,north
Qatar,1977,0.296,north
Qatar,1978,0.187,north
Qatar,1979,0.825,north
Qatar,1980,0.466,north
Qatar,1981,0.509,north
Qatar,1982,-0.08,north
Qatar,1983,-0.772,north
Qatar,1984,0.11,north
Qatar,1985,0.431,north
Qatar,1986,0.589,north
Qatar,1987,0.455,north
Qatar,1988,0.566,north
Qatar,1989,-0.001,north
Qatar,1990,0.44,north
Qatar,1991,-0.084,north
Qatar,1992,-0.446,north
Qatar,1993,0.108,north
Qatar,1994,0.745,north
Qatar,1995,0.145,north
Qatar,1996,0.564,north
Qatar,1997,0.13,north
Qatar,1998,1.238,north
Qatar,1999,1.802,north
Qatar,2000,1.015,north
Qatar,2001,1.038,north
Qatar,2002,1.506,north
Qatar,2003,1.24,north
Qatar,2004,1.285,north
Qatar,2005,0.902,north
Qatar,2006,1.726,north
Qatar,2007,1.057,north
Qatar,2008,1.229,north
Qatar,2009,1.175,north
Qatar,2010,2.017,north
Qatar,2011,1.505,north
Qatar,2012,1.435,north
Qatar,2013,1.285,north
Qatar,2014,1.664,north
Qatar,2015,2.092,north
Qatar,2016,1.592,north
Qatar,2017,1.947,north
Qatar,2018,2.102,north
Qatar,2019,1.903,north
Qatar,2020,1.799,north
Republic of Korea,1961,0.622,north
Republic of Korea,1962,-0.108,north
Republic of Korea,1963,-0.494,north
Republic of Korea,1964,0.591,north
Republic of Korea,1965,-0.191,north
Republic of Korea,1966,0.087,north
Republic of Korea,1967,0.152,north
Republic of Korea,1968,-0.682,north
Republic of Korea,1969,-0.291,north
Republic of Korea,1970,-0.495,north
Republic of Korea,1971,-0.192,north
Republic of Korea,1972,-0.071,north
Republic of Korea,1973,0.555,north
Republic of Korea,1974,-0.765,north
Republic of Korea,1975,0.621,north
Republic of Korea,1976,-0.449,north
Republic of Korea,1977,0.155,north
Republic of Korea,1978,0.82,north
Republic of Korea,1979,0.623,north
Republic of Korea,1980,-0.44,north
Republic of Korea,1981,-0.747,north
Republic of Korea,1982,0.435,north
Republic of Korea,1983,0.464,north
Republic of Korea,1984,-0.269,north
Republic of Korea,1985,0.281,north
Republic of Korea,1986,-0.743,north
Republic of Korea,1987,0.397,north
Republic of Korea,1988,0.278,north
Republic of Korea,1989,0.8,north
Republic of Korea,1990,1.248,north
Republic of Korea,1991,0.297,north
Republic of Korea,1992,0.632,north
Republic of Korea,1993,0.05,north
Republic of Korea,1994,1.276,north
Republic of Korea,1995,0.446,north
Republic of Korea,1996,-0.012,north
Republic of Korea,1997,0.741,north
Republic of Korea,1998,1.497,north
Republic of Korea,1999,1.069,north
Republic of Korea,2000,0.43,north
Republic of Korea,2001,0.898,north
Republic of Korea,2002,0.655,north
Republic of Korea,2003,0.633,north
Republic of Korea,2004,1.209,north
Republic of Korea,2005,0.964,north
Republic of Korea,2006,0.546,north
Republic of Korea,2007,1.313,north
Republic of Korea,2008,1.005,north
Republic of Korea,2009,1.004,north
Republic of Korea,2010,0.558,north
Republic of Korea,2011,0.372,north
Republic of Korea,2012,0.45,north
Republic of Korea,2013,0.566,north
Republic of Korea,2014,0.897,north
Republic of Korea,2015,0.847,north
Republic of Korea,2016,1.539,north
Republic of Korea,2017,1.362,north
Republic of Korea,2018,0.873,north
Republic of Korea,2019,1.438,north
Republic of Korea,2020,1.44,north
Reunion,1961,0.39,south
Reunion,1962,-0.233,south
Reunion,1963,-0.447,south
Reunion,1964,-0.467,south
Reunion,1965,-0.581,south
Reunion,1966,-0.119,south
Reunion,1967,0.317,south
Reunion,1968,-0.28,south
Reunion,1969,0.166,south
Reunion,1970,0.241,south
Reunion,1971,-0.418,south
Reunion,1972,0.218,south
Reunion,1973,0.281,south
Reunion,1974,-0.391,south
Reunion,1975,0.077,south
Reunion,1976,0.282,south
Reunion,1977,0.849,south
Reunion,1978,0.419,south
Reunion,1979,0.475,south
Reunion,1980,0.167,south
Reunion,1981,0.145,south
Reunion,1982,0.123,south
Reunion,1983,0.312,south
Reunion,1984,-0.146,south
Reunion,1985,0.285,south
Reunion,1986,0.104,south
Reunion,1987,0.717,south
Reunion,1988,0.56,south
Reunion,1989,0.282,south
Reunion,1990,0.274,south
Reunion,1991,0.423,south
Reunion,1992,0.355,south
Reunion,1993,0.354,south
Reunion,1994,0.58,south
Reunion,1995,0.377,south
Reunion,1996,0.232,south
Reunion,1997,0.366,south
Reunion,1998,1.128,south
Reunion,1999,0.524,south
Reunion,2000,0.602,south
Reunion,2001,1.07,south
Reunion,2002,0.768,south
Reunion,2003,0.909,south
Reunion,2004,0.934,south
Reunion,2005,0.756,south
Reunion,2006,0.586,south
Reunion,2007,0.801,south
Reunion,2008,0.652,south
Reunion,2009,1.201,south
Reunion,2010,1.162,south
Reunion,2011,1.002,south
Reunion,2012,0.842,south
Reunion,2013,0.762,south
Reunion,2014,1.149,south
Reunion,2015,1.315,south
Reunion,2016,1.185,south
Reunion,2017,1.521,south
Reunion,2018,1.395,south
Reunion,2019,1.835,south
Reunion,2020,1.216,south
Romania,1961,1.085,north
Romania,1962,0.176,north
Romania,1963,-0.293,north
Romania,1964,-0.783,north
Romania,1965,-0.662,north
Romania,1966,1.063,north
Romania,1967,0.295,north
Romania,1968,0.441,north
Romania,1969,-0.585,north
Romania,1970,-0.053,north
Romania,1971,-0.034,north
Romania,1972,0.367,north
Romania,1973,-0.233,north
Romania,1974,-0.107,north
Romania,1975,0.793,north
Romania,1976,-0.827,north
Romania,1977,0.519,north
Romania,1978,-0.844,north
Romania,1979,0.141,north
Romania,1980,-0.651,north
Romania,1981,0.032,north
Romania,1982,-0.071,north
Romania,1983,0.825,north
Romania,1984,-0.142,north
Romania,1985,-1.196,north
Romania,1986,0.43,north
Romania,1987,-0.728,north
Romania,1988,0.094,north
Romania,1989,0.757,north
Romania,1990,1.104,north
Romania,1991,0.037,north
Romania,1992,0.37,north
Romania,1993,-0.411,north
Romania,1994,1.73,north
Romania,1995,0.416,north
Romania,1996,-0.418,north
Romania,1997,-0.416,north
Romania,1998,0.794,north
Romania,1999,0.627,north
Romania,2000,1.343,north
Romania,2001,1.536,north
Romania,2002,1.216,north
Romania,2003,0.14,north
Romania,2004,0.56,north
Romania,2005,0.311,north
Romania,2006,0.534,north
Romania,2007,2.14,north
Romania,2008,1.35,north
Romania,2009,1.631,north
Romania,2010,1.181,north
Romania,2011,0.503,north
Romania,2012,1.83,north
Romania,2013,1.384,north
Romania,2014,1.576,north
Romania,2015,1.854,north
Romania,2016,1.938,north
Romania,2017,1.219,north
Romania,2018,2.331,north
Romania,2019,2.308,north
Romania,2020,2.29,north
Rwanda,1961,0.031,south
Rwanda,1962,-0.239,south
Rwanda,1963,0.038,south
Rwanda,1964,-0.069,south
Rwanda,1965,-0.255,south
Rwanda,1966,0.047,south
Rwanda,1967,-0.216,south
Rwanda,1968,-0.049,south
Rwanda,1969,0.186,south
Rwanda,1970,0.14,south
Rwanda,1971,-0.373,south
Rwanda,1972,0.005,south
Rwanda,1973,0.441,south
Rwanda,1974,-0.048,south
Rwanda,1975,0.021,south
Rwanda,1976,0.09,south
Rwanda,1977,0.159,south
Rwanda,1978,0.228,south
Rwanda,1979,0.3582,south
Rwanda,1980,0.4885,south
Rwanda,1981,0.6188,south
Rwanda,1982,0.749,south
Rwanda,1983,0.953,south
Rwanda,1984,0.8967,south
Rwanda,1985,0.8403,south
Rwanda,1986,0.784,south
Rwanda,1987,0.609,south
Rwanda,1988,0.518,south
Rwanda,1989,0.229,south
Rwanda,1990,0.612,south
Rwanda,1991,0.191,south
Rwanda,1992,0.338,south
Rwanda,1993,0.4285,south
Rwanda,1994,0.519,south
Rwanda,1995,0.6095,south
Rwanda,1996,0.7,south
Rwanda,1997,0.7905,south
Rwanda,1998,0.881,south
Rwanda,1999,0.615,south
Rwanda,2000,0.349,south
Rwanda,2001,0.336,south
Rwanda,2002,0.653,south
Rwanda,2003,0.89,south
Rwanda,2004,0.839,south
Rwanda,2005,0.866,south
Rwanda,2006,0.893,south
Rwanda,2007,0.92,south
Rwanda,2008,0.5,south
Rwanda,2009,0.5647,south
Rwanda,2010,0.6293,south
Rwanda,2011,0.694,south
Rwanda,2012,0.694,south
Rwanda,2013,0.694,south
Rwanda,2014,0.694,south
Rwanda,2015,0.694,south
Rwanda,2016,0.694,south
Rwanda,2017,0.694,south
Rwanda,2018,0.694,south
Rwanda,2019,0.694,south
Rwanda,2020,0.694,south
"Saint Helena, Ascension and Tristan da Cunha",1961,0.176,south
"Saint Helena, Ascension and Tristan da Cunha",1962,-0.026,south
"Saint Helena, Ascension and Tristan da Cunha",1963,0.082,south
"Saint Helena, Ascension and Tristan da Cunha",1964,0.015,south
"Saint Helena, Ascension and Tristan da Cunha",1965,-0.104,south
"Saint Helena, Ascension and Tristan da Cunha",1966,0.097,south
"Saint Helena, Ascension and Tristan da Cunha",1967,-0.264,south
"Saint Helena, Ascension and Tristan da Cunha",1968,0.226,south
"Saint Helena, Ascension and Tristan da Cunha",1969,-0.036,south
"Saint Helena, Ascension and Tristan da Cunha",1970,-0.068,south
"Saint Helena, Ascension and Tristan da Cunha",1971,-0.016,south
"Saint Helena, Ascension and Tristan da Cunha",1972,0.098,south
"Saint Helena, Ascension and Tristan da Cunha",1973,-0.18,south
"Saint Helena, Ascension and Tristan da Cunha",1974,0.274,south
"Saint Helena, Ascension and Tristan da Cunha",1975,0.231,south
"Saint Helena, Ascension and Tristan da Cunha",1976,0.26,south
"Saint Helena, Ascension and Tristan da Cunha",1977,-0.004,south
"Saint Helena, Ascension and Tristan da Cunha",1978,0.119,south
"Saint Helena, Ascension and Tristan da Cunha",1979,0.072,south
"Saint Helena, Ascension and Tristan da Cunha",1980,0.308,south
"Saint Helena, Ascension and Tristan da Cunha",1981,0.113,south
"Saint Helena, Ascension and Tristan da Cunha",1982,0.103,south
"Saint Helena, Ascension and Tristan da Cunha",1983,0.45,south
"Saint Helena, Ascension and Tristan da Cunha",1984,0.681,south
"Saint Helena, Ascension and Tristan da Cunha",1985,0.394,south
"Saint Helena, Ascension and Tristan da Cunha",1986,0.798,south
"Saint Helena, Ascension and Tristan da Cunha",1987,0.34,south
"Saint Helena, Ascension and Tristan da Cunha",1988,0.546,south
"Saint Helena, Ascension and Tristan da Cunha",1989,0.402,south
"Saint Helena, Ascension and Tristan da Cunha",1990,0.763,south
"Saint Helena, Ascension and Tristan da Cunha",1991,0.602,south
"Saint Helena, Ascension and Tristan da Cunha",1992,0.199,south
"Saint Helena, Ascension and Tristan da Cunha",1993,0.714,south
"Saint Helena, Ascension and Tristan da Cunha",1994,0.99,south
"Saint Helena, Ascension and Tristan da Cunha",1995,0.656,south
"Saint Helena, Ascension and Tristan da Cunha",1996,0.456,south
"Saint Helena, Ascension and Tristan da Cunha",1997,0.895,south
"Saint Helena, Ascension and Tristan da Cunha",1998,1.237,south
"Saint Helena, Ascension and Tristan da Cunha",1999,1.395,south
"Saint Helena, Ascension and Tristan da Cunha",2000,1.483,south
"Saint Helena, Ascension and Tristan da Cunha",2001,1.099,south
"Saint Helena, Ascension and Tristan da Cunha",2002,1.2,south
"Saint Helena, Ascension and Tristan da Cunha",2003,1.488,south
"Saint Helena, Ascension and Tristan da Cunha",2004,1.454,south
"Saint Helena, Ascension and Tristan da Cunha",2005,1.345,south
"Saint Helena, Ascension and Tristan da Cunha",2006,1.628,south
"Saint Helena, Ascension and Tristan da Cunha",2007,1.045,south
"Saint Helena, Ascension and Tristan da Cunha",2008,1.123,south
"Saint Helena, Ascension and Tristan da Cunha",2009,1.692,south
"Saint Helena, Ascension and Tristan da Cunha",2010,1.159,south
"Saint Helena, Ascension and Tristan da Cunha",2011,1.471,south
"Saint Helena, Ascension and Tristan da Cunha",2012,1.279,south
"Saint Helena, Ascension and Tristan da Cunha",2013,1.252,south
"Saint Helena, Ascension and Tristan da Cunha",2014,1.346,south
"Saint Helena, Ascension and Tristan da Cunha",2015,1.935,south
"Saint Helena, Ascension and Tristan da Cunha",2016,1.671,south
"Saint Helena, Ascension and Tristan da Cunha",2017,1.394,south
"Saint Helena, Ascension and Tristan da Cunha",2018,1.633,south
"Saint Helena, Ascension and Tristan da Cunha",2019,1.669,south
"Saint Helena, Ascension and Tristan da Cunha",2020,1.432,south
Saint Kitts and Nevis,1961,-0.005,north
Saint Kitts and Nevis,1962,0.015,north
Saint Kitts and Nevis,1963,0.252,north
Saint Kitts and Nevis,1964,0.101,north
Saint Kitts and Nevis,1965,-0.409,north
Saint Kitts and Nevis,1966,0.167,north
Saint Kitts and Nevis,1967,-0.152,north
Saint Kitts and Nevis,1968,-0.276,north
Saint Kitts and Nevis,1969,0.263,north
Saint Kitts and Nevis,1970,0.063,north
Saint Kitts and Nevis,1971,-0.294,north
Saint Kitts and Nevis,1972,-0.19,north
Saint Kitts and Nevis,1973,0.221,north
Saint Kitts and Nevis,1974,-0.349,north
Saint Kitts and Nevis,1975,-0.4,north
Saint Kitts and Nevis,1976,-0.472,north
Saint Kitts and Nevis,1977,0.157,north
Saint Kitts and Nevis,1978,0.135,north
Saint Kitts and Nevis,1979,0.128,north
Saint Kitts and Nevis,1980,0.663,north
Saint Kitts and Nevis,1981,0.567,north
Saint Kitts and Nevis,1982,0.19,north
Saint Kitts and Nevis,1983,0.474,north
Saint Kitts and Nevis,1984,-0.023,north
Saint Kitts and Nevis,1985,-0.089,north
Saint Kitts and Nevis,1986,-0.077,north
Saint Kitts and Nevis,1987,0.583,north
Saint Kitts and Nevis,1988,0.322,north
Saint Kitts and Nevis,1989,-0.177,north
Saint Kitts and Nevis,1990,0.241,north
Saint Kitts and Nevis,1991,0.318,north
Saint Kitts and Nevis,1992,0.276,north
Saint Kitts and Nevis,1993,0.364,north
Saint Kitts and Nevis,1994,0.373,north
Saint Kitts and Nevis,1995,0.522,north
Saint Kitts and Nevis,1996,0.274,north
Saint Kitts and Nevis,1997,0.431,north
Saint Kitts and Nevis,1998,0.992,north
Saint Kitts and Nevis,1999,0.439,north
Saint Kitts and Nevis,2000,0.186,north
Saint Kitts and Nevis,2001,0.3425,north
Saint Kitts and Nevis,2002,0.499,north
Saint Kitts and Nevis,2003,0.65,north
Saint Kitts and Nevis,2004,0.331,north
Saint Kitts and Nevis,2005,0.651,north
Saint Kitts and Nevis,2006,0.382,north
Saint Kitts and Nevis,2007,0.637,north
Saint Kitts and Nevis,2008,0.085,north
Saint Kitts and Nevis,2009,0.322,north
Saint Kitts and Nevis,2010,0.961,north
Saint Kitts and Nevis,2011,0.382,north
Saint Kitts and Nevis,2012,0.484,north
Saint Kitts and Nevis,2013,0.556,north
Saint Kitts and Nevis,2014,0.487,north
Saint Kitts and Nevis,2015,0.811,north
Saint Kitts and Nevis,2016,0.889,north
Saint Kitts and Nevis,2017,0.665,north
Saint Kitts and Nevis,2018,0.506,north
Saint Kitts and Nevis,2019,0.763,north
Saint Kitts and Nevis,2020,1.098,north
Saint Lucia,1961,0.05,north
Saint Lucia,1962,0.107,north
Saint Lucia,1963,0.247,north
Saint Lucia,1964,-0.014,north
Saint Lucia,1965,-0.258,north
Saint Lucia,1966,0.006,north
Saint Lucia,1967,-0.274,north
Saint Lucia,1968,-0.221,north
Saint Lucia,1969,0.41,north
Saint Lucia,1970,0.171,north
Saint Lucia,1971,-0.26,north
Saint Lucia,1972,-0.086,north
Saint Lucia,1973,0.085,north
Saint Lucia,1974,-0.431,north
Saint Lucia,1975,-0.453,north
Saint Lucia,1976,-0.326,north
Saint Lucia,1977,0.006,north
Saint Lucia,1978,0.136,north
Saint Lucia,1979,0.241,north
Saint Lucia,1980,0.358,north
Saint Lucia,1981,0.37,north
Saint Lucia,1982,0.119,north
Saint Lucia,1983,0.396,north
Saint Lucia,1984,-0.017,north
Saint Lucia,1985,-0.217,north
Saint Lucia,1986,-0.052,north
Saint Lucia,1987,0.532,north
Saint Lucia,1988,0.432,north
Saint Lucia,1989,-0.036,north
Saint Lucia,1990,0.21,north
Saint Lucia,1991,0.313,north
Saint Lucia,1992,0.274,north
Saint Lucia,1993,0.363,north
Saint Lucia,1994,0.429,north
Saint Lucia,1995,0.558,north
Saint Lucia,1996,0.343,north
Saint Lucia,1997,0.46,north
Saint Lucia,1998,0.982,north
Saint Lucia,1999,0.415,north
Saint Lucia,2000,0.181,north
Saint Lucia,2001,0.418,north
Saint Lucia,2002,0.477,north
Saint Lucia,2003,0.711,north
Saint Lucia,2004,0.398,north
Saint Lucia,2005,0.804,north
Saint Lucia,2006,0.609,north
Saint Lucia,2007,0.594,north
Saint Lucia,2008,0.29,north
Saint Lucia,2009,0.4,north
Saint Lucia,2010,1.078,north
Saint Lucia,2011,0.558,north
Saint Lucia,2012,0.516,north
Saint Lucia,2013,0.595,north
Saint Lucia,2014,0.479,north
Saint Lucia,2015,0.725,north
Saint Lucia,2016,0.884,north
Saint Lucia,2017,0.693,north
Saint Lucia,2018,0.387,north
Saint Lucia,2019,0.618,north
Saint Lucia,2020,0.836,north
Saint Pierre and Miquelon,1961,-0.025,north
Saint Pierre and Miquelon,1962,-0.108,north
Saint Pierre and Miquelon,1963,-0.17,north
Saint Pierre and Miquelon,1964,-0.51,north
Saint Pierre and Miquelon,1965,-0.483,north
Saint Pierre and Miquelon,1966,0.139,north
Saint Pierre and Miquelon,1967,0.226,north
Saint Pierre and Miquelon,1968,0.093,north
Saint Pierre and Miquelon,1969,0.594,north
Saint Pierre and Miquelon,1970,0.968,north
Saint Pierre and Miquelon,1971,0.288,north
Saint Pierre and Miquelon,1972,-1.257,north
Saint Pierre and Miquelon,1973,-0.798,north
Saint Pierre and Miquelon,1974,-0.965,north
Saint Pierre and Miquelon,1975,-0.717,north
Saint Pierre and Miquelon,1976,-0.147,north
Saint Pierre and Miquelon,1977,-0.141,north
Saint Pierre and Miquelon,1978,-0.336,north
Saint Pierre and Miquelon,1979,0.46,north
Saint Pierre and Miquelon,1980,-0.204,north
Saint Pierre and Miquelon,1981,1.006,north
Saint Pierre and Miquelon,1982,-0.47,north
Saint Pierre and Miquelon,1983,0.775,north
Saint Pierre and Miquelon,1984,0.156,north
Saint Pierre and Miquelon,1985,-1.006,north
Saint Pierre and Miquelon,1986,-0.691,north
Saint Pierre and Miquelon,1987,-0.026,north
Saint Pierre and Miquelon,1988,0.246,north
Saint Pierre and Miquelon,1989,-0.361,north
Saint Pierre and Miquelon,1990,-0.698,north
Saint Pierre and Miquelon,1991,-0.662,north
Saint Pierre and Miquelon,1992,-1.266,north
Saint Pierre and Miquelon,1993,-1.009,north
Saint Pierre and Miquelon,1994,-0.244,north
Saint Pierre and Miquelon,1995,-0.19,north
Saint Pierre and Miquelon,1996,0.207,north
Saint Pierre and Miquelon,1997,-0.285,north
Saint Pierre and Miquelon,1998,0.824,north
Saint Pierre and Miquelon,1999,1.738,north
Saint Pierre and Miquelon,2000,1.148,north
Saint Pierre and Miquelon,2001,0.573,north
Saint Pierre and Miquelon,2002,0.003,north
Saint Pierre and Miquelon,2003,0.208,north
Saint Pierre and Miquelon,2004,0.634,north
Saint Pierre and Miquelon,2005,0.971,north
Saint Pierre and Miquelon,2006,1.867,north
Saint Pierre and Miquelon,2007,0.409,north
Saint Pierre and Miquelon,2008,0.472,north
Saint Pierre and Miquelon,2009,0.718,north
Saint Pierre and Miquelon,2010,1.335,north
Saint Pierre and Miquelon,2011,1.167,north
Saint Pierre and Miquelon,2012,2.017,north
Saint Pierre and Miquelon,2013,1.317,north
Saint Pierre and Miquelon,2014,0.401,north
Saint Pierre and Miquelon,2015,0.116,north
Saint Pierre and Miquelon,2016,0.853,north
Saint Pierre and Miquelon,2017,0.356,north
Saint Pierre and Miquelon,2018,0.694,north
Saint Pierre and Miquelon,2019,0.037,north
Saint Pierre and Miquelon,2020,0.722,north
Saint Vincent and the Grenadines,1961,0.115,north
Saint Vincent and the Grenadines,1962,0.055,north
Saint Vincent and the Grenadines,1963,0.285,north
Saint Vincent and the Grenadines,1964,-0.08,north
Saint Vincent and the Grenadines,1965,-0.232,north
Saint Vincent and the Grenadines,1966,0.018,north
Saint Vincent and the Grenadines,1967,-0.283,north
Saint Vincent and the Grenadines,1968,-0.19,north
Saint Vincent and the Grenadines,1969,0.448,north
Saint Vincent and the Grenadines,1970,0.23,north
Saint Vincent and the Grenadines,1971,-0.348,north
Saint Vincent and the Grenadines,1972,-0.151,north
Saint Vincent and the Grenadines,1973,0.061,north
Saint Vincent and the Grenadines,1974,-0.465,north
Saint Vincent and the Grenadines,1975,-0.419,north
Saint Vincent and the Grenadines,1976,-0.151,north
Saint Vincent and the Grenadines,1977,-0.018,north
Saint Vincent and the Grenadines,1978,0.134,north
Saint Vincent and the Grenadines,1979,0.337,north
Saint Vincent and the Grenadines,1980,0.292,north
Saint Vincent and the Grenadines,1981,0.364,north
Saint Vincent and the Grenadines,1982,0.131,north
Saint Vincent and the Grenadines,1983,0.407,north
Saint Vincent and the Grenadines,1984,0.016,north
Saint Vincent and the Grenadines,1985,-0.376,north
Saint Vincent and the Grenadines,1986,-0.095,north
Saint Vincent and the Grenadines,1987,0.509,north
Saint Vincent and the Grenadines,1988,0.529,north
Saint Vincent and the Grenadines,1989,-0.082,north
Saint Vincent and the Grenadines,1990,0.136,north
Saint Vincent and the Grenadines,1991,0.273,north
Saint Vincent and the Grenadines,1992,0.306,north
Saint Vincent and the Grenadines,1993,0.364,north
Saint Vincent and the Grenadines,1994,0.38,north
Saint Vincent and the Grenadines,1995,0.596,north
Saint Vincent and the Grenadines,1996,0.341,north
Saint Vincent and the Grenadines,1997,0.435,north
Saint Vincent and the Grenadines,1998,0.987,north
Saint Vincent and the Grenadines,1999,0.442,north
Saint Vincent and the Grenadines,2000,0.236,north
Saint Vincent and the Grenadines,2001,0.465,north
Saint Vincent and the Grenadines,2002,0.424,north
Saint Vincent and the Grenadines,2003,0.751,north
Saint Vincent and the Grenadines,2004,0.344,north
Saint Vincent and the Grenadines,2005,0.86,north
Saint Vincent and the Grenadines,2006,0.578,north
Saint Vincent and the Grenadines,2007,0.521,north
Saint Vincent and the Grenadines,2008,0.387,north
Saint Vincent and the Grenadines,2009,0.4,north
Saint Vincent and the Grenadines,2010,1.13,north
Saint Vincent and the Grenadines,2011,0.652,north
Saint Vincent and the Grenadines,2012,0.49,north
Saint Vincent and the Grenadines,2013,0.592,north
Saint Vincent and the Grenadines,2014,0.51,north
Saint Vincent and the Grenadines,2015,0.705,north
Saint Vincent and the Grenadines,2016,0.804,north
Saint Vincent and the Grenadines,2017,0.739,north
Saint Vincent and the Grenadines,2018,0.333,north
Saint Vincent and the Grenadines,2019,0.554,north
Saint Vincent and the Grenadines,2020,0.814,north
Samoa,1961,0.063,south
Samoa,1962,-0.016,south
Samoa,1963,0.074,south
Samoa,1964,0.08,south
Samoa,1965,-0.288,south
Samoa,1966,0.109,south
Samoa,1967,-0.28,south
Samoa,1968,-0.211,south
Samoa,1969,0.228,south
Samoa,1970,0.207,south
Samoa,1971,-0.441,south
Samoa,1972,-0.102,south
Samoa,1973,0.192,south
Samoa,1974,-0.438,south
Samoa,1975,-0.251,south
Samoa,1976,-0.375,south
Samoa,1977,-0.022,south
Samoa,1978,-0.051,south
Samoa,1979,0.104,south
Samoa,1980,0.159,south
Samoa,1981,-0.034,south
Samoa,1982,0.149,south
Samoa,1983,0.23,south
Samoa,1984,0.035,south
Samoa,1985,0.037,south
Samoa,1986,0.145,south
Samoa,1987,0.071,south
Samoa,1988,0.366,south
Samoa,1989,-0.08,south
Samoa,1990,0.334,south
Samoa,1991,0.555,south
Samoa,1992,0.448,south
Samoa,1993,0.094,south
Samoa,1994,0.247,south
Samoa,1995,0.728,south
Samoa,1996,0.668,south
Samoa,1997,0.4937,south
Samoa,1998,0.3193,south
Samoa,1999,0.145,south
Samoa,2000,0.6,south
Samoa,2001,0.877,south
Samoa,2002,1.125,south
Samoa,2003,0.624,south
Samoa,2004,0.198,south
Samoa,2005,0.875,south
Samoa,2006,0.465,south
Samoa,2007,0.948,south
Samoa,2008,0.501,south
Samoa,2009,0.7595,south
Samoa,2010,1.018,south
Samoa,2011,0.542,south
Samoa,2012,0.647,south
Samoa,2013,0.931,south
Samoa,2014,0.791,south
Samoa,2015,0.63,south
Samoa,2016,1.16,south
Samoa,2017,1.056,south
Samoa,2018,0.81,south
Samoa,2019,1.16,south
Samoa,2020,1.066,south
San Marino,1961,0.902,north
San Marino,1962,-0.122,north
San Marino,1963,-0.392,north
San Marino,1964,-0.09,north
San Marino,1965,-0.391,north
San Marino,1966,0.418,north
San Marino,1967,0.412,north
San Marino,1968,-0.01,north
San Marino,1969,-0.091,north
San Marino,1970,-0.076,north
San Marino,1971,-0.115,north
San Marino,1972,-0.021,north
San Marino,1973,0.022,north
San Marino,1974,-0.022,north
San Marino,1975,0.262,north
San Marino,1976,-0.412,north
San Marino,1977,0.354,north
San Marino,1978,-0.568,north
San Marino,1979,0.043,north
San Marino,1980,-0.444,north
San Marino,1981,-0.309,north
San Marino,1982,0.424,north
San Marino,1983,0.449,north
San Marino,1984,-0.554,north
San Marino,1985,0.211,north
San Marino,1986,0.369,north
San Marino,1987,0.118,north
San Marino,1988,0.812,north
San Marino,1989,0.34,north
San Marino,1990,1.073,north
San Marino,1991,0.011,north
San Marino,1992,0.597,north
San Marino,1993,0.62,north
San Marino,1994,1.627,north
San Marino,1995,0.389,north
San Marino,1996,0.311,north
San Marino,1997,1.015,north
San Marino,1998,1.173,north
San Marino,1999,0.912,north
San Marino,2000,1.426,north
San Marino,2001,1.704,north
San Marino,2002,1.146,north
San Marino,2003,1.659,north
San Marino,2004,0.919,north
San Marino,2005,0.53,north
San Marino,2006,0.943,north
San Marino,2007,1.903,north
San Marino,2008,1.348,north
San Marino,2009,1.462,north
San Marino,2010,0.788,north
San Marino,2011,1.367,north
San Marino,2012,1.788,north
San Marino,2013,1.093,north
San Marino,2014,1.692,north
San Marino,2015,1.928,north
San Marino,2016,1.843,north
San Marino,2017,1.749,north
San Marino,2018,2.042,north
San Marino,2019,1.86,north
San Marino,2020,2.043,north
Sao Tome and Principe,1961,-0.106,north
Sao Tome and Principe,1962,-0.059,north
Sao Tome and Principe,1963,0.244,north
Sao Tome and Principe,1964,-0.153,north
Sao Tome and Principe,1965,-0.116,north
Sao Tome and Principe,1966,0.213,north
Sao Tome and Principe,1967,-0.077,north
Sao Tome and Principe,1968,-0.056,north
Sao Tome and Principe,1969,0.122,north
Sao Tome and Principe,1970,0.214,north
Sao Tome and Principe,1971,-0.081,north
Sao Tome and Principe,1972,-0.052,north
Sao Tome and Principe,1973,0.45,north
Sao Tome and Principe,1974,-0.124,north
Sao Tome and Principe,1975,-0.137,north
Sao Tome and Principe,1976,-0.366,north
Sao Tome and Principe,1977,0.188,north
Sao Tome and Principe,1978,0.175,north
Sao Tome and Principe,1979,0.38,north
Sao Tome and Principe,1980,0.25,north
Sao Tome and Principe,1981,0.219,north
Sao Tome and Principe,1982,-0.017,north
Sao Tome and Principe,1983,0.058,north
Sao Tome and Principe,1984,0.327,north
Sao Tome and Principe,1985,0.074,north
Sao Tome and Principe,1986,-0.19,north
Sao Tome and Principe,1987,0.352,north
Sao Tome and Principe,1988,0.39,north
Sao Tome and Principe,1989,-0.183,north
Sao Tome and Principe,1990,-0.1623,north
Sao Tome and Principe,1991,-0.1417,north
Sao Tome and Principe,1992,-0.121,north
Sao Tome and Principe,1993,0.319,north
Sao Tome and Principe,1994,0.231,north
Sao Tome and Principe,1995,0.763,north
Sao Tome and Principe,1996,0.897,north
Sao Tome and Principe,1997,1.031,north
Sao Tome and Principe,1998,1.165,north
Sao Tome and Principe,1999,0.879,north
Sao Tome and Principe,2000,0.4,north
Sao Tome and Principe,2001,0.246,north
Sao Tome and Principe,2002,0.617,north
Sao Tome and Principe,2003,0.866,north
Sao Tome and Principe,2004,0.694,north
Sao Tome and Principe,2005,0.577,north
Sao Tome and Principe,2006,0.627,north
Sao Tome and Principe,2007,0.859,north
Sao Tome and Principe,2008,0.573,north
Sao Tome and Principe,2009,0.703,north
Sao Tome and Principe,2010,0.86,north
Sao Tome and Principe,2011,0.552,north
Sao Tome and Principe,2012,0.621,north
Sao Tome and Principe,2013,0.681,north
Sao Tome and Principe,2014,0.868,north
Sao Tome and Principe,2015,0.814,north
Sao Tome and Principe,2016,1.526,north
Sao Tome and Principe,2017,1.224,north
Sao Tome and Principe,2018,0.925,north
Sao Tome and Principe,2019,1.313,north
Sao Tome and Principe,2020,1.547,north
Saudi Arabia,1961,-0.18,north
Saudi Arabia,1962,0.646,north
Saudi Arabia,1963,0.481,north
Saudi Arabia,1964,-0.49,north
Saudi Arabia,1965,0.127,north
Saudi Arabia,1966,0.63,north
Saudi Arabia,1967,-0.673,north
Saudi Arabia,1968,-0.383,north
Saudi Arabia,1969,0.535,north
Saudi Arabia,1970,0.353,north
Saudi Arabia,1971,-0.435,north
Saudi Arabia,1972,-0.548,north
Saudi Arabia,1973,-0.149,north
Saudi Arabia,1974,-0.189,north
Saudi Arabia,1975,-0.324,north
Saudi Arabia,1976,-0.416,north
Saudi Arabia,1977,0.157,north
Saudi Arabia,1978,-0.231,north
Saudi Arabia,1979,0.85,north
Saudi Arabia,1980,0.001,north
Saudi Arabia,1981,0.036,north
Saudi Arabia,1982,-0.431,north
Saudi Arabia,1983,-0.908,north
Saudi Arabia,1984,-0.357,north
Saudi Arabia,1985,-0.052,north
Saudi Arabia,1986,0.152,north
Saudi Arabia,1987,0.473,north
Saudi Arabia,1988,0.371,north
Saudi Arabia,1989,-0.188,north
Saudi Arabia,1990,-0.007,north
Saudi Arabia,1991,0.305,north
Saudi Arabia,1992,-1.04,north
Saudi Arabia,1993,-0.231,north
Saudi Arabia,1994,0.596,north
Saudi Arabia,1995,0.138,north
Saudi Arabia,1996,0.525,north
Saudi Arabia,1997,-0.047,north
Saudi Arabia,1998,0.97,north
Saudi Arabia,1999,1.442,north
Saudi Arabia,2000,0.712,north
Saudi Arabia,2001,0.833,north
Saudi Arabia,2002,1.035,north
Saudi Arabia,2003,0.927,north
Saudi Arabia,2004,0.922,north
Saudi Arabia,2005,0.483,north
Saudi Arabia,2006,1.136,north
Saudi Arabia,2007,0.642,north
Saudi Arabia,2008,0.845,north
Saudi Arabia,2009,0.936,north
Saudi Arabia,2010,2.058,north
Saudi Arabia,2011,0.777,north
Saudi Arabia,2012,1.162,north
Saudi Arabia,2013,1.151,north
Saudi Arabia,2014,1.218,north
Saudi Arabia,2015,1.856,north
Saudi Arabia,2016,1.508,north
Saudi Arabia,2017,1.753,north
Saudi Arabia,2018,1.864,north
Saudi Arabia,2019,1.778,north
Saudi Arabia,2020,1.593,north
Senegal,1961,-0.183,north
Senegal,1962,-0.001,north
Senegal,1963,0.108,north
Senegal,1964,-0.181,north
Senegal,1965,-0.428,north
Senegal,1966,-0.051,north
Senegal,1967,-0.412,north
Senegal,1968,-0.532,north
Senegal,1969,0.748,north
Senegal,1970,0.545,north
Senegal,1971,-0.038,north
Senegal,1972,0.377,north
Senegal,1973,0.702,north
Senegal,1974,-0.441,north
Senegal,1975,-0.25,north
Senegal,1976,-0.069,north
Senegal,1977,0.567,north
Senegal,1978,0.511,north
Senegal,1979,0.813,north
Senegal,1980,0.95,north
Senegal,1981,0.786,north
Senegal,1982,0.37,north
Senegal,1983,1.279,north
Senegal,1984,0.67,north
Senegal,1985,0.537,north
Senegal,1986,0.497,north
Senegal,1987,1.03,north
Senegal,1988,0.909,north
Senegal,1989,0.641,north
Senegal,1990,1.261,north
Senegal,1991,0.881,north
Senegal,1992,0.962,north
Senegal,1993,1.184,north
Senegal,1994,0.689,north
Senegal,1995,1.016,north
Senegal,1996,1.288,north
Senegal,1997,1.435,north
Senegal,1998,1.652,north
Senegal,1999,0.666,north
Senegal,2000,0.961,north
Senegal,2001,1.176,north
Senegal,2002,1.44,north
Senegal,2003,1.148,north
Senegal,2004,1.129,north
Senegal,2005,1.381,north
Senegal,2006,1.412,north
Senegal,2007,1.254,north
Senegal,2008,1.319,north
Senegal,2009,0.744,north
Senegal,2010,1.469,north
Senegal,2011,1.211,north
Senegal,2012,0.875,north
Senegal,2013,1.216,north
Senegal,2014,1.179,north
Senegal,2015,1.298,north
Senegal,2016,1.658,north
Senegal,2017,1.856,north
Senegal,2018,1.084,north
Senegal,2019,1.53,north
Senegal,2020,1.803,north
Seychelles,1961,0.233,south
Seychelles,1962,0.01,south
Seychelles,1963,-0.125,south
Seychelles,1964,-0.162,south
Seychelles,1965,-0.466,south
Seychelles,1966,0.143,south
Seychelles,1967,0.104,south
Seychelles,1968,-0.076,south
Seychelles,1969,0.281,south
Seychelles,1970,0.392,south
Seychelles,1971,-0.423,south
Seychelles,1972,-0.251,south
Seychelles,1973,0.168,south
Seychelles,1974,-0.496,south
Seychelles,1975,-0.298,south
Seychelles,1976,-0.211,south
Seychelles,1977,0.228,south
Seychelles,1978,0.343,south
Seychelles,1979,0.213,south
Seychelles,1980,0.273,south
Seychelles,1981,0.236,south
Seychelles,1982,0.449,south
Seychelles,1983,0.553,south
Seychelles,1984,-0.227,south
Seychelles,1985,-0.046,south
Seychelles,1986,0.312,south
Seychelles,1987,0.571,south
Seychelles,1988,0.489,south
Seychelles,1989,-0.021,south
Seychelles,1990,0.324,south
Seychelles,1991,0.486,south
Seychelles,1992,0.235,south
Seychelles,1993,0.283,south
Seychelles,1994,0.572,south
Seychelles,1995,0.496,south
Seychelles,1996,0.177,south
Seychelles,1997,0.661,south
Seychelles,1998,1.02,south
Seychelles,1999,0.31,south
Seychelles,2000,0.419,south
Seychelles,2001,0.762,south
Seychelles,2002,0.534,south
Seychelles,2003,0.723,south
Seychelles,2004,0.456,south
Seychelles,2005,0.699,south
Seychelles,2006,0.664,south
Seychelles,2007,1.031,south
Seychelles,2008,0.706,south
Seychelles,2009,1.048,south
Seychelles,2010,1.263,south
Seychelles,2011,1.178,south
Seychelles,2012,1.12,south
Seychelles,2013,0.987,south
Seychelles,2014,1.161,south
Seychelles,2015,1.479,south
Seychelles,2016,1.425,south
Seychelles,2017,1.516,south
Seychelles,2018,1.248,south
Seychelles,2019,1.708,south
Seychelles,2020,1.765,south
Sierra Leone,1961,-0.09,north
Sierra Leone,1962,-0.091,north
Sierra Leone,1963,0.183,north
Sierra Leone,1964,-0.143,north
Sierra Leone,1965,-0.277,north
Sierra Leone,1966,0.012,north
Sierra Leone,1967,-0.112,north
Sierra Leone,1968,-0.044,north
Sierra Leone,1969,0.284,north
Sierra Leone,1970,0.343,north
Sierra Leone,1971,-0.149,north
Sierra Leone,1972,0.148,north
Sierra Leone,1973,0.509,north
Sierra Leone,1974,0.006,north
Sierra Leone,1975,-0.094,north
Sierra Leone,1976,-0.195,north
Sierra Leone,1977,0.203,north
Sierra Leone,1978,0.253,north
Sierra Leone,1979,0.54,north
Sierra Leone,1980,0.396,north
Sierra Leone,1981,0.237,north
Sierra Leone,1982,0.305,north
Sierra Leone,1983,0.539,north
Sierra Leone,1984,0.368,north
Sierra Leone,1985,0.283,north
Sierra Leone,1986,-0.061,north
Sierra Leone,1987,0.761,north
Sierra Leone,1988,0.652,north
Sierra Leone,1989,0.206,north
Sierra Leone,1990,0.555,north
Sierra Leone,1991,0.725,north
Sierra Leone,1992,0.313,north
Sierra Leone,1993,0.621,north
Sierra Leone,1994,0.619,north
Sierra Leone,1995,0.738,north
Sierra Leone,1996,0.786,north
Sierra Leone,1997,0.887,north
Sierra Leone,1998,1.082,north
Sierra Leone,1999,0.846,north
Sierra Leone,2000,1.052,north
Sierra Leone,2001,1.258,north
Sierra Leone,2002,1.419,north
Sierra Leone,2003,1.298,north
Sierra Leone,2004,1.585,north
Sierra Leone,2005,1.603,north
Sierra Leone,2006,1.554,north
Sierra Leone,2007,1.262,north
Sierra Leone,2008,1.741,north
Sierra Leone,2009,1.393,north
Sierra Leone,2010,1.827,north
Sierra Leone,2011,1.471,north
Sierra Leone,2012,0.83,north
Sierra Leone,2013,1.473,north
Sierra Leone,2014,1.577,north
Sierra Leone,2015,1.615,north
Sierra Leone,2016,1.531,north
Sierra Leone,2017,2.227,north
Sierra Leone,2018,1.714,north
Sierra Leone,2019,2.084,north
Sierra Leone,2020,1.988,north
Singapore,1961,0.079,north
Singapore,1962,-0.128,north
Singapore,1963,-0.037,north
Singapore,1964,-0.009,north
Singapore,1965,-0.263,north
Singapore,1966,0.048,north
Singapore,1967,-0.159,north
Singapore,1968,-0.23,north
Singapore,1969,0.292,north
Singapore,1970,0.083,north
Singapore,1971,-0.164,north
Singapore,1972,0.126,north
Singapore,1973,0.084,north
Singapore,1974,-0.191,north
Singapore,1975,-0.069,north
Singapore,1976,0.149,north
Singapore,1977,0.178,north
Singapore,1978,0.236,north
Singapore,1979,0.265,north
Singapore,1980,0.411,north
Singapore,1981,0.388,north
Singapore,1982,0.195,north
Singapore,1983,0.688,north
Singapore,1984,-0.19,north
Singapore,1985,0.258,north
Singapore,1986,0.151,north
Singapore,1987,0.447,north
Singapore,1988,0.445,north
Singapore,1989,0.234,north
Singapore,1990,0.623,north
Singapore,1991,0.369,north
Singapore,1992,0.343,north
Singapore,1993,0.376,north
Singapore,1994,0.609,north
Singapore,1995,0.571,north
Singapore,1996,0.21,north
Singapore,1997,0.776,north
Singapore,1998,1.169,north
Singapore,1999,0.521,north
Singapore,2000,0.59,north
Singapore,2001,0.601,north
Singapore,2002,0.796,north
Singapore,2003,0.834,north
Singapore,2004,0.823,north
Singapore,2005,1.037,north
Singapore,2006,0.73,north
Singapore,2007,0.694,north
Singapore,2008,0.571,north
Singapore,2009,1.022,north
Singapore,2010,1.256,north
Singapore,2011,0.842,north
Singapore,2012,1.177,north
Singapore,2013,1.194,north
Singapore,2014,1.194,north
Singapore,2015,1.459,north
Singapore,2016,1.889,north
Singapore,2017,1.385,north
Singapore,2018,1.375,north
Singapore,2019,2.042,north
Singapore,2020,1.563,north
Solomon Islands,1961,0.208,south
Solomon Islands,1962,0.159,south
Solomon Islands,1963,-0.009,south
Solomon Islands,1964,0.178,south
Solomon Islands,1965,-0.423,south
Solomon Islands,1966,-0.086,south
Solomon Islands,1967,-0.094,south
Solomon Islands,1968,-0.096,south
Solomon Islands,1969,0.286,south
Solomon Islands,1970,0.194,south
Solomon Islands,1971,-0.077,south
Solomon Islands,1972,-0.278,south
Solomon Islands,1973,0.252,south
Solomon Islands,1974,0.156,south
Solomon Islands,1975,0.104,south
Solomon Islands,1976,-0.244,south
Solomon Islands,1977,-0.054,south
Solomon Islands,1978,0.137,south
Solomon Islands,1979,-0.028,south
Solomon Islands,1980,-0.088,south
Solomon Islands,1981,0.192,south
Solomon Islands,1982,-0.35,south
Solomon Islands,1983,0.065,south
Solomon Islands,1984,-0.023,south
Solomon Islands,1985,-0.096,south
Solomon Islands,1986,-0.087,south
Solomon Islands,1987,-0.406,south
Solomon Islands,1988,0.256,south
Solomon Islands,1989,-0.218,south
Solomon Islands,1990,0.15,south
Solomon Islands,1991,-0.114,south
Solomon Islands,1992,-0.05,south
Solomon Islands,1993,-0.326,south
Solomon Islands,1994,-0.227,south
Solomon Islands,1995,0.359,south
Solomon Islands,1996,0.123,south
Solomon Islands,1997,0.021,south
Solomon Islands,1998,0.408,south
Solomon Islands,1999,-0.006,south
Solomon Islands,2000,0.343,south
Solomon Islands,2001,0.3467,south
Solomon Islands,2002,0.3503,south
Solomon Islands,2003,0.354,south
Solomon Islands,2004,0.415,south
Solomon Islands,2005,0.516,south
Solomon Islands,2006,0.34,south
Solomon Islands,2007,0.583,south
Solomon Islands,2008,0.3165,south
Solomon Islands,2009,0.05,south
Solomon Islands,2010,0.294,south
Solomon Islands,2011,0.089,south
Solomon Islands,2012,0.038,south
Solomon Islands,2013,0.582,south
Solomon Islands,2014,0.642,south
Solomon Islands,2015,0.422,south
Solomon Islands,2016,0.664,south
Solomon Islands,2017,0.456,south
Solomon Islands,2018,0.481,south
Solomon Islands,2019,0.427,south
Solomon Islands,2020,0.419,south
Somalia,1961,0.306,north
Somalia,1962,-0.041,north
Somalia,1963,-0.224,north
Somalia,1964,0.032,north
Somalia,1965,-0.373,north
Somalia,1966,0.188,north
Somalia,1967,-0.086,north
Somalia,1968,-0.58,north
Somalia,1969,0.029,north
Somalia,1970,0.067,north
Somalia,1971,-0.271,north
Somalia,1972,0.256,north
Somalia,1973,0.561,north
Somalia,1974,-0.01,north
Somalia,1975,0.128,north
Somalia,1976,0.229,north
Somalia,1977,0.37,north
Somalia,1978,0.248,north
Somalia,1979,0.091,north
Somalia,1980,0.789,north
Somalia,1981,0.01,north
Somalia,1982,0.371,north
Somalia,1983,0.659,north
Somalia,1984,0.141,north
Somalia,1985,0.224,north
Somalia,1986,0.294,north
Somalia,1987,1.075,north
Somalia,1988,0.94,north
Somalia,1989,0.134,north
Somalia,1990,0.347,north
Somalia,1991,0.44,north
Somalia,1992,0.751,north
Somalia,1993,0.368,north
Somalia,1994,0.729,north
Somalia,1995,0.672,north
Somalia,1996,0.862,north
Somalia,1997,0.687,north
Somalia,1998,0.854,north
Somalia,1999,0.574,north
Somalia,2000,0.617,north
Somalia,2001,1.041,north
Somalia,2002,1.038,north
Somalia,2003,1.225,north
Somalia,2004,0.633,north
Somalia,2005,1.19,north
Somalia,2006,0.976,north
Somalia,2007,1.058,north
Somalia,2008,0.673,north
Somalia,2009,1.404,north
Somalia,2010,1.154,north
Somalia,2011,1.2,north
Somalia,2012,1.139,north
Somalia,2013,1.238,north
Somalia,2014,1.275,north
Somalia,2015,1.629,north
Somalia,2016,1.438,north
Somalia,2017,1.8,north
Somalia,2018,0.836,north
Somalia,2019,1.747,north
Somalia,2020,2.037,north
South Africa,1961,0.241,south
South Africa,1962,0.205,south
South Africa,1963,0.178,south
South Africa,1964,-0.075,south
South Africa,1965,-0.027,south
South Africa,1966,0.245,south
South Africa,1967,-0.07,south
South Africa,1968,-0.373,south
South Africa,1969,0.291,south
South Africa,1970,0.363,south
South Africa,1971,-0.157,south
South Africa,1972,0.106,south
South Africa,1973,0.346,south
South Africa,1974,-0.254,south
South Africa,1975,-0.144,south
South Africa,1976,-0.512,south
South Africa,1977,0.174,south
South Africa,1978,0.07,south
South Africa,1979,0.33,south
South Africa,1980,0.251,south
South Africa,1981,-0.316,south
South Africa,1982,0.225,south
South Africa,1983,0.718,south
South Africa,1984,0.544,south
South Africa,1985,0.666,south
South Africa,1986,0.464,south
South Africa,1987,0.743,south
South Africa,1988,0.336,south
South Africa,1989,-0.028,south
South Africa,1990,0.328,south
South Africa,1991,0.368,south
South Africa,1992,0.802,south
South Africa,1993,0.838,south
South Africa,1994,0.218,south
South Africa,1995,0.644,south
South Africa,1996,-0.133,south
South Africa,1997,0.249,south
South Africa,1998,0.846,south
South Africa,1999,1.09,south
South Africa,2000,0.27,south
South Africa,2001,0.515,south
South Africa,2002,0.453,south
South Africa,2003,0.834,south
South Africa,2004,0.938,south
South Africa,2005,1.097,south
South Africa,2006,0.439,south
South Africa,2007,0.821,south
South Africa,2008,0.726,south
South Africa,2009,0.801,south
South Africa,2010,1.226,south
South Africa,2011,0.556,south
South Africa,2012,0.657,south
South Africa,2013,0.763,south
South Africa,2014,0.906,south
South Africa,2015,1.415,south
South Africa,2016,1.669,south
South Africa,2017,1.151,south
South Africa,2018,1.083,south
South Africa,2019,1.826,south
South Africa,2020,0.867,south
South Georgia and the South Sandwich Islands,1961,-0.386,south
South Georgia and the South Sandwich Islands,1962,0.224,south
South Georgia and the South Sandwich Islands,1963,-0.304,south
South Georgia and the South Sandwich Islands,1964,-0.099,south
South Georgia and the South Sandwich Islands,1965,0.106,south
South Georgia and the South Sandwich Islands,1966,-0.344,south
South Georgia and the South Sandwich Islands,1967,-0.153,south
South Georgia and the South Sandwich Islands,1968,0.405,south
South Georgia and the South Sandwich Islands,1969,0.297,south
South Georgia and the South Sandwich Islands,1970,0.022,south
South Georgia and the South Sandwich Islands,1971,0.189,south
South Georgia and the South Sandwich Islands,1972,-0.653,south
South Georgia and the South Sandwich Islands,1973,0.181,south
South Georgia and the South Sandwich Islands,1974,0.197,south
South Georgia and the South Sandwich Islands,1975,0.172,south
South Georgia and the South Sandwich Islands,1976,0.073,south
South Georgia and the South Sandwich Islands,1977,-0.152,south
South Georgia and the South Sandwich Islands,1978,0.323,south
South Georgia and the South Sandwich Islands,1979,0.308,south
South Georgia and the South Sandwich Islands,1980,-0.311,south
South Georgia and the South Sandwich Islands,1981,0.447,south
South Georgia and the South Sandwich Islands,1982,0.2163,south
South Georgia and the South Sandwich Islands,1983,-0.0143,south
South Georgia and the South Sandwich Islands,1984,-0.245,south
South Georgia and the South Sandwich Islands,1985,0.089,south
South Georgia and the South Sandwich Islands,1986,0.406,south
South Georgia and the South Sandwich Islands,1987,-0.686,south
South Georgia and the South Sandwich Islands,1988,0.311,south
South Georgia and the South Sandwich Islands,1989,0.752,south
South Georgia and the South Sandwich Islands,1990,0.515,south
South Georgia and the South Sandwich Islands,1991,0.003,south
South Georgia and the South Sandwich Islands,1992,-0.009,south
South Georgia and the South Sandwich Islands,1993,0.647,south
South Georgia and the South Sandwich Islands,1994,-0.403,south
South Georgia and the South Sandwich Islands,1995,0.187,south
South Georgia and the South Sandwich Islands,1996,0.534,south
South Georgia and the South Sandwich Islands,1997,-0.045,south
South Georgia and the South Sandwich Islands,1998,0.079,south
South Georgia and the South Sandwich Islands,1999,0.203,south
South Georgia and the South Sandwich Islands,2000,0.327,south
South Georgia and the South Sandwich Islands,2001,0.451,south
South Georgia and the South Sandwich Islands,2002,-0.664,south
South Georgia and the South Sandwich Islands,2003,1.057,south
South Georgia and the South Sandwich Islands,2004,0.5705,south
South Georgia and the South Sandwich Islands,2005,0.084,south
South Georgia and the South Sandwich Islands,2006,0.708,south
South Georgia and the South Sandwich Islands,2007,0.129,south
South Georgia and the South Sandwich Islands,2008,0.668,south
South Georgia and the South Sandwich Islands,2009,0.21,south
South Georgia and the South Sandwich Islands,2010,0.825,south
South Georgia and the South Sandwich Islands,2011,0.655,south
South Georgia and the South Sandwich Islands,2012,-0.018,south
South Georgia and the South Sandwich Islands,2013,-0.284,south
South Georgia and the South Sandwich Islands,2014,-0.022,south
South Georgia and the South Sandwich Islands,2015,0.144,south
South Georgia and the South Sandwich Islands,2016,-0.048,south
South Georgia and the South Sandwich Islands,2017,0.802,south
South Georgia and the South Sandwich Islands,2018,0.844,south
South Georgia and the South Sandwich Islands,2019,0.223,south
South Georgia and the South Sandwich Islands,2020,0.069,south
Spain,1961,0.725,north
Spain,1962,0.411,north
Spain,1963,-0.227,north
Spain,1964,0.476,north
Spain,1965,-0.201,north
Spain,1966,0.396,north
Spain,1967,0.134,north
Spain,1968,0.075,north
Spain,1969,-0.31,north
Spain,1970,0.123,north
Spain,1971,-0.743,north
Spain,1972,-0.827,north
Spain,1973,-0.161,north
Spain,1974,-0.431,north
Spain,1975,-0.084,north
Spain,1976,-0.36,north
Spain,1977,-0.153,north
Spain,1978,0.114,north
Spain,1979,0.295,north
Spain,1980,0.208,north
Spain,1981,0.372,north
Spain,1982,0.742,north
Spain,1983,0.583,north
Spain,1984,-0.13,north
Spain,1985,0.518,north
Spain,1986,0.292,north
Spain,1987,0.758,north
Spain,1988,0.833,north
Spain,1989,1.076,north
Spain,1990,1.488,north
Spain,1991,0.251,north
Spain,1992,0.352,north
Spain,1993,-0.012,north
Spain,1994,1.081,north
Spain,1995,1.474,north
Spain,1996,0.743,north
Spain,1997,1.553,north
Spain,1998,1.208,north
Spain,1999,0.837,north
Spain,2000,0.837,north
Spain,2001,1.44,north
Spain,2002,0.842,north
Spain,2003,1.626,north
Spain,2004,1.022,north
Spain,2005,0.906,north
Spain,2006,1.541,north
Spain,2007,0.847,north
Spain,2008,0.873,north
Spain,2009,1.36,north
Spain,2010,0.912,north
Spain,2011,1.623,north
Spain,2012,1.067,north
Spain,2013,0.918,north
Spain,2014,1.616,north
Spain,2015,1.528,north
Spain,2016,1.713,north
Spain,2017,2.033,north
Spain,2018,1.141,north
Spain,2019,1.507,north
Spain,2020,2.021,north
Sri Lanka,1961,-0.127,north
Sri Lanka,1962,-0.101,north
Sri Lanka,1963,-0.036,north
Sri Lanka,1964,0.068,north
Sri Lanka,1965,-0.149,north
Sri Lanka,1966,0.216,north
Sri Lanka,1967,-0.101,north
Sri Lanka,1968,-0.072,north
Sri Lanka,1969,0.226,north
Sri Lanka,1970,0.125,north
Sri Lanka,1971,-0.339,north
Sri Lanka,1972,-0.111,north
Sri Lanka,1973,0.406,north
Sri Lanka,1974,-0.265,north
Sri Lanka,1975,-0.177,north
Sri Lanka,1976,-0.056,north
Sri Lanka,1977,0.105,north
Sri Lanka,1978,0.158,north
Sri Lanka,1979,0.406,north
Sri Lanka,1980,0.484,north
Sri Lanka,1981,0.276,north
Sri Lanka,1982,0.276,north
Sri Lanka,1983,0.781,north
Sri Lanka,1984,0.104,north
Sri Lanka,1985,0.215,north
Sri Lanka,1986,0.331,north
Sri Lanka,1987,0.83,north
Sri Lanka,1988,0.844,north
Sri Lanka,1989,0.339,north
Sri Lanka,1990,0.672,north
Sri Lanka,1991,0.61,north
Sri Lanka,1992,0.307,north
Sri Lanka,1993,0.304,north
Sri Lanka,1994,0.365,north
Sri Lanka,1995,0.68,north
Sri Lanka,1996,0.505,north
Sri Lanka,1997,0.668,north
Sri Lanka,1998,1.296,north
Sri Lanka,1999,0.451,north
Sri Lanka,2000,0.582,north
Sri Lanka,2001,0.823,north
Sri Lanka,2002,0.972,north
Sri Lanka,2003,0.891,north
Sri Lanka,2004,0.804,north
Sri Lanka,2005,0.869,north
Sri Lanka,2006,0.655,north
Sri Lanka,2007,0.654,north
Sri Lanka,2008,0.541,north
Sri Lanka,2009,0.649,north
Sri Lanka,2010,1.01,north
Sri Lanka,2011,0.689,north
Sri Lanka,2012,0.881,north
Sri Lanka,2013,0.872,north
Sri Lanka,2014,0.954,north
Sri Lanka,2015,0.948,north
Sri Lanka,2016,1.328,north
Sri Lanka,2017,1.051,north
Sri Lanka,2018,0.782,north
Sri Lanka,2019,1.232,north
Sri Lanka,2020,1.296,north
Sudan (former),1961,-0.093,north
Sudan (former),1962,-0.187,north
Sudan (former),1963,0.173,north
Sudan (former),1964,-0.435,north
Sudan (former),1965,-0.148,north
Sudan (former),1966,0.016,north
Sudan (former),1967,-0.472,north
Sudan (former),1968,-0.337,north
Sudan (former),1969,0.405,north
Sudan (former),1970,0.211,north
Sudan (former),1971,-0.264,north
Sudan (former),1972,0.095,north
Sudan (former),1973,0.471,north
Sudan (former),1974,-0.226,north
Sudan (former),1975,-0.125,north
Sudan (former),1976,-0.001,north
Sudan (former),1977,0.006,north
Sudan (former),1978,0.037,north
Sudan (former),1979,0.59,north
Sudan (former),1980,0.484,north
Sudan (former),1981,0.187,north
Sudan (former),1982,0.267,north
Sudan (former),1983,0.083,north
Sudan (former),1984,0.527,north
Sudan (former),1985,0.297,north
Sudan (former),1986,0.381,north
Sudan (former),1987,0.618,north
Sudan (former),1988,0.396,north
Sudan (former),1989,-0.184,north
Sudan (former),1990,0.47,north
Sudan (former),1991,0.459,north
Sudan (former),1992,-0.211,north
Sudan (former),1993,0.443,north
Sudan (former),1994,0.29,north
Sudan (former),1995,0.509,north
Sudan (former),1996,0.574,north
Sudan (former),1997,0.409,north
Sudan (former),1998,0.643,north
Sudan (former),1999,0.473,north
Sudan (former),2000,0.446,north
Sudan (former),2001,0.3,north
Sudan (former),2002,1.017,north
Sudan (former),2003,0.814,north
Sudan (former),2004,1.028,north
Sudan (former),2005,1.189,north
Sudan (former),2006,1.112,north
Sudan (former),2007,0.36,north
Sudan (former),2008,0.812,north
Sudan (former),2009,1.529,north
Sudan (former),2010,1.577,north
Sudan (former),2011,1.577,north
Suriname,1961,-0.088,south
Suriname,1962,-0.105,south
Suriname,1963,-0.03,south
Suriname,1964,-0.047,south
Suriname,1965,-0.009,south
Suriname,1966,0.201,south
Suriname,1967,-0.203,south
Suriname,1968,-0.191,south
Suriname,1969,0.563,south
Suriname,1970,0.281,south
Suriname,1971,-0.494,south
Suriname,1972,-0.074,south
Suriname,1973,0.119,south
Suriname,1974,-0.324,south
Suriname,1975,-0.31,south
Suriname,1976,-0.079,south
Suriname,1977,0.17,south
Suriname,1978,0.096,south
Suriname,1979,0.155,south
Suriname,1980,0.286,south
Suriname,1981,0.314,south
Suriname,1982,0.19,south
Suriname,1983,0.512,south
Suriname,1984,-0.165,south
Suriname,1985,-0.004,south
Suriname,1986,0.103,south
Suriname,1987,0.703,south
Suriname,1988,0.536,south
Suriname,1989,0.147,south
Suriname,1990,0.342,south
Suriname,1991,0.359,south
Suriname,1992,0.632,south
Suriname,1993,0.428,south
Suriname,1994,0.513,south
Suriname,1995,1.017,south
Suriname,1996,0.492,south
Suriname,1997,0.767,south
Suriname,1998,1.382,south
Suriname,1999,0.554,south
Suriname,2000,0.613,south
Suriname,2001,0.598,south
Suriname,2002,0.935,south
Suriname,2003,0.994,south
Suriname,2004,0.996,south
Suriname,2005,1.395,south
Suriname,2006,1.058,south
Suriname,2007,1.153,south
Suriname,2008,1.224,south
Suriname,2009,1.562,south
Suriname,2010,1.627,south
Suriname,2011,1.172,south
Suriname,2012,1.271,south
Suriname,2013,1.61,south
Suriname,2014,1.666,south
Suriname,2015,1.736,south
Suriname,2016,2.217,south
Suriname,2017,1.874,south
Suriname,2018,1.685,south
Suriname,2019,1.966,south
Suriname,2020,2.143,south
Svalbard and Jan Mayen Islands,1961,0.565,north
Svalbard and Jan Mayen Islands,1962,-1.364,north
Svalbard and Jan Mayen Islands,1963,-2.245,north
Svalbard and Jan Mayen Islands,1964,-0.504,north
Svalbard and Jan Mayen Islands,1965,-0.16,north
Svalbard and Jan Mayen Islands,1966,-2.357,north
Svalbard and Jan Mayen Islands,1967,-0.135,north
Svalbard and Jan Mayen Islands,1968,-3.251,north
Svalbard and Jan Mayen Islands,1969,-1.74,north
Svalbard and Jan Mayen Islands,1970,-0.19,north
Svalbard and Jan Mayen Islands,1971,-1.309,north
Svalbard and Jan Mayen Islands,1972,2.386,north
Svalbard and Jan Mayen Islands,1973,0.53,north
Svalbard and Jan Mayen Islands,1974,1.595,north
Svalbard and Jan Mayen Islands,1975,0.413,north
Svalbard and Jan Mayen Islands,1976,0.925,north
Svalbard and Jan Mayen Islands,1977,-0.272,north
Svalbard and Jan Mayen Islands,1978,-0.786,north
Svalbard and Jan Mayen Islands,1979,-1.116,north
Svalbard and Jan Mayen Islands,1980,-0.117,north
Svalbard and Jan Mayen Islands,1981,-1.065,north
Svalbard and Jan Mayen Islands,1982,-0.655,north
Svalbard and Jan Mayen Islands,1983,0.047,north
Svalbard and Jan Mayen Islands,1984,1.896,north
Svalbard and Jan Mayen Islands,1985,1.789,north
Svalbard and Jan Mayen Islands,1986,-0.357,north
Svalbard and Jan Mayen Islands,1987,0.2,north
Svalbard and Jan Mayen Islands,1988,-2.107,north
Svalbard and Jan Mayen Islands,1989,-0.768,north
Svalbard and Jan Mayen Islands,1990,1.631,north
Svalbard and Jan Mayen Islands,1991,1.317,north
Svalbard and Jan Mayen Islands,1992,0.958,north
Svalbard and Jan Mayen Islands,1993,0.013,north
Svalbard and Jan Mayen Islands,1994,0.06,north
Svalbard and Jan Mayen Islands,1995,0.473,north
Svalbard and Jan Mayen Islands,1996,1.186,north
Svalbard and Jan Mayen Islands,1997,-0.32,north
Svalbard and Jan Mayen Islands,1998,0.175,north
Svalbard and Jan Mayen Islands,1999,2.068,north
Svalbard and Jan Mayen Islands,2000,1.977,north
Svalbard and Jan Mayen Islands,2001,1.387,north
Svalbard and Jan Mayen Islands,2002,1.618,north
Svalbard and Jan Mayen Islands,2003,0.844,north
Svalbard and Jan Mayen Islands,2004,0.738,north
Svalbard and Jan Mayen Islands,2005,2.447,north
Svalbard and Jan Mayen Islands,2006,3.885,north
Svalbard and Jan Mayen Islands,2007,3.051,north
Svalbard and Jan Mayen Islands,2008,1.841,north
Svalbard and Jan Mayen Islands,2009,1.907,north
Svalbard and Jan Mayen Islands,2010,2.272,north
Svalbard and Jan Mayen Islands,2011,2.107,north
Svalbard and Jan Mayen Islands,2012,3.825,north
Svalbard and Jan Mayen Islands,2013,2.272,north
Svalbard and Jan Mayen Islands,2014,3.383,north
Svalbard and Jan Mayen Islands,2015,3.314,north
Svalbard and Jan Mayen Islands,2016,5.328,north
Svalbard and Jan Mayen Islands,2017,3.339,north
Svalbard and Jan Mayen Islands,2018,4.066,north
Svalbard and Jan Mayen Islands,2019,2.872,north
Svalbard and Jan Mayen Islands,2020,2.001,north
Sweden,1961,1.577,north
Sweden,1962,-0.687,north
Sweden,1963,-0.46,north
Sweden,1964,0.388,north
Sweden,1965,-0.22,north
Sweden,1966,-1.664,north
Sweden,1967,0.836,north
Sweden,1968,-0.923,north
Sweden,1969,-0.2,north
Sweden,1970,-1.09,north
Sweden,1971,0.036,north
Sweden,1972,0.799,north
Sweden,1973,1.156,north
Sweden,1974,0.945,north
Sweden,1975,1.585,north
Sweden,1976,-0.1,north
Sweden,1977,-0.454,north
Sweden,1978,-0.064,north
Sweden,1979,-1.082,north
Sweden,1980,-0.559,north
Sweden,1981,-0.217,north
Sweden,1982,-0.123,north
Sweden,1983,0.921,north
Sweden,1984,0.596,north
Sweden,1985,-1.02,north
Sweden,1986,-0.479,north
Sweden,1987,-1.187,north
Sweden,1988,0.743,north
Sweden,1989,2.012,north
Sweden,1990,1.708,north
Sweden,1991,1.041,north
Sweden,1992,1.39,north
Sweden,1993,0.828,north
Sweden,1994,0.213,north
Sweden,1995,1.28,north
Sweden,1996,-0.145,north
Sweden,1997,1.002,north
Sweden,1998,0.581,north
Sweden,1999,1.38,north
Sweden,2000,1.739,north
Sweden,2001,1.087,north
Sweden,2002,1.583,north
Sweden,2003,0.932,north
Sweden,2004,1.217,north
Sweden,2005,1.843,north
Sweden,2006,1.504,north
Sweden,2007,1.952,north
Sweden,2008,1.977,north
Sweden,2009,1.45,north
Sweden,2010,-0.263,north
Sweden,2011,1.292,north
Sweden,2012,1.334,north
Sweden,2013,0.874,north
Sweden,2014,2.717,north
Sweden,2015,2.088,north
Sweden,2016,1.855,north
Sweden,2017,1.598,north
Sweden,2018,1.853,north
Sweden,2019,1.576,north
Sweden,2020,2.938,north
Switzerland,1961,0.994,north
Switzerland,1962,-0.351,north
Switzerland,1963,-0.861,north
Switzerland,1964,0.143,north
Switzerland,1965,-0.785,north
Switzerland,1966,0.47,north
Switzerland,1967,0.557,north
Switzerland,1968,-0.06,north
Switzerland,1969,-0.08,north
Switzerland,1970,-0.488,north
Switzerland,1971,-0.076,north
Switzerland,1972,-0.065,north
Switzerland,1973,-0.059,north
Switzerland,1974,0.086,north
Switzerland,1975,0.618,north
Switzerland,1976,0.363,north
Switzerland,1977,0.168,north
Switzerland,1978,-0.366,north
Switzerland,1979,-0.073,north
Switzerland,1980,-0.206,north
Switzerland,1981,-0.026,north
Switzerland,1982,0.569,north
Switzerland,1983,0.859,north
Switzerland,1984,-0.337,north
Switzerland,1985,-0.334,north
Switzerland,1986,0.237,north
Switzerland,1987,-0.014,north
Switzerland,1988,0.909,north
Switzerland,1989,1.133,north
Switzerland,1990,1.412,north
Switzerland,1991,0.318,north
Switzerland,1992,0.953,north
Switzerland,1993,0.549,north
Switzerland,1994,1.846,north
Switzerland,1995,0.993,north
Switzerland,1996,0.025,north
Switzerland,1997,1.058,north
Switzerland,1998,1.103,north
Switzerland,1999,0.97,north
Switzerland,2000,1.411,north
Switzerland,2001,1.44,north
Switzerland,2002,1.252,north
Switzerland,2003,1.845,north
Switzerland,2004,0.973,north
Switzerland,2005,0.809,north
Switzerland,2006,1.094,north
Switzerland,2007,1.812,north
Switzerland,2008,1.204,north
Switzerland,2009,1.378,north
Switzerland,2010,0.459,north
Switzerland,2011,1.666,north
Switzerland,2012,1.509,north
Switzerland,2013,0.779,north
Switzerland,2014,2.15,north
Switzerland,2015,1.956,north
Switzerland,2016,1.84,north
Switzerland,2017,1.818,north
Switzerland,2018,2.334,north
Switzerland,2019,2.095,north
Switzerland,2020,2.503,north
Syrian Arab Republic,1961,-0.017,north
Syrian Arab Republic,1962,0.99,north
Syrian Arab Republic,1963,0.562,north
Syrian Arab Republic,1964,-0.683,north
Syrian Arab Republic,1965,-0.165,north
Syrian Arab Republic,1966,0.934,north
Syrian Arab Republic,1967,-1.006,north
Syrian Arab Republic,1968,-0.178,north
Syrian Arab Republic,1969,0.166,north
Syrian Arab Republic,1970,0.648,north
Syrian Arab Republic,1971,-0.177,north
Syrian Arab Republic,1972,-0.921,north
Syrian Arab Republic,1973,-0.435,north
Syrian Arab Republic,1974,-0.211,north
Syrian Arab Republic,1975,-0.211,north
Syrian Arab Republic,1976,-0.866,north
Syrian Arab Republic,1977,0.153,north
Syrian Arab Republic,1978,0.137,north
Syrian Arab Republic,1979,0.887,north
Syrian Arab Republic,1980,-0.21,north
Syrian Arab Republic,1981,0.105,north
Syrian Arab Republic,1982,-0.576,north
Syrian Arab Republic,1983,-0.894,north
Syrian Arab Republic,1984,-0.04,north
Syrian Arab Republic,1985,-0.072,north
Syrian Arab Republic,1986,0.36,north
Syrian Arab Republic,1987,-0.225,north
Syrian Arab Republic,1988,-0.255,north
Syrian Arab Republic,1989,0.318,north
Syrian Arab Republic,1990,0.128,north
Syrian Arab Republic,1991,0.44,north
Syrian Arab Republic,1992,-1.16,north
Syrian Arab Republic,1993,-0.607,north
Syrian Arab Republic,1994,1.24,north
Syrian Arab Republic,1995,0.128,north
Syrian Arab Republic,1996,0.43,north
Syrian Arab Republic,1997,-0.145,north
Syrian Arab Republic,1998,1.12,north
Syrian Arab Republic,1999,1.239,north
Syrian Arab Republic,2000,0.633,north
Syrian Arab Republic,2001,1.128,north
Syrian Arab Republic,2002,0.833,north
Syrian Arab Republic,2003,0.51,north
Syrian Arab Republic,2004,0.614,north
Syrian Arab Republic,2005,0.21,north
Syrian Arab Republic,2006,0.996,north
Syrian Arab Republic,2007,0.77,north
Syrian Arab Republic,2008,1.005,north
Syrian Arab Republic,2009,0.641,north
Syrian Arab Republic,2010,2.441,north
Syrian Arab Republic,2011,0.624,north
Syrian Arab Republic,2012,1.01,north
Syrian Arab Republic,2013,1.344,north
Syrian Arab Republic,2014,1.215,north
Syrian Arab Republic,2015,1.36,north
Syrian Arab Republic,2016,1.857,north
Syrian Arab Republic,2017,1.224,north
Syrian Arab Republic,2018,2.462,north
Syrian Arab Republic,2019,1.652,north
Syrian Arab Republic,2020,1.984,north
Thailand,1961,-0.155,north
Thailand,1962,-0.151,north
Thailand,1963,-0.322,north
Thailand,1964,-0.033,north
Thailand,1965,-0.222,north
Thailand,1966,0.408,north
Thailand,1967,-0.039,north
Thailand,1968,-0.115,north
Thailand,1969,0.46,north
Thailand,1970,0.004,north
Thailand,1971,-0.479,north
Thailand,1972,0.03,north
Thailand,1973,0.361,north
Thailand,1974,-0.468,north
Thailand,1975,0.088,north
Thailand,1976,-0.515,north
Thailand,1977,0.088,north
Thailand,1978,0.27,north
Thailand,1979,0.575,north
Thailand,1980,0.503,north
Thailand,1981,0.314,north
Thailand,1982,0.146,north
Thailand,1983,0.435,north
Thailand,1984,0.088,north
Thailand,1985,0.286,north
Thailand,1986,0.071,north
Thailand,1987,0.76,north
Thailand,1988,0.284,north
Thailand,1989,0.322,north
Thailand,1990,0.529,north
Thailand,1991,0.669,north
Thailand,1992,0.387,north
Thailand,1993,0.33,north
Thailand,1994,0.377,north
Thailand,1995,0.698,north
Thailand,1996,0.26,north
Thailand,1997,0.426,north
Thailand,1998,1.463,north
Thailand,1999,0.429,north
Thailand,2000,0.076,north
Thailand,2001,0.68,north
Thailand,2002,0.673,north
Thailand,2003,0.803,north
Thailand,2004,0.549,north
Thailand,2005,0.887,north
Thailand,2006,0.685,north
Thailand,2007,0.557,north
Thailand,2008,0.416,north
Thailand,2009,0.524,north
Thailand,2010,1.316,north
Thailand,2011,0.281,north
Thailand,2012,0.934,north
Thailand,2013,1.123,north
Thailand,2014,0.709,north
Thailand,2015,1.209,north
Thailand,2016,1.461,north
Thailand,2017,1.011,north
Thailand,2018,0.822,north
Thailand,2019,1.749,north
Thailand,2020,1.515,north
Timor-Leste,1961,-0.444,south
Timor-Leste,1962,-0.081,south
Timor-Leste,1963,-0.702,south
Timor-Leste,1964,-0.242,south
Timor-Leste,1965,-0.0395,south
Timor-Leste,1966,0.163,south
Timor-Leste,1967,-0.28,south
Timor-Leste,1968,0.114,south
Timor-Leste,1969,0.264,south
Timor-Leste,1970,0.425,south
Timor-Leste,1971,0.226,south
Timor-Leste,1972,-0.068,south
Timor-Leste,1973,0.756,south
Timor-Leste,1974,-0.316,south
Timor-Leste,1975,-0.0683,south
Timor-Leste,1976,0.1793,south
Timor-Leste,1977,0.427,south
Timor-Leste,1978,0.874,south
Timor-Leste,1979,0.392,south
Timor-Leste,1980,0.456,south
Timor-Leste,1981,0.8,south
Timor-Leste,1982,-0.347,south
Timor-Leste,1983,0.427,south
Timor-Leste,1984,0.158,south
Timor-Leste,1985,0.577,south
Timor-Leste,1986,0.205,south
Timor-Leste,1987,-0.0165,south
Timor-Leste,1988,-0.238,south
Timor-Leste,1989,-0.4595,south
Timor-Leste,1990,-0.681,south
Timor-Leste,1991,-0.483,south
Timor-Leste,1992,-0.285,south
Timor-Leste,1993,-0.087,south
Timor-Leste,1994,0.111,south
Timor-Leste,1995,0.309,south
Timor-Leste,1996,0.295,south
Timor-Leste,1997,0.022,south
Timor-Leste,1998,0.909,south
Timor-Leste,1999,0.044,south
Timor-Leste,2000,0.132,south
Timor-Leste,2001,0.22,south
Timor-Leste,2002,0.308,south
Timor-Leste,2003,0.396,south
Timor-Leste,2004,0.46,south
Timor-Leste,2005,1.126,south
Timor-Leste,2006,0.177,south
Timor-Leste,2007,0.472,south
Timor-Leste,2008,0.21,south
Timor-Leste,2009,0.608,south
Timor-Leste,2010,0.845,south
Timor-Leste,2011,-0.067,south
Timor-Leste,2012,0.2005,south
Timor-Leste,2013,0.468,south
Timor-Leste,2014,0.552,south
Timor-Leste,2015,0.627,south
Timor-Leste,2016,1.556,south
Timor-Leste,2017,0.858,south
Timor-Leste,2018,0.761,south
Timor-Leste,2019,0.664,south
Timor-Leste,2020,1.452,south
Togo,1961,-0.05,north
Togo,1962,-0.145,north
Togo,1963,0.101,north
Togo,1964,-0.129,north
Togo,1965,-0.051,north
Togo,1966,0.074,north
Togo,1967,-0.215,north
Togo,1968,-0.102,north
Togo,1969,0.298,north
Togo,1970,0.327,north
Togo,1971,-0.164,north
Togo,1972,0.16,north
Togo,1973,0.582,north
Togo,1974,-0.066,north
Togo,1975,-0.28,north
Togo,1976,-0.321,north
Togo,1977,0.334,north
Togo,1978,-0.071,north
Togo,1979,0.437,north
Togo,1980,0.422,north
Togo,1981,0.171,north
Togo,1982,0.174,north
Togo,1983,0.675,north
Togo,1984,0.576,north
Togo,1985,0.393,north
Togo,1986,0.246,north
Togo,1987,0.99,north
Togo,1988,0.639,north
Togo,1989,0.108,north
Togo,1990,0.639,north
Togo,1991,0.277,north
Togo,1992,0.082,north
Togo,1993,0.495,north
Togo,1994,0.482,north
Togo,1995,0.552,north
Togo,1996,0.665,north
Togo,1997,0.57,north
Togo,1998,1.095,north
Togo,1999,0.587,north
Togo,2000,0.54,north
Togo,2001,0.675,north
Togo,2002,0.738,north
Togo,2003,1.043,north
Togo,2004,0.771,north
Togo,2005,0.992,north
Togo,2006,1.024,north
Togo,2007,0.926,north
Togo,2008,0.772,north
Togo,2009,0.937,north
Togo,2010,1.316,north
Togo,2011,0.923,north
Togo,2012,0.628,north
Togo,2013,0.821,north
Togo,2014,0.935,north
Togo,2015,1.197,north
Togo,2016,1.257,north
Togo,2017,1.351,north
Togo,2018,1.179,north
Togo,2019,1.335,north
Togo,2020,1.233,north
Tokelau,1961,-0.043,south
Tokelau,1962,0.114,south
Tokelau,1963,0.16,south
Tokelau,1964,-0.27,south
Tokelau,1965,-0.08,south
Tokelau,1966,0.042,south
Tokelau,1967,-0.305,south
Tokelau,1968,-0.218,south
Tokelau,1969,0.127,south
Tokelau,1970,-0.394,south
Tokelau,1971,-0.377,south
Tokelau,1972,0.09,south
Tokelau,1973,0.086,south
Tokelau,1974,-0.329,south
Tokelau,1975,-0.35,south
Tokelau,1976,0.126,south
Tokelau,1977,0.19,south
Tokelau,1978,0.183,south
Tokelau,1979,0.552,south
Tokelau,1980,0.346,south
Tokelau,1981,0.282,south
Tokelau,1982,0.332,south
Tokelau,1983,0.193,south
Tokelau,1984,0.104,south
Tokelau,1985,0.241,south
Tokelau,1986,0.313,south
Tokelau,1987,0.425,south
Tokelau,1988,0.135,south
Tokelau,1989,0.106,south
Tokelau,1990,0.528,south
Tokelau,1991,1.028,south
Tokelau,1992,1.028,south
Tokelau,1993,1.028,south
Tokelau,1994,1.028,south
Tokelau,1995,1.028,south
Tokelau,1996,1.028,south
Tokelau,1997,1.028,south
Tokelau,1998,1.028,south
Tokelau,1999,1.028,south
Tokelau,2000,1.028,south
Tokelau,2001,1.028,south
Tokelau,2002,1.028,south
Tokelau,2003,1.028,south
Tokelau,2004,1.028,south
Tokelau,2005,1.028,south
Tokelau,2006,1.028,south
Tokelau,2007,1.028,south
Tokelau,2008,1.028,south
Tokelau,2009,1.028,south
Tokelau,2010,1.028,south
Tokelau,2011,1.028,south
Tokelau,2012,1.028,south
Tokelau,2013,1.028,south
Tokelau,2014,1.028,south
Tokelau,2015,1.028,south
Tokelau,2016,1.028,south
Tokelau,2017,1.028,south
Tokelau,2018,1.028,south
Tokelau,2019,1.028,south
Tokelau,2020,1.028,south
Tonga,1961,0.38,south
Tonga,1962,-0.132,south
Tonga,1963,-0.229,south
Tonga,1964,0.295,south
Tonga,1965,-0.546,south
Tonga,1966,-0.348,south
Tonga,1967,-0.142,south
Tonga,1968,0.072,south
Tonga,1969,-0.138,south
Tonga,1970,0.311,south
Tonga,1971,0.128,south
Tonga,1972,-0.101,south
Tonga,1973,0.326,south
Tonga,1974,-0.016,south
Tonga,1975,-0.048,south
Tonga,1976,-0.297,south
Tonga,1977,-0.135,south
Tonga,1978,0.054,south
Tonga,1979,0.098,south
Tonga,1980,0.062,south
Tonga,1981,-0.001,south
Tonga,1982,0.043,south
Tonga,1983,-0.054,south
Tonga,1984,0.172,south
Tonga,1985,0.084,south
Tonga,1986,-0.136,south
Tonga,1987,-0.19,south
Tonga,1988,0.616,south
Tonga,1989,0.251,south
Tonga,1990,0.142,south
Tonga,1991,0.098,south
Tonga,1992,-0.017,south
Tonga,1993,-0.272,south
Tonga,1994,0.035,south
Tonga,1995,0.357,south
Tonga,1996,0.281,south
Tonga,1997,0.209,south
Tonga,1998,0.323,south
Tonga,1999,0.24,south
Tonga,2000,0.393,south
Tonga,2001,0.658,south
Tonga,2002,0.816,south
Tonga,2003,0.551,south
Tonga,2004,0.644,south
Tonga,2005,0.754,south
Tonga,2006,0.539,south
Tonga,2007,0.81,south
Tonga,2008,0.281,south
Tonga,2009,0.346,south
Tonga,2010,0.889,south
Tonga,2011,0.616,south
Tonga,2012,0.681,south
Tonga,2013,0.819,south
Tonga,2014,0.742,south
Tonga,2015,0.789,south
Tonga,2016,1.313,south
Tonga,2017,1.106,south
Tonga,2018,1.048,south
Tonga,2019,1.63,south
Tonga,2020,1.424,south
Trinidad and Tobago,1961,0.183,north
Trinidad and Tobago,1962,-0.128,north
Trinidad and Tobago,1963,0.275,north
Trinidad and Tobago,1964,-0.097,north
Trinidad and Tobago,1965,-0.184,north
Trinidad and Tobago,1966,0.113,north
Trinidad and Tobago,1967,-0.14,north
Trinidad and Tobago,1968,-0.218,north
Trinidad and Tobago,1969,0.456,north
Trinidad and Tobago,1970,0.275,north
Trinidad and Tobago,1971,-0.35,north
Trinidad and Tobago,1972,-0.136,north
Trinidad and Tobago,1973,0.132,north
Trinidad and Tobago,1974,-0.321,north
Trinidad and Tobago,1975,-0.321,north
Trinidad and Tobago,1976,-0.118,north
Trinidad and Tobago,1977,0.058,north
Trinidad and Tobago,1978,0.172,north
Trinidad and Tobago,1979,0.313,north
Trinidad and Tobago,1980,0.404,north
Trinidad and Tobago,1981,0.379,north
Trinidad and Tobago,1982,0.14,north
Trinidad and Tobago,1983,0.364,north
Trinidad and Tobago,1984,-0.011,north
Trinidad and Tobago,1985,-0.474,north
Trinidad and Tobago,1986,-0.205,north
Trinidad and Tobago,1987,0.548,north
Trinidad and Tobago,1988,0.367,north
Trinidad and Tobago,1989,-0.234,north
Trinidad and Tobago,1990,0.084,north
Trinidad and Tobago,1991,0.211,north
Trinidad and Tobago,1992,0.242,north
Trinidad and Tobago,1993,0.51,north
Trinidad and Tobago,1994,0.316,north
Trinidad and Tobago,1995,0.592,north
Trinidad and Tobago,1996,0.382,north
Trinidad and Tobago,1997,0.439,north
Trinidad and Tobago,1998,0.986,north
Trinidad and Tobago,1999,0.513,north
Trinidad and Tobago,2000,0.353,north
Trinidad and Tobago,2001,0.504,north
Trinidad and Tobago,2002,0.364,north
Trinidad and Tobago,2003,0.678,north
Trinidad and Tobago,2004,0.316,north
Trinidad and Tobago,2005,0.982,north
Trinidad and Tobago,2006,0.499,north
Trinidad and Tobago,2007,0.393,north
Trinidad and Tobago,2008,0.319,north
Trinidad and Tobago,2009,0.503,north
Trinidad and Tobago,2010,1.221,north
Trinidad and Tobago,2011,0.55,north
Trinidad and Tobago,2012,0.508,north
Trinidad and Tobago,2013,0.65,north
Trinidad and Tobago,2014,0.608,north
Trinidad and Tobago,2015,0.75,north
Trinidad and Tobago,2016,0.841,north
Trinidad and Tobago,2017,1.002,north
Trinidad and Tobago,2018,0.349,north
Trinidad and Tobago,2019,0.867,north
Trinidad and Tobago,2020,1.066,north
Tunisia,1961,0.196,north
Tunisia,1962,0.094,north
Tunisia,1963,-0.121,north
Tunisia,1964,0.297,north
Tunisia,1965,-0.148,north
Tunisia,1966,0.521,north
Tunisia,1967,0.055,north
Tunisia,1968,0.072,north
Tunisia,1969,0.13,north
Tunisia,1970,-0.148,north
Tunisia,1971,-0.103,north
Tunisia,1972,-0.209,north
Tunisia,1973,-0.046,north
Tunisia,1974,-0.266,north
Tunisia,1975,-0.282,north
Tunisia,1976,-0.671,north
Tunisia,1977,0.668,north
Tunisia,1978,-0.315,north
Tunisia,1979,0.462,north
Tunisia,1980,-0.138,north
Tunisia,1981,0.146,north
Tunisia,1982,0.872,north
Tunisia,1983,0.28,north
Tunisia,1984,-0.069,north
Tunisia,1985,0.446,north
Tunisia,1986,0.489,north
Tunisia,1987,0.655,north
Tunisia,1988,1.367,north
Tunisia,1989,0.526,north
Tunisia,1990,1.468,north
Tunisia,1991,0.007,north
Tunisia,1992,0.057,north
Tunisia,1993,0.695,north
Tunisia,1994,1.378,north
Tunisia,1995,0.687,north
Tunisia,1996,0.649,north
Tunisia,1997,1.305,north
Tunisia,1998,1.042,north
Tunisia,1999,1.799,north
Tunisia,2000,1.068,north
Tunisia,2001,2.039,north
Tunisia,2002,1.303,north
Tunisia,2003,1.752,north
Tunisia,2004,0.971,north
Tunisia,2005,1.091,north
Tunisia,2006,1.304,north
Tunisia,2007,1.417,north
Tunisia,2008,1.405,north
Tunisia,2009,0.894,north
Tunisia,2010,1.795,north
Tunisia,2011,1.068,north
Tunisia,2012,1.626,north
Tunisia,2013,1.449,north
Tunisia,2014,1.838,north
Tunisia,2015,1.168,north
Tunisia,2016,1.863,north
Tunisia,2017,1.333,north
Tunisia,2018,1.455,north
Tunisia,2019,1.286,north
Tunisia,2020,1.948,north
Turkey,1961,0.197,north
Turkey,1962,1.057,north
Turkey,1963,0.504,north
Turkey,1964,-0.699,north
Turkey,1965,-0.322,north
Turkey,1966,1.433,north
Turkey,1967,-0.822,north
Turkey,1968,-0.022,north
Turkey,1969,-0.063,north
Turkey,1970,0.857,north
Turkey,1971,0.042,north
Turkey,1972,-0.73,north
Turkey,1973,-0.489,north
Turkey,1974,-0.335,north
Turkey,1975,-0.133,north
Turkey,1976,-1.163,north
Turkey,1977,0.184,north
Turkey,1978,-0.062,north
Turkey,1979,0.905,north
Turkey,1980,-0.101,north
Turkey,1981,0.392,north
Turkey,1982,-0.232,north
Turkey,1983,-0.459,north
Turkey,1984,0.33,north
Turkey,1985,-0.078,north
Turkey,1986,0.419,north
Turkey,1987,-0.398,north
Turkey,1988,-0.307,north
Turkey,1989,0.34,north
Turkey,1990,-0.067,north
Turkey,1991,0.218,north
Turkey,1992,-1.244,north
Turkey,1993,-0.82,north
Turkey,1994,1.204,north
Turkey,1995,0.147,north
Turkey,1996,0.274,north
Turkey,1997,-0.005,north
Turkey,1998,1.003,north
Turkey,1999,1.232,north
Turkey,2000,0.516,north
Turkey,2001,1.512,north
Turkey,2002,0.784,north
Turkey,2003,0.288,north
Turkey,2004,0.571,north
Turkey,2005,0.411,north
Turkey,2006,0.862,north
Turkey,2007,0.953,north
Turkey,2008,0.813,north
Turkey,2009,0.649,north
Turkey,2010,2.342,north
Turkey,2011,0.365,north
Turkey,2012,0.94,north
Turkey,2013,1.34,north
Turkey,2014,1.321,north
Turkey,2015,0.811,north
Turkey,2016,1.575,north
Turkey,2017,0.768,north
Turkey,2018,2.629,north
Turkey,2019,1.695,north
Turkey,2020,1.912,north
Turks and Caicos Islands,1961,-0.079,north
Turks and Caicos Islands,1962,-0.227,north
Turks and Caicos Islands,1963,0.045,north
Turks and Caicos Islands,1964,0.254,north
Turks and Caicos Islands,1965,-0.312,north
Turks and Caicos Islands,1966,0.252,north
Turks and Caicos Islands,1967,0.2218,north
Turks and Caicos Islands,1968,0.1916,north
Turks and Caicos Islands,1969,0.1614,north
Turks and Caicos Islands,1970,0.1312,north
Turks and Caicos Islands,1971,0.101,north
Turks and Caicos Islands,1972,0.04,north
Turks and Caicos Islands,1973,0.312,north
Turks and Caicos Islands,1974,0.144,north
Turks and Caicos Islands,1975,0.462,north
Turks and Caicos Islands,1976,-0.146,north
Turks and Caicos Islands,1977,0.389,north
Turks and Caicos Islands,1978,0.843,north
Turks and Caicos Islands,1979,0.187,north
Turks and Caicos Islands,1980,0.391,north
Turks and Caicos Islands,1981,0.391,north
Turks and Caicos Islands,1982,0.391,north
Turks and Caicos Islands,1983,0.391,north
Turks and Caicos Islands,1984,0.391,north
Turks and Caicos Islands,1985,0.391,north
Turks and Caicos Islands,1986,0.391,north
Turks and Caicos Islands,1987,0.391,north
Turks and Caicos Islands,1988,0.391,north
Turks and Caicos Islands,1989,0.391,north
Turks and Caicos Islands,1990,0.391,north
Turks and Caicos Islands,1991,0.391,north
Turks and Caicos Islands,1992,0.391,north
Turks and Caicos Islands,1993,0.391,north
Turks and Caicos Islands,1994,0.391,north
Turks and Caicos Islands,1995,0.391,north
Turks and Caicos Islands,1996,0.391,north
Turks and Caicos Islands,1997,0.391,north
Turks and Caicos Islands,1998,0.391,north
Turks and Caicos Islands,1999,0.391,north
Turks and Caicos Islands,2000,0.391,north
Turks and Caicos Islands,2001,0.391,north
Turks and Caicos Islands,2002,0.391,north
Turks and Caicos Islands,2003,0.391,north
Turks and Caicos Islands,2004,0.391,north
Turks and Caicos Islands,2005,0.391,north
Turks and Caicos Islands,2006,0.391,north
Turks and Caicos Islands,2007,0.391,north
Turks and Caicos Islands,2008,0.391,north
Turks and Caicos Islands,2009,0.391,north
Turks and Caicos Islands,2010,0.391,north
Turks and Caicos Islands,2011,0.391,north
Turks and Caicos Islands,2012,0.391,north
Turks and Caicos Islands,2013,0.391,north
Turks and Caicos Islands,2014,0.391,north
Turks and Caicos Islands,2015,0.391,north
Turks and Caicos Islands,2016,0.391,north
Turks and Caicos Islands,2017,0.391,north
Turks and Caicos Islands,2018,0.391,north
Turks and Caicos Islands,2019,0.391,north
Turks and Caicos Islands,2020,0.391,north
Tuvalu,1961,-0.045,south
Tuvalu,1962,0.11,south
Tuvalu,1963,-0.006,south
Tuvalu,1964,-0.003,south
Tuvalu,1965,-0.304,south
Tuvalu,1966,0.014,south
Tuvalu,1967,-0.226,south
Tuvalu,1968,-0.227,south
Tuvalu,1969,0.211,south
Tuvalu,1970,-0.043,south
Tuvalu,1971,-0.298,south
Tuvalu,1972,-0.162,south
Tuvalu,1973,0.105,south
Tuvalu,1974,-0.387,south
Tuvalu,1975,-0.164,south
Tuvalu,1976,-0.095,south
Tuvalu,1977,-0.138,south
Tuvalu,1978,-0.018,south
Tuvalu,1979,0.163,south
Tuvalu,1980,0.209,south
Tuvalu,1981,0.062,south
Tuvalu,1982,-0.071,south
Tuvalu,1983,-0.141,south
Tuvalu,1984,-0.007,south
Tuvalu,1985,0.109,south
Tuvalu,1986,0.342,south
Tuvalu,1987,-0.114,south
Tuvalu,1988,-0.028,south
Tuvalu,1989,-0.242,south
Tuvalu,1990,0.103,south
Tuvalu,1991,0.428,south
Tuvalu,1992,0.114,south
Tuvalu,1993,-0.089,south
Tuvalu,1994,0.408,south
Tuvalu,1995,0.383,south
Tuvalu,1996,0.281,south
Tuvalu,1997,0.329,south
Tuvalu,1998,0.112,south
Tuvalu,1999,0.31,south
Tuvalu,2000,0.418,south
Tuvalu,2001,0.684,south
Tuvalu,2002,0.708,south
Tuvalu,2003,0.483,south
Tuvalu,2004,0.56,south
Tuvalu,2005,0.71,south
Tuvalu,2006,0.561,south
Tuvalu,2007,0.656,south
Tuvalu,2008,0.278,south
Tuvalu,2009,0.569,south
Tuvalu,2010,0.83,south
Tuvalu,2011,0.708,south
Tuvalu,2012,0.514,south
Tuvalu,2013,0.585,south
Tuvalu,2014,0.548,south
Tuvalu,2015,0.7,south
Tuvalu,2016,0.825,south
Tuvalu,2017,0.915,south
Tuvalu,2018,0.877,south
Tuvalu,2019,0.98,south
Tuvalu,2020,1.098,south
Uganda,1961,-0.013,south
Uganda,1962,-0.271,south
Uganda,1963,-0.184,south
Uganda,1964,-0.238,south
Uganda,1965,-0.126,south
Uganda,1966,-0.02,south
Uganda,1967,-0.1,south
Uganda,1968,-0.281,south
Uganda,1969,0.102,south
Uganda,1970,-0.02,south
Uganda,1971,-0.187,south
Uganda,1972,0.079,south
Uganda,1973,0.353,south
Uganda,1974,-0.128,south
Uganda,1975,-0.049,south
Uganda,1976,-0.01,south
Uganda,1977,0.156,south
Uganda,1978,0.061,south
Uganda,1979,0.391,south
Uganda,1980,0.635,south
Uganda,1981,0.443,south
Uganda,1982,0.46,south
Uganda,1983,0.714,south
Uganda,1984,0.265,south
Uganda,1985,0.13,south
Uganda,1986,0.292,south
Uganda,1987,0.691,south
Uganda,1988,0.524,south
Uganda,1989,-0.019,south
Uganda,1990,0.329,south
Uganda,1991,0.272,south
Uganda,1992,0.312,south
Uganda,1993,0.227,south
Uganda,1994,0.243,south
Uganda,1995,0.475,south
Uganda,1996,0.373,south
Uganda,1997,0.64,south
Uganda,1998,0.473,south
Uganda,1999,-0.062,south
Uganda,2000,0.41,south
Uganda,2001,0.341,south
Uganda,2002,0.736,south
Uganda,2003,0.793,south
Uganda,2004,0.71,south
Uganda,2005,1.354,south
Uganda,2006,1.028,south
Uganda,2007,0.424,south
Uganda,2008,0.603,south
Uganda,2009,1.178,south
Uganda,2010,1.227,south
Uganda,2011,0.844,south
Uganda,2012,0.914,south
Uganda,2013,0.92,south
Uganda,2014,0.911,south
Uganda,2015,0.977,south
Uganda,2016,1.064,south
Uganda,2017,1.449,south
Uganda,2018,0.779,south
Uganda,2019,1.292,south
Uganda,2020,0.934,south
United Arab Emirates,1961,-0.22,north
United Arab Emirates,1962,0.554,north
United Arab Emirates,1963,0.274,north
United Arab Emirates,1964,-0.37,north
United Arab Emirates,1965,0.119,north
United Arab Emirates,1966,0.191,north
United Arab Emirates,1967,-0.2,north
United Arab Emirates,1968,-0.757,north
United Arab Emirates,1969,0.392,north
United Arab Emirates,1970,0.256,north
United Arab Emirates,1971,-0.293,north
United Arab Emirates,1972,-0.435,north
United Arab Emirates,1973,0.017,north
United Arab Emirates,1974,-0.212,north
United Arab Emirates,1975,-0.296,north
United Arab Emirates,1976,-0.542,north
United Arab Emirates,1977,0.421,north
United Arab Emirates,1978,0.064,north
United Arab Emirates,1979,0.496,north
United Arab Emirates,1980,0.469,north
United Arab Emirates,1981,0.31,north
United Arab Emirates,1982,-0.259,north
United Arab Emirates,1983,-0.614,north
United Arab Emirates,1984,-0.128,north
United Arab Emirates,1985,0.238,north
United Arab Emirates,1986,0.3,north
United Arab Emirates,1987,0.266,north
United Arab Emirates,1988,0.312,north
United Arab Emirates,1989,-0.212,north
United Arab Emirates,1990,0.355,north
United Arab Emirates,1991,-0.164,north
United Arab Emirates,1992,-0.492,north
United Arab Emirates,1993,0.137,north
United Arab Emirates,1994,0.566,north
United Arab Emirates,1995,0.023,north
United Arab Emirates,1996,0.478,north
United Arab Emirates,1997,-0.148,north
United Arab Emirates,1998,1.16,north
United Arab Emirates,1999,1.461,north
United Arab Emirates,2000,0.835,north
United Arab Emirates,2001,0.702,north
United Arab Emirates,2002,1.231,north
United Arab Emirates,2003,1.095,north
United Arab Emirates,2004,1.037,north
United Arab Emirates,2005,0.733,north
United Arab Emirates,2006,1.27,north
United Arab Emirates,2007,0.848,north
United Arab Emirates,2008,0.819,north
United Arab Emirates,2009,0.926,north
United Arab Emirates,2010,1.581,north
United Arab Emirates,2011,1.251,north
United Arab Emirates,2012,1.179,north
United Arab Emirates,2013,0.863,north
United Arab Emirates,2014,1.008,north
United Arab Emirates,2015,1.627,north
United Arab Emirates,2016,1.148,north
United Arab Emirates,2017,1.654,north
United Arab Emirates,2018,1.593,north
United Arab Emirates,2019,1.266,north
United Arab Emirates,2020,1.302,north
United Kingdom of Great Britain and Northern Ireland,1961,0.495,north
United Kingdom of Great Britain and Northern Ireland,1962,-0.731,north
United Kingdom of Great Britain and Northern Ireland,1963,-0.867,north
United Kingdom of Great Britain and Northern Ireland,1964,0.026,north
United Kingdom of Great Britain and Northern Ireland,1965,-0.574,north
United Kingdom of Great Britain and Northern Ireland,1966,-0.137,north
United Kingdom of Great Britain and Northern Ireland,1967,0.218,north
United Kingdom of Great Britain and Northern Ireland,1968,-0.068,north
United Kingdom of Great Britain and Northern Ireland,1969,-0.212,north
United Kingdom of Great Britain and Northern Ireland,1970,-0.077,north
United Kingdom of Great Britain and Northern Ireland,1971,0.249,north
United Kingdom of Great Britain and Northern Ireland,1972,-0.059,north
United Kingdom of Great Britain and Northern Ireland,1973,0.199,north
United Kingdom of Great Britain and Northern Ireland,1974,-0.066,north
United Kingdom of Great Britain and Northern Ireland,1975,0.599,north
United Kingdom of Great Britain and Northern Ireland,1976,0.724,north
United Kingdom of Great Britain and Northern Ireland,1977,-0.328,north
United Kingdom of Great Britain and Northern Ireland,1978,0.062,north
United Kingdom of Great Britain and Northern Ireland,1979,-0.792,north
United Kingdom of Great Britain and Northern Ireland,1980,-0.033,north
United Kingdom of Great Britain and Northern Ireland,1981,0.162,north
United Kingdom of Great Britain and Northern Ireland,1982,0.104,north
United Kingdom of Great Britain and Northern Ireland,1983,0.337,north
United Kingdom of Great Britain and Northern Ireland,1984,0.326,north
United Kingdom of Great Britain and Northern Ireland,1985,-0.532,north
United Kingdom of Great Britain and Northern Ireland,1986,-0.603,north
United Kingdom of Great Britain and Northern Ireland,1987,-0.293,north
United Kingdom of Great Britain and Northern Ireland,1988,0.296,north
United Kingdom of Great Britain and Northern Ireland,1989,1.129,north
United Kingdom of Great Britain and Northern Ireland,1990,0.998,north
United Kingdom of Great Britain and Northern Ireland,1991,0.193,north
United Kingdom of Great Britain and Northern Ireland,1992,0.506,north
United Kingdom of Great Britain and Northern Ireland,1993,-0.028,north
United Kingdom of Great Britain and Northern Ireland,1994,0.402,north
United Kingdom of Great Britain and Northern Ireland,1995,1.111,north
United Kingdom of Great Britain and Northern Ireland,1996,-0.149,north
United Kingdom of Great Britain and Northern Ireland,1997,0.875,north
United Kingdom of Great Britain and Northern Ireland,1998,0.855,north
United Kingdom of Great Britain and Northern Ireland,1999,1.127,north
United Kingdom of Great Britain and Northern Ireland,2000,0.716,north
United Kingdom of Great Britain and Northern Ireland,2001,0.626,north
United Kingdom of Great Britain and Northern Ireland,2002,1.007,north
United Kingdom of Great Britain and Northern Ireland,2003,1.188,north
United Kingdom of Great Britain and Northern Ireland,2004,1.03,north
United Kingdom of Great Britain and Northern Ireland,2005,1.114,north
United Kingdom of Great Britain and Northern Ireland,2006,1.244,north
United Kingdom of Great Britain and Northern Ireland,2007,1.327,north
United Kingdom of Great Britain and Northern Ireland,2008,0.832,north
United Kingdom of Great Britain and Northern Ireland,2009,0.945,north
United Kingdom of Great Britain and Northern Ireland,2010,-0.063,north
United Kingdom of Great Britain and Northern Ireland,2011,0.84,north
United Kingdom of Great Britain and Northern Ireland,2012,0.571,north
United Kingdom of Great Britain and Northern Ireland,2013,0.367,north
United Kingdom of Great Britain and Northern Ireland,2014,1.717,north
United Kingdom of Great Britain and Northern Ireland,2015,0.61,north
United Kingdom of Great Britain and Northern Ireland,2016,1.165,north
United Kingdom of Great Britain and Northern Ireland,2017,1.43,north
United Kingdom of Great Britain and Northern Ireland,2018,1.013,north
United Kingdom of Great Britain and Northern Ireland,2019,1.248,north
United Kingdom of Great Britain and Northern Ireland,2020,1.392,north
United Republic of Tanzania,1961,0.356,south
United Republic of Tanzania,1962,-0.272,south
United Republic of Tanzania,1963,-0.289,south
United Republic of Tanzania,1964,-0.402,south
United Republic of Tanzania,1965,-0.214,south
United Republic of Tanzania,1966,0.079,south
United Republic of Tanzania,1967,0.059,south
United Republic of Tanzania,1968,-0.444,south
United Republic of Tanzania,1969,0.375,south
United Republic of Tanzania,1970,0.222,south
United Republic of Tanzania,1971,-0.262,south
United Republic of Tanzania,1972,0.031,south
United Republic of Tanzania,1973,0.358,south
United Republic of Tanzania,1974,-0.112,south
United Republic of Tanzania,1975,-0.012,south
United Republic of Tanzania,1976,0.002,south
United Republic of Tanzania,1977,0.319,south
United Republic of Tanzania,1978,0.079,south
United Republic of Tanzania,1979,-0.156,south
United Republic of Tanzania,1980,0.385,south
United Republic of Tanzania,1981,0.3,south
United Republic of Tanzania,1982,0.334,south
United Republic of Tanzania,1983,0.612,south
United Republic of Tanzania,1984,0.008,south
United Republic of Tanzania,1985,-0.044,south
United Republic of Tanzania,1986,0.077,south
United Republic of Tanzania,1987,0.532,south
United Republic of Tanzania,1988,0.607,south
United Republic of Tanzania,1989,-0.165,south
United Republic of Tanzania,1990,0.118,south
United Republic of Tanzania,1991,0.253,south
United Republic of Tanzania,1992,0.257,south
United Republic of Tanzania,1993,-0.016,south
United Republic of Tanzania,1994,0.338,south
United Republic of Tanzania,1995,0.268,south
United Republic of Tanzania,1996,0.149,south
United Republic of Tanzania,1997,0.519,south
United Republic of Tanzania,1998,0.445,south
United Republic of Tanzania,1999,-0.31,south
United Republic of Tanzania,2000,0.454,south
United Republic of Tanzania,2001,0.355,south
United Republic of Tanzania,2002,0.584,south
United Republic of Tanzania,2003,0.983,south
United Republic of Tanzania,2004,0.857,south
United Republic of Tanzania,2005,1.05,south
United Republic of Tanzania,2006,0.905,south
United Republic of Tanzania,2007,0.802,south
United Republic of Tanzania,2008,0.509,south
United Republic of Tanzania,2009,0.944,south
United Republic of Tanzania,2010,1.111,south
United Republic of Tanzania,2011,0.837,south
United Republic of Tanzania,2012,0.945,south
United Republic of Tanzania,2013,1.012,south
United Republic of Tanzania,2014,1.028,south
United Republic of Tanzania,2015,1.278,south
United Republic of Tanzania,2016,1.127,south
United Republic of Tanzania,2017,1.577,south
United Republic of Tanzania,2018,1.099,south
United Republic of Tanzania,2019,1.468,south
United Republic of Tanzania,2020,1.175,south
United States Virgin Islands,1961,0.072,north
United States Virgin Islands,1962,-0.019,north
United States Virgin Islands,1963,0.146,north
United States Virgin Islands,1964,0.147,north
United States Virgin Islands,1965,-0.286,north
United States Virgin Islands,1966,-0.038,north
United States Virgin Islands,1967,-0.288,north
United States Virgin Islands,1968,-0.34,north
United States Virgin Islands,1969,0.34,north
United States Virgin Islands,1970,0.035,north
United States Virgin Islands,1971,-0.343,north
United States Virgin Islands,1972,-0.102,north
United States Virgin Islands,1973,0.165,north
United States Virgin Islands,1974,-0.377,north
United States Virgin Islands,1975,-0.29,north
United States Virgin Islands,1976,-0.42,north
United States Virgin Islands,1977,0.172,north
United States Virgin Islands,1978,0.106,north
United States Virgin Islands,1979,-0.09,north
United States Virgin Islands,1980,0.681,north
United States Virgin Islands,1981,0.484,north
United States Virgin Islands,1982,0.026,north
United States Virgin Islands,1983,0.499,north
United States Virgin Islands,1984,0.124,north
United States Virgin Islands,1985,-0.048,north
United States Virgin Islands,1986,0.005,north
United States Virgin Islands,1987,0.452,north
United States Virgin Islands,1988,0.426,north
United States Virgin Islands,1989,-0.071,north
United States Virgin Islands,1990,0.303,north
United States Virgin Islands,1991,0.208,north
United States Virgin Islands,1992,0.129,north
United States Virgin Islands,1993,0.366,north
United States Virgin Islands,1994,0.489,north
United States Virgin Islands,1995,0.451,north
United States Virgin Islands,1996,0.209,north
United States Virgin Islands,1997,0.38,north
United States Virgin Islands,1998,0.981,north
United States Virgin Islands,1999,0.486,north
United States Virgin Islands,2000,0.058,north
United States Virgin Islands,2001,0.508,north
United States Virgin Islands,2002,0.669,north
United States Virgin Islands,2003,0.758,north
United States Virgin Islands,2004,0.42,north
United States Virgin Islands,2005,0.667,north
United States Virgin Islands,2006,0.52,north
United States Virgin Islands,2007,0.778,north
United States Virgin Islands,2008,0.256,north
United States Virgin Islands,2009,0.527,north
United States Virgin Islands,2010,0.924,north
United States Virgin Islands,2011,0.305,north
United States Virgin Islands,2012,0.535,north
United States Virgin Islands,2013,0.618,north
United States Virgin Islands,2014,0.74,north
United States Virgin Islands,2015,0.944,north
United States Virgin Islands,2016,1.048,north
United States Virgin Islands,2017,0.755,north
United States Virgin Islands,2018,0.571,north
United States Virgin Islands,2019,0.775,north
United States Virgin Islands,2020,1.216,north
United States of America,1961,0.006,north
United States of America,1962,-0.019,north
United States of America,1963,0.42,north
United States of America,1964,-0.28,north
United States of America,1965,-0.354,north
United States of America,1966,-0.21,north
United States of America,1967,0.078,north
United States of America,1968,-0.074,north
United States of America,1969,-0.267,north
United States of America,1970,-0.03,north
United States of America,1971,-0.417,north
United States of America,1972,-0.248,north
United States of America,1973,-0.015,north
United States of America,1974,0.081,north
United States of America,1975,-0.386,north
United States of America,1976,-0.125,north
United States of America,1977,0.391,north
United States of America,1978,0.029,north
United States of America,1979,-0.308,north
United States of America,1980,0.405,north
United States of America,1981,0.864,north
United States of America,1982,-0.342,north
United States of America,1983,0.532,north
United States of America,1984,-0.231,north
United States of America,1985,-0.026,north
United States of America,1986,0.577,north
United States of America,1987,0.904,north
United States of America,1988,0.463,north
United States of America,1989,0.319,north
United States of America,1990,0.668,north
United States of America,1991,0.522,north
United States of America,1992,0.394,north
United States of America,1993,0.007,north
United States of America,1994,0.465,north
United States of America,1995,0.629,north
United States of America,1996,-0.009,north
United States of America,1997,0.391,north
United States of America,1998,1.268,north
United States of America,1999,0.755,north
United States of America,2000,1.0,north
United States of America,2001,0.784,north
United States of America,2002,0.953,north
United States of America,2003,0.992,north
United States of America,2004,0.866,north
United States of America,2005,1.157,north
United States of America,2006,1.028,north
United States of America,2007,1.147,north
United States of America,2008,0.215,north
United States of America,2009,0.399,north
United States of America,2010,0.694,north
United States of America,2011,0.539,north
United States of America,2012,1.451,north
United States of America,2013,0.618,north
United States of America,2014,0.504,north
United States of America,2015,1.534,north
United States of America,2016,2.229,north
United States of America,2017,1.437,north
United States of America,2018,1.278,north
United States of America,2019,1.04,north
United States of America,2020,1.331,north
Uruguay,1961,0.428,south
Uruguay,1962,-0.45,south
Uruguay,1963,0.314,south
Uruguay,1964,-0.78,south
Uruguay,1965,0.16,south
Uruguay,1966,-0.446,south
Uruguay,1967,-0.015,south
Uruguay,1968,0.355,south
Uruguay,1969,0.111,south
Uruguay,1970,0.358,south
Uruguay,1971,-0.362,south
Uruguay,1972,0.212,south
Uruguay,1973,-0.159,south
Uruguay,1974,-0.075,south
Uruguay,1975,-0.01,south
Uruguay,1976,-0.368,south
Uruguay,1977,0.463,south
Uruguay,1978,0.075,south
Uruguay,1979,0.087,south
Uruguay,1980,0.538,south
Uruguay,1981,0.489,south
Uruguay,1982,0.549,south
Uruguay,1983,-0.082,south
Uruguay,1984,0.074,south
Uruguay,1985,0.397,south
Uruguay,1986,0.724,south
Uruguay,1987,0.297,south
Uruguay,1988,-0.525,south
Uruguay,1989,0.723,south
Uruguay,1990,0.564,south
Uruguay,1991,0.323,south
Uruguay,1992,0.161,south
Uruguay,1993,0.29,south
Uruguay,1994,0.459,south
Uruguay,1995,0.315,south
Uruguay,1996,0.504,south
Uruguay,1997,1.153,south
Uruguay,1998,0.168,south
Uruguay,1999,0.129,south
Uruguay,2000,0.402,south
Uruguay,2001,1.312,south
Uruguay,2002,0.673,south
Uruguay,2003,0.375,south
Uruguay,2004,0.53,south
Uruguay,2005,0.854,south
Uruguay,2006,0.639,south
Uruguay,2007,0.19,south
Uruguay,2008,0.795,south
Uruguay,2009,0.591,south
Uruguay,2010,0.344,south
Uruguay,2011,0.528,south
Uruguay,2012,0.933,south
Uruguay,2013,0.229,south
Uruguay,2014,1.249,south
Uruguay,2015,1.133,south
Uruguay,2016,0.417,south
Uruguay,2017,1.667,south
Uruguay,2018,1.327,south
Uruguay,2019,0.913,south
Uruguay,2020,1.109,south
Vanuatu,1961,0.211,south
Vanuatu,1962,0.122,south
Vanuatu,1963,-0.145,south
Vanuatu,1964,0.23,south
Vanuatu,1965,-0.535,south
Vanuatu,1966,-0.227,south
Vanuatu,1967,-0.113,south
Vanuatu,1968,-0.277,south
Vanuatu,1969,0.019,south
Vanuatu,1970,0.307,south
Vanuatu,1971,-0.005,south
Vanuatu,1972,-0.315,south
Vanuatu,1973,0.54,south
Vanuatu,1974,0.316,south
Vanuatu,1975,0.298,south
Vanuatu,1976,0.029,south
Vanuatu,1977,-0.077,south
Vanuatu,1978,0.005,south
Vanuatu,1979,-0.041,south
Vanuatu,1980,-0.049,south
Vanuatu,1981,-0.049,south
Vanuatu,1982,-0.099,south
Vanuatu,1983,0.141,south
Vanuatu,1984,-0.048,south
Vanuatu,1985,0.339,south
Vanuatu,1986,-0.254,south
Vanuatu,1987,-0.325,south
Vanuatu,1988,0.534,south
Vanuatu,1989,-0.035,south
Vanuatu,1990,0.267,south
Vanuatu,1991,-0.075,south
Vanuatu,1992,-0.093,south
Vanuatu,1993,-0.405,south
Vanuatu,1994,-0.12,south
Vanuatu,1995,0.268,south
Vanuatu,1996,0.376,south
Vanuatu,1997,0.167,south
Vanuatu,1998,0.817,south
Vanuatu,1999,1.005,south
Vanuatu,2000,0.842,south
Vanuatu,2001,0.575,south
Vanuatu,2002,0.554,south
Vanuatu,2003,0.342,south
Vanuatu,2004,0.457,south
Vanuatu,2005,0.546,south
Vanuatu,2006,0.413,south
Vanuatu,2007,0.827,south
Vanuatu,2008,0.739,south
Vanuatu,2009,0.453,south
Vanuatu,2010,0.866,south
Vanuatu,2011,0.705,south
Vanuatu,2012,0.394,south
Vanuatu,2013,0.702,south
Vanuatu,2014,0.59,south
Vanuatu,2015,0.576,south
Vanuatu,2016,1.123,south
Vanuatu,2017,1.02,south
Vanuatu,2018,0.364,south
Vanuatu,2019,0.691,south
Vanuatu,2020,1.0,south
Venezuela (Bolivarian Republic of),1961,0.106,south
Venezuela (Bolivarian Republic of),1962,-0.093,south
Venezuela (Bolivarian Republic of),1963,0.011,south
Venezuela (Bolivarian Republic of),1964,0.071,south
Venezuela (Bolivarian Republic of),1965,-0.114,south
Venezuela (Bolivarian Republic of),1966,0.224,south
Venezuela (Bolivarian Republic of),1967,-0.226,south
Venezuela (Bolivarian Republic of),1968,-0.174,south
Venezuela (Bolivarian Republic of),1969,0.542,south
Venezuela (Bolivarian Republic of),1970,0.172,south
Venezuela (Bolivarian Republic of),1971,-0.419,south
Venezuela (Bolivarian Republic of),1972,-0.073,south
Venezuela (Bolivarian Republic of),1973,0.26,south
Venezuela (Bolivarian Republic of),1974,-0.315,south
Venezuela (Bolivarian Republic of),1975,-0.336,south
Venezuela (Bolivarian Republic of),1976,-0.419,south
Venezuela (Bolivarian Republic of),1977,0.229,south
Venezuela (Bolivarian Republic of),1978,0.157,south
Venezuela (Bolivarian Republic of),1979,0.241,south
Venezuela (Bolivarian Republic of),1980,0.402,south
Venezuela (Bolivarian Republic of),1981,0.258,south
Venezuela (Bolivarian Republic of),1982,0.12,south
Venezuela (Bolivarian Republic of),1983,0.533,south
Venezuela (Bolivarian Republic of),1984,-0.039,south
Venezuela (Bolivarian Republic of),1985,-0.384,south
Venezuela (Bolivarian Republic of),1986,-0.152,south
Venezuela (Bolivarian Republic of),1987,0.466,south
Venezuela (Bolivarian Republic of),1988,0.127,south
Venezuela (Bolivarian Republic of),1989,-0.288,south
Venezuela (Bolivarian Republic of),1990,0.34,south
Venezuela (Bolivarian Republic of),1991,0.335,south
Venezuela (Bolivarian Republic of),1992,0.317,south
Venezuela (Bolivarian Republic of),1993,0.359,south
Venezuela (Bolivarian Republic of),1994,0.144,south
Venezuela (Bolivarian Republic of),1995,0.518,south
Venezuela (Bolivarian Republic of),1996,0.35,south
Venezuela (Bolivarian Republic of),1997,0.36,south
Venezuela (Bolivarian Republic of),1998,0.853,south
Venezuela (Bolivarian Republic of),1999,0.191,south
Venezuela (Bolivarian Republic of),2000,0.082,south
Venezuela (Bolivarian Republic of),2001,0.428,south
Venezuela (Bolivarian Republic of),2002,0.432,south
Venezuela (Bolivarian Republic of),2003,0.853,south
Venezuela (Bolivarian Republic of),2004,0.508,south
Venezuela (Bolivarian Republic of),2005,0.664,south
Venezuela (Bolivarian Republic of),2006,0.495,south
Venezuela (Bolivarian Republic of),2007,0.549,south
Venezuela (Bolivarian Republic of),2008,0.384,south
Venezuela (Bolivarian Republic of),2009,0.675,south
Venezuela (Bolivarian Republic of),2010,1.058,south
Venezuela (Bolivarian Republic of),2011,0.407,south
Venezuela (Bolivarian Republic of),2012,0.331,south
Venezuela (Bolivarian Republic of),2013,0.736,south
Venezuela (Bolivarian Republic of),2014,0.755,south
Venezuela (Bolivarian Republic of),2015,1.022,south
Venezuela (Bolivarian Republic of),2016,0.988,south
Venezuela (Bolivarian Republic of),2017,0.625,south
Venezuela (Bolivarian Republic of),2018,0.73,south
Venezuela (Bolivarian Republic of),2019,1.054,south
Venezuela (Bolivarian Republic of),2020,1.184,south
Viet Nam,1961,0.022,north
Viet Nam,1962,-0.234,north
Viet Nam,1963,-0.311,north
Viet Nam,1964,0.079,north
Viet Nam,1965,-0.025,north
Viet Nam,1966,0.481,north
Viet Nam,1967,-0.127,north
Viet Nam,1968,-0.308,north
Viet Nam,1969,0.529,north
Viet Nam,1970,-0.072,north
Viet Nam,1971,-0.48,north
Viet Nam,1972,-0.002,north
Viet Nam,1973,0.473,north
Viet Nam,1974,-0.375,north
Viet Nam,1975,0.18,north
Viet Nam,1976,-0.552,north
Viet Nam,1977,-0.043,north
Viet Nam,1978,0.103,north
Viet Nam,1979,0.381,north
Viet Nam,1980,0.333,north
Viet Nam,1981,0.474,north
Viet Nam,1982,0.17,north
Viet Nam,1983,0.035,north
Viet Nam,1984,-0.161,north
Viet Nam,1985,-0.06,north
Viet Nam,1986,0.045,north
Viet Nam,1987,1.0,north
Viet Nam,1988,0.14,north
Viet Nam,1989,-0.007,north
Viet Nam,1990,0.351,north
Viet Nam,1991,0.554,north
Viet Nam,1992,0.03,north
Viet Nam,1993,0.283,north
Viet Nam,1994,0.294,north
Viet Nam,1995,0.354,north
Viet Nam,1996,-0.009,north
Viet Nam,1997,0.303,north
Viet Nam,1998,1.304,north
Viet Nam,1999,0.788,north
Viet Nam,2000,0.178,north
Viet Nam,2001,0.716,north
Viet Nam,2002,0.72,north
Viet Nam,2003,1.054,north
Viet Nam,2004,0.413,north
Viet Nam,2005,0.861,north
Viet Nam,2006,0.912,north
Viet Nam,2007,0.532,north
Viet Nam,2008,0.226,north
Viet Nam,2009,0.701,north
Viet Nam,2010,1.115,north
Viet Nam,2011,0.145,north
Viet Nam,2012,0.77,north
Viet Nam,2013,0.927,north
Viet Nam,2014,0.539,north
Viet Nam,2015,1.216,north
Viet Nam,2016,1.164,north
Viet Nam,2017,1.118,north
Viet Nam,2018,0.822,north
Viet Nam,2019,1.776,north
Viet Nam,2020,1.506,north
Wake Island,1961,,north
Wake Island,1962,,north
Wake Island,1963,,north
Wake Island,1964,,north
Wake Island,1965,,north
Wake Island,1966,,north
Wake Island,1967,,north
Wake Island,1968,,north
Wake Island,1969,,north
Wake Island,1970,,north
Wake Island,1971,,north
Wake Island,1972,,north
Wake Island,1973,,north
Wake Island,1974,,north
Wake Island,1975,,north
Wake Island,1976,,north
Wake Island,1977,-0.376,north
Wake Island,1978,-0.053,north
Wake Island,1979,0.254,north
Wake Island,1980,0.19,north
Wake Island,1981,0.759,north
Wake Island,1982,0.384,north
Wake Island,1983,-0.065,north
Wake Island,1984,1.294,north
Wake Island,1985,0.756,north
Wake Island,1986,0.069,north
Wake Island,1987,0.068,north
Wake Island,1988,0.488,north
Wake Island,1989,-0.054,north
Wake Island,1990,-0.083,north
Wake Island,1991,0.371,north
Wake Island,1992,0.152,north
Wake Island,1993,0.409,north
Wake Island,1994,0.213,north
Wake Island,1995,0.357,north
Wake Island,1996,1.007,north
Wake Island,1997,0.299,north
Wake Island,1998,0.425,north
Wake Island,1999,0.496,north
Wake Island,2000,-0.028,north
Wake Island,2001,0.301,north
Wake Island,2002,0.564,north
Wake Island,2003,0.375,north
Wake Island,2004,0.529,north
Wake Island,2005,0.014,north
Wake Island,2006,0.171,north
Wake Island,2007,-0.136,north
Wake Island,2008,-0.111,north
Wake Island,2009,0.17,north
Wake Island,2010,0.077,north
Wake Island,2011,0.032,north
Wake Island,2012,0.235,north
Wake Island,2013,0.849,north
Wake Island,2014,1.002,north
Wake Island,2015,0.366,north
Wake Island,2016,0.158,north
Wake Island,2017,0.546,north
Wake Island,2018,0.348,north
Wake Island,2019,0.348,north
Wake Island,2020,0.348,north
Wallis and Futuna Islands,1961,0.345,south
Wallis and Futuna Islands,1962,-0.029,south
Wallis and Futuna Islands,1963,0.147,south
Wallis and Futuna Islands,1964,0.199,south
Wallis and Futuna Islands,1965,-0.4,south
Wallis and Futuna Islands,1966,0.059,south
Wallis and Futuna Islands,1967,-0.244,south
Wallis and Futuna Islands,1968,-0.083,south
Wallis and Futuna Islands,1969,-0.189,south
Wallis and Futuna Islands,1970,0.071,south
Wallis and Futuna Islands,1971,-0.031,south
Wallis and Futuna Islands,1972,-0.106,south
Wallis and Futuna Islands,1973,0.374,south
Wallis and Futuna Islands,1974,0.138,south
Wallis and Futuna Islands,1975,-0.011,south
Wallis and Futuna Islands,1976,-0.107,south
Wallis and Futuna Islands,1977,-0.129,south
Wallis and Futuna Islands,1978,-0.039,south
Wallis and Futuna Islands,1979,0.117,south
Wallis and Futuna Islands,1980,0.099,south
Wallis and Futuna Islands,1981,0.051,south
Wallis and Futuna Islands,1982,-0.016,south
Wallis and Futuna Islands,1983,-0.052,south
Wallis and Futuna Islands,1984,-0.066,south
Wallis and Futuna Islands,1985,0.021,south
Wallis and Futuna Islands,1986,-0.089,south
Wallis and Futuna Islands,1987,-0.03,south
Wallis and Futuna Islands,1988,0.31,south
Wallis and Futuna Islands,1989,0.026,south
Wallis and Futuna Islands,1990,0.093,south
Wallis and Futuna Islands,1991,0.011,south
Wallis and Futuna Islands,1992,-0.153,south
Wallis and Futuna Islands,1993,-0.449,south
Wallis and Futuna Islands,1994,-0.273,south
Wallis and Futuna Islands,1995,0.347,south
Wallis and Futuna Islands,1996,0.396,south
Wallis and Futuna Islands,1997,0.169,south
Wallis and Futuna Islands,1998,0.493,south
Wallis and Futuna Islands,1999,0.372,south
Wallis and Futuna Islands,2000,0.464,south
Wallis and Futuna Islands,2001,0.677,south
Wallis and Futuna Islands,2002,0.784,south
Wallis and Futuna Islands,2003,0.582,south
Wallis and Futuna Islands,2004,0.547,south
Wallis and Futuna Islands,2005,0.675,south
Wallis and Futuna Islands,2006,0.555,south
Wallis and Futuna Islands,2007,0.806,south
Wallis and Futuna Islands,2008,0.292,south
Wallis and Futuna Islands,2009,0.306,south
Wallis and Futuna Islands,2010,0.859,south
Wallis and Futuna Islands,2011,0.718,south
Wallis and Futuna Islands,2012,0.634,south
Wallis and Futuna Islands,2013,0.712,south
Wallis and Futuna Islands,2014,0.687,south
Wallis and Futuna Islands,2015,0.7,south
Wallis and Futuna Islands,2016,1.279,south
Wallis and Futuna Islands,2017,1.081,south
Wallis and Futuna Islands,2018,0.896,south
Wallis and Futuna Islands,2019,1.284,south
Wallis and Futuna Islands,2020,1.256,south
Western Sahara,1961,0.514,north
Western Sahara,1962,0.457,north
Western Sahara,1963,0.241,north
Western Sahara,1964,0.726,north
Western Sahara,1965,-0.439,north
Western Sahara,1966,0.222,north
Western Sahara,1967,0.058,north
Western Sahara,1968,-0.303,north
Western Sahara,1969,0.397,north
Western Sahara,1970,0.557,north
Western Sahara,1971,-0.616,north
Western Sahara,1972,-1.079,north
Western Sahara,1973,0.011,north
Western Sahara,1974,-0.575,north
Western Sahara,1975,-0.225,north
Western Sahara,1976,-0.977,north
Western Sahara,1977,0.098,north
Western Sahara,1978,0.436,north
Western Sahara,1979,0.582,north
Western Sahara,1980,0.48,north
Western Sahara,1981,0.691,north
Western Sahara,1982,0.449,north
Western Sahara,1983,0.875,north
Western Sahara,1984,0.483,north
Western Sahara,1985,0.801,north
Western Sahara,1986,0.322,north
Western Sahara,1987,1.165,north
Western Sahara,1988,0.522,north
Western Sahara,1989,0.754,north
Western Sahara,1990,1.403,north
Western Sahara,1991,0.587,north
Western Sahara,1992,0.546,north
Western Sahara,1993,0.422,north
Western Sahara,1994,0.591,north
Western Sahara,1995,1.291,north
Western Sahara,1996,1.337,north
Western Sahara,1997,1.466,north
Western Sahara,1998,1.431,north
Western Sahara,1999,0.999,north
Western Sahara,2000,0.926,north
Western Sahara,2001,1.345,north
Western Sahara,2002,1.298,north
Western Sahara,2003,1.435,north
Western Sahara,2004,1.585,north
Western Sahara,2005,1.214,north
Western Sahara,2006,1.503,north
Western Sahara,2007,1.051,north
Western Sahara,2008,1.496,north
Western Sahara,2009,1.039,north
Western Sahara,2010,1.91,north
Western Sahara,2011,1.593,north
Western Sahara,2012,1.4,north
Western Sahara,2013,1.523,north
Western Sahara,2014,1.47,north
Western Sahara,2015,1.513,north
Western Sahara,2016,1.8,north
Western Sahara,2017,2.234,north
Western Sahara,2018,0.917,north
Western Sahara,2019,1.497,north
Western Sahara,2020,2.079,north
Yemen,1961,0.034,north
Yemen,1962,-0.005,north
Yemen,1963,0.171,north
Yemen,1964,-0.25,north
Yemen,1965,-0.621,north
Yemen,1966,0.091,north
Yemen,1967,-0.254,north
Yemen,1968,-0.252,north
Yemen,1969,0.254,north
Yemen,1970,0.379,north
Yemen,1971,-0.212,north
Yemen,1972,0.036,north
Yemen,1973,0.329,north
Yemen,1974,-0.114,north
Yemen,1975,0.029,north
Yemen,1976,-0.077,north
Yemen,1977,0.391,north
Yemen,1978,0.421,north
Yemen,1979,0.555,north
Yemen,1980,0.839,north
Yemen,1981,0.051,north
Yemen,1982,-0.032,north
Yemen,1983,0.097,north
Yemen,1984,0.295,north
Yemen,1985,0.552,north
Yemen,1986,-0.084,north
Yemen,1987,0.056,north
Yemen,1988,0.998,north
Yemen,1989,0.381,north
Yemen,1990,0.474,north
Yemen,1991,0.4307,north
Yemen,1992,0.3874,north
Yemen,1993,0.3441,north
Yemen,1994,0.3009,north
Yemen,1995,0.2576,north
Yemen,1996,0.2143,north
Yemen,1997,0.171,north
Yemen,1998,0.171,north
Yemen,1999,0.171,north
Yemen,2000,0.171,north
Yemen,2001,0.171,north
Yemen,2002,0.171,north
Yemen,2003,0.171,north
Yemen,2004,0.171,north
Yemen,2005,0.171,north
Yemen,2006,0.171,north
Yemen,2007,0.171,north
Yemen,2008,0.171,north
Yemen,2009,0.171,north
Yemen,2010,0.171,north
Yemen,2011,0.171,north
Yemen,2012,0.171,north
Yemen,2013,0.171,north
Yemen,2014,0.171,north
Yemen,2015,0.171,north
Yemen,2016,0.171,north
Yemen,2017,0.171,north
Yemen,2018,0.171,north
Yemen,2019,0.171,north
Yemen,2020,0.171,north
Zambia,1961,0.237,south
Zambia,1962,-0.16,south
Zambia,1963,-0.39,south
Zambia,1964,-0.279,south
Zambia,1965,-0.417,south
Zambia,1966,0.298,south
Zambia,1967,-0.011,south
Zambia,1968,-0.123,south
Zambia,1969,0.252,south
Zambia,1970,0.367,south
Zambia,1971,-0.237,south
Zambia,1972,-0.151,south
Zambia,1973,0.362,south
Zambia,1974,-0.415,south
Zambia,1975,-0.138,south
Zambia,1976,-0.337,south
Zambia,1977,0.485,south
Zambia,1978,0.061,south
Zambia,1979,0.226,south
Zambia,1980,0.128,south
Zambia,1981,-0.166,south
Zambia,1982,0.294,south
Zambia,1983,0.996,south
Zambia,1984,0.52,south
Zambia,1985,0.149,south
Zambia,1986,0.006,south
Zambia,1987,0.921,south
Zambia,1988,0.6,south
Zambia,1989,0.116,south
Zambia,1990,0.749,south
Zambia,1991,0.048,south
Zambia,1992,0.637,south
Zambia,1993,-0.054,south
Zambia,1994,0.271,south
Zambia,1995,0.705,south
Zambia,1996,0.747,south
Zambia,1997,0.476,south
Zambia,1998,1.017,south
Zambia,1999,0.219,south
Zambia,2000,0.113,south
Zambia,2001,0.332,south
Zambia,2002,0.74,south
Zambia,2003,0.951,south
Zambia,2004,0.539,south
Zambia,2005,1.156,south
Zambia,2006,0.691,south
Zambia,2007,1.041,south
Zambia,2008,0.486,south
Zambia,2009,0.524,south
Zambia,2010,1.448,south
Zambia,2011,0.942,south
Zambia,2012,1.024,south
Zambia,2013,1.069,south
Zambia,2014,0.935,south
Zambia,2015,1.863,south
Zambia,2016,1.3,south
Zambia,2017,0.629,south
Zambia,2018,0.888,south
Zambia,2019,1.31,south
Zambia,2020,1.304,south
Zimbabwe,1961,0.265,south
Zimbabwe,1962,0.236,south
Zimbabwe,1963,-0.463,south
Zimbabwe,1964,-0.107,south
Zimbabwe,1965,-0.486,south
Zimbabwe,1966,0.203,south
Zimbabwe,1967,-0.06,south
Zimbabwe,1968,0.077,south
Zimbabwe,1969,0.204,south
Zimbabwe,1970,0.412,south
Zimbabwe,1971,-0.049,south
Zimbabwe,1972,-0.399,south
Zimbabwe,1973,0.598,south
Zimbabwe,1974,-0.506,south
Zimbabwe,1975,-0.283,south
Zimbabwe,1976,-0.452,south
Zimbabwe,1977,0.423,south
Zimbabwe,1978,-0.025,south
Zimbabwe,1979,0.183,south
Zimbabwe,1980,-0.025,south
Zimbabwe,1981,-0.384,south
Zimbabwe,1982,0.132,south
Zimbabwe,1983,1.181,south
Zimbabwe,1984,0.449,south
Zimbabwe,1985,-0.002,south
Zimbabwe,1986,-0.013,south
Zimbabwe,1987,1.028,south
Zimbabwe,1988,0.418,south
Zimbabwe,1989,0.172,south
Zimbabwe,1990,0.518,south
Zimbabwe,1991,0.139,south
Zimbabwe,1992,1.031,south
Zimbabwe,1993,0.36,south
Zimbabwe,1994,0.007,south
Zimbabwe,1995,0.792,south
Zimbabwe,1996,-0.2,south
Zimbabwe,1997,0.117,south
Zimbabwe,1998,0.932,south
Zimbabwe,1999,0.167,south
Zimbabwe,2000,-0.287,south
Zimbabwe,2001,0.157,south
Zimbabwe,2002,0.524,south
Zimbabwe,2003,0.497,south
Zimbabwe,2004,0.227,south
Zimbabwe,2005,1.33,south
Zimbabwe,2006,-0.026,south
Zimbabwe,2007,0.366,south
Zimbabwe,2008,0.322,south
Zimbabwe,2009,-0.076,south
Zimbabwe,2010,1.072,south
Zimbabwe,2011,0.609,south
Zimbabwe,2012,0.72,south
Zimbabwe,2013,0.394,south
Zimbabwe,2014,0.507,south
Zimbabwe,2015,1.226,south
Zimbabwe,2016,1.47,south
Zimbabwe,2017,0.443,south
Zimbabwe,2018,0.747,south
Zimbabwe,2019,1.359,south
Zimbabwe,2020,0.82,south
