country,year,temp_change_c,absol_temp_c,mean,co2_growth,ch4_mean,ch4_growth,extent_north,extent_south,extent_global,change_north,change_south,change_global
Afghanistan,1979,0.386,14.386,336.84,1.83,1.5305,0.0166,12.35,11.656,24.006,-0.087,-0.143,-0.23
Afghanistan,1980,0.624,14.624,338.76,1.68,1.5471,0.0169,12.348,11.206,23.554,-0.088,-0.593,-0.682
Afghanistan,1981,0.502,14.502,340.12,1.43,1.564,0.0169,12.147,11.387,23.533,-0.29,-0.413,-0.702
Afghanistan,1982,-0.302,13.698,341.48,0.86,1.5809,0.0333,12.468,11.595,24.062,0.031,-0.204,-0.173
Afghanistan,1983,0.178,14.178,343.15,2.36,1.6142,0.0306,12.353,11.344,23.698,-0.083,-0.455,-0.538
Afghanistan,1984,0.144,14.144,344.87,1.51,1.6448,0.0129,11.92,11.428,23.348,-0.517,-0.371,-0.887
Afghanistan,1985,0.305,14.305,346.35,1.21,1.6573,0.0122,12.016,11.569,23.585,-0.421,-0.23,-0.651
Afghanistan,1986,-0.09,13.91,347.61,1.47,1.6701,0.0129,12.224,11.044,23.268,-0.212,-0.755,-0.967
Afghanistan,1987,0.44,14.44,349.31,2.06,1.6827,0.0114,12.268,11.405,23.673,-0.169,-0.394,-0.562
Afghanistan,1988,0.958,14.958,351.69,2.24,1.6931,0.0107,12.19,11.497,23.687,-0.247,-0.302,-0.549
Afghanistan,1989,-0.203,13.797,353.2,1.24,1.7045,0.0112,11.987,11.381,23.368,-0.45,-0.418,-0.868
Afghanistan,1990,0.796,14.796,354.45,1.2,1.7144,0.0086,11.718,11.365,23.082,-0.719,-0.434,-1.153
Afghanistan,1991,-0.133,13.867,355.7,1.05,1.7248,0.0141,11.77,11.498,23.268,-0.667,-0.301,-0.967
Afghanistan,1992,-0.297,13.703,356.54,0.49,1.7355,0.0024,12.122,11.374,23.496,-0.315,-0.425,-0.74
Afghanistan,1993,0.223,14.223,357.21,1.36,1.7365,0.0039,11.947,11.37,23.317,-0.49,-0.429,-0.919
Afghanistan,1994,0.459,14.459,358.96,1.96,1.7421,0.0073,12.032,11.728,23.76,-0.404,-0.072,-0.476
Afghanistan,1995,0.401,14.401,360.97,2.01,1.7489,0.0038,11.438,11.748,23.187,-0.998,-0.051,-1.049
Afghanistan,1996,-0.064,13.936,362.74,1.24,1.7513,0.0025,11.848,11.743,23.592,-0.588,-0.056,-0.644
Afghanistan,1997,0.409,14.409,363.88,1.91,1.7545,0.0064,11.692,11.341,23.032,-0.745,-0.458,-1.203
Afghanistan,1998,0.585,14.585,366.84,2.97,1.7655,0.0121,11.782,11.689,23.471,-0.655,-0.11,-0.765
Afghanistan,1999,1.192,15.192,368.54,0.92,1.7723,0.0024,11.713,11.712,23.426,-0.723,-0.087,-0.81
Afghanistan,2000,1.039,15.039,369.71,1.62,1.7733,-0.0014,11.519,11.724,23.243,-0.917,-0.075,-0.992
Afghanistan,2001,1.355,15.355,371.32,1.62,1.7713,-0.0007,11.622,11.628,23.25,-0.814,-0.172,-0.986
Afghanistan,2002,1.361,15.361,373.45,2.51,1.7727,0.0032,11.385,11.176,22.561,-1.052,-0.623,-1.675
Afghanistan,2003,0.632,14.632,375.98,2.26,1.7773,0.0048,11.419,11.924,23.343,-1.017,0.125,-0.892
Afghanistan,2004,1.37,15.37,377.7,1.59,1.777,-0.0048,11.251,11.938,23.189,-1.186,0.139,-1.047
Afghanistan,2005,0.477,14.477,379.98,2.57,1.7742,0.0003,10.928,11.648,22.575,-1.509,-0.152,-1.661
Afghanistan,2006,1.754,15.754,382.09,1.69,1.775,0.0019,10.794,11.412,22.206,-1.642,-0.387,-2.03
Afghanistan,2007,0.745,14.745,384.02,2.31,1.7814,0.0078,10.498,11.637,22.135,-1.938,-0.162,-2.101
Afghanistan,2008,0.798,14.798,385.83,1.54,1.787,0.0065,10.99,12.213,23.203,-1.447,0.414,-1.032
Afghanistan,2009,0.982,14.982,387.64,2.0,1.7935,0.0047,10.956,11.999,22.955,-1.481,0.2,-1.281
Afghanistan,2010,1.695,15.695,390.1,2.3,1.7989,0.0051,10.734,12.058,22.792,-1.702,0.258,-1.444
Afghanistan,2011,1.463,15.463,391.85,1.92,1.8031,0.005,10.506,11.45,21.956,-1.931,-0.349,-2.28
Afghanistan,2012,0.283,14.283,394.06,2.65,1.8081,0.005,10.42,11.981,22.401,-2.017,0.182,-1.835
Afghanistan,2013,1.325,15.325,396.74,1.99,1.8134,0.0057,10.919,12.474,23.393,-1.517,0.675,-0.842
Afghanistan,2014,0.536,14.536,398.81,2.17,1.8226,0.0127,10.812,12.727,23.539,-1.624,0.928,-0.697
Afghanistan,2015,1.166,15.166,401.01,2.95,1.8342,0.01,10.589,12.366,22.955,-1.848,0.567,-1.281
Afghanistan,2016,1.581,15.581,404.41,3.03,1.8431,0.007,10.176,11.178,21.353,-2.261,-0.622,-2.882
Afghanistan,2017,1.626,15.626,406.76,1.9,1.8496,0.0069,10.415,10.702,21.118,-2.022,-1.097,-3.118
Afghanistan,2018,1.682,15.682,408.72,2.85,1.8573,0.0088,10.378,10.952,21.33,-2.058,-0.847,-2.906
Afghanistan,2019,1.125,15.125,411.65,2.49,1.8666,0.0096,10.225,10.83,21.055,-2.212,-0.969,-3.181
Afghanistan,2020,0.652,14.652,414.21,2.3,1.8787,0.0148,10.164,11.578,21.742,-2.272,-0.222,-2.494
Albania,1979,0.25,14.25,336.84,1.83,1.5305,0.0166,12.35,11.656,24.006,-0.087,-0.143,-0.23
Albania,1980,-0.376,13.624,338.76,1.68,1.5471,0.0169,12.348,11.206,23.554,-0.088,-0.593,-0.682
Albania,1981,-0.312,13.688,340.12,1.43,1.564,0.0169,12.147,11.387,23.533,-0.29,-0.413,-0.702
Albania,1982,0.236,14.236,341.48,0.86,1.5809,0.0333,12.468,11.595,24.062,0.031,-0.204,-0.173
Albania,1983,-0.059,13.941,343.15,2.36,1.6142,0.0306,12.353,11.344,23.698,-0.083,-0.455,-0.538
Albania,1984,-0.21,13.79,344.87,1.51,1.6448,0.0129,11.92,11.428,23.348,-0.517,-0.371,-0.887
Albania,1985,-0.041,13.959,346.35,1.21,1.6573,0.0122,12.016,11.569,23.585,-0.421,-0.23,-0.651
Albania,1986,0.63,14.63,347.61,1.47,1.6701,0.0129,12.224,11.044,23.268,-0.212,-0.755,-0.967
Albania,1987,-0.048,13.952,349.31,2.06,1.6827,0.0114,12.268,11.405,23.673,-0.169,-0.394,-0.562
Albania,1988,0.431,14.431,351.69,2.24,1.6931,0.0107,12.19,11.497,23.687,-0.247,-0.302,-0.549
Albania,1989,-0.004,13.996,353.2,1.24,1.7045,0.0112,11.987,11.381,23.368,-0.45,-0.418,-0.868
Albania,1990,0.82,14.82,354.45,1.2,1.7144,0.0086,11.718,11.365,23.082,-0.719,-0.434,-1.153
Albania,1991,-0.245,13.755,355.7,1.05,1.7248,0.0141,11.77,11.498,23.268,-0.667,-0.301,-0.967
Albania,1992,0.116,14.116,356.54,0.49,1.7355,0.0024,12.122,11.374,23.496,-0.315,-0.425,-0.74
Albania,1993,0.124,14.124,357.21,1.36,1.7365,0.0039,11.947,11.37,23.317,-0.49,-0.429,-0.919
Albania,1994,1.374,15.374,358.96,1.96,1.7421,0.0073,12.032,11.728,23.76,-0.404,-0.072,-0.476
Albania,1995,-0.127,13.873,360.97,2.01,1.7489,0.0038,11.438,11.748,23.187,-0.998,-0.051,-1.049
Albania,1996,0.014,14.014,362.74,1.24,1.7513,0.0025,11.848,11.743,23.592,-0.588,-0.056,-0.644
Albania,1997,0.117,14.117,363.88,1.91,1.7545,0.0064,11.692,11.341,23.032,-0.745,-0.458,-1.203
Albania,1998,0.838,14.838,366.84,2.97,1.7655,0.0121,11.782,11.689,23.471,-0.655,-0.11,-0.765
Albania,1999,0.718,14.718,368.54,0.92,1.7723,0.0024,11.713,11.712,23.426,-0.723,-0.087,-0.81
Albania,2000,1.12,15.12,369.71,1.62,1.7733,-0.0014,11.519,11.724,23.243,-0.917,-0.075,-0.992
Albania,2001,1.573,15.573,371.32,1.62,1.7713,-0.0007,11.622,11.628,23.25,-0.814,-0.172,-0.986
Albania,2002,0.533,14.533,373.45,2.51,1.7727,0.0032,11.385,11.176,22.561,-1.052,-0.623,-1.675
Albania,2003,1.016,15.016,375.98,2.26,1.7773,0.0048,11.419,11.924,23.343,-1.017,0.125,-0.892
Albania,2004,0.453,14.453,377.7,1.59,1.777,-0.0048,11.251,11.938,23.189,-1.186,0.139,-1.047
Albania,2005,0.216,14.216,379.98,2.57,1.7742,0.0003,10.928,11.648,22.575,-1.509,-0.152,-1.661
Albania,2006,0.493,14.493,382.09,1.69,1.775,0.0019,10.794,11.412,22.206,-1.642,-0.387,-2.03
Albania,2007,1.487,15.487,384.02,2.31,1.7814,0.0078,10.498,11.637,22.135,-1.938,-0.162,-2.101
Albania,2008,1.152,15.152,385.83,1.54,1.787,0.0065,10.99,12.213,23.203,-1.447,0.414,-1.032
Albania,2009,1.016,15.016,387.64,2.0,1.7935,0.0047,10.956,11.999,22.955,-1.481,0.2,-1.281
Albania,2010,1.145,15.145,390.1,2.3,1.7989,0.0051,10.734,12.058,22.792,-1.702,0.258,-1.444
Albania,2011,1.133,15.133,391.85,1.92,1.8031,0.005,10.506,11.45,21.956,-1.931,-0.349,-2.28
Albania,2012,1.577,15.577,394.06,2.65,1.8081,0.005,10.42,11.981,22.401,-2.017,0.182,-1.835
Albania,2013,1.431,15.431,396.74,1.99,1.8134,0.0057,10.919,12.474,23.393,-1.517,0.675,-0.842
Albania,2014,1.357,15.357,398.81,2.17,1.8226,0.0127,10.812,12.727,23.539,-1.624,0.928,-0.697
Albania,2015,1.703,15.703,401.01,2.95,1.8342,0.01,10.589,12.366,22.955,-1.848,0.567,-1.281
Albania,2016,1.624,15.624,404.41,3.03,1.8431,0.007,10.176,11.178,21.353,-2.261,-0.622,-2.882
Albania,2017,1.286,15.286,406.76,1.9,1.8496,0.0069,10.415,10.702,21.118,-2.022,-1.097,-3.118
Albania,2018,2.189,16.189,408.72,2.85,1.8573,0.0088,10.378,10.952,21.33,-2.058,-0.847,-2.906
Albania,2019,1.858,15.858,411.65,2.49,1.8666,0.0096,10.225,10.83,21.055,-2.212,-0.969,-3.181
Albania,2020,1.671,15.671,414.21,2.3,1.8787,0.0148,10.164,11.578,21.742,-2.272,-0.222,-2.494
Algeria,1979,0.72,14.72,336.84,1.83,1.5305,0.0166,12.35,11.656,24.006,-0.087,-0.143,-0.23
Algeria,1980,0.286,14.286,338.76,1.68,1.5471,0.0169,12.348,11.206,23.554,-0.088,-0.593,-0.682
Algeria,1981,0.255,14.255,340.12,1.43,1.564,0.0169,12.147,11.387,23.533,-0.29,-0.413,-0.702
Algeria,1982,0.439,14.439,341.48,0.86,1.5809,0.0333,12.468,11.595,24.062,0.031,-0.204,-0.173
Algeria,1983,0.643,14.643,343.15,2.36,1.6142,0.0306,12.353,11.344,23.698,-0.083,-0.455,-0.538
Algeria,1984,0.07,14.07,344.87,1.51,1.6448,0.0129,11.92,11.428,23.348,-0.517,-0.371,-0.887
Algeria,1985,0.582,14.582,346.35,1.21,1.6573,0.0122,12.016,11.569,23.585,-0.421,-0.23,-0.651
Algeria,1986,0.394,14.394,347.61,1.47,1.6701,0.0129,12.224,11.044,23.268,-0.212,-0.755,-0.967
Algeria,1987,1.04,15.04,349.31,2.06,1.6827,0.0114,12.268,11.405,23.673,-0.169,-0.394,-0.562
Algeria,1988,1.378,15.378,351.69,2.24,1.6931,0.0107,12.19,11.497,23.687,-0.247,-0.302,-0.549
Algeria,1989,0.425,14.425,353.2,1.24,1.7045,0.0112,11.987,11.381,23.368,-0.45,-0.418,-0.868
Algeria,1990,1.312,15.312,354.45,1.2,1.7144,0.0086,11.718,11.365,23.082,-0.719,-0.434,-1.153
Algeria,1991,0.079,14.079,355.7,1.05,1.7248,0.0141,11.77,11.498,23.268,-0.667,-0.301,-0.967
Algeria,1992,-0.273,13.727,356.54,0.49,1.7355,0.0024,12.122,11.374,23.496,-0.315,-0.425,-0.74
Algeria,1993,0.633,14.633,357.21,1.36,1.7365,0.0039,11.947,11.37,23.317,-0.49,-0.429,-0.919
Algeria,1994,0.719,14.719,358.96,1.96,1.7421,0.0073,12.032,11.728,23.76,-0.404,-0.072,-0.476
Algeria,1995,0.619,14.619,360.97,2.01,1.7489,0.0038,11.438,11.748,23.187,-0.998,-0.051,-1.049
Algeria,1996,0.866,14.866,362.74,1.24,1.7513,0.0025,11.848,11.743,23.592,-0.588,-0.056,-0.644
Algeria,1997,1.085,15.085,363.88,1.91,1.7545,0.0064,11.692,11.341,23.032,-0.745,-0.458,-1.203
Algeria,1998,1.142,15.142,366.84,2.97,1.7655,0.0121,11.782,11.689,23.471,-0.655,-0.11,-0.765
Algeria,1999,1.527,15.527,368.54,0.92,1.7723,0.0024,11.713,11.712,23.426,-0.723,-0.087,-0.81
Algeria,2000,0.865,14.865,369.71,1.62,1.7733,-0.0014,11.519,11.724,23.243,-0.917,-0.075,-0.992
Algeria,2001,1.897,15.897,371.32,1.62,1.7713,-0.0007,11.622,11.628,23.25,-0.814,-0.172,-0.986
Algeria,2002,1.291,15.291,373.45,2.51,1.7727,0.0032,11.385,11.176,22.561,-1.052,-0.623,-1.675
Algeria,2003,1.635,15.635,375.98,2.26,1.7773,0.0048,11.419,11.924,23.343,-1.017,0.125,-0.892
Algeria,2004,1.034,15.034,377.7,1.59,1.777,-0.0048,11.251,11.938,23.189,-1.186,0.139,-1.047
Algeria,2005,1.305,15.305,379.98,2.57,1.7742,0.0003,10.928,11.648,22.575,-1.509,-0.152,-1.661
Algeria,2006,1.429,15.429,382.09,1.69,1.775,0.0019,10.794,11.412,22.206,-1.642,-0.387,-2.03
Algeria,2007,1.245,15.245,384.02,2.31,1.7814,0.0078,10.498,11.637,22.135,-1.938,-0.162,-2.101
Algeria,2008,1.215,15.215,385.83,1.54,1.787,0.0065,10.99,12.213,23.203,-1.447,0.414,-1.032
Algeria,2009,0.978,14.978,387.64,2.0,1.7935,0.0047,10.956,11.999,22.955,-1.481,0.2,-1.281
Algeria,2010,2.291,16.291,390.1,2.3,1.7989,0.0051,10.734,12.058,22.792,-1.702,0.258,-1.444
Algeria,2011,1.427,15.427,391.85,1.92,1.8031,0.005,10.506,11.45,21.956,-1.931,-0.349,-2.28
Algeria,2012,1.184,15.184,394.06,2.65,1.8081,0.005,10.42,11.981,22.401,-2.017,0.182,-1.835
Algeria,2013,1.211,15.211,396.74,1.99,1.8134,0.0057,10.919,12.474,23.393,-1.517,0.675,-0.842
Algeria,2014,1.715,15.715,398.81,2.17,1.8226,0.0127,10.812,12.727,23.539,-1.624,0.928,-0.697
Algeria,2015,1.151,15.151,401.01,2.95,1.8342,0.01,10.589,12.366,22.955,-1.848,0.567,-1.281
Algeria,2016,1.776,15.776,404.41,3.03,1.8431,0.007,10.176,11.178,21.353,-2.261,-0.622,-2.882
Algeria,2017,1.537,15.537,406.76,1.9,1.8496,0.0069,10.415,10.702,21.118,-2.022,-1.097,-3.118
Algeria,2018,1.246,15.246,408.72,2.85,1.8573,0.0088,10.378,10.952,21.33,-2.058,-0.847,-2.906
Algeria,2019,1.127,15.127,411.65,2.49,1.8666,0.0096,10.225,10.83,21.055,-2.212,-0.969,-3.181
Algeria,2020,1.943,15.943,414.21,2.3,1.8787,0.0148,10.164,11.578,21.742,-2.272,-0.222,-2.494
American Samoa,1979,0.339,14.339,336.84,1.83,1.5305,0.0166,12.35,11.656,24.006,-0.087,-0.143,-0.23
American Samoa,1980,0.33,14.33,338.76,1.68,1.5471,0.0169,12.348,11.206,23.554,-0.088,-0.593,-0.682
American Samoa,1981,0.155,14.155,340.12,1.43,1.564,0.0169,12.147,11.387,23.533,-0.29,-0.413,-0.702
American Samoa,1982,0.258,14.258,341.48,0.86,1.5809,0.0333,12.468,11.595,24.062,0.031,-0.204,-0.173
American Samoa,1983,0.287,14.287,343.15,2.36,1.6142,0.0306,12.353,11.344,23.698,-0.083,-0.455,-0.538
American Samoa,1984,0.244,14.244,344.87,1.51,1.6448,0.0129,11.92,11.428,23.348,-0.517,-0.371,-0.887
American Samoa,1985,0.223,14.223,346.35,1.21,1.6573,0.0122,12.016,11.569,23.585,-0.421,-0.23,-0.651
American Samoa,1986,0.36,14.36,347.61,1.47,1.6701,0.0129,12.224,11.044,23.268,-0.212,-0.755,-0.967
American Samoa,1987,0.311,14.311,349.31,2.06,1.6827,0.0114,12.268,11.405,23.673,-0.169,-0.394,-0.562
American Samoa,1988,0.486,14.486,351.69,2.24,1.6931,0.0107,12.19,11.497,23.687,-0.247,-0.302,-0.549
American Samoa,1989,0.151,14.151,353.2,1.24,1.7045,0.0112,11.987,11.381,23.368,-0.45,-0.418,-0.868
American Samoa,1990,0.507,14.507,354.45,1.2,1.7144,0.0086,11.718,11.365,23.082,-0.719,-0.434,-1.153
American Samoa,1991,0.801,14.801,355.7,1.05,1.7248,0.0141,11.77,11.498,23.268,-0.667,-0.301,-0.967
American Samoa,1992,0.655,14.655,356.54,0.49,1.7355,0.0024,12.122,11.374,23.496,-0.315,-0.425,-0.74
American Samoa,1993,0.204,14.204,357.21,1.36,1.7365,0.0039,11.947,11.37,23.317,-0.49,-0.429,-0.919
American Samoa,1994,0.343,14.343,358.96,1.96,1.7421,0.0073,12.032,11.728,23.76,-0.404,-0.072,-0.476
American Samoa,1995,0.813,14.813,360.97,2.01,1.7489,0.0038,11.438,11.748,23.187,-0.998,-0.051,-1.049
American Samoa,1996,0.743,14.743,362.74,1.24,1.7513,0.0025,11.848,11.743,23.592,-0.588,-0.056,-0.644
American Samoa,1997,0.5683,14.5683,363.88,1.91,1.7545,0.0064,11.692,11.341,23.032,-0.745,-0.458,-1.203
American Samoa,1998,0.3937,14.3937,366.84,2.97,1.7655,0.0121,11.782,11.689,23.471,-0.655,-0.11,-0.765
American Samoa,1999,0.219,14.219,368.54,0.92,1.7723,0.0024,11.713,11.712,23.426,-0.723,-0.087,-0.81
American Samoa,2000,0.685,14.685,369.71,1.62,1.7733,-0.0014,11.519,11.724,23.243,-0.917,-0.075,-0.992
American Samoa,2001,0.962,14.962,371.32,1.62,1.7713,-0.0007,11.622,11.628,23.25,-0.814,-0.172,-0.986
American Samoa,2002,1.211,15.211,373.45,2.51,1.7727,0.0032,11.385,11.176,22.561,-1.052,-0.623,-1.675
American Samoa,2003,0.702,14.702,375.98,2.26,1.7773,0.0048,11.419,11.924,23.343,-1.017,0.125,-0.892
American Samoa,2004,0.28,14.28,377.7,1.59,1.777,-0.0048,11.251,11.938,23.189,-1.186,0.139,-1.047
American Samoa,2005,0.959,14.959,379.98,2.57,1.7742,0.0003,10.928,11.648,22.575,-1.509,-0.152,-1.661
American Samoa,2006,0.561,14.561,382.09,1.69,1.775,0.0019,10.794,11.412,22.206,-1.642,-0.387,-2.03
American Samoa,2007,1.034,15.034,384.02,2.31,1.7814,0.0078,10.498,11.637,22.135,-1.938,-0.162,-2.101
American Samoa,2008,0.643,14.643,385.83,1.54,1.787,0.0065,10.99,12.213,23.203,-1.447,0.414,-1.032
American Samoa,2009,0.903,14.903,387.64,2.0,1.7935,0.0047,10.956,11.999,22.955,-1.481,0.2,-1.281
American Samoa,2010,1.163,15.163,390.1,2.3,1.7989,0.0051,10.734,12.058,22.792,-1.702,0.258,-1.444
American Samoa,2011,0.711,14.711,391.85,1.92,1.8031,0.005,10.506,11.45,21.956,-1.931,-0.349,-2.28
American Samoa,2012,0.732,14.732,394.06,2.65,1.8081,0.005,10.42,11.981,22.401,-2.017,0.182,-1.835
American Samoa,2013,1.016,15.016,396.74,1.99,1.8134,0.0057,10.919,12.474,23.393,-1.517,0.675,-0.842
American Samoa,2014,0.887,14.887,398.81,2.17,1.8226,0.0127,10.812,12.727,23.539,-1.624,0.928,-0.697
American Samoa,2015,0.726,14.726,401.01,2.95,1.8342,0.01,10.589,12.366,22.955,-1.848,0.567,-1.281
American Samoa,2016,1.256,15.256,404.41,3.03,1.8431,0.007,10.176,11.178,21.353,-2.261,-0.622,-2.882
American Samoa,2017,1.151,15.151,406.76,1.9,1.8496,0.0069,10.415,10.702,21.118,-2.022,-1.097,-3.118
American Samoa,2018,0.905,14.905,408.72,2.85,1.8573,0.0088,10.378,10.952,21.33,-2.058,-0.847,-2.906
American Samoa,2019,1.255,15.255,411.65,2.49,1.8666,0.0096,10.225,10.83,21.055,-2.212,-0.969,-3.181
American Samoa,2020,1.161,15.161,414.21,2.3,1.8787,0.0148,10.164,11.578,21.742,-2.272,-0.222,-2.494
Andorra,1979,0.034,14.034,336.84,1.83,1.5305,0.0166,12.35,11.656,24.006,-0.087,-0.143,-0.23
Andorra,1980,-0.214,13.786,338.76,1.68,1.5471,0.0169,12.348,11.206,23.554,-0.088,-0.593,-0.682
Andorra,1981,0.145,14.145,340.12,1.43,1.564,0.0169,12.147,11.387,23.533,-0.29,-0.413,-0.702
Andorra,1982,1.009,15.009,341.48,0.86,1.5809,0.0333,12.468,11.595,24.062,0.031,-0.204,-0.173
Andorra,1983,0.808,14.808,343.15,2.36,1.6142,0.0306,12.353,11.344,23.698,-0.083,-0.455,-0.538
Andorra,1984,-0.207,13.793,344.87,1.51,1.6448,0.0129,11.92,11.428,23.348,-0.517,-0.371,-0.887
Andorra,1985,0.006,14.006,346.35,1.21,1.6573,0.0122,12.016,11.569,23.585,-0.421,-0.23,-0.651
Andorra,1986,0.336,14.336,347.61,1.47,1.6701,0.0129,12.224,11.044,23.268,-0.212,-0.755,-0.967
Andorra,1987,0.361,14.361,349.31,2.06,1.6827,0.0114,12.268,11.405,23.673,-0.169,-0.394,-0.562
Andorra,1988,0.854,14.854,351.69,2.24,1.6931,0.0107,12.19,11.497,23.687,-0.247,-0.302,-0.549
Andorra,1989,1.133,15.133,353.2,1.24,1.7045,0.0112,11.987,11.381,23.368,-0.45,-0.418,-0.868
Andorra,1990,1.695,15.695,354.45,1.2,1.7144,0.0086,11.718,11.365,23.082,-0.719,-0.434,-1.153
Andorra,1991,0.176,14.176,355.7,1.05,1.7248,0.0141,11.77,11.498,23.268,-0.667,-0.301,-0.967
Andorra,1992,0.332,14.332,356.54,0.49,1.7355,0.0024,12.122,11.374,23.496,-0.315,-0.425,-0.74
Andorra,1993,0.161,14.161,357.21,1.36,1.7365,0.0039,11.947,11.37,23.317,-0.49,-0.429,-0.919
Andorra,1994,1.492,15.492,358.96,1.96,1.7421,0.0073,12.032,11.728,23.76,-0.404,-0.072,-0.476
Andorra,1995,1.239,15.239,360.97,2.01,1.7489,0.0038,11.438,11.748,23.187,-0.998,-0.051,-1.049
Andorra,1996,0.523,14.523,362.74,1.24,1.7513,0.0025,11.848,11.743,23.592,-0.588,-0.056,-0.644
Andorra,1997,1.725,15.725,363.88,1.91,1.7545,0.0064,11.692,11.341,23.032,-0.745,-0.458,-1.203
Andorra,1998,0.942,14.942,366.84,2.97,1.7655,0.0121,11.782,11.689,23.471,-0.655,-0.11,-0.765
Andorra,1999,0.964,14.964,368.54,0.92,1.7723,0.0024,11.713,11.712,23.426,-0.723,-0.087,-0.81
Andorra,2000,0.952,14.952,369.71,1.62,1.7733,-0.0014,11.519,11.724,23.243,-0.917,-0.075,-0.992
Andorra,2001,1.409,15.409,371.32,1.62,1.7713,-0.0007,11.622,11.628,23.25,-0.814,-0.172,-0.986
Andorra,2002,0.766,14.766,373.45,2.51,1.7727,0.0032,11.385,11.176,22.561,-1.052,-0.623,-1.675
Andorra,2003,1.909,15.909,375.98,2.26,1.7773,0.0048,11.419,11.924,23.343,-1.017,0.125,-0.892
Andorra,2004,0.887,14.887,377.7,1.59,1.777,-0.0048,11.251,11.938,23.189,-1.186,0.139,-1.047
Andorra,2005,0.807,14.807,379.98,2.57,1.7742,0.0003,10.928,11.648,22.575,-1.509,-0.152,-1.661
Andorra,2006,1.438,15.438,382.09,1.69,1.775,0.0019,10.794,11.412,22.206,-1.642,-0.387,-2.03
Andorra,2007,0.954,14.954,384.02,2.31,1.7814,0.0078,10.498,11.637,22.135,-1.938,-0.162,-2.101
Andorra,2008,0.858,14.858,385.83,1.54,1.787,0.0065,10.99,12.213,23.203,-1.447,0.414,-1.032
Andorra,2009,1.325,15.325,387.64,2.0,1.7935,0.0047,10.956,11.999,22.955,-1.481,0.2,-1.281
Andorra,2010,0.373,14.373,390.1,2.3,1.7989,0.0051,10.734,12.058,22.792,-1.702,0.258,-1.444
Andorra,2011,1.586,15.586,391.85,1.92,1.8031,0.005,10.506,11.45,21.956,-1.931,-0.349,-2.28
Andorra,2012,1.179,15.179,394.06,2.65,1.8081,0.005,10.42,11.981,22.401,-2.017,0.182,-1.835
Andorra,2013,0.748,14.748,396.74,1.99,1.8134,0.0057,10.919,12.474,23.393,-1.517,0.675,-0.842
Andorra,2014,1.868,15.868,398.81,2.17,1.8226,0.0127,10.812,12.727,23.539,-1.624,0.928,-0.697
Andorra,2015,1.564,15.564,401.01,2.95,1.8342,0.01,10.589,12.366,22.955,-1.848,0.567,-1.281
Andorra,2016,1.845,15.845,404.41,3.03,1.8431,0.007,10.176,11.178,21.353,-2.261,-0.622,-2.882
Andorra,2017,1.784,15.784,406.76,1.9,1.8496,0.0069,10.415,10.702,21.118,-2.022,-1.097,-3.118
Andorra,2018,1.76,15.76,408.72,2.85,1.8573,0.0088,10.378,10.952,21.33,-2.058,-0.847,-2.906
Andorra,2019,1.8,15.8,411.65,2.49,1.8666,0.0096,10.225,10.83,21.055,-2.212,-0.969,-3.181
Andorra,2020,2.378,16.378,414.21,2.3,1.8787,0.0148,10.164,11.578,21.742,-2.272,-0.222,-2.494
Angola,1979,0.301,14.301,336.84,1.83,1.5305,0.0166,12.35,11.656,24.006,-0.087,-0.143,-0.23
Angola,1980,0.289,14.289,338.76,1.68,1.5471,0.0169,12.348,11.206,23.554,-0.088,-0.593,-0.682
Angola,1981,-0.063,13.937,340.12,1.43,1.564,0.0169,12.147,11.387,23.533,-0.29,-0.413,-0.702
Angola,1982,0.167,14.167,341.48,0.86,1.5809,0.0333,12.468,11.595,24.062,0.031,-0.204,-0.173
Angola,1983,0.473,14.473,343.15,2.36,1.6142,0.0306,12.353,11.344,23.698,-0.083,-0.455,-0.538
Angola,1984,0.667,14.667,344.87,1.51,1.6448,0.0129,11.92,11.428,23.348,-0.517,-0.371,-0.887
Angola,1985,0.694,14.694,346.35,1.21,1.6573,0.0122,12.016,11.569,23.585,-0.421,-0.23,-0.651
Angola,1986,0.154,14.154,347.61,1.47,1.6701,0.0129,12.224,11.044,23.268,-0.212,-0.755,-0.967
Angola,1987,0.731,14.731,349.31,2.06,1.6827,0.0114,12.268,11.405,23.673,-0.169,-0.394,-0.562
Angola,1988,0.634,14.634,351.69,2.24,1.6931,0.0107,12.19,11.497,23.687,-0.247,-0.302,-0.549
Angola,1989,0.079,14.079,353.2,1.24,1.7045,0.0112,11.987,11.381,23.368,-0.45,-0.418,-0.868
Angola,1990,0.787,14.787,354.45,1.2,1.7144,0.0086,11.718,11.365,23.082,-0.719,-0.434,-1.153
Angola,1991,0.448,14.448,355.7,1.05,1.7248,0.0141,11.77,11.498,23.268,-0.667,-0.301,-0.967
Angola,1992,0.606,14.606,356.54,0.49,1.7355,0.0024,12.122,11.374,23.496,-0.315,-0.425,-0.74
Angola,1993,0.34,14.34,357.21,1.36,1.7365,0.0039,11.947,11.37,23.317,-0.49,-0.429,-0.919
Angola,1994,0.295,14.295,358.96,1.96,1.7421,0.0073,12.032,11.728,23.76,-0.404,-0.072,-0.476
Angola,1995,0.827,14.827,360.97,2.01,1.7489,0.0038,11.438,11.748,23.187,-0.998,-0.051,-1.049
Angola,1996,0.455,14.455,362.74,1.24,1.7513,0.0025,11.848,11.743,23.592,-0.588,-0.056,-0.644
Angola,1997,0.3,14.3,363.88,1.91,1.7545,0.0064,11.692,11.341,23.032,-0.745,-0.458,-1.203
Angola,1998,1.206,15.206,366.84,2.97,1.7655,0.0121,11.782,11.689,23.471,-0.655,-0.11,-0.765
Angola,1999,0.499,14.499,368.54,0.92,1.7723,0.0024,11.713,11.712,23.426,-0.723,-0.087,-0.81
Angola,2000,0.248,14.248,369.71,1.62,1.7733,-0.0014,11.519,11.724,23.243,-0.917,-0.075,-0.992
Angola,2001,0.326,14.326,371.32,1.62,1.7713,-0.0007,11.622,11.628,23.25,-0.814,-0.172,-0.986
Angola,2002,0.759,14.759,373.45,2.51,1.7727,0.0032,11.385,11.176,22.561,-1.052,-0.623,-1.675
Angola,2003,0.948,14.948,375.98,2.26,1.7773,0.0048,11.419,11.924,23.343,-1.017,0.125,-0.892
Angola,2004,0.397,14.397,377.7,1.59,1.777,-0.0048,11.251,11.938,23.189,-1.186,0.139,-1.047
Angola,2005,1.084,15.084,379.98,2.57,1.7742,0.0003,10.928,11.648,22.575,-1.509,-0.152,-1.661
Angola,2006,0.455,14.455,382.09,1.69,1.775,0.0019,10.794,11.412,22.206,-1.642,-0.387,-2.03
Angola,2007,0.753,14.753,384.02,2.31,1.7814,0.0078,10.498,11.637,22.135,-1.938,-0.162,-2.101
Angola,2008,0.409,14.409,385.83,1.54,1.787,0.0065,10.99,12.213,23.203,-1.447,0.414,-1.032
Angola,2009,0.64,14.64,387.64,2.0,1.7935,0.0047,10.956,11.999,22.955,-1.481,0.2,-1.281
Angola,2010,1.16,15.16,390.1,2.3,1.7989,0.0051,10.734,12.058,22.792,-1.702,0.258,-1.444
Angola,2011,0.828,14.828,391.85,1.92,1.8031,0.005,10.506,11.45,21.956,-1.931,-0.349,-2.28
Angola,2012,0.528,14.528,394.06,2.65,1.8081,0.005,10.42,11.981,22.401,-2.017,0.182,-1.835
Angola,2013,0.97,14.97,396.74,1.99,1.8134,0.0057,10.919,12.474,23.393,-1.517,0.675,-0.842
Angola,2014,0.776,14.776,398.81,2.17,1.8226,0.0127,10.812,12.727,23.539,-1.624,0.928,-0.697
Angola,2015,1.319,15.319,401.01,2.95,1.8342,0.01,10.589,12.366,22.955,-1.848,0.567,-1.281
Angola,2016,1.733,15.733,404.41,3.03,1.8431,0.007,10.176,11.178,21.353,-2.261,-0.622,-2.882
Angola,2017,0.952,14.952,406.76,1.9,1.8496,0.0069,10.415,10.702,21.118,-2.022,-1.097,-3.118
Angola,2018,1.26,15.26,408.72,2.85,1.8573,0.0088,10.378,10.952,21.33,-2.058,-0.847,-2.906
Angola,2019,1.752,15.752,411.65,2.49,1.8666,0.0096,10.225,10.83,21.055,-2.212,-0.969,-3.181
Angola,2020,1.057,15.057,414.21,2.3,1.8787,0.0148,10.164,11.578,21.742,-2.272,-0.222,-2.494
Anguilla,1979,0.002,14.002,336.84,1.83,1.5305,0.0166,12.35,11.656,24.006,-0.087,-0.143,-0.23
Anguilla,1980,0.684,14.684,338.76,1.68,1.5471,0.0169,12.348,11.206,23.554,-0.088,-0.593,-0.682
Anguilla,1981,0.519,14.519,340.12,1.43,1.564,0.0169,12.147,11.387,23.533,-0.29,-0.413,-0.702
Anguilla,1982,0.097,14.097,341.48,0.86,1.5809,0.0333,12.468,11.595,24.062,0.031,-0.204,-0.173
Anguilla,1983,0.486,14.486,343.15,2.36,1.6142,0.0306,12.353,11.344,23.698,-0.083,-0.455,-0.538
Anguilla,1984,0.051,14.051,344.87,1.51,1.6448,0.0129,11.92,11.428,23.348,-0.517,-0.371,-0.887
Anguilla,1985,-0.065,13.935,346.35,1.21,1.6573,0.0122,12.016,11.569,23.585,-0.421,-0.23,-0.651
Anguilla,1986,-0.041,13.959,347.61,1.47,1.6701,0.0129,12.224,11.044,23.268,-0.212,-0.755,-0.967
Anguilla,1987,0.505,14.505,349.31,2.06,1.6827,0.0114,12.268,11.405,23.673,-0.169,-0.394,-0.562
Anguilla,1988,0.369,14.369,351.69,2.24,1.6931,0.0107,12.19,11.497,23.687,-0.247,-0.302,-0.549
Anguilla,1989,-0.128,13.872,353.2,1.24,1.7045,0.0112,11.987,11.381,23.368,-0.45,-0.418,-0.868
Anguilla,1990,0.264,14.264,354.45,1.2,1.7144,0.0086,11.718,11.365,23.082,-0.719,-0.434,-1.153
Anguilla,1991,0.256,14.256,355.7,1.05,1.7248,0.0141,11.77,11.498,23.268,-0.667,-0.301,-0.967
Anguilla,1992,0.199,14.199,356.54,0.49,1.7355,0.0024,12.122,11.374,23.496,-0.315,-0.425,-0.74
Anguilla,1993,0.369,14.369,357.21,1.36,1.7365,0.0039,11.947,11.37,23.317,-0.49,-0.429,-0.919
Anguilla,1994,0.429,14.429,358.96,1.96,1.7421,0.0073,12.032,11.728,23.76,-0.404,-0.072,-0.476
Anguilla,1995,0.476,14.476,360.97,2.01,1.7489,0.0038,11.438,11.748,23.187,-0.998,-0.051,-1.049
Anguilla,1996,0.229,14.229,362.74,1.24,1.7513,0.0025,11.848,11.743,23.592,-0.588,-0.056,-0.644
Anguilla,1997,0.39,14.39,363.88,1.91,1.7545,0.0064,11.692,11.341,23.032,-0.745,-0.458,-1.203
Anguilla,1998,0.975,14.975,366.84,2.97,1.7655,0.0121,11.782,11.689,23.471,-0.655,-0.11,-0.765
Anguilla,1999,0.456,14.456,368.54,0.92,1.7723,0.0024,11.713,11.712,23.426,-0.723,-0.087,-0.81
Anguilla,2000,0.114,14.114,369.71,1.62,1.7733,-0.0014,11.519,11.724,23.243,-0.917,-0.075,-0.992
Anguilla,2001,0.471,14.471,371.32,1.62,1.7713,-0.0007,11.622,11.628,23.25,-0.814,-0.172,-0.986
Anguilla,2002,0.573,14.573,373.45,2.51,1.7727,0.0032,11.385,11.176,22.561,-1.052,-0.623,-1.675
Anguilla,2003,0.689,14.689,375.98,2.26,1.7773,0.0048,11.419,11.924,23.343,-1.017,0.125,-0.892
Anguilla,2004,0.374,14.374,377.7,1.59,1.777,-0.0048,11.251,11.938,23.189,-1.186,0.139,-1.047
Anguilla,2005,0.656,14.656,379.98,2.57,1.7742,0.0003,10.928,11.648,22.575,-1.509,-0.152,-1.661
Anguilla,2006,0.441,14.441,382.09,1.69,1.775,0.0019,10.794,11.412,22.206,-1.642,-0.387,-2.03
Anguilla,2007,0.699,14.699,384.02,2.31,1.7814,0.0078,10.498,11.637,22.135,-1.938,-0.162,-2.101
Anguilla,2008,0.166,14.166,385.83,1.54,1.787,0.0065,10.99,12.213,23.203,-1.447,0.414,-1.032
Anguilla,2009,0.421,14.421,387.64,2.0,1.7935,0.0047,10.956,11.999,22.955,-1.481,0.2,-1.281
Anguilla,2010,0.931,14.931,390.1,2.3,1.7989,0.0051,10.734,12.058,22.792,-1.702,0.258,-1.444
Anguilla,2011,0.327,14.327,391.85,1.92,1.8031,0.005,10.506,11.45,21.956,-1.931,-0.349,-2.28
Anguilla,2012,0.492,14.492,394.06,2.65,1.8081,0.005,10.42,11.981,22.401,-2.017,0.182,-1.835
Anguilla,2013,0.587,14.587,396.74,1.99,1.8134,0.0057,10.919,12.474,23.393,-1.517,0.675,-0.842
Anguilla,2014,0.611,14.611,398.81,2.17,1.8226,0.0127,10.812,12.727,23.539,-1.624,0.928,-0.697
Anguilla,2015,0.87,14.87,401.01,2.95,1.8342,0.01,10.589,12.366,22.955,-1.848,0.567,-1.281
Anguilla,2016,0.963,14.963,404.41,3.03,1.8431,0.007,10.176,11.178,21.353,-2.261,-0.622,-2.882
Anguilla,2017,0.702,14.702,406.76,1.9,1.8496,0.0069,10.415,10.702,21.118,-2.022,-1.097,-3.118
Anguilla,2018,0.532,14.532,408.72,2.85,1.8573,0.0088,10.378,10.952,21.33,-2.058,-0.847,-2.906
Anguilla,2019,0.766,14.766,411.65,2.49,1.8666,0.0096,10.225,10.83,21.055,-2.212,-0.969,-3.181
Anguilla,2020,1.154,15.154,414.21,2.3,1.8787,0.0148,10.164,11.578,21.742,-2.272,-0.222,-2.494
Antarctica,1979,-0.234,13.766,336.84,1.83,1.5305,0.0166,12.35,11.656,24.006,-0.087,-0.143,-0.23
Antarctica,1980,0.565,14.565,338.76,1.68,1.5471,0.0169,12.348,11.206,23.554,-0.088,-0.593,-0.682
Antarctica,1981,0.706,14.706,340.12,1.43,1.564,0.0169,12.147,11.387,23.533,-0.29,-0.413,-0.702
Antarctica,1982,-0.031,13.969,341.48,0.86,1.5809,0.0333,12.468,11.595,24.062,0.031,-0.204,-0.173
Antarctica,1983,-0.693,13.307,343.15,2.36,1.6142,0.0306,12.353,11.344,23.698,-0.083,-0.455,-0.538
Antarctica,1984,0.131,14.131,344.87,1.51,1.6448,0.0129,11.92,11.428,23.348,-0.517,-0.371,-0.887
Antarctica,1985,0.18,14.18,346.35,1.21,1.6573,0.0122,12.016,11.569,23.585,-0.421,-0.23,-0.651
Antarctica,1986,-0.269,13.731,347.61,1.47,1.6701,0.0129,12.224,11.044,23.268,-0.212,-0.755,-0.967
Antarctica,1987,-0.699,13.301,349.31,2.06,1.6827,0.0114,12.268,11.405,23.673,-0.169,-0.394,-0.562
Antarctica,1988,0.955,14.955,351.69,2.24,1.6931,0.0107,12.19,11.497,23.687,-0.247,-0.302,-0.549
Antarctica,1989,-0.437,13.563,353.2,1.24,1.7045,0.0112,11.987,11.381,23.368,-0.45,-0.418,-0.868
Antarctica,1990,0.289,14.289,354.45,1.2,1.7144,0.0086,11.718,11.365,23.082,-0.719,-0.434,-1.153
Antarctica,1991,0.677,14.677,355.7,1.05,1.7248,0.0141,11.77,11.498,23.268,-0.667,-0.301,-0.967
Antarctica,1992,0.334,14.334,356.54,0.49,1.7355,0.0024,12.122,11.374,23.496,-0.315,-0.425,-0.74
Antarctica,1993,-0.728,13.272,357.21,1.36,1.7365,0.0039,11.947,11.37,23.317,-0.49,-0.429,-0.919
Antarctica,1994,-0.206,13.794,358.96,1.96,1.7421,0.0073,12.032,11.728,23.76,-0.404,-0.072,-0.476
Antarctica,1995,-0.27,13.73,360.97,2.01,1.7489,0.0038,11.438,11.748,23.187,-0.998,-0.051,-1.049
Antarctica,1996,0.799,14.799,362.74,1.24,1.7513,0.0025,11.848,11.743,23.592,-0.588,-0.056,-0.644
Antarctica,1997,-0.543,13.457,363.88,1.91,1.7545,0.0064,11.692,11.341,23.032,-0.745,-0.458,-1.203
Antarctica,1998,-0.47,13.53,366.84,2.97,1.7655,0.0121,11.782,11.689,23.471,-0.655,-0.11,-0.765
Antarctica,1999,-0.581,13.419,368.54,0.92,1.7723,0.0024,11.713,11.712,23.426,-0.723,-0.087,-0.81
Antarctica,2000,-0.765,13.235,369.71,1.62,1.7733,-0.0014,11.519,11.724,23.243,-0.917,-0.075,-0.992
Antarctica,2001,-0.049,13.951,371.32,1.62,1.7713,-0.0007,11.622,11.628,23.25,-0.814,-0.172,-0.986
Antarctica,2002,1.272,15.272,373.45,2.51,1.7727,0.0032,11.385,11.176,22.561,-1.052,-0.623,-1.675
Antarctica,2003,-0.463,13.537,375.98,2.26,1.7773,0.0048,11.419,11.924,23.343,-1.017,0.125,-0.892
Antarctica,2004,0.141,14.141,377.7,1.59,1.777,-0.0048,11.251,11.938,23.189,-1.186,0.139,-1.047
Antarctica,2005,0.888,14.888,379.98,2.57,1.7742,0.0003,10.928,11.648,22.575,-1.509,-0.152,-1.661
Antarctica,2006,-0.067,13.933,382.09,1.69,1.775,0.0019,10.794,11.412,22.206,-1.642,-0.387,-2.03
Antarctica,2007,0.694,14.694,384.02,2.31,1.7814,0.0078,10.498,11.637,22.135,-1.938,-0.162,-2.101
Antarctica,2008,0.617,14.617,385.83,1.54,1.787,0.0065,10.99,12.213,23.203,-1.447,0.414,-1.032
Antarctica,2009,1.354,15.354,387.64,2.0,1.7935,0.0047,10.956,11.999,22.955,-1.481,0.2,-1.281
Antarctica,2010,0.825,14.825,390.1,2.3,1.7989,0.0051,10.734,12.058,22.792,-1.702,0.258,-1.444
Antarctica,2011,0.738,14.738,391.85,1.92,1.8031,0.005,10.506,11.45,21.956,-1.931,-0.349,-2.28
Antarctica,2012,-0.202,13.798,394.06,2.65,1.8081,0.005,10.42,11.981,22.401,-2.017,0.182,-1.835
Antarctica,2013,1.75,15.75,396.74,1.99,1.8134,0.0057,10.919,12.474,23.393,-1.517,0.675,-0.842
Antarctica,2014,0.559,14.559,398.81,2.17,1.8226,0.0127,10.812,12.727,23.539,-1.624,0.928,-0.697
Antarctica,2015,-0.085,13.915,401.01,2.95,1.8342,0.01,10.589,12.366,22.955,-1.848,0.567,-1.281
Antarctica,2016,0.229,14.229,404.41,3.03,1.8431,0.007,10.176,11.178,21.353,-2.261,-0.622,-2.882
Antarctica,2017,0.773,14.773,406.76,1.9,1.8496,0.0069,10.415,10.702,21.118,-2.022,-1.097,-3.118
Antarctica,2018,1.451,15.451,408.72,2.85,1.8573,0.0088,10.378,10.952,21.33,-2.058,-0.847,-2.906
Antarctica,2019,0.638,14.638,411.65,2.49,1.8666,0.0096,10.225,10.83,21.055,-2.212,-0.969,-3.181
Antarctica,2020,0.779,14.779,414.21,2.3,1.8787,0.0148,10.164,11.578,21.742,-2.272,-0.222,-2.494
Antigua and Barbuda,1979,0.128,14.128,336.84,1.83,1.5305,0.0166,12.35,11.656,24.006,-0.087,-0.143,-0.23
Antigua and Barbuda,1980,0.663,14.663,338.76,1.68,1.5471,0.0169,12.348,11.206,23.554,-0.088,-0.593,-0.682
Antigua and Barbuda,1981,0.567,14.567,340.12,1.43,1.564,0.0169,12.147,11.387,23.533,-0.29,-0.413,-0.702
Antigua and Barbuda,1982,0.19,14.19,341.48,0.86,1.5809,0.0333,12.468,11.595,24.062,0.031,-0.204,-0.173
Antigua and Barbuda,1983,0.474,14.474,343.15,2.36,1.6142,0.0306,12.353,11.344,23.698,-0.083,-0.455,-0.538
Antigua and Barbuda,1984,-0.023,13.977,344.87,1.51,1.6448,0.0129,11.92,11.428,23.348,-0.517,-0.371,-0.887
Antigua and Barbuda,1985,-0.089,13.911,346.35,1.21,1.6573,0.0122,12.016,11.569,23.585,-0.421,-0.23,-0.651
Antigua and Barbuda,1986,-0.077,13.923,347.61,1.47,1.6701,0.0129,12.224,11.044,23.268,-0.212,-0.755,-0.967
Antigua and Barbuda,1987,0.583,14.583,349.31,2.06,1.6827,0.0114,12.268,11.405,23.673,-0.169,-0.394,-0.562
Antigua and Barbuda,1988,0.322,14.322,351.69,2.24,1.6931,0.0107,12.19,11.497,23.687,-0.247,-0.302,-0.549
Antigua and Barbuda,1989,-0.177,13.823,353.2,1.24,1.7045,0.0112,11.987,11.381,23.368,-0.45,-0.418,-0.868
Antigua and Barbuda,1990,0.241,14.241,354.45,1.2,1.7144,0.0086,11.718,11.365,23.082,-0.719,-0.434,-1.153
Antigua and Barbuda,1991,0.318,14.318,355.7,1.05,1.7248,0.0141,11.77,11.498,23.268,-0.667,-0.301,-0.967
Antigua and Barbuda,1992,0.276,14.276,356.54,0.49,1.7355,0.0024,12.122,11.374,23.496,-0.315,-0.425,-0.74
Antigua and Barbuda,1993,0.364,14.364,357.21,1.36,1.7365,0.0039,11.947,11.37,23.317,-0.49,-0.429,-0.919
Antigua and Barbuda,1994,0.373,14.373,358.96,1.96,1.7421,0.0073,12.032,11.728,23.76,-0.404,-0.072,-0.476
Antigua and Barbuda,1995,0.522,14.522,360.97,2.01,1.7489,0.0038,11.438,11.748,23.187,-0.998,-0.051,-1.049
Antigua and Barbuda,1996,0.274,14.274,362.74,1.24,1.7513,0.0025,11.848,11.743,23.592,-0.588,-0.056,-0.644
Antigua and Barbuda,1997,0.431,14.431,363.88,1.91,1.7545,0.0064,11.692,11.341,23.032,-0.745,-0.458,-1.203
Antigua and Barbuda,1998,0.992,14.992,366.84,2.97,1.7655,0.0121,11.782,11.689,23.471,-0.655,-0.11,-0.765
Antigua and Barbuda,1999,0.439,14.439,368.54,0.92,1.7723,0.0024,11.713,11.712,23.426,-0.723,-0.087,-0.81
Antigua and Barbuda,2000,0.186,14.186,369.71,1.62,1.7733,-0.0014,11.519,11.724,23.243,-0.917,-0.075,-0.992
Antigua and Barbuda,2001,0.3425,14.3425,371.32,1.62,1.7713,-0.0007,11.622,11.628,23.25,-0.814,-0.172,-0.986
Antigua and Barbuda,2002,0.499,14.499,373.45,2.51,1.7727,0.0032,11.385,11.176,22.561,-1.052,-0.623,-1.675
Antigua and Barbuda,2003,0.65,14.65,375.98,2.26,1.7773,0.0048,11.419,11.924,23.343,-1.017,0.125,-0.892
Antigua and Barbuda,2004,0.331,14.331,377.7,1.59,1.777,-0.0048,11.251,11.938,23.189,-1.186,0.139,-1.047
Antigua and Barbuda,2005,0.651,14.651,379.98,2.57,1.7742,0.0003,10.928,11.648,22.575,-1.509,-0.152,-1.661
Antigua and Barbuda,2006,0.382,14.382,382.09,1.69,1.775,0.0019,10.794,11.412,22.206,-1.642,-0.387,-2.03
Antigua and Barbuda,2007,0.637,14.637,384.02,2.31,1.7814,0.0078,10.498,11.637,22.135,-1.938,-0.162,-2.101
Antigua and Barbuda,2008,0.085,14.085,385.83,1.54,1.787,0.0065,10.99,12.213,23.203,-1.447,0.414,-1.032
Antigua and Barbuda,2009,0.322,14.322,387.64,2.0,1.7935,0.0047,10.956,11.999,22.955,-1.481,0.2,-1.281
Antigua and Barbuda,2010,0.961,14.961,390.1,2.3,1.7989,0.0051,10.734,12.058,22.792,-1.702,0.258,-1.444
Antigua and Barbuda,2011,0.382,14.382,391.85,1.92,1.8031,0.005,10.506,11.45,21.956,-1.931,-0.349,-2.28
Antigua and Barbuda,2012,0.484,14.484,394.06,2.65,1.8081,0.005,10.42,11.981,22.401,-2.017,0.182,-1.835
Antigua and Barbuda,2013,0.556,14.556,396.74,1.99,1.8134,0.0057,10.919,12.474,23.393,-1.517,0.675,-0.842
Antigua and Barbuda,2014,0.487,14.487,398.81,2.17,1.8226,0.0127,10.812,12.727,23.539,-1.624,0.928,-0.697
Antigua and Barbuda,2015,0.811,14.811,401.01,2.95,1.8342,0.01,10.589,12.366,22.955,-1.848,0.567,-1.281
Antigua and Barbuda,2016,0.889,14.889,404.41,3.03,1.8431,0.007,10.176,11.178,21.353,-2.261,-0.622,-2.882
Antigua and Barbuda,2017,0.665,14.665,406.76,1.9,1.8496,0.0069,10.415,10.702,21.118,-2.022,-1.097,-3.118
Antigua and Barbuda,2018,0.506,14.506,408.72,2.85,1.8573,0.0088,10.378,10.952,21.33,-2.058,-0.847,-2.906
Antigua and Barbuda,2019,0.763,14.763,411.65,2.49,1.8666,0.0096,10.225,10.83,21.055,-2.212,-0.969,-3.181
Antigua and Barbuda,2020,1.098,15.098,414.21,2.3,1.8787,0.0148,10.164,11.578,21.742,-2.272,-0.222,-2.494
Argentina,1979,0.206,14.206,336.84,1.83,1.5305,0.0166,12.35,11.656,24.006,-0.087,-0.143,-0.23
Argentina,1980,0.313,14.313,338.76,1.68,1.5471,0.0169,12.348,11.206,23.554,-0.088,-0.593,-0.682
Argentina,1981,0.323,14.323,340.12,1.43,1.564,0.0169,12.147,11.387,23.533,-0.29,-0.413,-0.702
Argentina,1982,0.312,14.312,341.48,0.86,1.5809,0.0333,12.468,11.595,24.062,0.031,-0.204,-0.173
Argentina,1983,-0.005,13.995,343.15,2.36,1.6142,0.0306,12.353,11.344,23.698,-0.083,-0.455,-0.538
Argentina,1984,-0.16,13.84,344.87,1.51,1.6448,0.0129,11.92,11.428,23.348,-0.517,-0.371,-0.887
Argentina,1985,0.245,14.245,346.35,1.21,1.6573,0.0122,12.016,11.569,23.585,-0.421,-0.23,-0.651
Argentina,1986,0.405,14.405,347.61,1.47,1.6701,0.0129,12.224,11.044,23.268,-0.212,-0.755,-0.967
Argentina,1987,0.391,14.391,349.31,2.06,1.6827,0.0114,12.268,11.405,23.673,-0.169,-0.394,-0.562
Argentina,1988,-0.249,13.751,351.69,2.24,1.6931,0.0107,12.19,11.497,23.687,-0.247,-0.302,-0.549
Argentina,1989,0.565,14.565,353.2,1.24,1.7045,0.0112,11.987,11.381,23.368,-0.45,-0.418,-0.868
Argentina,1990,0.393,14.393,354.45,1.2,1.7144,0.0086,11.718,11.365,23.082,-0.719,-0.434,-1.153
Argentina,1991,0.224,14.224,355.7,1.05,1.7248,0.0141,11.77,11.498,23.268,-0.667,-0.301,-0.967
Argentina,1992,-0.289,13.711,356.54,0.49,1.7355,0.0024,12.122,11.374,23.496,-0.315,-0.425,-0.74
Argentina,1993,0.043,14.043,357.21,1.36,1.7365,0.0039,11.947,11.37,23.317,-0.49,-0.429,-0.919
Argentina,1994,0.457,14.457,358.96,1.96,1.7421,0.0073,12.032,11.728,23.76,-0.404,-0.072,-0.476
Argentina,1995,0.21,14.21,360.97,2.01,1.7489,0.0038,11.438,11.748,23.187,-0.998,-0.051,-1.049
Argentina,1996,0.476,14.476,362.74,1.24,1.7513,0.0025,11.848,11.743,23.592,-0.588,-0.056,-0.644
Argentina,1997,0.732,14.732,363.88,1.91,1.7545,0.0064,11.692,11.341,23.032,-0.745,-0.458,-1.203
Argentina,1998,0.32,14.32,366.84,2.97,1.7655,0.0121,11.782,11.689,23.471,-0.655,-0.11,-0.765
Argentina,1999,0.138,14.138,368.54,0.92,1.7723,0.0024,11.713,11.712,23.426,-0.723,-0.087,-0.81
Argentina,2000,-0.22,13.78,369.71,1.62,1.7733,-0.0014,11.519,11.724,23.243,-0.917,-0.075,-0.992
Argentina,2001,0.392,14.392,371.32,1.62,1.7713,-0.0007,11.622,11.628,23.25,-0.814,-0.172,-0.986
Argentina,2002,0.259,14.259,373.45,2.51,1.7727,0.0032,11.385,11.176,22.561,-1.052,-0.623,-1.675
Argentina,2003,0.593,14.593,375.98,2.26,1.7773,0.0048,11.419,11.924,23.343,-1.017,0.125,-0.892
Argentina,2004,0.384,14.384,377.7,1.59,1.777,-0.0048,11.251,11.938,23.189,-1.186,0.139,-1.047
Argentina,2005,0.171,14.171,379.98,2.57,1.7742,0.0003,10.928,11.648,22.575,-1.509,-0.152,-1.661
Argentina,2006,0.508,14.508,382.09,1.69,1.775,0.0019,10.794,11.412,22.206,-1.642,-0.387,-2.03
Argentina,2007,-0.248,13.752,384.02,2.31,1.7814,0.0078,10.498,11.637,22.135,-1.938,-0.162,-2.101
Argentina,2008,0.522,14.522,385.83,1.54,1.787,0.0065,10.99,12.213,23.203,-1.447,0.414,-1.032
Argentina,2009,0.735,14.735,387.64,2.0,1.7935,0.0047,10.956,11.999,22.955,-1.481,0.2,-1.281
Argentina,2010,0.042,14.042,390.1,2.3,1.7989,0.0051,10.734,12.058,22.792,-1.702,0.258,-1.444
Argentina,2011,0.29,14.29,391.85,1.92,1.8031,0.005,10.506,11.45,21.956,-1.931,-0.349,-2.28
Argentina,2012,0.713,14.713,394.06,2.65,1.8081,0.005,10.42,11.981,22.401,-2.017,0.182,-1.835
Argentina,2013,0.37,14.37,396.74,1.99,1.8134,0.0057,10.919,12.474,23.393,-1.517,0.675,-0.842
Argentina,2014,0.901,14.901,398.81,2.17,1.8226,0.0127,10.812,12.727,23.539,-1.624,0.928,-0.697
Argentina,2015,0.892,14.892,401.01,2.95,1.8342,0.01,10.589,12.366,22.955,-1.848,0.567,-1.281
Argentina,2016,0.417,14.417,404.41,3.03,1.8431,0.007,10.176,11.178,21.353,-2.261,-0.622,-2.882
Argentina,2017,1.01,15.01,406.76,1.9,1.8496,0.0069,10.415,10.702,21.118,-2.022,-1.097,-3.118
Argentina,2018,0.783,14.783,408.72,2.85,1.8573,0.0088,10.378,10.952,21.33,-2.058,-0.847,-2.906
Argentina,2019,0.664,14.664,411.65,2.49,1.8666,0.0096,10.225,10.83,21.055,-2.212,-0.969,-3.181
Argentina,2020,1.04,15.04,414.21,2.3,1.8787,0.0148,10.164,11.578,21.742,-2.272,-0.222,-2.494
Aruba,1979,0.2085,14.2085,336.84,1.83,1.5305,0.0166,12.35,11.656,24.006,-0.087,-0.143,-0.23
Aruba,1980,0.438,14.438,338.76,1.68,1.5471,0.0169,12.348,11.206,23.554,-0.088,-0.593,-0.682
Aruba,1981,0.462,14.462,340.12,1.43,1.564,0.0169,12.147,11.387,23.533,-0.29,-0.413,-0.702
Aruba,1982,0.382,14.382,341.48,0.86,1.5809,0.0333,12.468,11.595,24.062,0.031,-0.204,-0.173
Aruba,1983,0.689,14.689,343.15,2.36,1.6142,0.0306,12.353,11.344,23.698,-0.083,-0.455,-0.538
Aruba,1984,0.074,14.074,344.87,1.51,1.6448,0.0129,11.92,11.428,23.348,-0.517,-0.371,-0.887
Aruba,1985,-0.17,13.83,346.35,1.21,1.6573,0.0122,12.016,11.569,23.585,-0.421,-0.23,-0.651
Aruba,1986,-0.113,13.887,347.61,1.47,1.6701,0.0129,12.224,11.044,23.268,-0.212,-0.755,-0.967
Aruba,1987,0.661,14.661,349.31,2.06,1.6827,0.0114,12.268,11.405,23.673,-0.169,-0.394,-0.562
Aruba,1988,0.249,14.249,351.69,2.24,1.6931,0.0107,12.19,11.497,23.687,-0.247,-0.302,-0.549
Aruba,1989,-0.197,13.803,353.2,1.24,1.7045,0.0112,11.987,11.381,23.368,-0.45,-0.418,-0.868
Aruba,1990,0.155,14.155,354.45,1.2,1.7144,0.0086,11.718,11.365,23.082,-0.719,-0.434,-1.153
Aruba,1991,0.214,14.214,355.7,1.05,1.7248,0.0141,11.77,11.498,23.268,-0.667,-0.301,-0.967
Aruba,1992,0.24,14.24,356.54,0.49,1.7355,0.0024,12.122,11.374,23.496,-0.315,-0.425,-0.74
Aruba,1993,0.266,14.266,357.21,1.36,1.7365,0.0039,11.947,11.37,23.317,-0.49,-0.429,-0.919
Aruba,1994,0.292,14.292,358.96,1.96,1.7421,0.0073,12.032,11.728,23.76,-0.404,-0.072,-0.476
Aruba,1995,0.573,14.573,360.97,2.01,1.7489,0.0038,11.438,11.748,23.187,-0.998,-0.051,-1.049
Aruba,1996,0.727,14.727,362.74,1.24,1.7513,0.0025,11.848,11.743,23.592,-0.588,-0.056,-0.644
Aruba,1997,0.7409,14.7409,363.88,1.91,1.7545,0.0064,11.692,11.341,23.032,-0.745,-0.458,-1.203
Aruba,1998,0.7547,14.7547,366.84,2.97,1.7655,0.0121,11.782,11.689,23.471,-0.655,-0.11,-0.765
Aruba,1999,0.7686,14.7686,368.54,0.92,1.7723,0.0024,11.713,11.712,23.426,-0.723,-0.087,-0.81
Aruba,2000,0.7824,14.7824,369.71,1.62,1.7733,-0.0014,11.519,11.724,23.243,-0.917,-0.075,-0.992
Aruba,2001,0.7963,14.7963,371.32,1.62,1.7713,-0.0007,11.622,11.628,23.25,-0.814,-0.172,-0.986
Aruba,2002,0.8101,14.8101,373.45,2.51,1.7727,0.0032,11.385,11.176,22.561,-1.052,-0.623,-1.675
Aruba,2003,0.824,14.824,375.98,2.26,1.7773,0.0048,11.419,11.924,23.343,-1.017,0.125,-0.892
Aruba,2004,0.425,14.425,377.7,1.59,1.777,-0.0048,11.251,11.938,23.189,-1.186,0.139,-1.047
Aruba,2005,0.607,14.607,379.98,2.57,1.7742,0.0003,10.928,11.648,22.575,-1.509,-0.152,-1.661
Aruba,2006,0.308,14.308,382.09,1.69,1.775,0.0019,10.794,11.412,22.206,-1.642,-0.387,-2.03
Aruba,2007,0.756,14.756,384.02,2.31,1.7814,0.0078,10.498,11.637,22.135,-1.938,-0.162,-2.101
Aruba,2008,0.8693,14.8693,385.83,1.54,1.787,0.0065,10.99,12.213,23.203,-1.447,0.414,-1.032
Aruba,2009,0.9827,14.9827,387.64,2.0,1.7935,0.0047,10.956,11.999,22.955,-1.481,0.2,-1.281
Aruba,2010,1.096,15.096,390.1,2.3,1.7989,0.0051,10.734,12.058,22.792,-1.702,0.258,-1.444
Aruba,2011,0.32,14.32,391.85,1.92,1.8031,0.005,10.506,11.45,21.956,-1.931,-0.349,-2.28
Aruba,2012,0.414,14.414,394.06,2.65,1.8081,0.005,10.42,11.981,22.401,-2.017,0.182,-1.835
Aruba,2013,0.951,14.951,396.74,1.99,1.8134,0.0057,10.919,12.474,23.393,-1.517,0.675,-0.842
Aruba,2014,0.865,14.865,398.81,2.17,1.8226,0.0127,10.812,12.727,23.539,-1.624,0.928,-0.697
Aruba,2015,1.051,15.051,401.01,2.95,1.8342,0.01,10.589,12.366,22.955,-1.848,0.567,-1.281
Aruba,2016,1.1355,15.1355,404.41,3.03,1.8431,0.007,10.176,11.178,21.353,-2.261,-0.622,-2.882
Aruba,2017,1.22,15.22,406.76,1.9,1.8496,0.0069,10.415,10.702,21.118,-2.022,-1.097,-3.118
Aruba,2018,0.637,14.637,408.72,2.85,1.8573,0.0088,10.378,10.952,21.33,-2.058,-0.847,-2.906
Aruba,2019,0.97,14.97,411.65,2.49,1.8666,0.0096,10.225,10.83,21.055,-2.212,-0.969,-3.181
Aruba,2020,1.267,15.267,414.21,2.3,1.8787,0.0148,10.164,11.578,21.742,-2.272,-0.222,-2.494
Australia,1979,0.386,14.386,336.84,1.83,1.5305,0.0166,12.35,11.656,24.006,-0.087,-0.143,-0.23
Australia,1980,0.899,14.899,338.76,1.68,1.5471,0.0169,12.348,11.206,23.554,-0.088,-0.593,-0.682
Australia,1981,0.505,14.505,340.12,1.43,1.564,0.0169,12.147,11.387,23.533,-0.29,-0.413,-0.702
Australia,1982,0.207,14.207,341.48,0.86,1.5809,0.0333,12.468,11.595,24.062,0.031,-0.204,-0.173
Australia,1983,0.646,14.646,343.15,2.36,1.6142,0.0306,12.353,11.344,23.698,-0.083,-0.455,-0.538
Australia,1984,-0.157,13.843,344.87,1.51,1.6448,0.0129,11.92,11.428,23.348,-0.517,-0.371,-0.887
Australia,1985,0.336,14.336,346.35,1.21,1.6573,0.0122,12.016,11.569,23.585,-0.421,-0.23,-0.651
Australia,1986,0.365,14.365,347.61,1.47,1.6701,0.0129,12.224,11.044,23.268,-0.212,-0.755,-0.967
Australia,1987,0.346,14.346,349.31,2.06,1.6827,0.0114,12.268,11.405,23.673,-0.169,-0.394,-0.562
Australia,1988,0.945,14.945,351.69,2.24,1.6931,0.0107,12.19,11.497,23.687,-0.247,-0.302,-0.549
Australia,1989,0.137,14.137,353.2,1.24,1.7045,0.0112,11.987,11.381,23.368,-0.45,-0.418,-0.868
Australia,1990,0.529,14.529,354.45,1.2,1.7144,0.0086,11.718,11.365,23.082,-0.719,-0.434,-1.153
Australia,1991,0.805,14.805,355.7,1.05,1.7248,0.0141,11.77,11.498,23.268,-0.667,-0.301,-0.967
Australia,1992,0.247,14.247,356.54,0.49,1.7355,0.0024,12.122,11.374,23.496,-0.315,-0.425,-0.74
Australia,1993,0.449,14.449,357.21,1.36,1.7365,0.0039,11.947,11.37,23.317,-0.49,-0.429,-0.919
Australia,1994,0.187,14.187,358.96,1.96,1.7421,0.0073,12.032,11.728,23.76,-0.404,-0.072,-0.476
Australia,1995,0.377,14.377,360.97,2.01,1.7489,0.0038,11.438,11.748,23.187,-0.998,-0.051,-1.049
Australia,1996,0.559,14.559,362.74,1.24,1.7513,0.0025,11.848,11.743,23.592,-0.588,-0.056,-0.644
Australia,1997,0.349,14.349,363.88,1.91,1.7545,0.0064,11.692,11.341,23.032,-0.745,-0.458,-1.203
Australia,1998,1.048,15.048,366.84,2.97,1.7655,0.0121,11.782,11.689,23.471,-0.655,-0.11,-0.765
Australia,1999,0.56,14.56,368.54,0.92,1.7723,0.0024,11.713,11.712,23.426,-0.723,-0.087,-0.81
Australia,2000,0.121,14.121,369.71,1.62,1.7733,-0.0014,11.519,11.724,23.243,-0.917,-0.075,-0.992
Australia,2001,0.304,14.304,371.32,1.62,1.7713,-0.0007,11.622,11.628,23.25,-0.814,-0.172,-0.986
Australia,2002,0.687,14.687,373.45,2.51,1.7727,0.0032,11.385,11.176,22.561,-1.052,-0.623,-1.675
Australia,2003,0.778,14.778,375.98,2.26,1.7773,0.0048,11.419,11.924,23.343,-1.017,0.125,-0.892
Australia,2004,0.666,14.666,377.7,1.59,1.777,-0.0048,11.251,11.938,23.189,-1.186,0.139,-1.047
Australia,2005,1.137,15.137,379.98,2.57,1.7742,0.0003,10.928,11.648,22.575,-1.509,-0.152,-1.661
Australia,2006,0.653,14.653,382.09,1.69,1.775,0.0019,10.794,11.412,22.206,-1.642,-0.387,-2.03
Australia,2007,0.865,14.865,384.02,2.31,1.7814,0.0078,10.498,11.637,22.135,-1.938,-0.162,-2.101
Australia,2008,0.557,14.557,385.83,1.54,1.787,0.0065,10.99,12.213,23.203,-1.447,0.414,-1.032
Australia,2009,0.96,14.96,387.64,2.0,1.7935,0.0047,10.956,11.999,22.955,-1.481,0.2,-1.281
Australia,2010,0.619,14.619,390.1,2.3,1.7989,0.0051,10.734,12.058,22.792,-1.702,0.258,-1.444
Australia,2011,0.148,14.148,391.85,1.92,1.8031,0.005,10.506,11.45,21.956,-1.931,-0.349,-2.28
Australia,2012,0.24,14.24,394.06,2.65,1.8081,0.005,10.42,11.981,22.401,-2.017,0.182,-1.835
Australia,2013,1.436,15.436,396.74,1.99,1.8134,0.0057,10.919,12.474,23.393,-1.517,0.675,-0.842
Australia,2014,1.141,15.141,398.81,2.17,1.8226,0.0127,10.812,12.727,23.539,-1.624,0.928,-0.697
Australia,2015,1.038,15.038,401.01,2.95,1.8342,0.01,10.589,12.366,22.955,-1.848,0.567,-1.281
Australia,2016,1.126,15.126,404.41,3.03,1.8431,0.007,10.176,11.178,21.353,-2.261,-0.622,-2.882
Australia,2017,1.111,15.111,406.76,1.9,1.8496,0.0069,10.415,10.702,21.118,-2.022,-1.097,-3.118
Australia,2018,1.104,15.104,408.72,2.85,1.8573,0.0088,10.378,10.952,21.33,-2.058,-0.847,-2.906
Australia,2019,1.405,15.405,411.65,2.49,1.8666,0.0096,10.225,10.83,21.055,-2.212,-0.969,-3.181
Australia,2020,1.404,15.404,414.21,2.3,1.8787,0.0148,10.164,11.578,21.742,-2.272,-0.222,-2.494
Austria,1979,-0.106,13.894,336.84,1.83,1.5305,0.0166,12.35,11.656,24.006,-0.087,-0.143,-0.23
Austria,1980,-0.268,13.732,338.76,1.68,1.5471,0.0169,12.348,11.206,23.554,-0.088,-0.593,-0.682
Austria,1981,0.283,14.283,340.12,1.43,1.564,0.0169,12.147,11.387,23.533,-0.29,-0.413,-0.702
Austria,1982,0.392,14.392,341.48,0.86,1.5809,0.0333,12.468,11.595,24.062,0.031,-0.204,-0.173
Austria,1983,1.069,15.069,343.15,2.36,1.6142,0.0306,12.353,11.344,23.698,-0.083,-0.455,-0.538
Austria,1984,-0.242,13.758,344.87,1.51,1.6448,0.0129,11.92,11.428,23.348,-0.517,-0.371,-0.887
Austria,1985,-0.562,13.438,346.35,1.21,1.6573,0.0122,12.016,11.569,23.585,-0.421,-0.23,-0.651
Austria,1986,0.326,14.326,347.61,1.47,1.6701,0.0129,12.224,11.044,23.268,-0.212,-0.755,-0.967
Austria,1987,-0.254,13.746,349.31,2.06,1.6827,0.0114,12.268,11.405,23.673,-0.169,-0.394,-0.562
Austria,1988,0.829,14.829,351.69,2.24,1.6931,0.0107,12.19,11.497,23.687,-0.247,-0.302,-0.549
Austria,1989,1.114,15.114,353.2,1.24,1.7045,0.0112,11.987,11.381,23.368,-0.45,-0.418,-0.868
Austria,1990,1.276,15.276,354.45,1.2,1.7144,0.0086,11.718,11.365,23.082,-0.719,-0.434,-1.153
Austria,1991,0.141,14.141,355.7,1.05,1.7248,0.0141,11.77,11.498,23.268,-0.667,-0.301,-0.967
Austria,1992,1.263,15.263,356.54,0.49,1.7355,0.0024,12.122,11.374,23.496,-0.315,-0.425,-0.74
Austria,1993,0.543,14.543,357.21,1.36,1.7365,0.0039,11.947,11.37,23.317,-0.49,-0.429,-0.919
Austria,1994,1.978,15.978,358.96,1.96,1.7421,0.0073,12.032,11.728,23.76,-0.404,-0.072,-0.476
Austria,1995,0.958,14.958,360.97,2.01,1.7489,0.0038,11.438,11.748,23.187,-0.998,-0.051,-1.049
Austria,1996,-0.183,13.817,362.74,1.24,1.7513,0.0025,11.848,11.743,23.592,-0.588,-0.056,-0.644
Austria,1997,0.533,14.533,363.88,1.91,1.7545,0.0064,11.692,11.341,23.032,-0.745,-0.458,-1.203
Austria,1998,1.363,15.363,366.84,2.97,1.7655,0.0121,11.782,11.689,23.471,-0.655,-0.11,-0.765
Austria,1999,1.001,15.001,368.54,0.92,1.7723,0.0024,11.713,11.712,23.426,-0.723,-0.087,-0.81
Austria,2000,1.788,15.788,369.71,1.62,1.7733,-0.0014,11.519,11.724,23.243,-0.917,-0.075,-0.992
Austria,2001,1.523,15.523,371.32,1.62,1.7713,-0.0007,11.622,11.628,23.25,-0.814,-0.172,-0.986
Austria,2002,1.556,15.556,373.45,2.51,1.7727,0.0032,11.385,11.176,22.561,-1.052,-0.623,-1.675
Austria,2003,1.487,15.487,375.98,2.26,1.7773,0.0048,11.419,11.924,23.343,-1.017,0.125,-0.892
Austria,2004,0.857,14.857,377.7,1.59,1.777,-0.0048,11.251,11.938,23.189,-1.186,0.139,-1.047
Austria,2005,0.657,14.657,379.98,2.57,1.7742,0.0003,10.928,11.648,22.575,-1.509,-0.152,-1.661
Austria,2006,0.94,14.94,382.09,1.69,1.775,0.0019,10.794,11.412,22.206,-1.642,-0.387,-2.03
Austria,2007,2.166,16.166,384.02,2.31,1.7814,0.0078,10.498,11.637,22.135,-1.938,-0.162,-2.101
Austria,2008,1.611,15.611,385.83,1.54,1.787,0.0065,10.99,12.213,23.203,-1.447,0.414,-1.032
Austria,2009,1.572,15.572,387.64,2.0,1.7935,0.0047,10.956,11.999,22.955,-1.481,0.2,-1.281
Austria,2010,0.684,14.684,390.1,2.3,1.7989,0.0051,10.734,12.058,22.792,-1.702,0.258,-1.444
Austria,2011,1.398,15.398,391.85,1.92,1.8031,0.005,10.506,11.45,21.956,-1.931,-0.349,-2.28
Austria,2012,1.81,15.81,394.06,2.65,1.8081,0.005,10.42,11.981,22.401,-2.017,0.182,-1.835
Austria,2013,1.122,15.122,396.74,1.99,1.8134,0.0057,10.919,12.474,23.393,-1.517,0.675,-0.842
Austria,2014,2.43,16.43,398.81,2.17,1.8226,0.0127,10.812,12.727,23.539,-1.624,0.928,-0.697
Austria,2015,2.184,16.184,401.01,2.95,1.8342,0.01,10.589,12.366,22.955,-1.848,0.567,-1.281
Austria,2016,2.115,16.115,404.41,3.03,1.8431,0.007,10.176,11.178,21.353,-2.261,-0.622,-2.882
Austria,2017,1.765,15.765,406.76,1.9,1.8496,0.0069,10.415,10.702,21.118,-2.022,-1.097,-3.118
Austria,2018,2.563,16.563,408.72,2.85,1.8573,0.0088,10.378,10.952,21.33,-2.058,-0.847,-2.906
Austria,2019,2.408,16.408,411.65,2.49,1.8666,0.0096,10.225,10.83,21.055,-2.212,-0.969,-3.181
Austria,2020,2.357,16.357,414.21,2.3,1.8787,0.0148,10.164,11.578,21.742,-2.272,-0.222,-2.494
Bahamas,1979,0.278,14.278,336.84,1.83,1.5305,0.0166,12.35,11.656,24.006,-0.087,-0.143,-0.23
Bahamas,1980,0.436,14.436,338.76,1.68,1.5471,0.0169,12.348,11.206,23.554,-0.088,-0.593,-0.682
Bahamas,1981,-0.035,13.965,340.12,1.43,1.564,0.0169,12.147,11.387,23.533,-0.29,-0.413,-0.702
Bahamas,1982,0.527,14.527,341.48,0.86,1.5809,0.0333,12.468,11.595,24.062,0.031,-0.204,-0.173
Bahamas,1983,0.246,14.246,343.15,2.36,1.6142,0.0306,12.353,11.344,23.698,-0.083,-0.455,-0.538
Bahamas,1984,0.121,14.121,344.87,1.51,1.6448,0.0129,11.92,11.428,23.348,-0.517,-0.371,-0.887
Bahamas,1985,0.33,14.33,346.35,1.21,1.6573,0.0122,12.016,11.569,23.585,-0.421,-0.23,-0.651
Bahamas,1986,0.321,14.321,347.61,1.47,1.6701,0.0129,12.224,11.044,23.268,-0.212,-0.755,-0.967
Bahamas,1987,0.495,14.495,349.31,2.06,1.6827,0.0114,12.268,11.405,23.673,-0.169,-0.394,-0.562
Bahamas,1988,0.422,14.422,351.69,2.24,1.6931,0.0107,12.19,11.497,23.687,-0.247,-0.302,-0.549
Bahamas,1989,0.712,14.712,353.2,1.24,1.7045,0.0112,11.987,11.381,23.368,-0.45,-0.418,-0.868
Bahamas,1990,0.82,14.82,354.45,1.2,1.7144,0.0086,11.718,11.365,23.082,-0.719,-0.434,-1.153
Bahamas,1991,0.838,14.838,355.7,1.05,1.7248,0.0141,11.77,11.498,23.268,-0.667,-0.301,-0.967
Bahamas,1992,0.342,14.342,356.54,0.49,1.7355,0.0024,12.122,11.374,23.496,-0.315,-0.425,-0.74
Bahamas,1993,0.433,14.433,357.21,1.36,1.7365,0.0039,11.947,11.37,23.317,-0.49,-0.429,-0.919
Bahamas,1994,0.857,14.857,358.96,1.96,1.7421,0.0073,12.032,11.728,23.76,-0.404,-0.072,-0.476
Bahamas,1995,0.767,14.767,360.97,2.01,1.7489,0.0038,11.438,11.748,23.187,-0.998,-0.051,-1.049
Bahamas,1996,0.115,14.115,362.74,1.24,1.7513,0.0025,11.848,11.743,23.592,-0.588,-0.056,-0.644
Bahamas,1997,0.877,14.877,363.88,1.91,1.7545,0.0064,11.692,11.341,23.032,-0.745,-0.458,-1.203
Bahamas,1998,1.029,15.029,366.84,2.97,1.7655,0.0121,11.782,11.689,23.471,-0.655,-0.11,-0.765
Bahamas,1999,0.724,14.724,368.54,0.92,1.7723,0.0024,11.713,11.712,23.426,-0.723,-0.087,-0.81
Bahamas,2000,0.313,14.313,369.71,1.62,1.7733,-0.0014,11.519,11.724,23.243,-0.917,-0.075,-0.992
Bahamas,2001,0.248,14.248,371.32,1.62,1.7713,-0.0007,11.622,11.628,23.25,-0.814,-0.172,-0.986
Bahamas,2002,0.969,14.969,373.45,2.51,1.7727,0.0032,11.385,11.176,22.561,-1.052,-0.623,-1.675
Bahamas,2003,1.117,15.117,375.98,2.26,1.7773,0.0048,11.419,11.924,23.343,-1.017,0.125,-0.892
Bahamas,2004,0.449,14.449,377.7,1.59,1.777,-0.0048,11.251,11.938,23.189,-1.186,0.139,-1.047
Bahamas,2005,0.514,14.514,379.98,2.57,1.7742,0.0003,10.928,11.648,22.575,-1.509,-0.152,-1.661
Bahamas,2006,0.448,14.448,382.09,1.69,1.775,0.0019,10.794,11.412,22.206,-1.642,-0.387,-2.03
Bahamas,2007,0.998,14.998,384.02,2.31,1.7814,0.0078,10.498,11.637,22.135,-1.938,-0.162,-2.101
Bahamas,2008,0.932,14.932,385.83,1.54,1.787,0.0065,10.99,12.213,23.203,-1.447,0.414,-1.032
Bahamas,2009,0.519,14.519,387.64,2.0,1.7935,0.0047,10.956,11.999,22.955,-1.481,0.2,-1.281
Bahamas,2010,0.408,14.408,390.1,2.3,1.7989,0.0051,10.734,12.058,22.792,-1.702,0.258,-1.444
Bahamas,2011,0.487,14.487,391.85,1.92,1.8031,0.005,10.506,11.45,21.956,-1.931,-0.349,-2.28
Bahamas,2012,0.496,14.496,394.06,2.65,1.8081,0.005,10.42,11.981,22.401,-2.017,0.182,-1.835
Bahamas,2013,0.721,14.721,396.74,1.99,1.8134,0.0057,10.919,12.474,23.393,-1.517,0.675,-0.842
Bahamas,2014,1.053,15.053,398.81,2.17,1.8226,0.0127,10.812,12.727,23.539,-1.624,0.928,-0.697
Bahamas,2015,1.397,15.397,401.01,2.95,1.8342,0.01,10.589,12.366,22.955,-1.848,0.567,-1.281
Bahamas,2016,1.349,15.349,404.41,3.03,1.8431,0.007,10.176,11.178,21.353,-2.261,-0.622,-2.882
Bahamas,2017,1.506,15.506,406.76,1.9,1.8496,0.0069,10.415,10.702,21.118,-2.022,-1.097,-3.118
Bahamas,2018,1.144,15.144,408.72,2.85,1.8573,0.0088,10.378,10.952,21.33,-2.058,-0.847,-2.906
Bahamas,2019,1.581,15.581,411.65,2.49,1.8666,0.0096,10.225,10.83,21.055,-2.212,-0.969,-3.181
Bahamas,2020,1.706,15.706,414.21,2.3,1.8787,0.0148,10.164,11.578,21.742,-2.272,-0.222,-2.494
Bahrain,1979,0.853,14.853,336.84,1.83,1.5305,0.0166,12.35,11.656,24.006,-0.087,-0.143,-0.23
Bahrain,1980,0.347,14.347,338.76,1.68,1.5471,0.0169,12.348,11.206,23.554,-0.088,-0.593,-0.682
Bahrain,1981,0.404,14.404,340.12,1.43,1.564,0.0169,12.147,11.387,23.533,-0.29,-0.413,-0.702
Bahrain,1982,-0.097,13.903,341.48,0.86,1.5809,0.0333,12.468,11.595,24.062,0.031,-0.204,-0.173
Bahrain,1983,-0.854,13.146,343.15,2.36,1.6142,0.0306,12.353,11.344,23.698,-0.083,-0.455,-0.538
Bahrain,1984,0.016,14.016,344.87,1.51,1.6448,0.0129,11.92,11.428,23.348,-0.517,-0.371,-0.887
Bahrain,1985,0.352,14.352,346.35,1.21,1.6573,0.0122,12.016,11.569,23.585,-0.421,-0.23,-0.651
Bahrain,1986,0.649,14.649,347.61,1.47,1.6701,0.0129,12.224,11.044,23.268,-0.212,-0.755,-0.967
Bahrain,1987,0.524,14.524,349.31,2.06,1.6827,0.0114,12.268,11.405,23.673,-0.169,-0.394,-0.562
Bahrain,1988,0.601,14.601,351.69,2.24,1.6931,0.0107,12.19,11.497,23.687,-0.247,-0.302,-0.549
Bahrain,1989,0.008,14.008,353.2,1.24,1.7045,0.0112,11.987,11.381,23.368,-0.45,-0.418,-0.868
Bahrain,1990,0.383,14.383,354.45,1.2,1.7144,0.0086,11.718,11.365,23.082,-0.719,-0.434,-1.153
Bahrain,1991,-0.244,13.756,355.7,1.05,1.7248,0.0141,11.77,11.498,23.268,-0.667,-0.301,-0.967
Bahrain,1992,-0.549,13.451,356.54,0.49,1.7355,0.0024,12.122,11.374,23.496,-0.315,-0.425,-0.74
Bahrain,1993,0.119,14.119,357.21,1.36,1.7365,0.0039,11.947,11.37,23.317,-0.49,-0.429,-0.919
Bahrain,1994,0.988,14.988,358.96,1.96,1.7421,0.0073,12.032,11.728,23.76,-0.404,-0.072,-0.476
Bahrain,1995,0.238,14.238,360.97,2.01,1.7489,0.0038,11.438,11.748,23.187,-0.998,-0.051,-1.049
Bahrain,1996,0.68,14.68,362.74,1.24,1.7513,0.0025,11.848,11.743,23.592,-0.588,-0.056,-0.644
Bahrain,1997,0.359,14.359,363.88,1.91,1.7545,0.0064,11.692,11.341,23.032,-0.745,-0.458,-1.203
Bahrain,1998,1.417,15.417,366.84,2.97,1.7655,0.0121,11.782,11.689,23.471,-0.655,-0.11,-0.765
Bahrain,1999,2.06,16.06,368.54,0.92,1.7723,0.0024,11.713,11.712,23.426,-0.723,-0.087,-0.81
Bahrain,2000,1.15,15.15,369.71,1.62,1.7733,-0.0014,11.519,11.724,23.243,-0.917,-0.075,-0.992
Bahrain,2001,1.24,15.24,371.32,1.62,1.7713,-0.0007,11.622,11.628,23.25,-0.814,-0.172,-0.986
Bahrain,2002,1.584,15.584,373.45,2.51,1.7727,0.0032,11.385,11.176,22.561,-1.052,-0.623,-1.675
Bahrain,2003,1.267,15.267,375.98,2.26,1.7773,0.0048,11.419,11.924,23.343,-1.017,0.125,-0.892
Bahrain,2004,1.389,15.389,377.7,1.59,1.777,-0.0048,11.251,11.938,23.189,-1.186,0.139,-1.047
Bahrain,2005,1.066,15.066,379.98,2.57,1.7742,0.0003,10.928,11.648,22.575,-1.509,-0.152,-1.661
Bahrain,2006,1.839,15.839,382.09,1.69,1.775,0.0019,10.794,11.412,22.206,-1.642,-0.387,-2.03
Bahrain,2007,1.052,15.052,384.02,2.31,1.7814,0.0078,10.498,11.637,22.135,-1.938,-0.162,-2.101
Bahrain,2008,1.295,15.295,385.83,1.54,1.787,0.0065,10.99,12.213,23.203,-1.447,0.414,-1.032
Bahrain,2009,1.182,15.182,387.64,2.0,1.7935,0.0047,10.956,11.999,22.955,-1.481,0.2,-1.281
Bahrain,2010,2.141,16.141,390.1,2.3,1.7989,0.0051,10.734,12.058,22.792,-1.702,0.258,-1.444
Bahrain,2011,1.355,15.355,391.85,1.92,1.8031,0.005,10.506,11.45,21.956,-1.931,-0.349,-2.28
Bahrain,2012,1.299,15.299,394.06,2.65,1.8081,0.005,10.42,11.981,22.401,-2.017,0.182,-1.835
Bahrain,2013,1.418,15.418,396.74,1.99,1.8134,0.0057,10.919,12.474,23.393,-1.517,0.675,-0.842
Bahrain,2014,1.814,15.814,398.81,2.17,1.8226,0.0127,10.812,12.727,23.539,-1.624,0.928,-0.697
Bahrain,2015,2.355,16.355,401.01,2.95,1.8342,0.01,10.589,12.366,22.955,-1.848,0.567,-1.281
Bahrain,2016,1.63,15.63,404.41,3.03,1.8431,0.007,10.176,11.178,21.353,-2.261,-0.622,-2.882
Bahrain,2017,2.091,16.091,406.76,1.9,1.8496,0.0069,10.415,10.702,21.118,-2.022,-1.097,-3.118
Bahrain,2018,2.25,16.25,408.72,2.85,1.8573,0.0088,10.378,10.952,21.33,-2.058,-0.847,-2.906
Bahrain,2019,2.125,16.125,411.65,2.49,1.8666,0.0096,10.225,10.83,21.055,-2.212,-0.969,-3.181
Bahrain,2020,2.119,16.119,414.21,2.3,1.8787,0.0148,10.164,11.578,21.742,-2.272,-0.222,-2.494
Bangladesh,1979,0.488,14.488,336.84,1.83,1.5305,0.0166,12.35,11.656,24.006,-0.087,-0.143,-0.23
Bangladesh,1980,0.152,14.152,338.76,1.68,1.5471,0.0169,12.348,11.206,23.554,-0.088,-0.593,-0.682
Bangladesh,1981,-0.157,13.843,340.12,1.43,1.564,0.0169,12.147,11.387,23.533,-0.29,-0.413,-0.702
Bangladesh,1982,-0.027,13.973,341.48,0.86,1.5809,0.0333,12.468,11.595,24.062,0.031,-0.204,-0.173
Bangladesh,1983,-0.093,13.907,343.15,2.36,1.6142,0.0306,12.353,11.344,23.698,-0.083,-0.455,-0.538
Bangladesh,1984,-0.239,13.761,344.87,1.51,1.6448,0.0129,11.92,11.428,23.348,-0.517,-0.371,-0.887
Bangladesh,1985,0.154,14.154,346.35,1.21,1.6573,0.0122,12.016,11.569,23.585,-0.421,-0.23,-0.651
Bangladesh,1986,0.135,14.135,347.61,1.47,1.6701,0.0129,12.224,11.044,23.268,-0.212,-0.755,-0.967
Bangladesh,1987,0.433,14.433,349.31,2.06,1.6827,0.0114,12.268,11.405,23.673,-0.169,-0.394,-0.562
Bangladesh,1988,0.429,14.429,351.69,2.24,1.6931,0.0107,12.19,11.497,23.687,-0.247,-0.302,-0.549
Bangladesh,1989,0.2,14.2,353.2,1.24,1.7045,0.0112,11.987,11.381,23.368,-0.45,-0.418,-0.868
Bangladesh,1990,-0.042,13.958,354.45,1.2,1.7144,0.0086,11.718,11.365,23.082,-0.719,-0.434,-1.153
Bangladesh,1991,0.049,14.049,355.7,1.05,1.7248,0.0141,11.77,11.498,23.268,-0.667,-0.301,-0.967
Bangladesh,1992,-0.047,13.953,356.54,0.49,1.7355,0.0024,12.122,11.374,23.496,-0.315,-0.425,-0.74
Bangladesh,1993,-0.325,13.675,357.21,1.36,1.7365,0.0039,11.947,11.37,23.317,-0.49,-0.429,-0.919
Bangladesh,1994,0.316,14.316,358.96,1.96,1.7421,0.0073,12.032,11.728,23.76,-0.404,-0.072,-0.476
Bangladesh,1995,0.29,14.29,360.97,2.01,1.7489,0.0038,11.438,11.748,23.187,-0.998,-0.051,-1.049
Bangladesh,1996,0.242,14.242,362.74,1.24,1.7513,0.0025,11.848,11.743,23.592,-0.588,-0.056,-0.644
Bangladesh,1997,-0.015,13.985,363.88,1.91,1.7545,0.0064,11.692,11.341,23.032,-0.745,-0.458,-1.203
Bangladesh,1998,0.598,14.598,366.84,2.97,1.7655,0.0121,11.782,11.689,23.471,-0.655,-0.11,-0.765
Bangladesh,1999,0.877,14.877,368.54,0.92,1.7723,0.0024,11.713,11.712,23.426,-0.723,-0.087,-0.81
Bangladesh,2000,0.337,14.337,369.71,1.62,1.7733,-0.0014,11.519,11.724,23.243,-0.917,-0.075,-0.992
Bangladesh,2001,0.461,14.461,371.32,1.62,1.7713,-0.0007,11.622,11.628,23.25,-0.814,-0.172,-0.986
Bangladesh,2002,0.52,14.52,373.45,2.51,1.7727,0.0032,11.385,11.176,22.561,-1.052,-0.623,-1.675
Bangladesh,2003,0.373,14.373,375.98,2.26,1.7773,0.0048,11.419,11.924,23.343,-1.017,0.125,-0.892
Bangladesh,2004,0.418,14.418,377.7,1.59,1.777,-0.0048,11.251,11.938,23.189,-1.186,0.139,-1.047
Bangladesh,2005,0.766,14.766,379.98,2.57,1.7742,0.0003,10.928,11.648,22.575,-1.509,-0.152,-1.661
Bangladesh,2006,1.007,15.007,382.09,1.69,1.775,0.0019,10.794,11.412,22.206,-1.642,-0.387,-2.03
Bangladesh,2007,0.472,14.472,384.02,2.31,1.7814,0.0078,10.498,11.637,22.135,-1.938,-0.162,-2.101
Bangladesh,2008,0.26,14.26,385.83,1.54,1.787,0.0065,10.99,12.213,23.203,-1.447,0.414,-1.032
Bangladesh,2009,1.037,15.037,387.64,2.0,1.7935,0.0047,10.956,11.999,22.955,-1.481,0.2,-1.281
Bangladesh,2010,1.005,15.005,390.1,2.3,1.7989,0.0051,10.734,12.058,22.792,-1.702,0.258,-1.444
Bangladesh,2011,0.292,14.292,391.85,1.92,1.8031,0.005,10.506,11.45,21.956,-1.931,-0.349,-2.28
Bangladesh,2012,0.485,14.485,394.06,2.65,1.8081,0.005,10.42,11.981,22.401,-2.017,0.182,-1.835
Bangladesh,2013,0.377,14.377,396.74,1.99,1.8134,0.0057,10.919,12.474,23.393,-1.517,0.675,-0.842
Bangladesh,2014,0.563,14.563,398.81,2.17,1.8226,0.0127,10.812,12.727,23.539,-1.624,0.928,-0.697
Bangladesh,2015,0.796,14.796,401.01,2.95,1.8342,0.01,10.589,12.366,22.955,-1.848,0.567,-1.281
Bangladesh,2016,1.395,15.395,404.41,3.03,1.8431,0.007,10.176,11.178,21.353,-2.261,-0.622,-2.882
Bangladesh,2017,1.242,15.242,406.76,1.9,1.8496,0.0069,10.415,10.702,21.118,-2.022,-1.097,-3.118
Bangladesh,2018,1.039,15.039,408.72,2.85,1.8573,0.0088,10.378,10.952,21.33,-2.058,-0.847,-2.906
Bangladesh,2019,1.264,15.264,411.65,2.49,1.8666,0.0096,10.225,10.83,21.055,-2.212,-0.969,-3.181
Bangladesh,2020,1.053,15.053,414.21,2.3,1.8787,0.0148,10.164,11.578,21.742,-2.272,-0.222,-2.494
Barbados,1979,0.043,14.043,336.84,1.83,1.5305,0.0166,12.35,11.656,24.006,-0.087,-0.143,-0.23
Barbados,1980,0.506,14.506,338.76,1.68,1.5471,0.0169,12.348,11.206,23.554,-0.088,-0.593,-0.682
Barbados,1981,0.275,14.275,340.12,1.43,1.564,0.0169,12.147,11.387,23.533,-0.29,-0.413,-0.702
Barbados,1982,0.127,14.127,341.48,0.86,1.5809,0.0333,12.468,11.595,24.062,0.031,-0.204,-0.173
Barbados,1983,0.241,14.241,343.15,2.36,1.6142,0.0306,12.353,11.344,23.698,-0.083,-0.455,-0.538
Barbados,1984,-0.104,13.896,344.87,1.51,1.6448,0.0129,11.92,11.428,23.348,-0.517,-0.371,-0.887
Barbados,1985,-0.298,13.702,346.35,1.21,1.6573,0.0122,12.016,11.569,23.585,-0.421,-0.23,-0.651
Barbados,1986,-0.202,13.798,347.61,1.47,1.6701,0.0129,12.224,11.044,23.268,-0.212,-0.755,-0.967
Barbados,1987,0.497,14.497,349.31,2.06,1.6827,0.0114,12.268,11.405,23.673,-0.169,-0.394,-0.562
Barbados,1988,0.342,14.342,351.69,2.24,1.6931,0.0107,12.19,11.497,23.687,-0.247,-0.302,-0.549
Barbados,1989,0.149,14.149,353.2,1.24,1.7045,0.0112,11.987,11.381,23.368,-0.45,-0.418,-0.868
Barbados,1990,0.292,14.292,354.45,1.2,1.7144,0.0086,11.718,11.365,23.082,-0.719,-0.434,-1.153
Barbados,1991,0.346,14.346,355.7,1.05,1.7248,0.0141,11.77,11.498,23.268,-0.667,-0.301,-0.967
Barbados,1992,0.254,14.254,356.54,0.49,1.7355,0.0024,12.122,11.374,23.496,-0.315,-0.425,-0.74
Barbados,1993,0.314,14.314,357.21,1.36,1.7365,0.0039,11.947,11.37,23.317,-0.49,-0.429,-0.919
Barbados,1994,0.303,14.303,358.96,1.96,1.7421,0.0073,12.032,11.728,23.76,-0.404,-0.072,-0.476
Barbados,1995,0.355,14.355,360.97,2.01,1.7489,0.0038,11.438,11.748,23.187,-0.998,-0.051,-1.049
Barbados,1996,0.198,14.198,362.74,1.24,1.7513,0.0025,11.848,11.743,23.592,-0.588,-0.056,-0.644
Barbados,1997,0.175,14.175,363.88,1.91,1.7545,0.0064,11.692,11.341,23.032,-0.745,-0.458,-1.203
Barbados,1998,0.967,14.967,366.84,2.97,1.7655,0.0121,11.782,11.689,23.471,-0.655,-0.11,-0.765
Barbados,1999,0.351,14.351,368.54,0.92,1.7723,0.0024,11.713,11.712,23.426,-0.723,-0.087,-0.81
Barbados,2000,0.192,14.192,369.71,1.62,1.7733,-0.0014,11.519,11.724,23.243,-0.917,-0.075,-0.992
Barbados,2001,0.395,14.395,371.32,1.62,1.7713,-0.0007,11.622,11.628,23.25,-0.814,-0.172,-0.986
Barbados,2002,0.372,14.372,373.45,2.51,1.7727,0.0032,11.385,11.176,22.561,-1.052,-0.623,-1.675
Barbados,2003,0.76,14.76,375.98,2.26,1.7773,0.0048,11.419,11.924,23.343,-1.017,0.125,-0.892
Barbados,2004,0.614,14.614,377.7,1.59,1.777,-0.0048,11.251,11.938,23.189,-1.186,0.139,-1.047
Barbados,2005,1.056,15.056,379.98,2.57,1.7742,0.0003,10.928,11.648,22.575,-1.509,-0.152,-1.661
Barbados,2006,0.765,14.765,382.09,1.69,1.775,0.0019,10.794,11.412,22.206,-1.642,-0.387,-2.03
Barbados,2007,0.605,14.605,384.02,2.31,1.7814,0.0078,10.498,11.637,22.135,-1.938,-0.162,-2.101
Barbados,2008,0.252,14.252,385.83,1.54,1.787,0.0065,10.99,12.213,23.203,-1.447,0.414,-1.032
Barbados,2009,0.374,14.374,387.64,2.0,1.7935,0.0047,10.956,11.999,22.955,-1.481,0.2,-1.281
Barbados,2010,1.101,15.101,390.1,2.3,1.7989,0.0051,10.734,12.058,22.792,-1.702,0.258,-1.444
Barbados,2011,0.648,14.648,391.85,1.92,1.8031,0.005,10.506,11.45,21.956,-1.931,-0.349,-2.28
Barbados,2012,0.48,14.48,394.06,2.65,1.8081,0.005,10.42,11.981,22.401,-2.017,0.182,-1.835
Barbados,2013,0.76,14.76,396.74,1.99,1.8134,0.0057,10.919,12.474,23.393,-1.517,0.675,-0.842
Barbados,2014,0.405,14.405,398.81,2.17,1.8226,0.0127,10.812,12.727,23.539,-1.624,0.928,-0.697
Barbados,2015,0.86,14.86,401.01,2.95,1.8342,0.01,10.589,12.366,22.955,-1.848,0.567,-1.281
Barbados,2016,1.153,15.153,404.41,3.03,1.8431,0.007,10.176,11.178,21.353,-2.261,-0.622,-2.882
Barbados,2017,0.792,14.792,406.76,1.9,1.8496,0.0069,10.415,10.702,21.118,-2.022,-1.097,-3.118
Barbados,2018,0.509,14.509,408.72,2.85,1.8573,0.0088,10.378,10.952,21.33,-2.058,-0.847,-2.906
Barbados,2019,0.974,14.974,411.65,2.49,1.8666,0.0096,10.225,10.83,21.055,-2.212,-0.969,-3.181
Barbados,2020,0.816,14.816,414.21,2.3,1.8787,0.0148,10.164,11.578,21.742,-2.272,-0.222,-2.494
Belize,1979,0.662,14.662,336.84,1.83,1.5305,0.0166,12.35,11.656,24.006,-0.087,-0.143,-0.23
Belize,1980,0.635,14.635,338.76,1.68,1.5471,0.0169,12.348,11.206,23.554,-0.088,-0.593,-0.682
Belize,1981,-0.069,13.931,340.12,1.43,1.564,0.0169,12.147,11.387,23.533,-0.29,-0.413,-0.702
Belize,1982,0.575,14.575,341.48,0.86,1.5809,0.0333,12.468,11.595,24.062,0.031,-0.204,-0.173
Belize,1983,0.721,14.721,343.15,2.36,1.6142,0.0306,12.353,11.344,23.698,-0.083,-0.455,-0.538
Belize,1984,0.203,14.203,344.87,1.51,1.6448,0.0129,11.92,11.428,23.348,-0.517,-0.371,-0.887
Belize,1985,0.488,14.488,346.35,1.21,1.6573,0.0122,12.016,11.569,23.585,-0.421,-0.23,-0.651
Belize,1986,0.18,14.18,347.61,1.47,1.6701,0.0129,12.224,11.044,23.268,-0.212,-0.755,-0.967
Belize,1987,0.42,14.42,349.31,2.06,1.6827,0.0114,12.268,11.405,23.673,-0.169,-0.394,-0.562
Belize,1988,0.523,14.523,351.69,2.24,1.6931,0.0107,12.19,11.497,23.687,-0.247,-0.302,-0.549
Belize,1989,0.282,14.282,353.2,1.24,1.7045,0.0112,11.987,11.381,23.368,-0.45,-0.418,-0.868
Belize,1990,0.447,14.447,354.45,1.2,1.7144,0.0086,11.718,11.365,23.082,-0.719,-0.434,-1.153
Belize,1991,0.614,14.614,355.7,1.05,1.7248,0.0141,11.77,11.498,23.268,-0.667,-0.301,-0.967
Belize,1992,0.303,14.303,356.54,0.49,1.7355,0.0024,12.122,11.374,23.496,-0.315,-0.425,-0.74
Belize,1993,0.326,14.326,357.21,1.36,1.7365,0.0039,11.947,11.37,23.317,-0.49,-0.429,-0.919
Belize,1994,0.632,14.632,358.96,1.96,1.7421,0.0073,12.032,11.728,23.76,-0.404,-0.072,-0.476
Belize,1995,0.657,14.657,360.97,2.01,1.7489,0.0038,11.438,11.748,23.187,-0.998,-0.051,-1.049
Belize,1996,0.113,14.113,362.74,1.24,1.7513,0.0025,11.848,11.743,23.592,-0.588,-0.056,-0.644
Belize,1997,0.781,14.781,363.88,1.91,1.7545,0.0064,11.692,11.341,23.032,-0.745,-0.458,-1.203
Belize,1998,0.826,14.826,366.84,2.97,1.7655,0.0121,11.782,11.689,23.471,-0.655,-0.11,-0.765
Belize,1999,0.34,14.34,368.54,0.92,1.7723,0.0024,11.713,11.712,23.426,-0.723,-0.087,-0.81
Belize,2000,0.064,14.064,369.71,1.62,1.7733,-0.0014,11.519,11.724,23.243,-0.917,-0.075,-0.992
Belize,2001,0.339,14.339,371.32,1.62,1.7713,-0.0007,11.622,11.628,23.25,-0.814,-0.172,-0.986
Belize,2002,0.643,14.643,373.45,2.51,1.7727,0.0032,11.385,11.176,22.561,-1.052,-0.623,-1.675
Belize,2003,0.881,14.881,375.98,2.26,1.7773,0.0048,11.419,11.924,23.343,-1.017,0.125,-0.892
Belize,2004,0.64,14.64,377.7,1.59,1.777,-0.0048,11.251,11.938,23.189,-1.186,0.139,-1.047
Belize,2005,0.793,14.793,379.98,2.57,1.7742,0.0003,10.928,11.648,22.575,-1.509,-0.152,-1.661
Belize,2006,0.595,14.595,382.09,1.69,1.775,0.0019,10.794,11.412,22.206,-1.642,-0.387,-2.03
Belize,2007,0.797,14.797,384.02,2.31,1.7814,0.0078,10.498,11.637,22.135,-1.938,-0.162,-2.101
Belize,2008,0.523,14.523,385.83,1.54,1.787,0.0065,10.99,12.213,23.203,-1.447,0.414,-1.032
Belize,2009,0.863,14.863,387.64,2.0,1.7935,0.0047,10.956,11.999,22.955,-1.481,0.2,-1.281
Belize,2010,0.777,14.777,390.1,2.3,1.7989,0.0051,10.734,12.058,22.792,-1.702,0.258,-1.444
Belize,2011,0.655,14.655,391.85,1.92,1.8031,0.005,10.506,11.45,21.956,-1.931,-0.349,-2.28
Belize,2012,0.574,14.574,394.06,2.65,1.8081,0.005,10.42,11.981,22.401,-2.017,0.182,-1.835
Belize,2013,0.714,14.714,396.74,1.99,1.8134,0.0057,10.919,12.474,23.393,-1.517,0.675,-0.842
Belize,2014,0.715,14.715,398.81,2.17,1.8226,0.0127,10.812,12.727,23.539,-1.624,0.928,-0.697
Belize,2015,1.235,15.235,401.01,2.95,1.8342,0.01,10.589,12.366,22.955,-1.848,0.567,-1.281
Belize,2016,1.367,15.367,404.41,3.03,1.8431,0.007,10.176,11.178,21.353,-2.261,-0.622,-2.882
Belize,2017,1.273,15.273,406.76,1.9,1.8496,0.0069,10.415,10.702,21.118,-2.022,-1.097,-3.118
Belize,2018,0.742,14.742,408.72,2.85,1.8573,0.0088,10.378,10.952,21.33,-2.058,-0.847,-2.906
Belize,2019,1.443,15.443,411.65,2.49,1.8666,0.0096,10.225,10.83,21.055,-2.212,-0.969,-3.181
Belize,2020,1.653,15.653,414.21,2.3,1.8787,0.0148,10.164,11.578,21.742,-2.272,-0.222,-2.494
Benin,1979,0.479,14.479,336.84,1.83,1.5305,0.0166,12.35,11.656,24.006,-0.087,-0.143,-0.23
Benin,1980,0.428,14.428,338.76,1.68,1.5471,0.0169,12.348,11.206,23.554,-0.088,-0.593,-0.682
Benin,1981,0.175,14.175,340.12,1.43,1.564,0.0169,12.147,11.387,23.533,-0.29,-0.413,-0.702
Benin,1982,0.218,14.218,341.48,0.86,1.5809,0.0333,12.468,11.595,24.062,0.031,-0.204,-0.173
Benin,1983,0.564,14.564,343.15,2.36,1.6142,0.0306,12.353,11.344,23.698,-0.083,-0.455,-0.538
Benin,1984,0.559,14.559,344.87,1.51,1.6448,0.0129,11.92,11.428,23.348,-0.517,-0.371,-0.887
Benin,1985,0.428,14.428,346.35,1.21,1.6573,0.0122,12.016,11.569,23.585,-0.421,-0.23,-0.651
Benin,1986,0.329,14.329,347.61,1.47,1.6701,0.0129,12.224,11.044,23.268,-0.212,-0.755,-0.967
Benin,1987,1.015,15.015,349.31,2.06,1.6827,0.0114,12.268,11.405,23.673,-0.169,-0.394,-0.562
Benin,1988,0.67,14.67,351.69,2.24,1.6931,0.0107,12.19,11.497,23.687,-0.247,-0.302,-0.549
Benin,1989,-0.013,13.987,353.2,1.24,1.7045,0.0112,11.987,11.381,23.368,-0.45,-0.418,-0.868
Benin,1990,0.624,14.624,354.45,1.2,1.7144,0.0086,11.718,11.365,23.082,-0.719,-0.434,-1.153
Benin,1991,0.34,14.34,355.7,1.05,1.7248,0.0141,11.77,11.498,23.268,-0.667,-0.301,-0.967
Benin,1992,0.015,14.015,356.54,0.49,1.7355,0.0024,12.122,11.374,23.496,-0.315,-0.425,-0.74
Benin,1993,0.567,14.567,357.21,1.36,1.7365,0.0039,11.947,11.37,23.317,-0.49,-0.429,-0.919
Benin,1994,0.471,14.471,358.96,1.96,1.7421,0.0073,12.032,11.728,23.76,-0.404,-0.072,-0.476
Benin,1995,0.454,14.454,360.97,2.01,1.7489,0.0038,11.438,11.748,23.187,-0.998,-0.051,-1.049
Benin,1996,0.772,14.772,362.74,1.24,1.7513,0.0025,11.848,11.743,23.592,-0.588,-0.056,-0.644
Benin,1997,0.588,14.588,363.88,1.91,1.7545,0.0064,11.692,11.341,23.032,-0.745,-0.458,-1.203
Benin,1998,1.067,15.067,366.84,2.97,1.7655,0.0121,11.782,11.689,23.471,-0.655,-0.11,-0.765
Benin,1999,0.641,14.641,368.54,0.92,1.7723,0.0024,11.713,11.712,23.426,-0.723,-0.087,-0.81
Benin,2000,0.472,14.472,369.71,1.62,1.7733,-0.0014,11.519,11.724,23.243,-0.917,-0.075,-0.992
Benin,2001,0.55,14.55,371.32,1.62,1.7713,-0.0007,11.622,11.628,23.25,-0.814,-0.172,-0.986
Benin,2002,0.74,14.74,373.45,2.51,1.7727,0.0032,11.385,11.176,22.561,-1.052,-0.623,-1.675
Benin,2003,0.994,14.994,375.98,2.26,1.7773,0.0048,11.419,11.924,23.343,-1.017,0.125,-0.892
Benin,2004,0.764,14.764,377.7,1.59,1.777,-0.0048,11.251,11.938,23.189,-1.186,0.139,-1.047
Benin,2005,1.147,15.147,379.98,2.57,1.7742,0.0003,10.928,11.648,22.575,-1.509,-0.152,-1.661
Benin,2006,1.08,15.08,382.09,1.69,1.775,0.0019,10.794,11.412,22.206,-1.642,-0.387,-2.03
Benin,2007,0.88,14.88,384.02,2.31,1.7814,0.0078,10.498,11.637,22.135,-1.938,-0.162,-2.101
Benin,2008,0.68,14.68,385.83,1.54,1.787,0.0065,10.99,12.213,23.203,-1.447,0.414,-1.032
Benin,2009,0.996,14.996,387.64,2.0,1.7935,0.0047,10.956,11.999,22.955,-1.481,0.2,-1.281
Benin,2010,1.284,15.284,390.1,2.3,1.7989,0.0051,10.734,12.058,22.792,-1.702,0.258,-1.444
Benin,2011,0.993,14.993,391.85,1.92,1.8031,0.005,10.506,11.45,21.956,-1.931,-0.349,-2.28
Benin,2012,0.64,14.64,394.06,2.65,1.8081,0.005,10.42,11.981,22.401,-2.017,0.182,-1.835
Benin,2013,0.91,14.91,396.74,1.99,1.8134,0.0057,10.919,12.474,23.393,-1.517,0.675,-0.842
Benin,2014,0.975,14.975,398.81,2.17,1.8226,0.0127,10.812,12.727,23.539,-1.624,0.928,-0.697
Benin,2015,1.192,15.192,401.01,2.95,1.8342,0.01,10.589,12.366,22.955,-1.848,0.567,-1.281
Benin,2016,1.139,15.139,404.41,3.03,1.8431,0.007,10.176,11.178,21.353,-2.261,-0.622,-2.882
Benin,2017,1.26,15.26,406.76,1.9,1.8496,0.0069,10.415,10.702,21.118,-2.022,-1.097,-3.118
Benin,2018,1.129,15.129,408.72,2.85,1.8573,0.0088,10.378,10.952,21.33,-2.058,-0.847,-2.906
Benin,2019,1.232,15.232,411.65,2.49,1.8666,0.0096,10.225,10.83,21.055,-2.212,-0.969,-3.181
Benin,2020,1.141,15.141,414.21,2.3,1.8787,0.0148,10.164,11.578,21.742,-2.272,-0.222,-2.494
Bhutan,1979,0.348,14.348,336.84,1.83,1.5305,0.0166,12.35,11.656,24.006,-0.087,-0.143,-0.23
Bhutan,1980,0.045,14.045,338.76,1.68,1.5471,0.0169,12.348,11.206,23.554,-0.088,-0.593,-0.682
Bhutan,1981,0.166,14.166,340.12,1.43,1.564,0.0169,12.147,11.387,23.533,-0.29,-0.413,-0.702
Bhutan,1982,-0.139,13.861,341.48,0.86,1.5809,0.0333,12.468,11.595,24.062,0.031,-0.204,-0.173
Bhutan,1983,-0.291,13.709,343.15,2.36,1.6142,0.0306,12.353,11.344,23.698,-0.083,-0.455,-0.538
Bhutan,1984,-0.052,13.948,344.87,1.51,1.6448,0.0129,11.92,11.428,23.348,-0.517,-0.371,-0.887
Bhutan,1985,0.204,14.204,346.35,1.21,1.6573,0.0122,12.016,11.569,23.585,-0.421,-0.23,-0.651
Bhutan,1986,0.008,14.008,347.61,1.47,1.6701,0.0129,12.224,11.044,23.268,-0.212,-0.755,-0.967
Bhutan,1987,0.298,14.298,349.31,2.06,1.6827,0.0114,12.268,11.405,23.673,-0.169,-0.394,-0.562
Bhutan,1988,0.608,14.608,351.69,2.24,1.6931,0.0107,12.19,11.497,23.687,-0.247,-0.302,-0.549
Bhutan,1989,0.307,14.307,353.2,1.24,1.7045,0.0112,11.987,11.381,23.368,-0.45,-0.418,-0.868
Bhutan,1990,-0.004,13.996,354.45,1.2,1.7144,0.0086,11.718,11.365,23.082,-0.719,-0.434,-1.153
Bhutan,1991,0.216,14.216,355.7,1.05,1.7248,0.0141,11.77,11.498,23.268,-0.667,-0.301,-0.967
Bhutan,1992,-0.216,13.784,356.54,0.49,1.7355,0.0024,12.122,11.374,23.496,-0.315,-0.425,-0.74
Bhutan,1993,-0.256,13.744,357.21,1.36,1.7365,0.0039,11.947,11.37,23.317,-0.49,-0.429,-0.919
Bhutan,1994,0.257,14.257,358.96,1.96,1.7421,0.0073,12.032,11.728,23.76,-0.404,-0.072,-0.476
Bhutan,1995,0.431,14.431,360.97,2.01,1.7489,0.0038,11.438,11.748,23.187,-0.998,-0.051,-1.049
Bhutan,1996,0.204,14.204,362.74,1.24,1.7513,0.0025,11.848,11.743,23.592,-0.588,-0.056,-0.644
Bhutan,1997,-0.358,13.642,363.88,1.91,1.7545,0.0064,11.692,11.341,23.032,-0.745,-0.458,-1.203
Bhutan,1998,0.758,14.758,366.84,2.97,1.7655,0.0121,11.782,11.689,23.471,-0.655,-0.11,-0.765
Bhutan,1999,0.954,14.954,368.54,0.92,1.7723,0.0024,11.713,11.712,23.426,-0.723,-0.087,-0.81
Bhutan,2000,0.126,14.126,369.71,1.62,1.7733,-0.0014,11.519,11.724,23.243,-0.917,-0.075,-0.992
Bhutan,2001,0.655,14.655,371.32,1.62,1.7713,-0.0007,11.622,11.628,23.25,-0.814,-0.172,-0.986
Bhutan,2002,0.458,14.458,373.45,2.51,1.7727,0.0032,11.385,11.176,22.561,-1.052,-0.623,-1.675
Bhutan,2003,0.502,14.502,375.98,2.26,1.7773,0.0048,11.419,11.924,23.343,-1.017,0.125,-0.892
Bhutan,2004,0.478,14.478,377.7,1.59,1.777,-0.0048,11.251,11.938,23.189,-1.186,0.139,-1.047
Bhutan,2005,0.759,14.759,379.98,2.57,1.7742,0.0003,10.928,11.648,22.575,-1.509,-0.152,-1.661
Bhutan,2006,0.993,14.993,382.09,1.69,1.775,0.0019,10.794,11.412,22.206,-1.642,-0.387,-2.03
Bhutan,2007,0.987,14.987,384.02,2.31,1.7814,0.0078,10.498,11.637,22.135,-1.938,-0.162,-2.101
Bhutan,2008,0.588,14.588,385.83,1.54,1.787,0.0065,10.99,12.213,23.203,-1.447,0.414,-1.032
Bhutan,2009,1.424,15.424,387.64,2.0,1.7935,0.0047,10.956,11.999,22.955,-1.481,0.2,-1.281
Bhutan,2010,1.196,15.196,390.1,2.3,1.7989,0.0051,10.734,12.058,22.792,-1.702,0.258,-1.444
Bhutan,2011,0.52,14.52,391.85,1.92,1.8031,0.005,10.506,11.45,21.956,-1.931,-0.349,-2.28
Bhutan,2012,0.381,14.381,394.06,2.65,1.8081,0.005,10.42,11.981,22.401,-2.017,0.182,-1.835
Bhutan,2013,0.691,14.691,396.74,1.99,1.8134,0.0057,10.919,12.474,23.393,-1.517,0.675,-0.842
Bhutan,2014,0.758,14.758,398.81,2.17,1.8226,0.0127,10.812,12.727,23.539,-1.624,0.928,-0.697
Bhutan,2015,0.986,14.986,401.01,2.95,1.8342,0.01,10.589,12.366,22.955,-1.848,0.567,-1.281
Bhutan,2016,1.455,15.455,404.41,3.03,1.8431,0.007,10.176,11.178,21.353,-2.261,-0.622,-2.882
Bhutan,2017,1.443,15.443,406.76,1.9,1.8496,0.0069,10.415,10.702,21.118,-2.022,-1.097,-3.118
Bhutan,2018,1.389,15.389,408.72,2.85,1.8573,0.0088,10.378,10.952,21.33,-2.058,-0.847,-2.906
Bhutan,2019,1.282,15.282,411.65,2.49,1.8666,0.0096,10.225,10.83,21.055,-2.212,-0.969,-3.181
Bhutan,2020,1.104,15.104,414.21,2.3,1.8787,0.0148,10.164,11.578,21.742,-2.272,-0.222,-2.494
Bolivia (Plurinational State of),1979,0.237,14.237,336.84,1.83,1.5305,0.0166,12.35,11.656,24.006,-0.087,-0.143,-0.23
Bolivia (Plurinational State of),1980,0.327,14.327,338.76,1.68,1.5471,0.0169,12.348,11.206,23.554,-0.088,-0.593,-0.682
Bolivia (Plurinational State of),1981,0.246,14.246,340.12,1.43,1.564,0.0169,12.147,11.387,23.533,-0.29,-0.413,-0.702
Bolivia (Plurinational State of),1982,0.378,14.378,341.48,0.86,1.5809,0.0333,12.468,11.595,24.062,0.031,-0.204,-0.173
Bolivia (Plurinational State of),1983,0.516,14.516,343.15,2.36,1.6142,0.0306,12.353,11.344,23.698,-0.083,-0.455,-0.538
Bolivia (Plurinational State of),1984,0.375,14.375,344.87,1.51,1.6448,0.0129,11.92,11.428,23.348,-0.517,-0.371,-0.887
Bolivia (Plurinational State of),1985,0.451,14.451,346.35,1.21,1.6573,0.0122,12.016,11.569,23.585,-0.421,-0.23,-0.651
Bolivia (Plurinational State of),1986,0.557,14.557,347.61,1.47,1.6701,0.0129,12.224,11.044,23.268,-0.212,-0.755,-0.967
Bolivia (Plurinational State of),1987,0.817,14.817,349.31,2.06,1.6827,0.0114,12.268,11.405,23.673,-0.169,-0.394,-0.562
Bolivia (Plurinational State of),1988,0.459,14.459,351.69,2.24,1.6931,0.0107,12.19,11.497,23.687,-0.247,-0.302,-0.549
Bolivia (Plurinational State of),1989,0.274,14.274,353.2,1.24,1.7045,0.0112,11.987,11.381,23.368,-0.45,-0.418,-0.868
Bolivia (Plurinational State of),1990,0.32,14.32,354.45,1.2,1.7144,0.0086,11.718,11.365,23.082,-0.719,-0.434,-1.153
Bolivia (Plurinational State of),1991,0.742,14.742,355.7,1.05,1.7248,0.0141,11.77,11.498,23.268,-0.667,-0.301,-0.967
Bolivia (Plurinational State of),1992,0.195,14.195,356.54,0.49,1.7355,0.0024,12.122,11.374,23.496,-0.315,-0.425,-0.74
Bolivia (Plurinational State of),1993,0.519,14.519,357.21,1.36,1.7365,0.0039,11.947,11.37,23.317,-0.49,-0.429,-0.919
Bolivia (Plurinational State of),1994,1.02,15.02,358.96,1.96,1.7421,0.0073,12.032,11.728,23.76,-0.404,-0.072,-0.476
Bolivia (Plurinational State of),1995,0.856,14.856,360.97,2.01,1.7489,0.0038,11.438,11.748,23.187,-0.998,-0.051,-1.049
Bolivia (Plurinational State of),1996,0.427,14.427,362.74,1.24,1.7513,0.0025,11.848,11.743,23.592,-0.588,-0.056,-0.644
Bolivia (Plurinational State of),1997,1.018,15.018,363.88,1.91,1.7545,0.0064,11.692,11.341,23.032,-0.745,-0.458,-1.203
Bolivia (Plurinational State of),1998,1.014,15.014,366.84,2.97,1.7655,0.0121,11.782,11.689,23.471,-0.655,-0.11,-0.765
Bolivia (Plurinational State of),1999,0.461,14.461,368.54,0.92,1.7723,0.0024,11.713,11.712,23.426,-0.723,-0.087,-0.81
Bolivia (Plurinational State of),2000,0.504,14.504,369.71,1.62,1.7733,-0.0014,11.519,11.724,23.243,-0.917,-0.075,-0.992
Bolivia (Plurinational State of),2001,0.822,14.822,371.32,1.62,1.7713,-0.0007,11.622,11.628,23.25,-0.814,-0.172,-0.986
Bolivia (Plurinational State of),2002,1.125,15.125,373.45,2.51,1.7727,0.0032,11.385,11.176,22.561,-1.052,-0.623,-1.675
Bolivia (Plurinational State of),2003,0.901,14.901,375.98,2.26,1.7773,0.0048,11.419,11.924,23.343,-1.017,0.125,-0.892
Bolivia (Plurinational State of),2004,1.091,15.091,377.7,1.59,1.777,-0.0048,11.251,11.938,23.189,-1.186,0.139,-1.047
Bolivia (Plurinational State of),2005,1.052,15.052,379.98,2.57,1.7742,0.0003,10.928,11.648,22.575,-1.509,-0.152,-1.661
Bolivia (Plurinational State of),2006,1.18,15.18,382.09,1.69,1.775,0.0019,10.794,11.412,22.206,-1.642,-0.387,-2.03
Bolivia (Plurinational State of),2007,0.787,14.787,384.02,2.31,1.7814,0.0078,10.498,11.637,22.135,-1.938,-0.162,-2.101
Bolivia (Plurinational State of),2008,0.663,14.663,385.83,1.54,1.787,0.0065,10.99,12.213,23.203,-1.447,0.414,-1.032
Bolivia (Plurinational State of),2009,0.991,14.991,387.64,2.0,1.7935,0.0047,10.956,11.999,22.955,-1.481,0.2,-1.281
Bolivia (Plurinational State of),2010,0.986,14.986,390.1,2.3,1.7989,0.0051,10.734,12.058,22.792,-1.702,0.258,-1.444
Bolivia (Plurinational State of),2011,1.46,15.46,391.85,1.92,1.8031,0.005,10.506,11.45,21.956,-1.931,-0.349,-2.28
Bolivia (Plurinational State of),2012,1.152,15.152,394.06,2.65,1.8081,0.005,10.42,11.981,22.401,-2.017,0.182,-1.835
Bolivia (Plurinational State of),2013,0.919,14.919,396.74,1.99,1.8134,0.0057,10.919,12.474,23.393,-1.517,0.675,-0.842
Bolivia (Plurinational State of),2014,1.321,15.321,398.81,2.17,1.8226,0.0127,10.812,12.727,23.539,-1.624,0.928,-0.697
Bolivia (Plurinational State of),2015,1.772,15.772,401.01,2.95,1.8342,0.01,10.589,12.366,22.955,-1.848,0.567,-1.281
Bolivia (Plurinational State of),2016,1.015,15.015,404.41,3.03,1.8431,0.007,10.176,11.178,21.353,-2.261,-0.622,-2.882
Bolivia (Plurinational State of),2017,1.251,15.251,406.76,1.9,1.8496,0.0069,10.415,10.702,21.118,-2.022,-1.097,-3.118
Bolivia (Plurinational State of),2018,0.816,14.816,408.72,2.85,1.8573,0.0088,10.378,10.952,21.33,-2.058,-0.847,-2.906
Bolivia (Plurinational State of),2019,1.248,15.248,411.65,2.49,1.8666,0.0096,10.225,10.83,21.055,-2.212,-0.969,-3.181
Bolivia (Plurinational State of),2020,1.667,15.667,414.21,2.3,1.8787,0.0148,10.164,11.578,21.742,-2.272,-0.222,-2.494
Botswana,1979,0.544,14.544,336.84,1.83,1.5305,0.0166,12.35,11.656,24.006,-0.087,-0.143,-0.23
Botswana,1980,-0.013,13.987,338.76,1.68,1.5471,0.0169,12.348,11.206,23.554,-0.088,-0.593,-0.682
Botswana,1981,-0.414,13.586,340.12,1.43,1.564,0.0169,12.147,11.387,23.533,-0.29,-0.413,-0.702
Botswana,1982,0.368,14.368,341.48,0.86,1.5809,0.0333,12.468,11.595,24.062,0.031,-0.204,-0.173
Botswana,1983,1.04,15.04,343.15,2.36,1.6142,0.0306,12.353,11.344,23.698,-0.083,-0.455,-0.538
Botswana,1984,0.502,14.502,344.87,1.51,1.6448,0.0129,11.92,11.428,23.348,-0.517,-0.371,-0.887
Botswana,1985,0.359,14.359,346.35,1.21,1.6573,0.0122,12.016,11.569,23.585,-0.421,-0.23,-0.651
Botswana,1986,0.314,14.314,347.61,1.47,1.6701,0.0129,12.224,11.044,23.268,-0.212,-0.755,-0.967
Botswana,1987,1.273,15.273,349.31,2.06,1.6827,0.0114,12.268,11.405,23.673,-0.169,-0.394,-0.562
Botswana,1988,0.291,14.291,351.69,2.24,1.6931,0.0107,12.19,11.497,23.687,-0.247,-0.302,-0.549
Botswana,1989,-0.234,13.766,353.2,1.24,1.7045,0.0112,11.987,11.381,23.368,-0.45,-0.418,-0.868
Botswana,1990,0.84,14.84,354.45,1.2,1.7144,0.0086,11.718,11.365,23.082,-0.719,-0.434,-1.153
Botswana,1991,0.167,14.167,355.7,1.05,1.7248,0.0141,11.77,11.498,23.268,-0.667,-0.301,-0.967
Botswana,1992,0.951,14.951,356.54,0.49,1.7355,0.0024,12.122,11.374,23.496,-0.315,-0.425,-0.74
Botswana,1993,0.704,14.704,357.21,1.36,1.7365,0.0039,11.947,11.37,23.317,-0.49,-0.429,-0.919
Botswana,1994,-0.011,13.989,358.96,1.96,1.7421,0.0073,12.032,11.728,23.76,-0.404,-0.072,-0.476
Botswana,1995,1.286,15.286,360.97,2.01,1.7489,0.0038,11.438,11.748,23.187,-0.998,-0.051,-1.049
Botswana,1996,-0.175,13.825,362.74,1.24,1.7513,0.0025,11.848,11.743,23.592,-0.588,-0.056,-0.644
Botswana,1997,0.077,14.077,363.88,1.91,1.7545,0.0064,11.692,11.341,23.032,-0.745,-0.458,-1.203
Botswana,1998,1.036,15.036,366.84,2.97,1.7655,0.0121,11.782,11.689,23.471,-0.655,-0.11,-0.765
Botswana,1999,0.736,14.736,368.54,0.92,1.7723,0.0024,11.713,11.712,23.426,-0.723,-0.087,-0.81
Botswana,2000,-0.562,13.438,369.71,1.62,1.7733,-0.0014,11.519,11.724,23.243,-0.917,-0.075,-0.992
Botswana,2001,-0.055,13.945,371.32,1.62,1.7713,-0.0007,11.622,11.628,23.25,-0.814,-0.172,-0.986
Botswana,2002,0.532,14.532,373.45,2.51,1.7727,0.0032,11.385,11.176,22.561,-1.052,-0.623,-1.675
Botswana,2003,1.105,15.105,375.98,2.26,1.7773,0.0048,11.419,11.924,23.343,-1.017,0.125,-0.892
Botswana,2004,0.277,14.277,377.7,1.59,1.777,-0.0048,11.251,11.938,23.189,-1.186,0.139,-1.047
Botswana,2005,1.496,15.496,379.98,2.57,1.7742,0.0003,10.928,11.648,22.575,-1.509,-0.152,-1.661
Botswana,2006,-0.239,13.761,382.09,1.69,1.775,0.0019,10.794,11.412,22.206,-1.642,-0.387,-2.03
Botswana,2007,0.402,14.402,384.02,2.31,1.7814,0.0078,10.498,11.637,22.135,-1.938,-0.162,-2.101
Botswana,2008,0.337,14.337,385.83,1.54,1.787,0.0065,10.99,12.213,23.203,-1.447,0.414,-1.032
Botswana,2009,-0.118,13.882,387.64,2.0,1.7935,0.0047,10.956,11.999,22.955,-1.481,0.2,-1.281
Botswana,2010,1.164,15.164,390.1,2.3,1.7989,0.0051,10.734,12.058,22.792,-1.702,0.258,-1.444
Botswana,2011,0.218,14.218,391.85,1.92,1.8031,0.005,10.506,11.45,21.956,-1.931,-0.349,-2.28
Botswana,2012,0.816,14.816,394.06,2.65,1.8081,0.005,10.42,11.981,22.401,-2.017,0.182,-1.835
Botswana,2013,0.923,14.923,396.74,1.99,1.8134,0.0057,10.919,12.474,23.393,-1.517,0.675,-0.842
Botswana,2014,0.328,14.328,398.81,2.17,1.8226,0.0127,10.812,12.727,23.539,-1.624,0.928,-0.697
Botswana,2015,2.024,16.024,401.01,2.95,1.8342,0.01,10.589,12.366,22.955,-1.848,0.567,-1.281
Botswana,2016,1.821,15.821,404.41,3.03,1.8431,0.007,10.176,11.178,21.353,-2.261,-0.622,-2.882
Botswana,2017,0.328,14.328,406.76,1.9,1.8496,0.0069,10.415,10.702,21.118,-2.022,-1.097,-3.118
Botswana,2018,1.004,15.004,408.72,2.85,1.8573,0.0088,10.378,10.952,21.33,-2.058,-0.847,-2.906
Botswana,2019,1.833,15.833,411.65,2.49,1.8666,0.0096,10.225,10.83,21.055,-2.212,-0.969,-3.181
Botswana,2020,0.82,14.82,414.21,2.3,1.8787,0.0148,10.164,11.578,21.742,-2.272,-0.222,-2.494
Brazil,1979,-0.009,13.991,336.84,1.83,1.5305,0.0166,12.35,11.656,24.006,-0.087,-0.143,-0.23
Brazil,1980,0.299,14.299,338.76,1.68,1.5471,0.0169,12.348,11.206,23.554,-0.088,-0.593,-0.682
Brazil,1981,0.184,14.184,340.12,1.43,1.564,0.0169,12.147,11.387,23.533,-0.29,-0.413,-0.702
Brazil,1982,0.28,14.28,341.48,0.86,1.5809,0.0333,12.468,11.595,24.062,0.031,-0.204,-0.173
Brazil,1983,0.469,14.469,343.15,2.36,1.6142,0.0306,12.353,11.344,23.698,-0.083,-0.455,-0.538
Brazil,1984,0.295,14.295,344.87,1.51,1.6448,0.0129,11.92,11.428,23.348,-0.517,-0.371,-0.887
Brazil,1985,0.11,14.11,346.35,1.21,1.6573,0.0122,12.016,11.569,23.585,-0.421,-0.23,-0.651
Brazil,1986,0.298,14.298,347.61,1.47,1.6701,0.0129,12.224,11.044,23.268,-0.212,-0.755,-0.967
Brazil,1987,0.701,14.701,349.31,2.06,1.6827,0.0114,12.268,11.405,23.673,-0.169,-0.394,-0.562
Brazil,1988,0.457,14.457,351.69,2.24,1.6931,0.0107,12.19,11.497,23.687,-0.247,-0.302,-0.549
Brazil,1989,0.143,14.143,353.2,1.24,1.7045,0.0112,11.987,11.381,23.368,-0.45,-0.418,-0.868
Brazil,1990,0.44,14.44,354.45,1.2,1.7144,0.0086,11.718,11.365,23.082,-0.719,-0.434,-1.153
Brazil,1991,0.47,14.47,355.7,1.05,1.7248,0.0141,11.77,11.498,23.268,-0.667,-0.301,-0.967
Brazil,1992,0.381,14.381,356.54,0.49,1.7355,0.0024,12.122,11.374,23.496,-0.315,-0.425,-0.74
Brazil,1993,0.522,14.522,357.21,1.36,1.7365,0.0039,11.947,11.37,23.317,-0.49,-0.429,-0.919
Brazil,1994,0.612,14.612,358.96,1.96,1.7421,0.0073,12.032,11.728,23.76,-0.404,-0.072,-0.476
Brazil,1995,0.781,14.781,360.97,2.01,1.7489,0.0038,11.438,11.748,23.187,-0.998,-0.051,-1.049
Brazil,1996,0.506,14.506,362.74,1.24,1.7513,0.0025,11.848,11.743,23.592,-0.588,-0.056,-0.644
Brazil,1997,0.694,14.694,363.88,1.91,1.7545,0.0064,11.692,11.341,23.032,-0.745,-0.458,-1.203
Brazil,1998,1.282,15.282,366.84,2.97,1.7655,0.0121,11.782,11.689,23.471,-0.655,-0.11,-0.765
Brazil,1999,0.602,14.602,368.54,0.92,1.7723,0.0024,11.713,11.712,23.426,-0.723,-0.087,-0.81
Brazil,2000,0.552,14.552,369.71,1.62,1.7733,-0.0014,11.519,11.724,23.243,-0.917,-0.075,-0.992
Brazil,2001,0.759,14.759,371.32,1.62,1.7713,-0.0007,11.622,11.628,23.25,-0.814,-0.172,-0.986
Brazil,2002,1.059,15.059,373.45,2.51,1.7727,0.0032,11.385,11.176,22.561,-1.052,-0.623,-1.675
Brazil,2003,0.975,14.975,375.98,2.26,1.7773,0.0048,11.419,11.924,23.343,-1.017,0.125,-0.892
Brazil,2004,0.804,14.804,377.7,1.59,1.777,-0.0048,11.251,11.938,23.189,-1.186,0.139,-1.047
Brazil,2005,1.117,15.117,379.98,2.57,1.7742,0.0003,10.928,11.648,22.575,-1.509,-0.152,-1.661
Brazil,2006,0.817,14.817,382.09,1.69,1.775,0.0019,10.794,11.412,22.206,-1.642,-0.387,-2.03
Brazil,2007,0.98,14.98,384.02,2.31,1.7814,0.0078,10.498,11.637,22.135,-1.938,-0.162,-2.101
Brazil,2008,0.72,14.72,385.83,1.54,1.787,0.0065,10.99,12.213,23.203,-1.447,0.414,-1.032
Brazil,2009,0.941,14.941,387.64,2.0,1.7935,0.0047,10.956,11.999,22.955,-1.481,0.2,-1.281
Brazil,2010,1.107,15.107,390.1,2.3,1.7989,0.0051,10.734,12.058,22.792,-1.702,0.258,-1.444
Brazil,2011,0.812,14.812,391.85,1.92,1.8031,0.005,10.506,11.45,21.956,-1.931,-0.349,-2.28
Brazil,2012,1.052,15.052,394.06,2.65,1.8081,0.005,10.42,11.981,22.401,-2.017,0.182,-1.835
Brazil,2013,0.963,14.963,396.74,1.99,1.8134,0.0057,10.919,12.474,23.393,-1.517,0.675,-0.842
Brazil,2014,1.169,15.169,398.81,2.17,1.8226,0.0127,10.812,12.727,23.539,-1.624,0.928,-0.697
Brazil,2015,1.6,15.6,401.01,2.95,1.8342,0.01,10.589,12.366,22.955,-1.848,0.567,-1.281
Brazil,2016,1.49,15.49,404.41,3.03,1.8431,0.007,10.176,11.178,21.353,-2.261,-0.622,-2.882
Brazil,2017,1.348,15.348,406.76,1.9,1.8496,0.0069,10.415,10.702,21.118,-2.022,-1.097,-3.118
Brazil,2018,1.17,15.17,408.72,2.85,1.8573,0.0088,10.378,10.952,21.33,-2.058,-0.847,-2.906
Brazil,2019,1.532,15.532,411.65,2.49,1.8666,0.0096,10.225,10.83,21.055,-2.212,-0.969,-3.181
Brazil,2020,1.449,15.449,414.21,2.3,1.8787,0.0148,10.164,11.578,21.742,-2.272,-0.222,-2.494
British Virgin Islands,1979,-0.125,13.875,336.84,1.83,1.5305,0.0166,12.35,11.656,24.006,-0.087,-0.143,-0.23
British Virgin Islands,1980,0.706,14.706,338.76,1.68,1.5471,0.0169,12.348,11.206,23.554,-0.088,-0.593,-0.682
British Virgin Islands,1981,0.472,14.472,340.12,1.43,1.564,0.0169,12.147,11.387,23.533,-0.29,-0.413,-0.702
British Virgin Islands,1982,0.005,14.005,341.48,0.86,1.5809,0.0333,12.468,11.595,24.062,0.031,-0.204,-0.173
British Virgin Islands,1983,0.498,14.498,343.15,2.36,1.6142,0.0306,12.353,11.344,23.698,-0.083,-0.455,-0.538
British Virgin Islands,1984,0.126,14.126,344.87,1.51,1.6448,0.0129,11.92,11.428,23.348,-0.517,-0.371,-0.887
British Virgin Islands,1985,-0.04,13.96,346.35,1.21,1.6573,0.0122,12.016,11.569,23.585,-0.421,-0.23,-0.651
British Virgin Islands,1986,-0.004,13.996,347.61,1.47,1.6701,0.0129,12.224,11.044,23.268,-0.212,-0.755,-0.967
British Virgin Islands,1987,0.426,14.426,349.31,2.06,1.6827,0.0114,12.268,11.405,23.673,-0.169,-0.394,-0.562
British Virgin Islands,1988,0.416,14.416,351.69,2.24,1.6931,0.0107,12.19,11.497,23.687,-0.247,-0.302,-0.549
British Virgin Islands,1989,-0.078,13.922,353.2,1.24,1.7045,0.0112,11.987,11.381,23.368,-0.45,-0.418,-0.868
British Virgin Islands,1990,0.287,14.287,354.45,1.2,1.7144,0.0086,11.718,11.365,23.082,-0.719,-0.434,-1.153
British Virgin Islands,1991,0.194,14.194,355.7,1.05,1.7248,0.0141,11.77,11.498,23.268,-0.667,-0.301,-0.967
British Virgin Islands,1992,0.123,14.123,356.54,0.49,1.7355,0.0024,12.122,11.374,23.496,-0.315,-0.425,-0.74
British Virgin Islands,1993,0.375,14.375,357.21,1.36,1.7365,0.0039,11.947,11.37,23.317,-0.49,-0.429,-0.919
British Virgin Islands,1994,0.485,14.485,358.96,1.96,1.7421,0.0073,12.032,11.728,23.76,-0.404,-0.072,-0.476
British Virgin Islands,1995,0.43,14.43,360.97,2.01,1.7489,0.0038,11.438,11.748,23.187,-0.998,-0.051,-1.049
British Virgin Islands,1996,0.185,14.185,362.74,1.24,1.7513,0.0025,11.848,11.743,23.592,-0.588,-0.056,-0.644
British Virgin Islands,1997,0.349,14.349,363.88,1.91,1.7545,0.0064,11.692,11.341,23.032,-0.745,-0.458,-1.203
British Virgin Islands,1998,0.957,14.957,366.84,2.97,1.7655,0.0121,11.782,11.689,23.471,-0.655,-0.11,-0.765
British Virgin Islands,1999,0.473,14.473,368.54,0.92,1.7723,0.0024,11.713,11.712,23.426,-0.723,-0.087,-0.81
British Virgin Islands,2000,0.043,14.043,369.71,1.62,1.7733,-0.0014,11.519,11.724,23.243,-0.917,-0.075,-0.992
British Virgin Islands,2001,0.48,14.48,371.32,1.62,1.7713,-0.0007,11.622,11.628,23.25,-0.814,-0.172,-0.986
British Virgin Islands,2002,0.647,14.647,373.45,2.51,1.7727,0.0032,11.385,11.176,22.561,-1.052,-0.623,-1.675
British Virgin Islands,2003,0.727,14.727,375.98,2.26,1.7773,0.0048,11.419,11.924,23.343,-1.017,0.125,-0.892
British Virgin Islands,2004,0.417,14.417,377.7,1.59,1.777,-0.0048,11.251,11.938,23.189,-1.186,0.139,-1.047
British Virgin Islands,2005,0.66,14.66,379.98,2.57,1.7742,0.0003,10.928,11.648,22.575,-1.509,-0.152,-1.661
British Virgin Islands,2006,0.499,14.499,382.09,1.69,1.775,0.0019,10.794,11.412,22.206,-1.642,-0.387,-2.03
British Virgin Islands,2007,0.762,14.762,384.02,2.31,1.7814,0.0078,10.498,11.637,22.135,-1.938,-0.162,-2.101
British Virgin Islands,2008,0.245,14.245,385.83,1.54,1.787,0.0065,10.99,12.213,23.203,-1.447,0.414,-1.032
British Virgin Islands,2009,0.521,14.521,387.64,2.0,1.7935,0.0047,10.956,11.999,22.955,-1.481,0.2,-1.281
British Virgin Islands,2010,0.901,14.901,390.1,2.3,1.7989,0.0051,10.734,12.058,22.792,-1.702,0.258,-1.444
British Virgin Islands,2011,0.271,14.271,391.85,1.92,1.8031,0.005,10.506,11.45,21.956,-1.931,-0.349,-2.28
British Virgin Islands,2012,0.5,14.5,394.06,2.65,1.8081,0.005,10.42,11.981,22.401,-2.017,0.182,-1.835
British Virgin Islands,2013,0.618,14.618,396.74,1.99,1.8134,0.0057,10.919,12.474,23.393,-1.517,0.675,-0.842
British Virgin Islands,2014,0.736,14.736,398.81,2.17,1.8226,0.0127,10.812,12.727,23.539,-1.624,0.928,-0.697
British Virgin Islands,2015,0.929,14.929,401.01,2.95,1.8342,0.01,10.589,12.366,22.955,-1.848,0.567,-1.281
British Virgin Islands,2016,1.037,15.037,404.41,3.03,1.8431,0.007,10.176,11.178,21.353,-2.261,-0.622,-2.882
British Virgin Islands,2017,0.738,14.738,406.76,1.9,1.8496,0.0069,10.415,10.702,21.118,-2.022,-1.097,-3.118
British Virgin Islands,2018,0.559,14.559,408.72,2.85,1.8573,0.0088,10.378,10.952,21.33,-2.058,-0.847,-2.906
British Virgin Islands,2019,0.768,14.768,411.65,2.49,1.8666,0.0096,10.225,10.83,21.055,-2.212,-0.969,-3.181
British Virgin Islands,2020,1.211,15.211,414.21,2.3,1.8787,0.0148,10.164,11.578,21.742,-2.272,-0.222,-2.494
Brunei Darussalam,1979,0.197,14.197,336.84,1.83,1.5305,0.0166,12.35,11.656,24.006,-0.087,-0.143,-0.23
Brunei Darussalam,1980,0.234,14.234,338.76,1.68,1.5471,0.0169,12.348,11.206,23.554,-0.088,-0.593,-0.682
Brunei Darussalam,1981,0.017,14.017,340.12,1.43,1.564,0.0169,12.147,11.387,23.533,-0.29,-0.413,-0.702
Brunei Darussalam,1982,0.144,14.144,341.48,0.86,1.5809,0.0333,12.468,11.595,24.062,0.031,-0.204,-0.173
Brunei Darussalam,1983,0.454,14.454,343.15,2.36,1.6142,0.0306,12.353,11.344,23.698,-0.083,-0.455,-0.538
Brunei Darussalam,1984,-0.111,13.889,344.87,1.51,1.6448,0.0129,11.92,11.428,23.348,-0.517,-0.371,-0.887
Brunei Darussalam,1985,0.06,14.06,346.35,1.21,1.6573,0.0122,12.016,11.569,23.585,-0.421,-0.23,-0.651
Brunei Darussalam,1986,0.011,14.011,347.61,1.47,1.6701,0.0129,12.224,11.044,23.268,-0.212,-0.755,-0.967
Brunei Darussalam,1987,0.424,14.424,349.31,2.06,1.6827,0.0114,12.268,11.405,23.673,-0.169,-0.394,-0.562
Brunei Darussalam,1988,0.415,14.415,351.69,2.24,1.6931,0.0107,12.19,11.497,23.687,-0.247,-0.302,-0.549
Brunei Darussalam,1989,0.011,14.011,353.2,1.24,1.7045,0.0112,11.987,11.381,23.368,-0.45,-0.418,-0.868
Brunei Darussalam,1990,0.41,14.41,354.45,1.2,1.7144,0.0086,11.718,11.365,23.082,-0.719,-0.434,-1.153
Brunei Darussalam,1991,0.221,14.221,355.7,1.05,1.7248,0.0141,11.77,11.498,23.268,-0.667,-0.301,-0.967
Brunei Darussalam,1992,0.199,14.199,356.54,0.49,1.7355,0.0024,12.122,11.374,23.496,-0.315,-0.425,-0.74
Brunei Darussalam,1993,0.043,14.043,357.21,1.36,1.7365,0.0039,11.947,11.37,23.317,-0.49,-0.429,-0.919
Brunei Darussalam,1994,0.229,14.229,358.96,1.96,1.7421,0.0073,12.032,11.728,23.76,-0.404,-0.072,-0.476
Brunei Darussalam,1995,0.334,14.334,360.97,2.01,1.7489,0.0038,11.438,11.748,23.187,-0.998,-0.051,-1.049
Brunei Darussalam,1996,0.221,14.221,362.74,1.24,1.7513,0.0025,11.848,11.743,23.592,-0.588,-0.056,-0.644
Brunei Darussalam,1997,0.571,14.571,363.88,1.91,1.7545,0.0064,11.692,11.341,23.032,-0.745,-0.458,-1.203
Brunei Darussalam,1998,1.163,15.163,366.84,2.97,1.7655,0.0121,11.782,11.689,23.471,-0.655,-0.11,-0.765
Brunei Darussalam,1999,0.419,14.419,368.54,0.92,1.7723,0.0024,11.713,11.712,23.426,-0.723,-0.087,-0.81
Brunei Darussalam,2000,0.3,14.3,369.71,1.62,1.7733,-0.0014,11.519,11.724,23.243,-0.917,-0.075,-0.992
Brunei Darussalam,2001,0.432,14.432,371.32,1.62,1.7713,-0.0007,11.622,11.628,23.25,-0.814,-0.172,-0.986
Brunei Darussalam,2002,0.552,14.552,373.45,2.51,1.7727,0.0032,11.385,11.176,22.561,-1.052,-0.623,-1.675
Brunei Darussalam,2003,0.725,14.725,375.98,2.26,1.7773,0.0048,11.419,11.924,23.343,-1.017,0.125,-0.892
Brunei Darussalam,2004,0.562,14.562,377.7,1.59,1.777,-0.0048,11.251,11.938,23.189,-1.186,0.139,-1.047
Brunei Darussalam,2005,0.822,14.822,379.98,2.57,1.7742,0.0003,10.928,11.648,22.575,-1.509,-0.152,-1.661
Brunei Darussalam,2006,0.472,14.472,382.09,1.69,1.775,0.0019,10.794,11.412,22.206,-1.642,-0.387,-2.03
Brunei Darussalam,2007,0.491,14.491,384.02,2.31,1.7814,0.0078,10.498,11.637,22.135,-1.938,-0.162,-2.101
Brunei Darussalam,2008,0.317,14.317,385.83,1.54,1.787,0.0065,10.99,12.213,23.203,-1.447,0.414,-1.032
Brunei Darussalam,2009,0.704,14.704,387.64,2.0,1.7935,0.0047,10.956,11.999,22.955,-1.481,0.2,-1.281
Brunei Darussalam,2010,0.797,14.797,390.1,2.3,1.7989,0.0051,10.734,12.058,22.792,-1.702,0.258,-1.444
Brunei Darussalam,2011,0.429,14.429,391.85,1.92,1.8031,0.005,10.506,11.45,21.956,-1.931,-0.349,-2.28
Brunei Darussalam,2012,0.686,14.686,394.06,2.65,1.8081,0.005,10.42,11.981,22.401,-2.017,0.182,-1.835
Brunei Darussalam,2013,0.885,14.885,396.74,1.99,1.8134,0.0057,10.919,12.474,23.393,-1.517,0.675,-0.842
Brunei Darussalam,2014,0.869,14.869,398.81,2.17,1.8226,0.0127,10.812,12.727,23.539,-1.624,0.928,-0.697
Brunei Darussalam,2015,1.043,15.043,401.01,2.95,1.8342,0.01,10.589,12.366,22.955,-1.848,0.567,-1.281
Brunei Darussalam,2016,1.519,15.519,404.41,3.03,1.8431,0.007,10.176,11.178,21.353,-2.261,-0.622,-2.882
Brunei Darussalam,2017,1.067,15.067,406.76,1.9,1.8496,0.0069,10.415,10.702,21.118,-2.022,-1.097,-3.118
Brunei Darussalam,2018,1.076,15.076,408.72,2.85,1.8573,0.0088,10.378,10.952,21.33,-2.058,-0.847,-2.906
Brunei Darussalam,2019,1.283,15.283,411.65,2.49,1.8666,0.0096,10.225,10.83,21.055,-2.212,-0.969,-3.181
Brunei Darussalam,2020,1.263,15.263,414.21,2.3,1.8787,0.0148,10.164,11.578,21.742,-2.272,-0.222,-2.494
Bulgaria,1979,0.154,14.154,336.84,1.83,1.5305,0.0166,12.35,11.656,24.006,-0.087,-0.143,-0.23
Bulgaria,1980,-0.452,13.548,338.76,1.68,1.5471,0.0169,12.348,11.206,23.554,-0.088,-0.593,-0.682
Bulgaria,1981,-0.043,13.957,340.12,1.43,1.564,0.0169,12.147,11.387,23.533,-0.29,-0.413,-0.702
Bulgaria,1982,-0.126,13.874,341.48,0.86,1.5809,0.0333,12.468,11.595,24.062,0.031,-0.204,-0.173
Bulgaria,1983,0.39,14.39,343.15,2.36,1.6142,0.0306,12.353,11.344,23.698,-0.083,-0.455,-0.538
Bulgaria,1984,-0.017,13.983,344.87,1.51,1.6448,0.0129,11.92,11.428,23.348,-0.517,-0.371,-0.887
Bulgaria,1985,-0.601,13.399,346.35,1.21,1.6573,0.0122,12.016,11.569,23.585,-0.421,-0.23,-0.651
Bulgaria,1986,0.362,14.362,347.61,1.47,1.6701,0.0129,12.224,11.044,23.268,-0.212,-0.755,-0.967
Bulgaria,1987,-0.483,13.517,349.31,2.06,1.6827,0.0114,12.268,11.405,23.673,-0.169,-0.394,-0.562
Bulgaria,1988,0.133,14.133,351.69,2.24,1.6931,0.0107,12.19,11.497,23.687,-0.247,-0.302,-0.549
Bulgaria,1989,0.415,14.415,353.2,1.24,1.7045,0.0112,11.987,11.381,23.368,-0.45,-0.418,-0.868
Bulgaria,1990,0.805,14.805,354.45,1.2,1.7144,0.0086,11.718,11.365,23.082,-0.719,-0.434,-1.153
Bulgaria,1991,-0.144,13.856,355.7,1.05,1.7248,0.0141,11.77,11.498,23.268,-0.667,-0.301,-0.967
Bulgaria,1992,0.17,14.17,356.54,0.49,1.7355,0.0024,12.122,11.374,23.496,-0.315,-0.425,-0.74
Bulgaria,1993,-0.29,13.71,357.21,1.36,1.7365,0.0039,11.947,11.37,23.317,-0.49,-0.429,-0.919
Bulgaria,1994,1.621,15.621,358.96,1.96,1.7421,0.0073,12.032,11.728,23.76,-0.404,-0.072,-0.476
Bulgaria,1995,0.26,14.26,360.97,2.01,1.7489,0.0038,11.438,11.748,23.187,-0.998,-0.051,-1.049
Bulgaria,1996,-0.329,13.671,362.74,1.24,1.7513,0.0025,11.848,11.743,23.592,-0.588,-0.056,-0.644
Bulgaria,1997,-0.306,13.694,363.88,1.91,1.7545,0.0064,11.692,11.341,23.032,-0.745,-0.458,-1.203
Bulgaria,1998,0.807,14.807,366.84,2.97,1.7655,0.0121,11.782,11.689,23.471,-0.655,-0.11,-0.765
Bulgaria,1999,0.717,14.717,368.54,0.92,1.7723,0.0024,11.713,11.712,23.426,-0.723,-0.087,-0.81
Bulgaria,2000,1.202,15.202,369.71,1.62,1.7733,-0.0014,11.519,11.724,23.243,-0.917,-0.075,-0.992
Bulgaria,2001,1.646,15.646,371.32,1.62,1.7713,-0.0007,11.622,11.628,23.25,-0.814,-0.172,-0.986
Bulgaria,2002,0.848,14.848,373.45,2.51,1.7727,0.0032,11.385,11.176,22.561,-1.052,-0.623,-1.675
Bulgaria,2003,0.173,14.173,375.98,2.26,1.7773,0.0048,11.419,11.924,23.343,-1.017,0.125,-0.892
Bulgaria,2004,0.522,14.522,377.7,1.59,1.777,-0.0048,11.251,11.938,23.189,-1.186,0.139,-1.047
Bulgaria,2005,0.213,14.213,379.98,2.57,1.7742,0.0003,10.928,11.648,22.575,-1.509,-0.152,-1.661
Bulgaria,2006,0.581,14.581,382.09,1.69,1.775,0.0019,10.794,11.412,22.206,-1.642,-0.387,-2.03
Bulgaria,2007,1.895,15.895,384.02,2.31,1.7814,0.0078,10.498,11.637,22.135,-1.938,-0.162,-2.101
Bulgaria,2008,1.189,15.189,385.83,1.54,1.787,0.0065,10.99,12.213,23.203,-1.447,0.414,-1.032
Bulgaria,2009,1.302,15.302,387.64,2.0,1.7935,0.0047,10.956,11.999,22.955,-1.481,0.2,-1.281
Bulgaria,2010,1.378,15.378,390.1,2.3,1.7989,0.0051,10.734,12.058,22.792,-1.702,0.258,-1.444
Bulgaria,2011,0.436,14.436,391.85,1.92,1.8031,0.005,10.506,11.45,21.956,-1.931,-0.349,-2.28
Bulgaria,2012,1.692,15.692,394.06,2.65,1.8081,0.005,10.42,11.981,22.401,-2.017,0.182,-1.835
Bulgaria,2013,1.491,15.491,396.74,1.99,1.8134,0.0057,10.919,12.474,23.393,-1.517,0.675,-0.842
Bulgaria,2014,1.236,15.236,398.81,2.17,1.8226,0.0127,10.812,12.727,23.539,-1.624,0.928,-0.697
Bulgaria,2015,1.495,15.495,401.01,2.95,1.8342,0.01,10.589,12.366,22.955,-1.848,0.567,-1.281
Bulgaria,2016,1.955,15.955,404.41,3.03,1.8431,0.007,10.176,11.178,21.353,-2.261,-0.622,-2.882
Bulgaria,2017,1.013,15.013,406.76,1.9,1.8496,0.0069,10.415,10.702,21.118,-2.022,-1.097,-3.118
Bulgaria,2018,2.251,16.251,408.72,2.85,1.8573,0.0088,10.378,10.952,21.33,-2.058,-0.847,-2.906
Bulgaria,2019,2.208,16.208,411.65,2.49,1.8666,0.0096,10.225,10.83,21.055,-2.212,-0.969,-3.181
Bulgaria,2020,2.176,16.176,414.21,2.3,1.8787,0.0148,10.164,11.578,21.742,-2.272,-0.222,-2.494
Burkina Faso,1979,0.433,14.433,336.84,1.83,1.5305,0.0166,12.35,11.656,24.006,-0.087,-0.143,-0.23
Burkina Faso,1980,0.801,14.801,338.76,1.68,1.5471,0.0169,12.348,11.206,23.554,-0.088,-0.593,-0.682
Burkina Faso,1981,0.277,14.277,340.12,1.43,1.564,0.0169,12.147,11.387,23.533,-0.29,-0.413,-0.702
Burkina Faso,1982,0.183,14.183,341.48,0.86,1.5809,0.0333,12.468,11.595,24.062,0.031,-0.204,-0.173
Burkina Faso,1983,0.702,14.702,343.15,2.36,1.6142,0.0306,12.353,11.344,23.698,-0.083,-0.455,-0.538
Burkina Faso,1984,0.781,14.781,344.87,1.51,1.6448,0.0129,11.92,11.428,23.348,-0.517,-0.371,-0.887
Burkina Faso,1985,0.513,14.513,346.35,1.21,1.6573,0.0122,12.016,11.569,23.585,-0.421,-0.23,-0.651
Burkina Faso,1986,0.382,14.382,347.61,1.47,1.6701,0.0129,12.224,11.044,23.268,-0.212,-0.755,-0.967
Burkina Faso,1987,1.075,15.075,349.31,2.06,1.6827,0.0114,12.268,11.405,23.673,-0.169,-0.394,-0.562
Burkina Faso,1988,0.647,14.647,351.69,2.24,1.6931,0.0107,12.19,11.497,23.687,-0.247,-0.302,-0.549
Burkina Faso,1989,0.062,14.062,353.2,1.24,1.7045,0.0112,11.987,11.381,23.368,-0.45,-0.418,-0.868
Burkina Faso,1990,0.665,14.665,354.45,1.2,1.7144,0.0086,11.718,11.365,23.082,-0.719,-0.434,-1.153
Burkina Faso,1991,0.578,14.578,355.7,1.05,1.7248,0.0141,11.77,11.498,23.268,-0.667,-0.301,-0.967
Burkina Faso,1992,0.035,14.035,356.54,0.49,1.7355,0.0024,12.122,11.374,23.496,-0.315,-0.425,-0.74
Burkina Faso,1993,0.795,14.795,357.21,1.36,1.7365,0.0039,11.947,11.37,23.317,-0.49,-0.429,-0.919
Burkina Faso,1994,0.385,14.385,358.96,1.96,1.7421,0.0073,12.032,11.728,23.76,-0.404,-0.072,-0.476
Burkina Faso,1995,0.478,14.478,360.97,2.01,1.7489,0.0038,11.438,11.748,23.187,-0.998,-0.051,-1.049
Burkina Faso,1996,0.989,14.989,362.74,1.24,1.7513,0.0025,11.848,11.743,23.592,-0.588,-0.056,-0.644
Burkina Faso,1997,0.696,14.696,363.88,1.91,1.7545,0.0064,11.692,11.341,23.032,-0.745,-0.458,-1.203
Burkina Faso,1998,1.069,15.069,366.84,2.97,1.7655,0.0121,11.782,11.689,23.471,-0.655,-0.11,-0.765
Burkina Faso,1999,0.629,14.629,368.54,0.92,1.7723,0.0024,11.713,11.712,23.426,-0.723,-0.087,-0.81
Burkina Faso,2000,0.624,14.624,369.71,1.62,1.7733,-0.0014,11.519,11.724,23.243,-0.917,-0.075,-0.992
Burkina Faso,2001,0.578,14.578,371.32,1.62,1.7713,-0.0007,11.622,11.628,23.25,-0.814,-0.172,-0.986
Burkina Faso,2002,1.075,15.075,373.45,2.51,1.7727,0.0032,11.385,11.176,22.561,-1.052,-0.623,-1.675
Burkina Faso,2003,1.054,15.054,375.98,2.26,1.7773,0.0048,11.419,11.924,23.343,-1.017,0.125,-0.892
Burkina Faso,2004,0.929,14.929,377.7,1.59,1.777,-0.0048,11.251,11.938,23.189,-1.186,0.139,-1.047
Burkina Faso,2005,1.517,15.517,379.98,2.57,1.7742,0.0003,10.928,11.648,22.575,-1.509,-0.152,-1.661
Burkina Faso,2006,1.234,15.234,382.09,1.69,1.775,0.0019,10.794,11.412,22.206,-1.642,-0.387,-2.03
Burkina Faso,2007,0.949,14.949,384.02,2.31,1.7814,0.0078,10.498,11.637,22.135,-1.938,-0.162,-2.101
Burkina Faso,2008,0.362,14.362,385.83,1.54,1.787,0.0065,10.99,12.213,23.203,-1.447,0.414,-1.032
Burkina Faso,2009,0.989,14.989,387.64,2.0,1.7935,0.0047,10.956,11.999,22.955,-1.481,0.2,-1.281
Burkina Faso,2010,1.321,15.321,390.1,2.3,1.7989,0.0051,10.734,12.058,22.792,-1.702,0.258,-1.444
Burkina Faso,2011,1.058,15.058,391.85,1.92,1.8031,0.005,10.506,11.45,21.956,-1.931,-0.349,-2.28
Burkina Faso,2012,0.545,14.545,394.06,2.65,1.8081,0.005,10.42,11.981,22.401,-2.017,0.182,-1.835
Burkina Faso,2013,0.903,14.903,396.74,1.99,1.8134,0.0057,10.919,12.474,23.393,-1.517,0.675,-0.842
Burkina Faso,2014,0.931,14.931,398.81,2.17,1.8226,0.0127,10.812,12.727,23.539,-1.624,0.928,-0.697
Burkina Faso,2015,1.178,15.178,401.01,2.95,1.8342,0.01,10.589,12.366,22.955,-1.848,0.567,-1.281
Burkina Faso,2016,1.136,15.136,404.41,3.03,1.8431,0.007,10.176,11.178,21.353,-2.261,-0.622,-2.882
Burkina Faso,2017,1.283,15.283,406.76,1.9,1.8496,0.0069,10.415,10.702,21.118,-2.022,-1.097,-3.118
Burkina Faso,2018,1.225,15.225,408.72,2.85,1.8573,0.0088,10.378,10.952,21.33,-2.058,-0.847,-2.906
Burkina Faso,2019,1.153,15.153,411.65,2.49,1.8666,0.0096,10.225,10.83,21.055,-2.212,-0.969,-3.181
Burkina Faso,2020,1.123,15.123,414.21,2.3,1.8787,0.0148,10.164,11.578,21.742,-2.272,-0.222,-2.494
Burundi,1979,0.3582,14.3582,336.84,1.83,1.5305,0.0166,12.35,11.656,24.006,-0.087,-0.143,-0.23
Burundi,1980,0.4885,14.4885,338.76,1.68,1.5471,0.0169,12.348,11.206,23.554,-0.088,-0.593,-0.682
Burundi,1981,0.6188,14.6188,340.12,1.43,1.564,0.0169,12.147,11.387,23.533,-0.29,-0.413,-0.702
Burundi,1982,0.749,14.749,341.48,0.86,1.5809,0.0333,12.468,11.595,24.062,0.031,-0.204,-0.173
Burundi,1983,0.665,14.665,343.15,2.36,1.6142,0.0306,12.353,11.344,23.698,-0.083,-0.455,-0.538
Burundi,1984,0.6173,14.6173,344.87,1.51,1.6448,0.0129,11.92,11.428,23.348,-0.517,-0.371,-0.887
Burundi,1985,0.5697,14.5697,346.35,1.21,1.6573,0.0122,12.016,11.569,23.585,-0.421,-0.23,-0.651
Burundi,1986,0.522,14.522,347.61,1.47,1.6701,0.0129,12.224,11.044,23.268,-0.212,-0.755,-0.967
Burundi,1987,0.587,14.587,349.31,2.06,1.6827,0.0114,12.268,11.405,23.673,-0.169,-0.394,-0.562
Burundi,1988,0.454,14.454,351.69,2.24,1.6931,0.0107,12.19,11.497,23.687,-0.247,-0.302,-0.549
Burundi,1989,0.189,14.189,353.2,1.24,1.7045,0.0112,11.987,11.381,23.368,-0.45,-0.418,-0.868
Burundi,1990,0.612,14.612,354.45,1.2,1.7144,0.0086,11.718,11.365,23.082,-0.719,-0.434,-1.153
Burundi,1991,0.205,14.205,355.7,1.05,1.7248,0.0141,11.77,11.498,23.268,-0.667,-0.301,-0.967
Burundi,1992,0.338,14.338,356.54,0.49,1.7355,0.0024,12.122,11.374,23.496,-0.315,-0.425,-0.74
Burundi,1993,0.4285,14.4285,357.21,1.36,1.7365,0.0039,11.947,11.37,23.317,-0.49,-0.429,-0.919
Burundi,1994,0.519,14.519,358.96,1.96,1.7421,0.0073,12.032,11.728,23.76,-0.404,-0.072,-0.476
Burundi,1995,0.6095,14.6095,360.97,2.01,1.7489,0.0038,11.438,11.748,23.187,-0.998,-0.051,-1.049
Burundi,1996,0.7,14.7,362.74,1.24,1.7513,0.0025,11.848,11.743,23.592,-0.588,-0.056,-0.644
Burundi,1997,0.7905,14.7905,363.88,1.91,1.7545,0.0064,11.692,11.341,23.032,-0.745,-0.458,-1.203
Burundi,1998,0.881,14.881,366.84,2.97,1.7655,0.0121,11.782,11.689,23.471,-0.655,-0.11,-0.765
Burundi,1999,0.703,14.703,368.54,0.92,1.7723,0.0024,11.713,11.712,23.426,-0.723,-0.087,-0.81
Burundi,2000,0.525,14.525,369.71,1.62,1.7733,-0.0014,11.519,11.724,23.243,-0.917,-0.075,-0.992
Burundi,2001,0.436,14.436,371.32,1.62,1.7713,-0.0007,11.622,11.628,23.25,-0.814,-0.172,-0.986
Burundi,2002,0.878,14.878,373.45,2.51,1.7727,0.0032,11.385,11.176,22.561,-1.052,-0.623,-1.675
Burundi,2003,0.947,14.947,375.98,2.26,1.7773,0.0048,11.419,11.924,23.343,-1.017,0.125,-0.892
Burundi,2004,1.061,15.061,377.7,1.59,1.777,-0.0048,11.251,11.938,23.189,-1.186,0.139,-1.047
Burundi,2005,1.0307,15.0307,379.98,2.57,1.7742,0.0003,10.928,11.648,22.575,-1.509,-0.152,-1.661
Burundi,2006,1.0003,15.0003,382.09,1.69,1.775,0.0019,10.794,11.412,22.206,-1.642,-0.387,-2.03
Burundi,2007,0.97,14.97,384.02,2.31,1.7814,0.0078,10.498,11.637,22.135,-1.938,-0.162,-2.101
Burundi,2008,0.454,14.454,385.83,1.54,1.787,0.0065,10.99,12.213,23.203,-1.447,0.414,-1.032
Burundi,2009,0.5293,14.5293,387.64,2.0,1.7935,0.0047,10.956,11.999,22.955,-1.481,0.2,-1.281
Burundi,2010,0.6047,14.6047,390.1,2.3,1.7989,0.0051,10.734,12.058,22.792,-1.702,0.258,-1.444
Burundi,2011,0.68,14.68,391.85,1.92,1.8031,0.005,10.506,11.45,21.956,-1.931,-0.349,-2.28
Burundi,2012,0.68,14.68,394.06,2.65,1.8081,0.005,10.42,11.981,22.401,-2.017,0.182,-1.835
Burundi,2013,0.68,14.68,396.74,1.99,1.8134,0.0057,10.919,12.474,23.393,-1.517,0.675,-0.842
Burundi,2014,0.68,14.68,398.81,2.17,1.8226,0.0127,10.812,12.727,23.539,-1.624,0.928,-0.697
Burundi,2015,0.68,14.68,401.01,2.95,1.8342,0.01,10.589,12.366,22.955,-1.848,0.567,-1.281
Burundi,2016,0.68,14.68,404.41,3.03,1.8431,0.007,10.176,11.178,21.353,-2.261,-0.622,-2.882
Burundi,2017,0.68,14.68,406.76,1.9,1.8496,0.0069,10.415,10.702,21.118,-2.022,-1.097,-3.118
Burundi,2018,0.68,14.68,408.72,2.85,1.8573,0.0088,10.378,10.952,21.33,-2.058,-0.847,-2.906
Burundi,2019,0.68,14.68,411.65,2.49,1.8666,0.0096,10.225,10.83,21.055,-2.212,-0.969,-3.181
Burundi,2020,0.68,14.68,414.21,2.3,1.8787,0.0148,10.164,11.578,21.742,-2.272,-0.222,-2.494
C?te d'Ivoire,1979,0.52,14.52,336.84,1.83,1.5305,0.0166,12.35,11.656,24.006,-0.087,-0.143,-0.23
C?te d'Ivoire,1980,0.444,14.444,338.76,1.68,1.5471,0.0169,12.348,11.206,23.554,-0.088,-0.593,-0.682
C?te d'Ivoire,1981,0.267,14.267,340.12,1.43,1.564,0.0169,12.147,11.387,23.533,-0.29,-0.413,-0.702
C?te d'Ivoire,1982,0.171,14.171,341.48,0.86,1.5809,0.0333,12.468,11.595,24.062,0.031,-0.204,-0.173
C?te d'Ivoire,1983,0.667,14.667,343.15,2.36,1.6142,0.0306,12.353,11.344,23.698,-0.083,-0.455,-0.538
C?te d'Ivoire,1984,0.513,14.513,344.87,1.51,1.6448,0.0129,11.92,11.428,23.348,-0.517,-0.371,-0.887
C?te d'Ivoire,1985,0.245,14.245,346.35,1.21,1.6573,0.0122,12.016,11.569,23.585,-0.421,-0.23,-0.651
C?te d'Ivoire,1986,0.22,14.22,347.61,1.47,1.6701,0.0129,12.224,11.044,23.268,-0.212,-0.755,-0.967
C?te d'Ivoire,1987,1.007,15.007,349.31,2.06,1.6827,0.0114,12.268,11.405,23.673,-0.169,-0.394,-0.562
C?te d'Ivoire,1988,0.706,14.706,351.69,2.24,1.6931,0.0107,12.19,11.497,23.687,-0.247,-0.302,-0.549
C?te d'Ivoire,1989,0.313,14.313,353.2,1.24,1.7045,0.0112,11.987,11.381,23.368,-0.45,-0.418,-0.868
C?te d'Ivoire,1990,0.614,14.614,354.45,1.2,1.7144,0.0086,11.718,11.365,23.082,-0.719,-0.434,-1.153
C?te d'Ivoire,1991,0.508,14.508,355.7,1.05,1.7248,0.0141,11.77,11.498,23.268,-0.667,-0.301,-0.967
C?te d'Ivoire,1992,0.305,14.305,356.54,0.49,1.7355,0.0024,12.122,11.374,23.496,-0.315,-0.425,-0.74
C?te d'Ivoire,1993,0.549,14.549,357.21,1.36,1.7365,0.0039,11.947,11.37,23.317,-0.49,-0.429,-0.919
C?te d'Ivoire,1994,0.578,14.578,358.96,1.96,1.7421,0.0073,12.032,11.728,23.76,-0.404,-0.072,-0.476
C?te d'Ivoire,1995,0.749,14.749,360.97,2.01,1.7489,0.0038,11.438,11.748,23.187,-0.998,-0.051,-1.049
C?te d'Ivoire,1996,0.82,14.82,362.74,1.24,1.7513,0.0025,11.848,11.743,23.592,-0.588,-0.056,-0.644
C?te d'Ivoire,1997,0.728,14.728,363.88,1.91,1.7545,0.0064,11.692,11.341,23.032,-0.745,-0.458,-1.203
C?te d'Ivoire,1998,1.324,15.324,366.84,2.97,1.7655,0.0121,11.782,11.689,23.471,-0.655,-0.11,-0.765
C?te d'Ivoire,1999,0.529,14.529,368.54,0.92,1.7723,0.0024,11.713,11.712,23.426,-0.723,-0.087,-0.81
C?te d'Ivoire,2000,0.482,14.482,369.71,1.62,1.7733,-0.0014,11.519,11.724,23.243,-0.917,-0.075,-0.992
C?te d'Ivoire,2001,0.57,14.57,371.32,1.62,1.7713,-0.0007,11.622,11.628,23.25,-0.814,-0.172,-0.986
C?te d'Ivoire,2002,0.827,14.827,373.45,2.51,1.7727,0.0032,11.385,11.176,22.561,-1.052,-0.623,-1.675
C?te d'Ivoire,2003,1.093,15.093,375.98,2.26,1.7773,0.0048,11.419,11.924,23.343,-1.017,0.125,-0.892
C?te d'Ivoire,2004,0.853,14.853,377.7,1.59,1.777,-0.0048,11.251,11.938,23.189,-1.186,0.139,-1.047
C?te d'Ivoire,2005,1.115,15.115,379.98,2.57,1.7742,0.0003,10.928,11.648,22.575,-1.509,-0.152,-1.661
C?te d'Ivoire,2006,1.027,15.027,382.09,1.69,1.775,0.0019,10.794,11.412,22.206,-1.642,-0.387,-2.03
C?te d'Ivoire,2007,1.115,15.115,384.02,2.31,1.7814,0.0078,10.498,11.637,22.135,-1.938,-0.162,-2.101
C?te d'Ivoire,2008,0.824,14.824,385.83,1.54,1.787,0.0065,10.99,12.213,23.203,-1.447,0.414,-1.032
C?te d'Ivoire,2009,1.028,15.028,387.64,2.0,1.7935,0.0047,10.956,11.999,22.955,-1.481,0.2,-1.281
C?te d'Ivoire,2010,1.351,15.351,390.1,2.3,1.7989,0.0051,10.734,12.058,22.792,-1.702,0.258,-1.444
C?te d'Ivoire,2011,1.052,15.052,391.85,1.92,1.8031,0.005,10.506,11.45,21.956,-1.931,-0.349,-2.28
C?te d'Ivoire,2012,0.742,14.742,394.06,2.65,1.8081,0.005,10.42,11.981,22.401,-2.017,0.182,-1.835
C?te d'Ivoire,2013,1.021,15.021,396.74,1.99,1.8134,0.0057,10.919,12.474,23.393,-1.517,0.675,-0.842
C?te d'Ivoire,2014,0.909,14.909,398.81,2.17,1.8226,0.0127,10.812,12.727,23.539,-1.624,0.928,-0.697
C?te d'Ivoire,2015,1.354,15.354,401.01,2.95,1.8342,0.01,10.589,12.366,22.955,-1.848,0.567,-1.281
C?te d'Ivoire,2016,1.538,15.538,404.41,3.03,1.8431,0.007,10.176,11.178,21.353,-2.261,-0.622,-2.882
C?te d'Ivoire,2017,1.584,15.584,406.76,1.9,1.8496,0.0069,10.415,10.702,21.118,-2.022,-1.097,-3.118
C?te d'Ivoire,2018,1.395,15.395,408.72,2.85,1.8573,0.0088,10.378,10.952,21.33,-2.058,-0.847,-2.906
C?te d'Ivoire,2019,1.4,15.4,411.65,2.49,1.8666,0.0096,10.225,10.83,21.055,-2.212,-0.969,-3.181
C?te d'Ivoire,2020,1.353,15.353,414.21,2.3,1.8787,0.0148,10.164,11.578,21.742,-2.272,-0.222,-2.494
Cabo Verde,1979,0.658,14.658,336.84,1.83,1.5305,0.0166,12.35,11.656,24.006,-0.087,-0.143,-0.23
Cabo Verde,1980,0.652,14.652,338.76,1.68,1.5471,0.0169,12.348,11.206,23.554,-0.088,-0.593,-0.682
Cabo Verde,1981,0.357,14.357,340.12,1.43,1.564,0.0169,12.147,11.387,23.533,-0.29,-0.413,-0.702
Cabo Verde,1982,0.596,14.596,341.48,0.86,1.5809,0.0333,12.468,11.595,24.062,0.031,-0.204,-0.173
Cabo Verde,1983,0.595,14.595,343.15,2.36,1.6142,0.0306,12.353,11.344,23.698,-0.083,-0.455,-0.538
Cabo Verde,1984,0.392,14.392,344.87,1.51,1.6448,0.0129,11.92,11.428,23.348,-0.517,-0.371,-0.887
Cabo Verde,1985,0.189,14.189,346.35,1.21,1.6573,0.0122,12.016,11.569,23.585,-0.421,-0.23,-0.651
Cabo Verde,1986,0.059,14.059,347.61,1.47,1.6701,0.0129,12.224,11.044,23.268,-0.212,-0.755,-0.967
Cabo Verde,1987,1.093,15.093,349.31,2.06,1.6827,0.0114,12.268,11.405,23.673,-0.169,-0.394,-0.562
Cabo Verde,1988,0.901,14.901,351.69,2.24,1.6931,0.0107,12.19,11.497,23.687,-0.247,-0.302,-0.549
Cabo Verde,1989,1.036,15.036,353.2,1.24,1.7045,0.0112,11.987,11.381,23.368,-0.45,-0.418,-0.868
Cabo Verde,1990,1.399,15.399,354.45,1.2,1.7144,0.0086,11.718,11.365,23.082,-0.719,-0.434,-1.153
Cabo Verde,1991,0.766,14.766,355.7,1.05,1.7248,0.0141,11.77,11.498,23.268,-0.667,-0.301,-0.967
Cabo Verde,1992,0.975,14.975,356.54,0.49,1.7355,0.0024,12.122,11.374,23.496,-0.315,-0.425,-0.74
Cabo Verde,1993,0.594,14.594,357.21,1.36,1.7365,0.0039,11.947,11.37,23.317,-0.49,-0.429,-0.919
Cabo Verde,1994,0.527,14.527,358.96,1.96,1.7421,0.0073,12.032,11.728,23.76,-0.404,-0.072,-0.476
Cabo Verde,1995,1.561,15.561,360.97,2.01,1.7489,0.0038,11.438,11.748,23.187,-0.998,-0.051,-1.049
Cabo Verde,1996,1.684,15.684,362.74,1.24,1.7513,0.0025,11.848,11.743,23.592,-0.588,-0.056,-0.644
Cabo Verde,1997,1.74,15.74,363.88,1.91,1.7545,0.0064,11.692,11.341,23.032,-0.745,-0.458,-1.203
Cabo Verde,1998,1.866,15.866,366.84,2.97,1.7655,0.0121,11.782,11.689,23.471,-0.655,-0.11,-0.765
Cabo Verde,1999,0.881,14.881,368.54,0.92,1.7723,0.0024,11.713,11.712,23.426,-0.723,-0.087,-0.81
Cabo Verde,2000,1.125,15.125,369.71,1.62,1.7733,-0.0014,11.519,11.724,23.243,-0.917,-0.075,-0.992
Cabo Verde,2001,1.415,15.415,371.32,1.62,1.7713,-0.0007,11.622,11.628,23.25,-0.814,-0.172,-0.986
Cabo Verde,2002,1.445,15.445,373.45,2.51,1.7727,0.0032,11.385,11.176,22.561,-1.052,-0.623,-1.675
Cabo Verde,2003,0.956,14.956,375.98,2.26,1.7773,0.0048,11.419,11.924,23.343,-1.017,0.125,-0.892
Cabo Verde,2004,0.985,14.985,377.7,1.59,1.777,-0.0048,11.251,11.938,23.189,-1.186,0.139,-1.047
Cabo Verde,2005,0.498,14.498,379.98,2.57,1.7742,0.0003,10.928,11.648,22.575,-1.509,-0.152,-1.661
Cabo Verde,2006,0.682,14.682,382.09,1.69,1.775,0.0019,10.794,11.412,22.206,-1.642,-0.387,-2.03
Cabo Verde,2007,0.148,14.148,384.02,2.31,1.7814,0.0078,10.498,11.637,22.135,-1.938,-0.162,-2.101
Cabo Verde,2008,0.629,14.629,385.83,1.54,1.787,0.0065,10.99,12.213,23.203,-1.447,0.414,-1.032
Cabo Verde,2009,0.463,14.463,387.64,2.0,1.7935,0.0047,10.956,11.999,22.955,-1.481,0.2,-1.281
Cabo Verde,2010,1.948,15.948,390.1,2.3,1.7989,0.0051,10.734,12.058,22.792,-1.702,0.258,-1.444
Cabo Verde,2011,1.053,15.053,391.85,1.92,1.8031,0.005,10.506,11.45,21.956,-1.931,-0.349,-2.28
Cabo Verde,2012,0.513,14.513,394.06,2.65,1.8081,0.005,10.42,11.981,22.401,-2.017,0.182,-1.835
Cabo Verde,2013,0.943,14.943,396.74,1.99,1.8134,0.0057,10.919,12.474,23.393,-1.517,0.675,-0.842
Cabo Verde,2014,0.696,14.696,398.81,2.17,1.8226,0.0127,10.812,12.727,23.539,-1.624,0.928,-0.697
Cabo Verde,2015,0.683,14.683,401.01,2.95,1.8342,0.01,10.589,12.366,22.955,-1.848,0.567,-1.281
Cabo Verde,2016,1.334,15.334,404.41,3.03,1.8431,0.007,10.176,11.178,21.353,-2.261,-0.622,-2.882
Cabo Verde,2017,1.626,15.626,406.76,1.9,1.8496,0.0069,10.415,10.702,21.118,-2.022,-1.097,-3.118
Cabo Verde,2018,0.539,14.539,408.72,2.85,1.8573,0.0088,10.378,10.952,21.33,-2.058,-0.847,-2.906
Cabo Verde,2019,1.134,15.134,411.65,2.49,1.8666,0.0096,10.225,10.83,21.055,-2.212,-0.969,-3.181
Cabo Verde,2020,1.408,15.408,414.21,2.3,1.8787,0.0148,10.164,11.578,21.742,-2.272,-0.222,-2.494
Cambodia,1979,0.443,14.443,336.84,1.83,1.5305,0.0166,12.35,11.656,24.006,-0.087,-0.143,-0.23
Cambodia,1980,0.357,14.357,338.76,1.68,1.5471,0.0169,12.348,11.206,23.554,-0.088,-0.593,-0.682
Cambodia,1981,0.352,14.352,340.12,1.43,1.564,0.0169,12.147,11.387,23.533,-0.29,-0.413,-0.702
Cambodia,1982,0.138,14.138,341.48,0.86,1.5809,0.0333,12.468,11.595,24.062,0.031,-0.204,-0.173
Cambodia,1983,0.507,14.507,343.15,2.36,1.6142,0.0306,12.353,11.344,23.698,-0.083,-0.455,-0.538
Cambodia,1984,0.098,14.098,344.87,1.51,1.6448,0.0129,11.92,11.428,23.348,-0.517,-0.371,-0.887
Cambodia,1985,0.248,14.248,346.35,1.21,1.6573,0.0122,12.016,11.569,23.585,-0.421,-0.23,-0.651
Cambodia,1986,0.022,14.022,347.61,1.47,1.6701,0.0129,12.224,11.044,23.268,-0.212,-0.755,-0.967
Cambodia,1987,0.592,14.592,349.31,2.06,1.6827,0.0114,12.268,11.405,23.673,-0.169,-0.394,-0.562
Cambodia,1988,0.305,14.305,351.69,2.24,1.6931,0.0107,12.19,11.497,23.687,-0.247,-0.302,-0.549
Cambodia,1989,0.227,14.227,353.2,1.24,1.7045,0.0112,11.987,11.381,23.368,-0.45,-0.418,-0.868
Cambodia,1990,0.565,14.565,354.45,1.2,1.7144,0.0086,11.718,11.365,23.082,-0.719,-0.434,-1.153
Cambodia,1991,0.485,14.485,355.7,1.05,1.7248,0.0141,11.77,11.498,23.268,-0.667,-0.301,-0.967
Cambodia,1992,0.433,14.433,356.54,0.49,1.7355,0.0024,12.122,11.374,23.496,-0.315,-0.425,-0.74
Cambodia,1993,0.298,14.298,357.21,1.36,1.7365,0.0039,11.947,11.37,23.317,-0.49,-0.429,-0.919
Cambodia,1994,0.347,14.347,358.96,1.96,1.7421,0.0073,12.032,11.728,23.76,-0.404,-0.072,-0.476
Cambodia,1995,0.58,14.58,360.97,2.01,1.7489,0.0038,11.438,11.748,23.187,-0.998,-0.051,-1.049
Cambodia,1996,0.239,14.239,362.74,1.24,1.7513,0.0025,11.848,11.743,23.592,-0.588,-0.056,-0.644
Cambodia,1997,0.297,14.297,363.88,1.91,1.7545,0.0064,11.692,11.341,23.032,-0.745,-0.458,-1.203
Cambodia,1998,1.268,15.268,366.84,2.97,1.7655,0.0121,11.782,11.689,23.471,-0.655,-0.11,-0.765
Cambodia,1999,0.362,14.362,368.54,0.92,1.7723,0.0024,11.713,11.712,23.426,-0.723,-0.087,-0.81
Cambodia,2000,0.231,14.231,369.71,1.62,1.7733,-0.0014,11.519,11.724,23.243,-0.917,-0.075,-0.992
Cambodia,2001,0.611,14.611,371.32,1.62,1.7713,-0.0007,11.622,11.628,23.25,-0.814,-0.172,-0.986
Cambodia,2002,0.669,14.669,373.45,2.51,1.7727,0.0032,11.385,11.176,22.561,-1.052,-0.623,-1.675
Cambodia,2003,0.657,14.657,375.98,2.26,1.7773,0.0048,11.419,11.924,23.343,-1.017,0.125,-0.892
Cambodia,2004,0.582,14.582,377.7,1.59,1.777,-0.0048,11.251,11.938,23.189,-1.186,0.139,-1.047
Cambodia,2005,0.72,14.72,379.98,2.57,1.7742,0.0003,10.928,11.648,22.575,-1.509,-0.152,-1.661
Cambodia,2006,0.722,14.722,382.09,1.69,1.775,0.0019,10.794,11.412,22.206,-1.642,-0.387,-2.03
Cambodia,2007,0.6,14.6,384.02,2.31,1.7814,0.0078,10.498,11.637,22.135,-1.938,-0.162,-2.101
Cambodia,2008,0.422,14.422,385.83,1.54,1.787,0.0065,10.99,12.213,23.203,-1.447,0.414,-1.032
Cambodia,2009,0.4,14.4,387.64,2.0,1.7935,0.0047,10.956,11.999,22.955,-1.481,0.2,-1.281
Cambodia,2010,1.172,15.172,390.1,2.3,1.7989,0.0051,10.734,12.058,22.792,-1.702,0.258,-1.444
Cambodia,2011,0.375,14.375,391.85,1.92,1.8031,0.005,10.506,11.45,21.956,-1.931,-0.349,-2.28
Cambodia,2012,0.873,14.873,394.06,2.65,1.8081,0.005,10.42,11.981,22.401,-2.017,0.182,-1.835
Cambodia,2013,1.014,15.014,396.74,1.99,1.8134,0.0057,10.919,12.474,23.393,-1.517,0.675,-0.842
Cambodia,2014,0.56,14.56,398.81,2.17,1.8226,0.0127,10.812,12.727,23.539,-1.624,0.928,-0.697
Cambodia,2015,1.037,15.037,401.01,2.95,1.8342,0.01,10.589,12.366,22.955,-1.848,0.567,-1.281
Cambodia,2016,1.349,15.349,404.41,3.03,1.8431,0.007,10.176,11.178,21.353,-2.261,-0.622,-2.882
Cambodia,2017,0.998,14.998,406.76,1.9,1.8496,0.0069,10.415,10.702,21.118,-2.022,-1.097,-3.118
Cambodia,2018,0.724,14.724,408.72,2.85,1.8573,0.0088,10.378,10.952,21.33,-2.058,-0.847,-2.906
Cambodia,2019,1.544,15.544,411.65,2.49,1.8666,0.0096,10.225,10.83,21.055,-2.212,-0.969,-3.181
Cambodia,2020,1.436,15.436,414.21,2.3,1.8787,0.0148,10.164,11.578,21.742,-2.272,-0.222,-2.494
Cameroon,1979,0.444,14.444,336.84,1.83,1.5305,0.0166,12.35,11.656,24.006,-0.087,-0.143,-0.23
Cameroon,1980,0.388,14.388,338.76,1.68,1.5471,0.0169,12.348,11.206,23.554,-0.088,-0.593,-0.682
Cameroon,1981,0.116,14.116,340.12,1.43,1.564,0.0169,12.147,11.387,23.533,-0.29,-0.413,-0.702
Cameroon,1982,0.083,14.083,341.48,0.86,1.5809,0.0333,12.468,11.595,24.062,0.031,-0.204,-0.173
Cameroon,1983,0.21,14.21,343.15,2.36,1.6142,0.0306,12.353,11.344,23.698,-0.083,-0.455,-0.538
Cameroon,1984,0.25,14.25,344.87,1.51,1.6448,0.0129,11.92,11.428,23.348,-0.517,-0.371,-0.887
Cameroon,1985,0.096,14.096,346.35,1.21,1.6573,0.0122,12.016,11.569,23.585,-0.421,-0.23,-0.651
Cameroon,1986,0.171,14.171,347.61,1.47,1.6701,0.0129,12.224,11.044,23.268,-0.212,-0.755,-0.967
Cameroon,1987,0.571,14.571,349.31,2.06,1.6827,0.0114,12.268,11.405,23.673,-0.169,-0.394,-0.562
Cameroon,1988,0.344,14.344,351.69,2.24,1.6931,0.0107,12.19,11.497,23.687,-0.247,-0.302,-0.549
Cameroon,1989,-0.207,13.793,353.2,1.24,1.7045,0.0112,11.987,11.381,23.368,-0.45,-0.418,-0.868
Cameroon,1990,0.678,14.678,354.45,1.2,1.7144,0.0086,11.718,11.365,23.082,-0.719,-0.434,-1.153
Cameroon,1991,0.638,14.638,355.7,1.05,1.7248,0.0141,11.77,11.498,23.268,-0.667,-0.301,-0.967
Cameroon,1992,-0.198,13.802,356.54,0.49,1.7355,0.0024,12.122,11.374,23.496,-0.315,-0.425,-0.74
Cameroon,1993,0.36,14.36,357.21,1.36,1.7365,0.0039,11.947,11.37,23.317,-0.49,-0.429,-0.919
Cameroon,1994,0.451,14.451,358.96,1.96,1.7421,0.0073,12.032,11.728,23.76,-0.404,-0.072,-0.476
Cameroon,1995,0.526,14.526,360.97,2.01,1.7489,0.0038,11.438,11.748,23.187,-0.998,-0.051,-1.049
Cameroon,1996,0.525,14.525,362.74,1.24,1.7513,0.0025,11.848,11.743,23.592,-0.588,-0.056,-0.644
Cameroon,1997,0.672,14.672,363.88,1.91,1.7545,0.0064,11.692,11.341,23.032,-0.745,-0.458,-1.203
Cameroon,1998,1.265,15.265,366.84,2.97,1.7655,0.0121,11.782,11.689,23.471,-0.655,-0.11,-0.765
Cameroon,1999,0.787,14.787,368.54,0.92,1.7723,0.0024,11.713,11.712,23.426,-0.723,-0.087,-0.81
Cameroon,2000,0.49,14.49,369.71,1.62,1.7733,-0.0014,11.519,11.724,23.243,-0.917,-0.075,-0.992
Cameroon,2001,0.284,14.284,371.32,1.62,1.7713,-0.0007,11.622,11.628,23.25,-0.814,-0.172,-0.986
Cameroon,2002,0.851,14.851,373.45,2.51,1.7727,0.0032,11.385,11.176,22.561,-1.052,-0.623,-1.675
Cameroon,2003,0.983,14.983,375.98,2.26,1.7773,0.0048,11.419,11.924,23.343,-1.017,0.125,-0.892
Cameroon,2004,0.912,14.912,377.7,1.59,1.777,-0.0048,11.251,11.938,23.189,-1.186,0.139,-1.047
Cameroon,2005,1.144,15.144,379.98,2.57,1.7742,0.0003,10.928,11.648,22.575,-1.509,-0.152,-1.661
Cameroon,2006,1.125,15.125,382.09,1.69,1.775,0.0019,10.794,11.412,22.206,-1.642,-0.387,-2.03
Cameroon,2007,0.768,14.768,384.02,2.31,1.7814,0.0078,10.498,11.637,22.135,-1.938,-0.162,-2.101
Cameroon,2008,0.725,14.725,385.83,1.54,1.787,0.0065,10.99,12.213,23.203,-1.447,0.414,-1.032
Cameroon,2009,1.203,15.203,387.64,2.0,1.7935,0.0047,10.956,11.999,22.955,-1.481,0.2,-1.281
Cameroon,2010,1.278,15.278,390.1,2.3,1.7989,0.0051,10.734,12.058,22.792,-1.702,0.258,-1.444
Cameroon,2011,0.719,14.719,391.85,1.92,1.8031,0.005,10.506,11.45,21.956,-1.931,-0.349,-2.28
Cameroon,2012,0.549,14.549,394.06,2.65,1.8081,0.005,10.42,11.981,22.401,-2.017,0.182,-1.835
Cameroon,2013,0.785,14.785,396.74,1.99,1.8134,0.0057,10.919,12.474,23.393,-1.517,0.675,-0.842
Cameroon,2014,0.858,14.858,398.81,2.17,1.8226,0.0127,10.812,12.727,23.539,-1.624,0.928,-0.697
Cameroon,2015,1.139,15.139,401.01,2.95,1.8342,0.01,10.589,12.366,22.955,-1.848,0.567,-1.281
Cameroon,2016,1.206,15.206,404.41,3.03,1.8431,0.007,10.176,11.178,21.353,-2.261,-0.622,-2.882
Cameroon,2017,1.172,15.172,406.76,1.9,1.8496,0.0069,10.415,10.702,21.118,-2.022,-1.097,-3.118
Cameroon,2018,1.054,15.054,408.72,2.85,1.8573,0.0088,10.378,10.952,21.33,-2.058,-0.847,-2.906
Cameroon,2019,1.527,15.527,411.65,2.49,1.8666,0.0096,10.225,10.83,21.055,-2.212,-0.969,-3.181
Cameroon,2020,1.045,15.045,414.21,2.3,1.8787,0.0148,10.164,11.578,21.742,-2.272,-0.222,-2.494
Canada,1979,-0.213,13.787,336.84,1.83,1.5305,0.0166,12.35,11.656,24.006,-0.087,-0.143,-0.23
Canada,1980,0.919,14.919,338.76,1.68,1.5471,0.0169,12.348,11.206,23.554,-0.088,-0.593,-0.682
Canada,1981,1.565,15.565,340.12,1.43,1.564,0.0169,12.147,11.387,23.533,-0.29,-0.413,-0.702
Canada,1982,-0.67,13.33,341.48,0.86,1.5809,0.0333,12.468,11.595,24.062,0.031,-0.204,-0.173
Canada,1983,0.491,14.491,343.15,2.36,1.6142,0.0306,12.353,11.344,23.698,-0.083,-0.455,-0.538
Canada,1984,0.338,14.338,344.87,1.51,1.6448,0.0129,11.92,11.428,23.348,-0.517,-0.371,-0.887
Canada,1985,-0.306,13.694,346.35,1.21,1.6573,0.0122,12.016,11.569,23.585,-0.421,-0.23,-0.651
Canada,1986,0.021,14.021,347.61,1.47,1.6701,0.0129,12.224,11.044,23.268,-0.212,-0.755,-0.967
Canada,1987,1.348,15.348,349.31,2.06,1.6827,0.0114,12.268,11.405,23.673,-0.169,-0.394,-0.562
Canada,1988,1.213,15.213,351.69,2.24,1.6931,0.0107,12.19,11.497,23.687,-0.247,-0.302,-0.549
Canada,1989,0.031,14.031,353.2,1.24,1.7045,0.0112,11.987,11.381,23.368,-0.45,-0.418,-0.868
Canada,1990,0.087,14.087,354.45,1.2,1.7144,0.0086,11.718,11.365,23.082,-0.719,-0.434,-1.153
Canada,1991,0.346,14.346,355.7,1.05,1.7248,0.0141,11.77,11.498,23.268,-0.667,-0.301,-0.967
Canada,1992,0.107,14.107,356.54,0.49,1.7355,0.0024,12.122,11.374,23.496,-0.315,-0.425,-0.74
Canada,1993,0.347,14.347,357.21,1.36,1.7365,0.0039,11.947,11.37,23.317,-0.49,-0.429,-0.919
Canada,1994,0.468,14.468,358.96,1.96,1.7421,0.0073,12.032,11.728,23.76,-0.404,-0.072,-0.476
Canada,1995,0.934,14.934,360.97,2.01,1.7489,0.0038,11.438,11.748,23.187,-0.998,-0.051,-1.049
Canada,1996,-0.124,13.876,362.74,1.24,1.7513,0.0025,11.848,11.743,23.592,-0.588,-0.056,-0.644
Canada,1997,0.427,14.427,363.88,1.91,1.7545,0.0064,11.692,11.341,23.032,-0.745,-0.458,-1.203
Canada,1998,2.47,16.47,366.84,2.97,1.7655,0.0121,11.782,11.689,23.471,-0.655,-0.11,-0.765
Canada,1999,1.699,15.699,368.54,0.92,1.7723,0.0024,11.713,11.712,23.426,-0.723,-0.087,-0.81
Canada,2000,1.292,15.292,369.71,1.62,1.7733,-0.0014,11.519,11.724,23.243,-0.917,-0.075,-0.992
Canada,2001,1.424,15.424,371.32,1.62,1.7713,-0.0007,11.622,11.628,23.25,-0.814,-0.172,-0.986
Canada,2002,0.554,14.554,373.45,2.51,1.7727,0.0032,11.385,11.176,22.561,-1.052,-0.623,-1.675
Canada,2003,1.257,15.257,375.98,2.26,1.7773,0.0048,11.419,11.924,23.343,-1.017,0.125,-0.892
Canada,2004,0.508,14.508,377.7,1.59,1.777,-0.0048,11.251,11.938,23.189,-1.186,0.139,-1.047
Canada,2005,1.298,15.298,379.98,2.57,1.7742,0.0003,10.928,11.648,22.575,-1.509,-0.152,-1.661
Canada,2006,2.348,16.348,382.09,1.69,1.775,0.0019,10.794,11.412,22.206,-1.642,-0.387,-2.03
Canada,2007,1.332,15.332,384.02,2.31,1.7814,0.0078,10.498,11.637,22.135,-1.938,-0.162,-2.101
Canada,2008,0.856,14.856,385.83,1.54,1.787,0.0065,10.99,12.213,23.203,-1.447,0.414,-1.032
Canada,2009,0.54,14.54,387.64,2.0,1.7935,0.0047,10.956,11.999,22.955,-1.481,0.2,-1.281
Canada,2010,2.915,16.915,390.1,2.3,1.7989,0.0051,10.734,12.058,22.792,-1.702,0.258,-1.444
Canada,2011,1.449,15.449,391.85,1.92,1.8031,0.005,10.506,11.45,21.956,-1.931,-0.349,-2.28
Canada,2012,2.155,16.155,394.06,2.65,1.8081,0.005,10.42,11.981,22.401,-2.017,0.182,-1.835
Canada,2013,1.187,15.187,396.74,1.99,1.8134,0.0057,10.919,12.474,23.393,-1.517,0.675,-0.842
Canada,2014,0.297,14.297,398.81,2.17,1.8226,0.0127,10.812,12.727,23.539,-1.624,0.928,-0.697
Canada,2015,1.225,15.225,401.01,2.95,1.8342,0.01,10.589,12.366,22.955,-1.848,0.567,-1.281
Canada,2016,2.412,16.412,404.41,3.03,1.8431,0.007,10.176,11.178,21.353,-2.261,-0.622,-2.882
Canada,2017,1.503,15.503,406.76,1.9,1.8496,0.0069,10.415,10.702,21.118,-2.022,-1.097,-3.118
Canada,2018,0.523,14.523,408.72,2.85,1.8573,0.0088,10.378,10.952,21.33,-2.058,-0.847,-2.906
Canada,2019,1.342,15.342,411.65,2.49,1.8666,0.0096,10.225,10.83,21.055,-2.212,-0.969,-3.181
Canada,2020,1.158,15.158,414.21,2.3,1.8787,0.0148,10.164,11.578,21.742,-2.272,-0.222,-2.494
Cayman Islands,1979,0.27,14.27,336.84,1.83,1.5305,0.0166,12.35,11.656,24.006,-0.087,-0.143,-0.23
Cayman Islands,1980,0.513,14.513,338.76,1.68,1.5471,0.0169,12.348,11.206,23.554,-0.088,-0.593,-0.682
Cayman Islands,1981,-0.078,13.922,340.12,1.43,1.564,0.0169,12.147,11.387,23.533,-0.29,-0.413,-0.702
Cayman Islands,1982,0.502,14.502,341.48,0.86,1.5809,0.0333,12.468,11.595,24.062,0.031,-0.204,-0.173
Cayman Islands,1983,0.359,14.359,343.15,2.36,1.6142,0.0306,12.353,11.344,23.698,-0.083,-0.455,-0.538
Cayman Islands,1984,0.278,14.278,344.87,1.51,1.6448,0.0129,11.92,11.428,23.348,-0.517,-0.371,-0.887
Cayman Islands,1985,0.163,14.163,346.35,1.21,1.6573,0.0122,12.016,11.569,23.585,-0.421,-0.23,-0.651
Cayman Islands,1986,0.311,14.311,347.61,1.47,1.6701,0.0129,12.224,11.044,23.268,-0.212,-0.755,-0.967
Cayman Islands,1987,0.629,14.629,349.31,2.06,1.6827,0.0114,12.268,11.405,23.673,-0.169,-0.394,-0.562
Cayman Islands,1988,0.719,14.719,351.69,2.24,1.6931,0.0107,12.19,11.497,23.687,-0.247,-0.302,-0.549
Cayman Islands,1989,0.799,14.799,353.2,1.24,1.7045,0.0112,11.987,11.381,23.368,-0.45,-0.418,-0.868
Cayman Islands,1990,0.917,14.917,354.45,1.2,1.7144,0.0086,11.718,11.365,23.082,-0.719,-0.434,-1.153
Cayman Islands,1991,0.843,14.843,355.7,1.05,1.7248,0.0141,11.77,11.498,23.268,-0.667,-0.301,-0.967
Cayman Islands,1992,0.585,14.585,356.54,0.49,1.7355,0.0024,12.122,11.374,23.496,-0.315,-0.425,-0.74
Cayman Islands,1993,0.848,14.848,357.21,1.36,1.7365,0.0039,11.947,11.37,23.317,-0.49,-0.429,-0.919
Cayman Islands,1994,1.328,15.328,358.96,1.96,1.7421,0.0073,12.032,11.728,23.76,-0.404,-0.072,-0.476
Cayman Islands,1995,1.044,15.044,360.97,2.01,1.7489,0.0038,11.438,11.748,23.187,-0.998,-0.051,-1.049
Cayman Islands,1996,0.46,14.46,362.74,1.24,1.7513,0.0025,11.848,11.743,23.592,-0.588,-0.056,-0.644
Cayman Islands,1997,1.015,15.015,363.88,1.91,1.7545,0.0064,11.692,11.341,23.032,-0.745,-0.458,-1.203
Cayman Islands,1998,0.943,14.943,366.84,2.97,1.7655,0.0121,11.782,11.689,23.471,-0.655,-0.11,-0.765
Cayman Islands,1999,0.472,14.472,368.54,0.92,1.7723,0.0024,11.713,11.712,23.426,-0.723,-0.087,-0.81
Cayman Islands,2000,0.5047,14.5047,369.71,1.62,1.7733,-0.0014,11.519,11.724,23.243,-0.917,-0.075,-0.992
Cayman Islands,2001,0.5373,14.5373,371.32,1.62,1.7713,-0.0007,11.622,11.628,23.25,-0.814,-0.172,-0.986
Cayman Islands,2002,0.57,14.57,373.45,2.51,1.7727,0.0032,11.385,11.176,22.561,-1.052,-0.623,-1.675
Cayman Islands,2003,0.6027,14.6027,375.98,2.26,1.7773,0.0048,11.419,11.924,23.343,-1.017,0.125,-0.892
Cayman Islands,2004,0.6353,14.6353,377.7,1.59,1.777,-0.0048,11.251,11.938,23.189,-1.186,0.139,-1.047
Cayman Islands,2005,0.668,14.668,379.98,2.57,1.7742,0.0003,10.928,11.648,22.575,-1.509,-0.152,-1.661
Cayman Islands,2006,0.605,14.605,382.09,1.69,1.775,0.0019,10.794,11.412,22.206,-1.642,-0.387,-2.03
Cayman Islands,2007,0.756,14.756,384.02,2.31,1.7814,0.0078,10.498,11.637,22.135,-1.938,-0.162,-2.101
Cayman Islands,2008,0.564,14.564,385.83,1.54,1.787,0.0065,10.99,12.213,23.203,-1.447,0.414,-1.032
Cayman Islands,2009,0.466,14.466,387.64,2.0,1.7935,0.0047,10.956,11.999,22.955,-1.481,0.2,-1.281
Cayman Islands,2010,0.669,14.669,390.1,2.3,1.7989,0.0051,10.734,12.058,22.792,-1.702,0.258,-1.444
Cayman Islands,2011,0.355,14.355,391.85,1.92,1.8031,0.005,10.506,11.45,21.956,-1.931,-0.349,-2.28
Cayman Islands,2012,0.422,14.422,394.06,2.65,1.8081,0.005,10.42,11.981,22.401,-2.017,0.182,-1.835
Cayman Islands,2013,0.579,14.579,396.74,1.99,1.8134,0.0057,10.919,12.474,23.393,-1.517,0.675,-0.842
Cayman Islands,2014,0.786,14.786,398.81,2.17,1.8226,0.0127,10.812,12.727,23.539,-1.624,0.928,-0.697
Cayman Islands,2015,1.027,15.027,401.01,2.95,1.8342,0.01,10.589,12.366,22.955,-1.848,0.567,-1.281
Cayman Islands,2016,0.964,14.964,404.41,3.03,1.8431,0.007,10.176,11.178,21.353,-2.261,-0.622,-2.882
Cayman Islands,2017,0.937,14.937,406.76,1.9,1.8496,0.0069,10.415,10.702,21.118,-2.022,-1.097,-3.118
Cayman Islands,2018,0.545,14.545,408.72,2.85,1.8573,0.0088,10.378,10.952,21.33,-2.058,-0.847,-2.906
Cayman Islands,2019,0.917,14.917,411.65,2.49,1.8666,0.0096,10.225,10.83,21.055,-2.212,-0.969,-3.181
Cayman Islands,2020,1.109,15.109,414.21,2.3,1.8787,0.0148,10.164,11.578,21.742,-2.272,-0.222,-2.494
Central African Republic,1979,0.425,14.425,336.84,1.83,1.5305,0.0166,12.35,11.656,24.006,-0.087,-0.143,-0.23
Central African Republic,1980,0.491,14.491,338.76,1.68,1.5471,0.0169,12.348,11.206,23.554,-0.088,-0.593,-0.682
Central African Republic,1981,0.106,14.106,340.12,1.43,1.564,0.0169,12.147,11.387,23.533,-0.29,-0.413,-0.702
Central African Republic,1982,0.353,14.353,341.48,0.86,1.5809,0.0333,12.468,11.595,24.062,0.031,-0.204,-0.173
Central African Republic,1983,0.557,14.557,343.15,2.36,1.6142,0.0306,12.353,11.344,23.698,-0.083,-0.455,-0.538
Central African Republic,1984,0.194,14.194,344.87,1.51,1.6448,0.0129,11.92,11.428,23.348,-0.517,-0.371,-0.887
Central African Republic,1985,0.245,14.245,346.35,1.21,1.6573,0.0122,12.016,11.569,23.585,-0.421,-0.23,-0.651
Central African Republic,1986,0.573,14.573,347.61,1.47,1.6701,0.0129,12.224,11.044,23.268,-0.212,-0.755,-0.967
Central African Republic,1987,0.571,14.571,349.31,2.06,1.6827,0.0114,12.268,11.405,23.673,-0.169,-0.394,-0.562
Central African Republic,1988,0.363,14.363,351.69,2.24,1.6931,0.0107,12.19,11.497,23.687,-0.247,-0.302,-0.549
Central African Republic,1989,-0.102,13.898,353.2,1.24,1.7045,0.0112,11.987,11.381,23.368,-0.45,-0.418,-0.868
Central African Republic,1990,0.394,14.394,354.45,1.2,1.7144,0.0086,11.718,11.365,23.082,-0.719,-0.434,-1.153
Central African Republic,1991,0.624,14.624,355.7,1.05,1.7248,0.0141,11.77,11.498,23.268,-0.667,-0.301,-0.967
Central African Republic,1992,-0.322,13.678,356.54,0.49,1.7355,0.0024,12.122,11.374,23.496,-0.315,-0.425,-0.74
Central African Republic,1993,0.457,14.457,357.21,1.36,1.7365,0.0039,11.947,11.37,23.317,-0.49,-0.429,-0.919
Central African Republic,1994,0.686,14.686,358.96,1.96,1.7421,0.0073,12.032,11.728,23.76,-0.404,-0.072,-0.476
Central African Republic,1995,0.28,14.28,360.97,2.01,1.7489,0.0038,11.438,11.748,23.187,-0.998,-0.051,-1.049
Central African Republic,1996,0.267,14.267,362.74,1.24,1.7513,0.0025,11.848,11.743,23.592,-0.588,-0.056,-0.644
Central African Republic,1997,0.264,14.264,363.88,1.91,1.7545,0.0064,11.692,11.341,23.032,-0.745,-0.458,-1.203
Central African Republic,1998,1.253,15.253,366.84,2.97,1.7655,0.0121,11.782,11.689,23.471,-0.655,-0.11,-0.765
Central African Republic,1999,0.575,14.575,368.54,0.92,1.7723,0.0024,11.713,11.712,23.426,-0.723,-0.087,-0.81
Central African Republic,2000,0.807,14.807,369.71,1.62,1.7733,-0.0014,11.519,11.724,23.243,-0.917,-0.075,-0.992
Central African Republic,2001,0.518,14.518,371.32,1.62,1.7713,-0.0007,11.622,11.628,23.25,-0.814,-0.172,-0.986
Central African Republic,2002,0.896,14.896,373.45,2.51,1.7727,0.0032,11.385,11.176,22.561,-1.052,-0.623,-1.675
Central African Republic,2003,0.964,14.964,375.98,2.26,1.7773,0.0048,11.419,11.924,23.343,-1.017,0.125,-0.892
Central African Republic,2004,1.255,15.255,377.7,1.59,1.777,-0.0048,11.251,11.938,23.189,-1.186,0.139,-1.047
Central African Republic,2005,1.315,15.315,379.98,2.57,1.7742,0.0003,10.928,11.648,22.575,-1.509,-0.152,-1.661
Central African Republic,2006,1.186,15.186,382.09,1.69,1.775,0.0019,10.794,11.412,22.206,-1.642,-0.387,-2.03
Central African Republic,2007,0.595,14.595,384.02,2.31,1.7814,0.0078,10.498,11.637,22.135,-1.938,-0.162,-2.101
Central African Republic,2008,0.779,14.779,385.83,1.54,1.787,0.0065,10.99,12.213,23.203,-1.447,0.414,-1.032
Central African Republic,2009,1.296,15.296,387.64,2.0,1.7935,0.0047,10.956,11.999,22.955,-1.481,0.2,-1.281
Central African Republic,2010,1.296,15.296,390.1,2.3,1.7989,0.0051,10.734,12.058,22.792,-1.702,0.258,-1.444
Central African Republic,2011,0.868,14.868,391.85,1.92,1.8031,0.005,10.506,11.45,21.956,-1.931,-0.349,-2.28
Central African Republic,2012,0.635,14.635,394.06,2.65,1.8081,0.005,10.42,11.981,22.401,-2.017,0.182,-1.835
Central African Republic,2013,0.889,14.889,396.74,1.99,1.8134,0.0057,10.919,12.474,23.393,-1.517,0.675,-0.842
Central African Republic,2014,0.704,14.704,398.81,2.17,1.8226,0.0127,10.812,12.727,23.539,-1.624,0.928,-0.697
Central African Republic,2015,1.011,15.011,401.01,2.95,1.8342,0.01,10.589,12.366,22.955,-1.848,0.567,-1.281
Central African Republic,2016,1.241,15.241,404.41,3.03,1.8431,0.007,10.176,11.178,21.353,-2.261,-0.622,-2.882
Central African Republic,2017,1.225,15.225,406.76,1.9,1.8496,0.0069,10.415,10.702,21.118,-2.022,-1.097,-3.118
Central African Republic,2018,1.206,15.206,408.72,2.85,1.8573,0.0088,10.378,10.952,21.33,-2.058,-0.847,-2.906
Central African Republic,2019,1.28,15.28,411.65,2.49,1.8666,0.0096,10.225,10.83,21.055,-2.212,-0.969,-3.181
Central African Republic,2020,1.214,15.214,414.21,2.3,1.8787,0.0148,10.164,11.578,21.742,-2.272,-0.222,-2.494
Chad,1979,0.575,14.575,336.84,1.83,1.5305,0.0166,12.35,11.656,24.006,-0.087,-0.143,-0.23
Chad,1980,0.46,14.46,338.76,1.68,1.5471,0.0169,12.348,11.206,23.554,-0.088,-0.593,-0.682
Chad,1981,0.22,14.22,340.12,1.43,1.564,0.0169,12.147,11.387,23.533,-0.29,-0.413,-0.702
Chad,1982,0.469,14.469,341.48,0.86,1.5809,0.0333,12.468,11.595,24.062,0.031,-0.204,-0.173
Chad,1983,0.109,14.109,343.15,2.36,1.6142,0.0306,12.353,11.344,23.698,-0.083,-0.455,-0.538
Chad,1984,0.678,14.678,344.87,1.51,1.6448,0.0129,11.92,11.428,23.348,-0.517,-0.371,-0.887
Chad,1985,0.339,14.339,346.35,1.21,1.6573,0.0122,12.016,11.569,23.585,-0.421,-0.23,-0.651
Chad,1986,0.779,14.779,347.61,1.47,1.6701,0.0129,12.224,11.044,23.268,-0.212,-0.755,-0.967
Chad,1987,0.485,14.485,349.31,2.06,1.6827,0.0114,12.268,11.405,23.673,-0.169,-0.394,-0.562
Chad,1988,0.281,14.281,351.69,2.24,1.6931,0.0107,12.19,11.497,23.687,-0.247,-0.302,-0.549
Chad,1989,-0.156,13.844,353.2,1.24,1.7045,0.0112,11.987,11.381,23.368,-0.45,-0.418,-0.868
Chad,1990,0.449,14.449,354.45,1.2,1.7144,0.0086,11.718,11.365,23.082,-0.719,-0.434,-1.153
Chad,1991,0.654,14.654,355.7,1.05,1.7248,0.0141,11.77,11.498,23.268,-0.667,-0.301,-0.967
Chad,1992,-0.265,13.735,356.54,0.49,1.7355,0.0024,12.122,11.374,23.496,-0.315,-0.425,-0.74
Chad,1993,0.323,14.323,357.21,1.36,1.7365,0.0039,11.947,11.37,23.317,-0.49,-0.429,-0.919
Chad,1994,0.421,14.421,358.96,1.96,1.7421,0.0073,12.032,11.728,23.76,-0.404,-0.072,-0.476
Chad,1995,0.283,14.283,360.97,2.01,1.7489,0.0038,11.438,11.748,23.187,-0.998,-0.051,-1.049
Chad,1996,0.684,14.684,362.74,1.24,1.7513,0.0025,11.848,11.743,23.592,-0.588,-0.056,-0.644
Chad,1997,0.251,14.251,363.88,1.91,1.7545,0.0064,11.692,11.341,23.032,-0.745,-0.458,-1.203
Chad,1998,0.866,14.866,366.84,2.97,1.7655,0.0121,11.782,11.689,23.471,-0.655,-0.11,-0.765
Chad,1999,0.596,14.596,368.54,0.92,1.7723,0.0024,11.713,11.712,23.426,-0.723,-0.087,-0.81
Chad,2000,0.377,14.377,369.71,1.62,1.7733,-0.0014,11.519,11.724,23.243,-0.917,-0.075,-0.992
Chad,2001,0.294,14.294,371.32,1.62,1.7713,-0.0007,11.622,11.628,23.25,-0.814,-0.172,-0.986
Chad,2002,0.781,14.781,373.45,2.51,1.7727,0.0032,11.385,11.176,22.561,-1.052,-0.623,-1.675
Chad,2003,0.835,14.835,375.98,2.26,1.7773,0.0048,11.419,11.924,23.343,-1.017,0.125,-0.892
Chad,2004,0.855,14.855,377.7,1.59,1.777,-0.0048,11.251,11.938,23.189,-1.186,0.139,-1.047
Chad,2005,1.214,15.214,379.98,2.57,1.7742,0.0003,10.928,11.648,22.575,-1.509,-0.152,-1.661
Chad,2006,1.415,15.415,382.09,1.69,1.775,0.0019,10.794,11.412,22.206,-1.642,-0.387,-2.03
Chad,2007,0.63,14.63,384.02,2.31,1.7814,0.0078,10.498,11.637,22.135,-1.938,-0.162,-2.101
Chad,2008,0.474,14.474,385.83,1.54,1.787,0.0065,10.99,12.213,23.203,-1.447,0.414,-1.032
Chad,2009,1.294,15.294,387.64,2.0,1.7935,0.0047,10.956,11.999,22.955,-1.481,0.2,-1.281
Chad,2010,1.285,15.285,390.1,2.3,1.7989,0.0051,10.734,12.058,22.792,-1.702,0.258,-1.444
Chad,2011,1.03,15.03,391.85,1.92,1.8031,0.005,10.506,11.45,21.956,-1.931,-0.349,-2.28
Chad,2012,0.629,14.629,394.06,2.65,1.8081,0.005,10.42,11.981,22.401,-2.017,0.182,-1.835
Chad,2013,1.063,15.063,396.74,1.99,1.8134,0.0057,10.919,12.474,23.393,-1.517,0.675,-0.842
Chad,2014,0.879,14.879,398.81,2.17,1.8226,0.0127,10.812,12.727,23.539,-1.624,0.928,-0.697
Chad,2015,1.328,15.328,401.01,2.95,1.8342,0.01,10.589,12.366,22.955,-1.848,0.567,-1.281
Chad,2016,0.921,14.921,404.41,3.03,1.8431,0.007,10.176,11.178,21.353,-2.261,-0.622,-2.882
Chad,2017,1.025,15.025,406.76,1.9,1.8496,0.0069,10.415,10.702,21.118,-2.022,-1.097,-3.118
Chad,2018,1.515,15.515,408.72,2.85,1.8573,0.0088,10.378,10.952,21.33,-2.058,-0.847,-2.906
Chad,2019,1.375,15.375,411.65,2.49,1.8666,0.0096,10.225,10.83,21.055,-2.212,-0.969,-3.181
Chad,2020,1.037,15.037,414.21,2.3,1.8787,0.0148,10.164,11.578,21.742,-2.272,-0.222,-2.494
Channel Islands,1979,-0.563,13.437,336.84,1.83,1.5305,0.0166,12.35,11.656,24.006,-0.087,-0.143,-0.23
Channel Islands,1980,-0.179,13.821,338.76,1.68,1.5471,0.0169,12.348,11.206,23.554,-0.088,-0.593,-0.682
Channel Islands,1981,0.2,14.2,340.12,1.43,1.564,0.0169,12.147,11.387,23.533,-0.29,-0.413,-0.702
Channel Islands,1982,0.55,14.55,341.48,0.86,1.5809,0.0333,12.468,11.595,24.062,0.031,-0.204,-0.173
Channel Islands,1983,0.484,14.484,343.15,2.36,1.6142,0.0306,12.353,11.344,23.698,-0.083,-0.455,-0.538
Channel Islands,1984,0.274,14.274,344.87,1.51,1.6448,0.0129,11.92,11.428,23.348,-0.517,-0.371,-0.887
Channel Islands,1985,-0.493,13.507,346.35,1.21,1.6573,0.0122,12.016,11.569,23.585,-0.421,-0.23,-0.651
Channel Islands,1986,-0.666,13.334,347.61,1.47,1.6701,0.0129,12.224,11.044,23.268,-0.212,-0.755,-0.967
Channel Islands,1987,-0.241,13.759,349.31,2.06,1.6827,0.0114,12.268,11.405,23.673,-0.169,-0.394,-0.562
Channel Islands,1988,0.444,14.444,351.69,2.24,1.6931,0.0107,12.19,11.497,23.687,-0.247,-0.302,-0.549
Channel Islands,1989,1.497,15.497,353.2,1.24,1.7045,0.0112,11.987,11.381,23.368,-0.45,-0.418,-0.868
Channel Islands,1990,1.494,15.494,354.45,1.2,1.7144,0.0086,11.718,11.365,23.082,-0.719,-0.434,-1.153
Channel Islands,1991,0.07,14.07,355.7,1.05,1.7248,0.0141,11.77,11.498,23.268,-0.667,-0.301,-0.967
Channel Islands,1992,0.46,14.46,356.54,0.49,1.7355,0.0024,12.122,11.374,23.496,-0.315,-0.425,-0.74
Channel Islands,1993,0.103,14.103,357.21,1.36,1.7365,0.0039,11.947,11.37,23.317,-0.49,-0.429,-0.919
Channel Islands,1994,1.086,15.086,358.96,1.96,1.7421,0.0073,12.032,11.728,23.76,-0.404,-0.072,-0.476
Channel Islands,1995,1.533,15.533,360.97,2.01,1.7489,0.0038,11.438,11.748,23.187,-0.998,-0.051,-1.049
Channel Islands,1996,0.11,14.11,362.74,1.24,1.7513,0.0025,11.848,11.743,23.592,-0.588,-0.056,-0.644
Channel Islands,1997,0.904,14.904,363.88,1.91,1.7545,0.0064,11.692,11.341,23.032,-0.745,-0.458,-1.203
Channel Islands,1998,0.817,14.817,366.84,2.97,1.7655,0.0121,11.782,11.689,23.471,-0.655,-0.11,-0.765
Channel Islands,1999,1.346,15.346,368.54,0.92,1.7723,0.0024,11.713,11.712,23.426,-0.723,-0.087,-0.81
Channel Islands,2000,0.892,14.892,369.71,1.62,1.7733,-0.0014,11.519,11.724,23.243,-0.917,-0.075,-0.992
Channel Islands,2001,1.111,15.111,371.32,1.62,1.7713,-0.0007,11.622,11.628,23.25,-0.814,-0.172,-0.986
Channel Islands,2002,1.039,15.039,373.45,2.51,1.7727,0.0032,11.385,11.176,22.561,-1.052,-0.623,-1.675
Channel Islands,2003,1.388,15.388,375.98,2.26,1.7773,0.0048,11.419,11.924,23.343,-1.017,0.125,-0.892
Channel Islands,2004,1.014,15.014,377.7,1.59,1.777,-0.0048,11.251,11.938,23.189,-1.186,0.139,-1.047
Channel Islands,2005,1.19,15.19,379.98,2.57,1.7742,0.0003,10.928,11.648,22.575,-1.509,-0.152,-1.661
Channel Islands,2006,1.144,15.144,382.09,1.69,1.775,0.0019,10.794,11.412,22.206,-1.642,-0.387,-2.03
Channel Islands,2007,1.308,15.308,384.02,2.31,1.7814,0.0078,10.498,11.637,22.135,-1.938,-0.162,-2.101
Channel Islands,2008,0.842,14.842,385.83,1.54,1.787,0.0065,10.99,12.213,23.203,-1.447,0.414,-1.032
Channel Islands,2009,0.743,14.743,387.64,2.0,1.7935,0.0047,10.956,11.999,22.955,-1.481,0.2,-1.281
Channel Islands,2010,0.165,14.165,390.1,2.3,1.7989,0.0051,10.734,12.058,22.792,-1.702,0.258,-1.444
Channel Islands,2011,1.129,15.129,391.85,1.92,1.8031,0.005,10.506,11.45,21.956,-1.931,-0.349,-2.28
Channel Islands,2012,0.811,14.811,394.06,2.65,1.8081,0.005,10.42,11.981,22.401,-2.017,0.182,-1.835
Channel Islands,2013,0.591,14.591,396.74,1.99,1.8134,0.0057,10.919,12.474,23.393,-1.517,0.675,-0.842
Channel Islands,2014,1.792,15.792,398.81,2.17,1.8226,0.0127,10.812,12.727,23.539,-1.624,0.928,-0.697
Channel Islands,2015,1.146,15.146,401.01,2.95,1.8342,0.01,10.589,12.366,22.955,-1.848,0.567,-1.281
Channel Islands,2016,1.509,15.509,404.41,3.03,1.8431,0.007,10.176,11.178,21.353,-2.261,-0.622,-2.882
Channel Islands,2017,1.525,15.525,406.76,1.9,1.8496,0.0069,10.415,10.702,21.118,-2.022,-1.097,-3.118
Channel Islands,2018,1.551,15.551,408.72,2.85,1.8573,0.0088,10.378,10.952,21.33,-2.058,-0.847,-2.906
Channel Islands,2019,1.693,15.693,411.65,2.49,1.8666,0.0096,10.225,10.83,21.055,-2.212,-0.969,-3.181
Channel Islands,2020,2.128,16.128,414.21,2.3,1.8787,0.0148,10.164,11.578,21.742,-2.272,-0.222,-2.494
Chile,1979,0.216,14.216,336.84,1.83,1.5305,0.0166,12.35,11.656,24.006,-0.087,-0.143,-0.23
Chile,1980,0.299,14.299,338.76,1.68,1.5471,0.0169,12.348,11.206,23.554,-0.088,-0.593,-0.682
Chile,1981,0.31,14.31,340.12,1.43,1.564,0.0169,12.147,11.387,23.533,-0.29,-0.413,-0.702
Chile,1982,0.333,14.333,341.48,0.86,1.5809,0.0333,12.468,11.595,24.062,0.031,-0.204,-0.173
Chile,1983,0.52,14.52,343.15,2.36,1.6142,0.0306,12.353,11.344,23.698,-0.083,-0.455,-0.538
Chile,1984,-0.165,13.835,344.87,1.51,1.6448,0.0129,11.92,11.428,23.348,-0.517,-0.371,-0.887
Chile,1985,0.272,14.272,346.35,1.21,1.6573,0.0122,12.016,11.569,23.585,-0.421,-0.23,-0.651
Chile,1986,0.025,14.025,347.61,1.47,1.6701,0.0129,12.224,11.044,23.268,-0.212,-0.755,-0.967
Chile,1987,0.543,14.543,349.31,2.06,1.6827,0.0114,12.268,11.405,23.673,-0.169,-0.394,-0.562
Chile,1988,0.014,14.014,351.69,2.24,1.6931,0.0107,12.19,11.497,23.687,-0.247,-0.302,-0.549
Chile,1989,0.272,14.272,353.2,1.24,1.7045,0.0112,11.987,11.381,23.368,-0.45,-0.418,-0.868
Chile,1990,0.162,14.162,354.45,1.2,1.7144,0.0086,11.718,11.365,23.082,-0.719,-0.434,-1.153
Chile,1991,0.047,14.047,355.7,1.05,1.7248,0.0141,11.77,11.498,23.268,-0.667,-0.301,-0.967
Chile,1992,-0.137,13.863,356.54,0.49,1.7355,0.0024,12.122,11.374,23.496,-0.315,-0.425,-0.74
Chile,1993,0.133,14.133,357.21,1.36,1.7365,0.0039,11.947,11.37,23.317,-0.49,-0.429,-0.919
Chile,1994,0.164,14.164,358.96,1.96,1.7421,0.0073,12.032,11.728,23.76,-0.404,-0.072,-0.476
Chile,1995,-0.109,13.891,360.97,2.01,1.7489,0.0038,11.438,11.748,23.187,-0.998,-0.051,-1.049
Chile,1996,0.153,14.153,362.74,1.24,1.7513,0.0025,11.848,11.743,23.592,-0.588,-0.056,-0.644
Chile,1997,0.657,14.657,363.88,1.91,1.7545,0.0064,11.692,11.341,23.032,-0.745,-0.458,-1.203
Chile,1998,0.621,14.621,366.84,2.97,1.7655,0.0121,11.782,11.689,23.471,-0.655,-0.11,-0.765
Chile,1999,0.19,14.19,368.54,0.92,1.7723,0.0024,11.713,11.712,23.426,-0.723,-0.087,-0.81
Chile,2000,-0.277,13.723,369.71,1.62,1.7733,-0.0014,11.519,11.724,23.243,-0.917,-0.075,-0.992
Chile,2001,-0.019,13.981,371.32,1.62,1.7713,-0.0007,11.622,11.628,23.25,-0.814,-0.172,-0.986
Chile,2002,0.046,14.046,373.45,2.51,1.7727,0.0032,11.385,11.176,22.561,-1.052,-0.623,-1.675
Chile,2003,0.246,14.246,375.98,2.26,1.7773,0.0048,11.419,11.924,23.343,-1.017,0.125,-0.892
Chile,2004,0.43,14.43,377.7,1.59,1.777,-0.0048,11.251,11.938,23.189,-1.186,0.139,-1.047
Chile,2005,0.08,14.08,379.98,2.57,1.7742,0.0003,10.928,11.648,22.575,-1.509,-0.152,-1.661
Chile,2006,0.462,14.462,382.09,1.69,1.775,0.0019,10.794,11.412,22.206,-1.642,-0.387,-2.03
Chile,2007,-0.354,13.646,384.02,2.31,1.7814,0.0078,10.498,11.637,22.135,-1.938,-0.162,-2.101
Chile,2008,0.359,14.359,385.83,1.54,1.787,0.0065,10.99,12.213,23.203,-1.447,0.414,-1.032
Chile,2009,0.371,14.371,387.64,2.0,1.7935,0.0047,10.956,11.999,22.955,-1.481,0.2,-1.281
Chile,2010,-0.117,13.883,390.1,2.3,1.7989,0.0051,10.734,12.058,22.792,-1.702,0.258,-1.444
Chile,2011,0.074,14.074,391.85,1.92,1.8031,0.005,10.506,11.45,21.956,-1.931,-0.349,-2.28
Chile,2012,0.571,14.571,394.06,2.65,1.8081,0.005,10.42,11.981,22.401,-2.017,0.182,-1.835
Chile,2013,0.346,14.346,396.74,1.99,1.8134,0.0057,10.919,12.474,23.393,-1.517,0.675,-0.842
Chile,2014,0.408,14.408,398.81,2.17,1.8226,0.0127,10.812,12.727,23.539,-1.624,0.928,-0.697
Chile,2015,0.734,14.734,401.01,2.95,1.8342,0.01,10.589,12.366,22.955,-1.848,0.567,-1.281
Chile,2016,0.831,14.831,404.41,3.03,1.8431,0.007,10.176,11.178,21.353,-2.261,-0.622,-2.882
Chile,2017,0.671,14.671,406.76,1.9,1.8496,0.0069,10.415,10.702,21.118,-2.022,-1.097,-3.118
Chile,2018,0.333,14.333,408.72,2.85,1.8573,0.0088,10.378,10.952,21.33,-2.058,-0.847,-2.906
Chile,2019,0.459,14.459,411.65,2.49,1.8666,0.0096,10.225,10.83,21.055,-2.212,-0.969,-3.181
Chile,2020,0.73,14.73,414.21,2.3,1.8787,0.0148,10.164,11.578,21.742,-2.272,-0.222,-2.494
China,1979,0.295,14.295,336.84,1.83,1.5305,0.0166,12.35,11.656,24.006,-0.087,-0.143,-0.23
China,1980,0.248,14.248,338.76,1.68,1.5471,0.0169,12.348,11.206,23.554,-0.088,-0.593,-0.682
China,1981,0.214,14.214,340.12,1.43,1.564,0.0169,12.147,11.387,23.533,-0.29,-0.413,-0.702
China,1982,0.375,14.375,341.48,0.86,1.5809,0.0333,12.468,11.595,24.062,0.031,-0.204,-0.173
China,1983,0.125,14.125,343.15,2.36,1.6142,0.0306,12.353,11.344,23.698,-0.083,-0.455,-0.538
China,1984,-0.147,13.853,344.87,1.51,1.6448,0.0129,11.92,11.428,23.348,-0.517,-0.371,-0.887
China,1985,-0.122,13.878,346.35,1.21,1.6573,0.0122,12.016,11.569,23.585,-0.421,-0.23,-0.651
China,1986,-0.038,13.962,347.61,1.47,1.6701,0.0129,12.224,11.044,23.268,-0.212,-0.755,-0.967
China,1987,0.436,14.436,349.31,2.06,1.6827,0.0114,12.268,11.405,23.673,-0.169,-0.394,-0.562
China,1988,0.404,14.404,351.69,2.24,1.6931,0.0107,12.19,11.497,23.687,-0.247,-0.302,-0.549
China,1989,0.433,14.433,353.2,1.24,1.7045,0.0112,11.987,11.381,23.368,-0.45,-0.418,-0.868
China,1990,0.857,14.857,354.45,1.2,1.7144,0.0086,11.718,11.365,23.082,-0.719,-0.434,-1.153
China,1991,0.527,14.527,355.7,1.05,1.7248,0.0141,11.77,11.498,23.268,-0.667,-0.301,-0.967
China,1992,0.129,14.129,356.54,0.49,1.7355,0.0024,12.122,11.374,23.496,-0.315,-0.425,-0.74
China,1993,0.281,14.281,357.21,1.36,1.7365,0.0039,11.947,11.37,23.317,-0.49,-0.429,-0.919
China,1994,0.731,14.731,358.96,1.96,1.7421,0.0073,12.032,11.728,23.76,-0.404,-0.072,-0.476
China,1995,0.576,14.576,360.97,2.01,1.7489,0.0038,11.438,11.748,23.187,-0.998,-0.051,-1.049
China,1996,0.211,14.211,362.74,1.24,1.7513,0.0025,11.848,11.743,23.592,-0.588,-0.056,-0.644
China,1997,0.738,14.738,363.88,1.91,1.7545,0.0064,11.692,11.341,23.032,-0.745,-0.458,-1.203
China,1998,1.272,15.272,366.84,2.97,1.7655,0.0121,11.782,11.689,23.471,-0.655,-0.11,-0.765
China,1999,1.235,15.235,368.54,0.92,1.7723,0.0024,11.713,11.712,23.426,-0.723,-0.087,-0.81
China,2000,0.578,14.578,369.71,1.62,1.7733,-0.0014,11.519,11.724,23.243,-0.917,-0.075,-0.992
China,2001,1.045,15.045,371.32,1.62,1.7713,-0.0007,11.622,11.628,23.25,-0.814,-0.172,-0.986
China,2002,1.14,15.14,373.45,2.51,1.7727,0.0032,11.385,11.176,22.561,-1.052,-0.623,-1.675
China,2003,0.831,14.831,375.98,2.26,1.7773,0.0048,11.419,11.924,23.343,-1.017,0.125,-0.892
China,2004,1.123,15.123,377.7,1.59,1.777,-0.0048,11.251,11.938,23.189,-1.186,0.139,-1.047
China,2005,1.064,15.064,379.98,2.57,1.7742,0.0003,10.928,11.648,22.575,-1.509,-0.152,-1.661
China,2006,1.245,15.245,382.09,1.69,1.775,0.0019,10.794,11.412,22.206,-1.642,-0.387,-2.03
China,2007,1.55,15.55,384.02,2.31,1.7814,0.0078,10.498,11.637,22.135,-1.938,-0.162,-2.101
China,2008,1.104,15.104,385.83,1.54,1.787,0.0065,10.99,12.213,23.203,-1.447,0.414,-1.032
China,2009,1.352,15.352,387.64,2.0,1.7935,0.0047,10.956,11.999,22.955,-1.481,0.2,-1.281
China,2010,0.982,14.982,390.1,2.3,1.7989,0.0051,10.734,12.058,22.792,-1.702,0.258,-1.444
China,2011,0.808,14.808,391.85,1.92,1.8031,0.005,10.506,11.45,21.956,-1.931,-0.349,-2.28
China,2012,0.645,14.645,394.06,2.65,1.8081,0.005,10.42,11.981,22.401,-2.017,0.182,-1.835
China,2013,1.103,15.103,396.74,1.99,1.8134,0.0057,10.919,12.474,23.393,-1.517,0.675,-0.842
China,2014,1.107,15.107,398.81,2.17,1.8226,0.0127,10.812,12.727,23.539,-1.624,0.928,-0.697
China,2015,1.341,15.341,401.01,2.95,1.8342,0.01,10.589,12.366,22.955,-1.848,0.567,-1.281
China,2016,1.378,15.378,404.41,3.03,1.8431,0.007,10.176,11.178,21.353,-2.261,-0.622,-2.882
China,2017,1.636,15.636,406.76,1.9,1.8496,0.0069,10.415,10.702,21.118,-2.022,-1.097,-3.118
China,2018,1.422,15.422,408.72,2.85,1.8573,0.0088,10.378,10.952,21.33,-2.058,-0.847,-2.906
China,2019,1.473,15.473,411.65,2.49,1.8666,0.0096,10.225,10.83,21.055,-2.212,-0.969,-3.181
China,2020,1.703,15.703,414.21,2.3,1.8787,0.0148,10.164,11.578,21.742,-2.272,-0.222,-2.494
"China, Hong Kong SAR",1979,0.015,14.015,336.84,1.83,1.5305,0.0166,12.35,11.656,24.006,-0.087,-0.143,-0.23
"China, Hong Kong SAR",1980,0.231,14.231,338.76,1.68,1.5471,0.0169,12.348,11.206,23.554,-0.088,-0.593,-0.682
"China, Hong Kong SAR",1981,0.354,14.354,340.12,1.43,1.564,0.0169,12.147,11.387,23.533,-0.29,-0.413,-0.702
"China, Hong Kong SAR",1982,0.038,14.038,341.48,0.86,1.5809,0.0333,12.468,11.595,24.062,0.031,-0.204,-0.173
"China, Hong Kong SAR",1983,-0.244,13.756,343.15,2.36,1.6142,0.0306,12.353,11.344,23.698,-0.083,-0.455,-0.538
"China, Hong Kong SAR",1984,-0.582,13.418,344.87,1.51,1.6448,0.0129,11.92,11.428,23.348,-0.517,-0.371,-0.887
"China, Hong Kong SAR",1985,-0.349,13.651,346.35,1.21,1.6573,0.0122,12.016,11.569,23.585,-0.421,-0.23,-0.651
"China, Hong Kong SAR",1986,-0.045,13.955,347.61,1.47,1.6701,0.0129,12.224,11.044,23.268,-0.212,-0.755,-0.967
"China, Hong Kong SAR",1987,0.772,14.772,349.31,2.06,1.6827,0.0114,12.268,11.405,23.673,-0.169,-0.394,-0.562
"China, Hong Kong SAR",1988,-0.199,13.801,351.69,2.24,1.6931,0.0107,12.19,11.497,23.687,-0.247,-0.302,-0.549
"China, Hong Kong SAR",1989,0.167,14.167,353.2,1.24,1.7045,0.0112,11.987,11.381,23.368,-0.45,-0.418,-0.868
"China, Hong Kong SAR",1990,0.21,14.21,354.45,1.2,1.7144,0.0086,11.718,11.365,23.082,-0.719,-0.434,-1.153
"China, Hong Kong SAR",1991,0.666,14.666,355.7,1.05,1.7248,0.0141,11.77,11.498,23.268,-0.667,-0.301,-0.967
"China, Hong Kong SAR",1992,-0.294,13.706,356.54,0.49,1.7355,0.0024,12.122,11.374,23.496,-0.315,-0.425,-0.74
"China, Hong Kong SAR",1993,0.236,14.236,357.21,1.36,1.7365,0.0039,11.947,11.37,23.317,-0.49,-0.429,-0.919
"China, Hong Kong SAR",1994,0.325,14.325,358.96,1.96,1.7421,0.0073,12.032,11.728,23.76,-0.404,-0.072,-0.476
"China, Hong Kong SAR",1995,-0.041,13.959,360.97,2.01,1.7489,0.0038,11.438,11.748,23.187,-0.998,-0.051,-1.049
"China, Hong Kong SAR",1996,0.009,14.009,362.74,1.24,1.7513,0.0025,11.848,11.743,23.592,-0.588,-0.056,-0.644
"China, Hong Kong SAR",1997,0.264,14.264,363.88,1.91,1.7545,0.0064,11.692,11.341,23.032,-0.745,-0.458,-1.203
"China, Hong Kong SAR",1998,0.929,14.929,366.84,2.97,1.7655,0.0121,11.782,11.689,23.471,-0.655,-0.11,-0.765
"China, Hong Kong SAR",1999,0.942,14.942,368.54,0.92,1.7723,0.0024,11.713,11.712,23.426,-0.723,-0.087,-0.81
"China, Hong Kong SAR",2000,0.275,14.275,369.71,1.62,1.7733,-0.0014,11.519,11.724,23.243,-0.917,-0.075,-0.992
"China, Hong Kong SAR",2001,0.813,14.813,371.32,1.62,1.7713,-0.0007,11.622,11.628,23.25,-0.814,-0.172,-0.986
"China, Hong Kong SAR",2002,0.903,14.903,373.45,2.51,1.7727,0.0032,11.385,11.176,22.561,-1.052,-0.623,-1.675
"China, Hong Kong SAR",2003,0.902,14.902,375.98,2.26,1.7773,0.0048,11.419,11.924,23.343,-1.017,0.125,-0.892
"China, Hong Kong SAR",2004,0.67,14.67,377.7,1.59,1.777,-0.0048,11.251,11.938,23.189,-1.186,0.139,-1.047
"China, Hong Kong SAR",2005,0.742,14.742,379.98,2.57,1.7742,0.0003,10.928,11.648,22.575,-1.509,-0.152,-1.661
"China, Hong Kong SAR",2006,0.926,14.926,382.09,1.69,1.775,0.0019,10.794,11.412,22.206,-1.642,-0.387,-2.03
"China, Hong Kong SAR",2007,1.045,15.045,384.02,2.31,1.7814,0.0078,10.498,11.637,22.135,-1.938,-0.162,-2.101
"China, Hong Kong SAR",2008,0.452,14.452,385.83,1.54,1.787,0.0065,10.99,12.213,23.203,-1.447,0.414,-1.032
"China, Hong Kong SAR",2009,0.974,14.974,387.64,2.0,1.7935,0.0047,10.956,11.999,22.955,-1.481,0.2,-1.281
"China, Hong Kong SAR",2010,0.435,14.435,390.1,2.3,1.7989,0.0051,10.734,12.058,22.792,-1.702,0.258,-1.444
"China, Hong Kong SAR",2011,0.408,14.408,391.85,1.92,1.8031,0.005,10.506,11.45,21.956,-1.931,-0.349,-2.28
"China, Hong Kong SAR",2012,0.592,14.592,394.06,2.65,1.8081,0.005,10.42,11.981,22.401,-2.017,0.182,-1.835
"China, Hong Kong SAR",2013,0.901,14.901,396.74,1.99,1.8134,0.0057,10.919,12.474,23.393,-1.517,0.675,-0.842
"China, Hong Kong SAR",2014,0.98,14.98,398.81,2.17,1.8226,0.0127,10.812,12.727,23.539,-1.624,0.928,-0.697
"China, Hong Kong SAR",2015,1.455,15.455,401.01,2.95,1.8342,0.01,10.589,12.366,22.955,-1.848,0.567,-1.281
"China, Hong Kong SAR",2016,1.055,15.055,404.41,3.03,1.8431,0.007,10.176,11.178,21.353,-2.261,-0.622,-2.882
"China, Hong Kong SAR",2017,1.629,15.629,406.76,1.9,1.8496,0.0069,10.415,10.702,21.118,-2.022,-1.097,-3.118
"China, Hong Kong SAR",2018,1.479,15.479,408.72,2.85,1.8573,0.0088,10.378,10.952,21.33,-2.058,-0.847,-2.906
"China, Hong Kong SAR",2019,2.089,16.089,411.65,2.49,1.8666,0.0096,10.225,10.83,21.055,-2.212,-0.969,-3.181
"China, Hong Kong SAR",2020,2.35,16.35,414.21,2.3,1.8787,0.0148,10.164,11.578,21.742,-2.272,-0.222,-2.494
"China, Macao SAR",1979,0.015,14.015,336.84,1.83,1.5305,0.0166,12.35,11.656,24.006,-0.087,-0.143,-0.23
"China, Macao SAR",1980,0.231,14.231,338.76,1.68,1.5471,0.0169,12.348,11.206,23.554,-0.088,-0.593,-0.682
"China, Macao SAR",1981,0.354,14.354,340.12,1.43,1.564,0.0169,12.147,11.387,23.533,-0.29,-0.413,-0.702
"China, Macao SAR",1982,0.038,14.038,341.48,0.86,1.5809,0.0333,12.468,11.595,24.062,0.031,-0.204,-0.173
"China, Macao SAR",1983,-0.244,13.756,343.15,2.36,1.6142,0.0306,12.353,11.344,23.698,-0.083,-0.455,-0.538
"China, Macao SAR",1984,-0.582,13.418,344.87,1.51,1.6448,0.0129,11.92,11.428,23.348,-0.517,-0.371,-0.887
"China, Macao SAR",1985,-0.349,13.651,346.35,1.21,1.6573,0.0122,12.016,11.569,23.585,-0.421,-0.23,-0.651
"China, Macao SAR",1986,-0.045,13.955,347.61,1.47,1.6701,0.0129,12.224,11.044,23.268,-0.212,-0.755,-0.967
"China, Macao SAR",1987,0.772,14.772,349.31,2.06,1.6827,0.0114,12.268,11.405,23.673,-0.169,-0.394,-0.562
"China, Macao SAR",1988,-0.199,13.801,351.69,2.24,1.6931,0.0107,12.19,11.497,23.687,-0.247,-0.302,-0.549
"China, Macao SAR",1989,0.167,14.167,353.2,1.24,1.7045,0.0112,11.987,11.381,23.368,-0.45,-0.418,-0.868
"China, Macao SAR",1990,0.21,14.21,354.45,1.2,1.7144,0.0086,11.718,11.365,23.082,-0.719,-0.434,-1.153
"China, Macao SAR",1991,0.666,14.666,355.7,1.05,1.7248,0.0141,11.77,11.498,23.268,-0.667,-0.301,-0.967
"China, Macao SAR",1992,-0.294,13.706,356.54,0.49,1.7355,0.0024,12.122,11.374,23.496,-0.315,-0.425,-0.74
"China, Macao SAR",1993,0.236,14.236,357.21,1.36,1.7365,0.0039,11.947,11.37,23.317,-0.49,-0.429,-0.919
"China, Macao SAR",1994,0.325,14.325,358.96,1.96,1.7421,0.0073,12.032,11.728,23.76,-0.404,-0.072,-0.476
"China, Macao SAR",1995,-0.041,13.959,360.97,2.01,1.7489,0.0038,11.438,11.748,23.187,-0.998,-0.051,-1.049
"China, Macao SAR",1996,0.009,14.009,362.74,1.24,1.7513,0.0025,11.848,11.743,23.592,-0.588,-0.056,-0.644
"China, Macao SAR",1997,0.264,14.264,363.88,1.91,1.7545,0.0064,11.692,11.341,23.032,-0.745,-0.458,-1.203
"China, Macao SAR",1998,0.929,14.929,366.84,2.97,1.7655,0.0121,11.782,11.689,23.471,-0.655,-0.11,-0.765
"China, Macao SAR",1999,0.942,14.942,368.54,0.92,1.7723,0.0024,11.713,11.712,23.426,-0.723,-0.087,-0.81
"China, Macao SAR",2000,0.275,14.275,369.71,1.62,1.7733,-0.0014,11.519,11.724,23.243,-0.917,-0.075,-0.992
"China, Macao SAR",2001,0.813,14.813,371.32,1.62,1.7713,-0.0007,11.622,11.628,23.25,-0.814,-0.172,-0.986
"China, Macao SAR",2002,0.903,14.903,373.45,2.51,1.7727,0.0032,11.385,11.176,22.561,-1.052,-0.623,-1.675
"China, Macao SAR",2003,0.902,14.902,375.98,2.26,1.7773,0.0048,11.419,11.924,23.343,-1.017,0.125,-0.892
"China, Macao SAR",2004,0.67,14.67,377.7,1.59,1.777,-0.0048,11.251,11.938,23.189,-1.186,0.139,-1.047
"China, Macao SAR",2005,0.742,14.742,379.98,2.57,1.7742,0.0003,10.928,11.648,22.575,-1.509,-0.152,-1.661
"China, Macao SAR",2006,0.926,14.926,382.09,1.69,1.775,0.0019,10.794,11.412,22.206,-1.642,-0.387,-2.03
"China, Macao SAR",2007,1.045,15.045,384.02,2.31,1.7814,0.0078,10.498,11.637,22.135,-1.938,-0.162,-2.101
"China, Macao SAR",2008,0.452,14.452,385.83,1.54,1.787,0.0065,10.99,12.213,23.203,-1.447,0.414,-1.032
"China, Macao SAR",2009,0.974,14.974,387.64,2.0,1.7935,0.0047,10.956,11.999,22.955,-1.481,0.2,-1.281
"China, Macao SAR",2010,0.435,14.435,390.1,2.3,1.7989,0.0051,10.734,12.058,22.792,-1.702,0.258,-1.444
"China, Macao SAR",2011,0.408,14.408,391.85,1.92,1.8031,0.005,10.506,11.45,21.956,-1.931,-0.349,-2.28
"China, Macao SAR",2012,0.592,14.592,394.06,2.65,1.8081,0.005,10.42,11.981,22.401,-2.017,0.182,-1.835
"China, Macao SAR",2013,0.901,14.901,396.74,1.99,1.8134,0.0057,10.919,12.474,23.393,-1.517,0.675,-0.842
"China, Macao SAR",2014,0.98,14.98,398.81,2.17,1.8226,0.0127,10.812,12.727,23.539,-1.624,0.928,-0.697
"China, Macao SAR",2015,1.455,15.455,401.01,2.95,1.8342,0.01,10.589,12.366,22.955,-1.848,0.567,-1.281
"China, Macao SAR",2016,1.055,15.055,404.41,3.03,1.8431,0.007,10.176,11.178,21.353,-2.261,-0.622,-2.882
"China, Macao SAR",2017,1.629,15.629,406.76,1.9,1.8496,0.0069,10.415,10.702,21.118,-2.022,-1.097,-3.118
"China, Macao SAR",2018,1.479,15.479,408.72,2.85,1.8573,0.0088,10.378,10.952,21.33,-2.058,-0.847,-2.906
"China, Macao SAR",2019,2.089,16.089,411.65,2.49,1.8666,0.0096,10.225,10.83,21.055,-2.212,-0.969,-3.181
"China, Macao SAR",2020,2.35,16.35,414.21,2.3,1.8787,0.0148,10.164,11.578,21.742,-2.272,-0.222,-2.494
"China, Taiwan Province of",1979,0.067,14.067,336.84,1.83,1.5305,0.0166,12.35,11.656,24.006,-0.087,-0.143,-0.23
"China, Taiwan Province of",1980,0.258,14.258,338.76,1.68,1.5471,0.0169,12.348,11.206,23.554,-0.088,-0.593,-0.682
"China, Taiwan Province of",1981,-0.045,13.955,340.12,1.43,1.564,0.0169,12.147,11.387,23.533,-0.29,-0.413,-0.702
"China, Taiwan Province of",1982,-0.115,13.885,341.48,0.86,1.5809,0.0333,12.468,11.595,24.062,0.031,-0.204,-0.173
"China, Taiwan Province of",1983,0.297,14.297,343.15,2.36,1.6142,0.0306,12.353,11.344,23.698,-0.083,-0.455,-0.538
"China, Taiwan Province of",1984,-0.517,13.483,344.87,1.51,1.6448,0.0129,11.92,11.428,23.348,-0.517,-0.371,-0.887
"China, Taiwan Province of",1985,-0.027,13.973,346.35,1.21,1.6573,0.0122,12.016,11.569,23.585,-0.421,-0.23,-0.651
"China, Taiwan Province of",1986,-0.232,13.768,347.61,1.47,1.6701,0.0129,12.224,11.044,23.268,-0.212,-0.755,-0.967
"China, Taiwan Province of",1987,0.349,14.349,349.31,2.06,1.6827,0.0114,12.268,11.405,23.673,-0.169,-0.394,-0.562
"China, Taiwan Province of",1988,0.292,14.292,351.69,2.24,1.6931,0.0107,12.19,11.497,23.687,-0.247,-0.302,-0.549
"China, Taiwan Province of",1989,0.048,14.048,353.2,1.24,1.7045,0.0112,11.987,11.381,23.368,-0.45,-0.418,-0.868
"China, Taiwan Province of",1990,0.341,14.341,354.45,1.2,1.7144,0.0086,11.718,11.365,23.082,-0.719,-0.434,-1.153
"China, Taiwan Province of",1991,0.554,14.554,355.7,1.05,1.7248,0.0141,11.77,11.498,23.268,-0.667,-0.301,-0.967
"China, Taiwan Province of",1992,-0.119,13.881,356.54,0.49,1.7355,0.0024,12.122,11.374,23.496,-0.315,-0.425,-0.74
"China, Taiwan Province of",1993,0.326,14.326,357.21,1.36,1.7365,0.0039,11.947,11.37,23.317,-0.49,-0.429,-0.919
"China, Taiwan Province of",1994,0.303,14.303,358.96,1.96,1.7421,0.0073,12.032,11.728,23.76,-0.404,-0.072,-0.476
"China, Taiwan Province of",1995,0.126,14.126,360.97,2.01,1.7489,0.0038,11.438,11.748,23.187,-0.998,-0.051,-1.049
"China, Taiwan Province of",1996,-0.056,13.944,362.74,1.24,1.7513,0.0025,11.848,11.743,23.592,-0.588,-0.056,-0.644
"China, Taiwan Province of",1997,0.065,14.065,363.88,1.91,1.7545,0.0064,11.692,11.341,23.032,-0.745,-0.458,-1.203
"China, Taiwan Province of",1998,1.121,15.121,366.84,2.97,1.7655,0.0121,11.782,11.689,23.471,-0.655,-0.11,-0.765
"China, Taiwan Province of",1999,0.662,14.662,368.54,0.92,1.7723,0.0024,11.713,11.712,23.426,-0.723,-0.087,-0.81
"China, Taiwan Province of",2000,0.335,14.335,369.71,1.62,1.7733,-0.0014,11.519,11.724,23.243,-0.917,-0.075,-0.992
"China, Taiwan Province of",2001,0.739,14.739,371.32,1.62,1.7713,-0.0007,11.622,11.628,23.25,-0.814,-0.172,-0.986
"China, Taiwan Province of",2002,0.896,14.896,373.45,2.51,1.7727,0.0032,11.385,11.176,22.561,-1.052,-0.623,-1.675
"China, Taiwan Province of",2003,0.839,14.839,375.98,2.26,1.7773,0.0048,11.419,11.924,23.343,-1.017,0.125,-0.892
"China, Taiwan Province of",2004,0.403,14.403,377.7,1.59,1.777,-0.0048,11.251,11.938,23.189,-1.186,0.139,-1.047
"China, Taiwan Province of",2005,0.622,14.622,379.98,2.57,1.7742,0.0003,10.928,11.648,22.575,-1.509,-0.152,-1.661
"China, Taiwan Province of",2006,0.673,14.673,382.09,1.69,1.775,0.0019,10.794,11.412,22.206,-1.642,-0.387,-2.03
"China, Taiwan Province of",2007,0.739,14.739,384.02,2.31,1.7814,0.0078,10.498,11.637,22.135,-1.938,-0.162,-2.101
"China, Taiwan Province of",2008,0.528,14.528,385.83,1.54,1.787,0.0065,10.99,12.213,23.203,-1.447,0.414,-1.032
"China, Taiwan Province of",2009,0.713,14.713,387.64,2.0,1.7935,0.0047,10.956,11.999,22.955,-1.481,0.2,-1.281
"China, Taiwan Province of",2010,0.455,14.455,390.1,2.3,1.7989,0.0051,10.734,12.058,22.792,-1.702,0.258,-1.444
"China, Taiwan Province of",2011,-0.02,13.98,391.85,1.92,1.8031,0.005,10.506,11.45,21.956,-1.931,-0.349,-2.28
"China, Taiwan Province of",2012,0.261,14.261,394.06,2.65,1.8081,0.005,10.42,11.981,22.401,-2.017,0.182,-1.835
"China, Taiwan Province of",2013,0.565,14.565,396.74,1.99,1.8134,0.0057,10.919,12.474,23.393,-1.517,0.675,-0.842
"China, Taiwan Province of",2014,0.678,14.678,398.81,2.17,1.8226,0.0127,10.812,12.727,23.539,-1.624,0.928,-0.697
"China, Taiwan Province of",2015,0.703,14.703,401.01,2.95,1.8342,0.01,10.589,12.366,22.955,-1.848,0.567,-1.281
"China, Taiwan Province of",2016,0.99,14.99,404.41,3.03,1.8431,0.007,10.176,11.178,21.353,-2.261,-0.622,-2.882
"China, Taiwan Province of",2017,1.324,15.324,406.76,1.9,1.8496,0.0069,10.415,10.702,21.118,-2.022,-1.097,-3.118
"China, Taiwan Province of",2018,1.074,15.074,408.72,2.85,1.8573,0.0088,10.378,10.952,21.33,-2.058,-0.847,-2.906
"China, Taiwan Province of",2019,1.269,15.269,411.65,2.49,1.8666,0.0096,10.225,10.83,21.055,-2.212,-0.969,-3.181
"China, Taiwan Province of",2020,1.891,15.891,414.21,2.3,1.8787,0.0148,10.164,11.578,21.742,-2.272,-0.222,-2.494
"China, mainland",1979,0.296,14.296,336.84,1.83,1.5305,0.0166,12.35,11.656,24.006,-0.087,-0.143,-0.23
"China, mainland",1980,0.248,14.248,338.76,1.68,1.5471,0.0169,12.348,11.206,23.554,-0.088,-0.593,-0.682
"China, mainland",1981,0.215,14.215,340.12,1.43,1.564,0.0169,12.147,11.387,23.533,-0.29,-0.413,-0.702
"China, mainland",1982,0.377,14.377,341.48,0.86,1.5809,0.0333,12.468,11.595,24.062,0.031,-0.204,-0.173
"China, mainland",1983,0.124,14.124,343.15,2.36,1.6142,0.0306,12.353,11.344,23.698,-0.083,-0.455,-0.538
"China, mainland",1984,-0.146,13.854,344.87,1.51,1.6448,0.0129,11.92,11.428,23.348,-0.517,-0.371,-0.887
"China, mainland",1985,-0.122,13.878,346.35,1.21,1.6573,0.0122,12.016,11.569,23.585,-0.421,-0.23,-0.651
"China, mainland",1986,-0.037,13.963,347.61,1.47,1.6701,0.0129,12.224,11.044,23.268,-0.212,-0.755,-0.967
"China, mainland",1987,0.436,14.436,349.31,2.06,1.6827,0.0114,12.268,11.405,23.673,-0.169,-0.394,-0.562
"China, mainland",1988,0.404,14.404,351.69,2.24,1.6931,0.0107,12.19,11.497,23.687,-0.247,-0.302,-0.549
"China, mainland",1989,0.434,14.434,353.2,1.24,1.7045,0.0112,11.987,11.381,23.368,-0.45,-0.418,-0.868
"China, mainland",1990,0.859,14.859,354.45,1.2,1.7144,0.0086,11.718,11.365,23.082,-0.719,-0.434,-1.153
"China, mainland",1991,0.527,14.527,355.7,1.05,1.7248,0.0141,11.77,11.498,23.268,-0.667,-0.301,-0.967
"China, mainland",1992,0.13,14.13,356.54,0.49,1.7355,0.0024,12.122,11.374,23.496,-0.315,-0.425,-0.74
"China, mainland",1993,0.281,14.281,357.21,1.36,1.7365,0.0039,11.947,11.37,23.317,-0.49,-0.429,-0.919
"China, mainland",1994,0.733,14.733,358.96,1.96,1.7421,0.0073,12.032,11.728,23.76,-0.404,-0.072,-0.476
"China, mainland",1995,0.578,14.578,360.97,2.01,1.7489,0.0038,11.438,11.748,23.187,-0.998,-0.051,-1.049
"China, mainland",1996,0.212,14.212,362.74,1.24,1.7513,0.0025,11.848,11.743,23.592,-0.588,-0.056,-0.644
"China, mainland",1997,0.741,14.741,363.88,1.91,1.7545,0.0064,11.692,11.341,23.032,-0.745,-0.458,-1.203
"China, mainland",1998,1.273,15.273,366.84,2.97,1.7655,0.0121,11.782,11.689,23.471,-0.655,-0.11,-0.765
"China, mainland",1999,1.237,15.237,368.54,0.92,1.7723,0.0024,11.713,11.712,23.426,-0.723,-0.087,-0.81
"China, mainland",2000,0.579,14.579,369.71,1.62,1.7733,-0.0014,11.519,11.724,23.243,-0.917,-0.075,-0.992
"China, mainland",2001,1.046,15.046,371.32,1.62,1.7713,-0.0007,11.622,11.628,23.25,-0.814,-0.172,-0.986
"China, mainland",2002,1.141,15.141,373.45,2.51,1.7727,0.0032,11.385,11.176,22.561,-1.052,-0.623,-1.675
"China, mainland",2003,0.831,14.831,375.98,2.26,1.7773,0.0048,11.419,11.924,23.343,-1.017,0.125,-0.892
"China, mainland",2004,1.126,15.126,377.7,1.59,1.777,-0.0048,11.251,11.938,23.189,-1.186,0.139,-1.047
"China, mainland",2005,1.066,15.066,379.98,2.57,1.7742,0.0003,10.928,11.648,22.575,-1.509,-0.152,-1.661
"China, mainland",2006,1.247,15.247,382.09,1.69,1.775,0.0019,10.794,11.412,22.206,-1.642,-0.387,-2.03
"China, mainland",2007,1.553,15.553,384.02,2.31,1.7814,0.0078,10.498,11.637,22.135,-1.938,-0.162,-2.101
"China, mainland",2008,1.106,15.106,385.83,1.54,1.787,0.0065,10.99,12.213,23.203,-1.447,0.414,-1.032
"China, mainland",2009,1.354,15.354,387.64,2.0,1.7935,0.0047,10.956,11.999,22.955,-1.481,0.2,-1.281
"China, mainland",2010,0.984,14.984,390.1,2.3,1.7989,0.0051,10.734,12.058,22.792,-1.702,0.258,-1.444
"China, mainland",2011,0.811,14.811,391.85,1.92,1.8031,0.005,10.506,11.45,21.956,-1.931,-0.349,-2.28
"China, mainland",2012,0.646,14.646,394.06,2.65,1.8081,0.005,10.42,11.981,22.401,-2.017,0.182,-1.835
"China, mainland",2013,1.105,15.105,396.74,1.99,1.8134,0.0057,10.919,12.474,23.393,-1.517,0.675,-0.842
"China, mainland",2014,1.109,15.109,398.81,2.17,1.8226,0.0127,10.812,12.727,23.539,-1.624,0.928,-0.697
"China, mainland",2015,1.343,15.343,401.01,2.95,1.8342,0.01,10.589,12.366,22.955,-1.848,0.567,-1.281
"China, mainland",2016,1.379,15.379,404.41,3.03,1.8431,0.007,10.176,11.178,21.353,-2.261,-0.622,-2.882
"China, mainland",2017,1.637,15.637,406.76,1.9,1.8496,0.0069,10.415,10.702,21.118,-2.022,-1.097,-3.118
"China, mainland",2018,1.423,15.423,408.72,2.85,1.8573,0.0088,10.378,10.952,21.33,-2.058,-0.847,-2.906
"China, mainland",2019,1.474,15.474,411.65,2.49,1.8666,0.0096,10.225,10.83,21.055,-2.212,-0.969,-3.181
"China, mainland",2020,1.702,15.702,414.21,2.3,1.8787,0.0148,10.164,11.578,21.742,-2.272,-0.222,-2.494
Christmas Island,1979,0.137,14.137,336.84,1.83,1.5305,0.0166,12.35,11.656,24.006,-0.087,-0.143,-0.23
Christmas Island,1980,0.203,14.203,338.76,1.68,1.5471,0.0169,12.348,11.206,23.554,-0.088,-0.593,-0.682
Christmas Island,1981,0.1865,14.1865,340.12,1.43,1.564,0.0169,12.147,11.387,23.533,-0.29,-0.413,-0.702
Christmas Island,1982,0.17,14.17,341.48,0.86,1.5809,0.0333,12.468,11.595,24.062,0.031,-0.204,-0.173
Christmas Island,1983,0.1535,14.1535,343.15,2.36,1.6142,0.0306,12.353,11.344,23.698,-0.083,-0.455,-0.538
Christmas Island,1984,0.137,14.137,344.87,1.51,1.6448,0.0129,11.92,11.428,23.348,-0.517,-0.371,-0.887
Christmas Island,1985,0.1987,14.1987,346.35,1.21,1.6573,0.0122,12.016,11.569,23.585,-0.421,-0.23,-0.651
Christmas Island,1986,0.2603,14.2603,347.61,1.47,1.6701,0.0129,12.224,11.044,23.268,-0.212,-0.755,-0.967
Christmas Island,1987,0.322,14.322,349.31,2.06,1.6827,0.0114,12.268,11.405,23.673,-0.169,-0.394,-0.562
Christmas Island,1988,0.315,14.315,351.69,2.24,1.6931,0.0107,12.19,11.497,23.687,-0.247,-0.302,-0.549
Christmas Island,1989,0.104,14.104,353.2,1.24,1.7045,0.0112,11.987,11.381,23.368,-0.45,-0.418,-0.868
Christmas Island,1990,0.416,14.416,354.45,1.2,1.7144,0.0086,11.718,11.365,23.082,-0.719,-0.434,-1.153
Christmas Island,1991,0.136,14.136,355.7,1.05,1.7248,0.0141,11.77,11.498,23.268,-0.667,-0.301,-0.967
Christmas Island,1992,0.185,14.185,356.54,0.49,1.7355,0.0024,12.122,11.374,23.496,-0.315,-0.425,-0.74
Christmas Island,1993,0.169,14.169,357.21,1.36,1.7365,0.0039,11.947,11.37,23.317,-0.49,-0.429,-0.919
Christmas Island,1994,0.255,14.255,358.96,1.96,1.7421,0.0073,12.032,11.728,23.76,-0.404,-0.072,-0.476
Christmas Island,1995,0.341,14.341,360.97,2.01,1.7489,0.0038,11.438,11.748,23.187,-0.998,-0.051,-1.049
Christmas Island,1996,0.427,14.427,362.74,1.24,1.7513,0.0025,11.848,11.743,23.592,-0.588,-0.056,-0.644
Christmas Island,1997,0.708,14.708,363.88,1.91,1.7545,0.0064,11.692,11.341,23.032,-0.745,-0.458,-1.203
Christmas Island,1998,0.989,14.989,366.84,2.97,1.7655,0.0121,11.782,11.689,23.471,-0.655,-0.11,-0.765
Christmas Island,1999,0.276,14.276,368.54,0.92,1.7723,0.0024,11.713,11.712,23.426,-0.723,-0.087,-0.81
Christmas Island,2000,0.184,14.184,369.71,1.62,1.7733,-0.0014,11.519,11.724,23.243,-0.917,-0.075,-0.992
Christmas Island,2001,0.494,14.494,371.32,1.62,1.7713,-0.0007,11.622,11.628,23.25,-0.814,-0.172,-0.986
Christmas Island,2002,0.583,14.583,373.45,2.51,1.7727,0.0032,11.385,11.176,22.561,-1.052,-0.623,-1.675
Christmas Island,2003,0.692,14.692,375.98,2.26,1.7773,0.0048,11.419,11.924,23.343,-1.017,0.125,-0.892
Christmas Island,2004,0.467,14.467,377.7,1.59,1.777,-0.0048,11.251,11.938,23.189,-1.186,0.139,-1.047
Christmas Island,2005,0.992,14.992,379.98,2.57,1.7742,0.0003,10.928,11.648,22.575,-1.509,-0.152,-1.661
Christmas Island,2006,0.205,14.205,382.09,1.69,1.775,0.0019,10.794,11.412,22.206,-1.642,-0.387,-2.03
Christmas Island,2007,0.578,14.578,384.02,2.31,1.7814,0.0078,10.498,11.637,22.135,-1.938,-0.162,-2.101
Christmas Island,2008,0.14,14.14,385.83,1.54,1.787,0.0065,10.99,12.213,23.203,-1.447,0.414,-1.032
Christmas Island,2009,0.326,14.326,387.64,2.0,1.7935,0.0047,10.956,11.999,22.955,-1.481,0.2,-1.281
Christmas Island,2010,0.4572,14.4572,390.1,2.3,1.7989,0.0051,10.734,12.058,22.792,-1.702,0.258,-1.444
Christmas Island,2011,0.5885,14.5885,391.85,1.92,1.8031,0.005,10.506,11.45,21.956,-1.931,-0.349,-2.28
Christmas Island,2012,0.7197,14.7197,394.06,2.65,1.8081,0.005,10.42,11.981,22.401,-2.017,0.182,-1.835
Christmas Island,2013,0.851,14.851,396.74,1.99,1.8134,0.0057,10.919,12.474,23.393,-1.517,0.675,-0.842
Christmas Island,2014,0.771,14.771,398.81,2.17,1.8226,0.0127,10.812,12.727,23.539,-1.624,0.928,-0.697
Christmas Island,2015,0.826,14.826,401.01,2.95,1.8342,0.01,10.589,12.366,22.955,-1.848,0.567,-1.281
Christmas Island,2016,1.457,15.457,404.41,3.03,1.8431,0.007,10.176,11.178,21.353,-2.261,-0.622,-2.882
Christmas Island,2017,0.927,14.927,406.76,1.9,1.8496,0.0069,10.415,10.702,21.118,-2.022,-1.097,-3.118
Christmas Island,2018,0.543,14.543,408.72,2.85,1.8573,0.0088,10.378,10.952,21.33,-2.058,-0.847,-2.906
Christmas Island,2019,0.932,14.932,411.65,2.49,1.8666,0.0096,10.225,10.83,21.055,-2.212,-0.969,-3.181
Christmas Island,2020,1.465,15.465,414.21,2.3,1.8787,0.0148,10.164,11.578,21.742,-2.272,-0.222,-2.494
Cocos (Keeling) Islands,1979,0.0,14.0,336.84,1.83,1.5305,0.0166,12.35,11.656,24.006,-0.087,-0.143,-0.23
Cocos (Keeling) Islands,1980,0.032,14.032,338.76,1.68,1.5471,0.0169,12.348,11.206,23.554,-0.088,-0.593,-0.682
Cocos (Keeling) Islands,1981,-0.251,13.749,340.12,1.43,1.564,0.0169,12.147,11.387,23.533,-0.29,-0.413,-0.702
Cocos (Keeling) Islands,1982,-0.321,13.679,341.48,0.86,1.5809,0.0333,12.468,11.595,24.062,0.031,-0.204,-0.173
Cocos (Keeling) Islands,1983,0.606,14.606,343.15,2.36,1.6142,0.0306,12.353,11.344,23.698,-0.083,-0.455,-0.538
Cocos (Keeling) Islands,1984,0.121,14.121,344.87,1.51,1.6448,0.0129,11.92,11.428,23.348,-0.517,-0.371,-0.887
Cocos (Keeling) Islands,1985,0.06,14.06,346.35,1.21,1.6573,0.0122,12.016,11.569,23.585,-0.421,-0.23,-0.651
Cocos (Keeling) Islands,1986,-0.338,13.662,347.61,1.47,1.6701,0.0129,12.224,11.044,23.268,-0.212,-0.755,-0.967
Cocos (Keeling) Islands,1987,0.378,14.378,349.31,2.06,1.6827,0.0114,12.268,11.405,23.673,-0.169,-0.394,-0.562
Cocos (Keeling) Islands,1988,0.355,14.355,351.69,2.24,1.6931,0.0107,12.19,11.497,23.687,-0.247,-0.302,-0.549
Cocos (Keeling) Islands,1989,0.177,14.177,353.2,1.24,1.7045,0.0112,11.987,11.381,23.368,-0.45,-0.418,-0.868
Cocos (Keeling) Islands,1990,0.29,14.29,354.45,1.2,1.7144,0.0086,11.718,11.365,23.082,-0.719,-0.434,-1.153
Cocos (Keeling) Islands,1991,0.405,14.405,355.7,1.05,1.7248,0.0141,11.77,11.498,23.268,-0.667,-0.301,-0.967
Cocos (Keeling) Islands,1992,0.148,14.148,356.54,0.49,1.7355,0.0024,12.122,11.374,23.496,-0.315,-0.425,-0.74
Cocos (Keeling) Islands,1993,0.149,14.149,357.21,1.36,1.7365,0.0039,11.947,11.37,23.317,-0.49,-0.429,-0.919
Cocos (Keeling) Islands,1994,-0.05,13.95,358.96,1.96,1.7421,0.0073,12.032,11.728,23.76,-0.404,-0.072,-0.476
Cocos (Keeling) Islands,1995,0.37,14.37,360.97,2.01,1.7489,0.0038,11.438,11.748,23.187,-0.998,-0.051,-1.049
Cocos (Keeling) Islands,1996,0.595,14.595,362.74,1.24,1.7513,0.0025,11.848,11.743,23.592,-0.588,-0.056,-0.644
Cocos (Keeling) Islands,1997,0.282,14.282,363.88,1.91,1.7545,0.0064,11.692,11.341,23.032,-0.745,-0.458,-1.203
Cocos (Keeling) Islands,1998,1.196,15.196,366.84,2.97,1.7655,0.0121,11.782,11.689,23.471,-0.655,-0.11,-0.765
Cocos (Keeling) Islands,1999,1.151,15.151,368.54,0.92,1.7723,0.0024,11.713,11.712,23.426,-0.723,-0.087,-0.81
Cocos (Keeling) Islands,2000,0.288,14.288,369.71,1.62,1.7733,-0.0014,11.519,11.724,23.243,-0.917,-0.075,-0.992
Cocos (Keeling) Islands,2001,0.116,14.116,371.32,1.62,1.7713,-0.0007,11.622,11.628,23.25,-0.814,-0.172,-0.986
Cocos (Keeling) Islands,2002,0.665,14.665,373.45,2.51,1.7727,0.0032,11.385,11.176,22.561,-1.052,-0.623,-1.675
Cocos (Keeling) Islands,2003,0.48,14.48,375.98,2.26,1.7773,0.0048,11.419,11.924,23.343,-1.017,0.125,-0.892
Cocos (Keeling) Islands,2004,0.347,14.347,377.7,1.59,1.777,-0.0048,11.251,11.938,23.189,-1.186,0.139,-1.047
Cocos (Keeling) Islands,2005,0.622,14.622,379.98,2.57,1.7742,0.0003,10.928,11.648,22.575,-1.509,-0.152,-1.661
Cocos (Keeling) Islands,2006,0.315,14.315,382.09,1.69,1.775,0.0019,10.794,11.412,22.206,-1.642,-0.387,-2.03
Cocos (Keeling) Islands,2007,0.538,14.538,384.02,2.31,1.7814,0.0078,10.498,11.637,22.135,-1.938,-0.162,-2.101
Cocos (Keeling) Islands,2008,0.509,14.509,385.83,1.54,1.787,0.0065,10.99,12.213,23.203,-1.447,0.414,-1.032
Cocos (Keeling) Islands,2009,0.517,14.517,387.64,2.0,1.7935,0.0047,10.956,11.999,22.955,-1.481,0.2,-1.281
Cocos (Keeling) Islands,2010,0.884,14.884,390.1,2.3,1.7989,0.0051,10.734,12.058,22.792,-1.702,0.258,-1.444
Cocos (Keeling) Islands,2011,0.605,14.605,391.85,1.92,1.8031,0.005,10.506,11.45,21.956,-1.931,-0.349,-2.28
Cocos (Keeling) Islands,2012,0.788,14.788,394.06,2.65,1.8081,0.005,10.42,11.981,22.401,-2.017,0.182,-1.835
Cocos (Keeling) Islands,2013,0.862,14.862,396.74,1.99,1.8134,0.0057,10.919,12.474,23.393,-1.517,0.675,-0.842
Cocos (Keeling) Islands,2014,0.846,14.846,398.81,2.17,1.8226,0.0127,10.812,12.727,23.539,-1.624,0.928,-0.697
Cocos (Keeling) Islands,2015,1.087,15.087,401.01,2.95,1.8342,0.01,10.589,12.366,22.955,-1.848,0.567,-1.281
Cocos (Keeling) Islands,2016,1.361,15.361,404.41,3.03,1.8431,0.007,10.176,11.178,21.353,-2.261,-0.622,-2.882
Cocos (Keeling) Islands,2017,0.757,14.757,406.76,1.9,1.8496,0.0069,10.415,10.702,21.118,-2.022,-1.097,-3.118
Cocos (Keeling) Islands,2018,0.853,14.853,408.72,2.85,1.8573,0.0088,10.378,10.952,21.33,-2.058,-0.847,-2.906
Cocos (Keeling) Islands,2019,0.974,14.974,411.65,2.49,1.8666,0.0096,10.225,10.83,21.055,-2.212,-0.969,-3.181
Cocos (Keeling) Islands,2020,1.47,15.47,414.21,2.3,1.8787,0.0148,10.164,11.578,21.742,-2.272,-0.222,-2.494
Colombia,1979,0.125,14.125,336.84,1.83,1.5305,0.0166,12.35,11.656,24.006,-0.087,-0.143,-0.23
Colombia,1980,0.382,14.382,338.76,1.68,1.5471,0.0169,12.348,11.206,23.554,-0.088,-0.593,-0.682
Colombia,1981,0.096,14.096,340.12,1.43,1.564,0.0169,12.147,11.387,23.533,-0.29,-0.413,-0.702
Colombia,1982,0.164,14.164,341.48,0.86,1.5809,0.0333,12.468,11.595,24.062,0.031,-0.204,-0.173
Colombia,1983,0.62,14.62,343.15,2.36,1.6142,0.0306,12.353,11.344,23.698,-0.083,-0.455,-0.538
Colombia,1984,-0.281,13.719,344.87,1.51,1.6448,0.0129,11.92,11.428,23.348,-0.517,-0.371,-0.887
Colombia,1985,-0.121,13.879,346.35,1.21,1.6573,0.0122,12.016,11.569,23.585,-0.421,-0.23,-0.651
Colombia,1986,-0.08,13.92,347.61,1.47,1.6701,0.0129,12.224,11.044,23.268,-0.212,-0.755,-0.967
Colombia,1987,0.493,14.493,349.31,2.06,1.6827,0.0114,12.268,11.405,23.673,-0.169,-0.394,-0.562
Colombia,1988,0.268,14.268,351.69,2.24,1.6931,0.0107,12.19,11.497,23.687,-0.247,-0.302,-0.549
Colombia,1989,-0.149,13.851,353.2,1.24,1.7045,0.0112,11.987,11.381,23.368,-0.45,-0.418,-0.868
Colombia,1990,0.258,14.258,354.45,1.2,1.7144,0.0086,11.718,11.365,23.082,-0.719,-0.434,-1.153
Colombia,1991,0.347,14.347,355.7,1.05,1.7248,0.0141,11.77,11.498,23.268,-0.667,-0.301,-0.967
Colombia,1992,0.532,14.532,356.54,0.49,1.7355,0.0024,12.122,11.374,23.496,-0.315,-0.425,-0.74
Colombia,1993,0.157,14.157,357.21,1.36,1.7365,0.0039,11.947,11.37,23.317,-0.49,-0.429,-0.919
Colombia,1994,0.162,14.162,358.96,1.96,1.7421,0.0073,12.032,11.728,23.76,-0.404,-0.072,-0.476
Colombia,1995,0.431,14.431,360.97,2.01,1.7489,0.0038,11.438,11.748,23.187,-0.998,-0.051,-1.049
Colombia,1996,0.057,14.057,362.74,1.24,1.7513,0.0025,11.848,11.743,23.592,-0.588,-0.056,-0.644
Colombia,1997,0.431,14.431,363.88,1.91,1.7545,0.0064,11.692,11.341,23.032,-0.745,-0.458,-1.203
Colombia,1998,0.848,14.848,366.84,2.97,1.7655,0.0121,11.782,11.689,23.471,-0.655,-0.11,-0.765
Colombia,1999,-0.105,13.895,368.54,0.92,1.7723,0.0024,11.713,11.712,23.426,-0.723,-0.087,-0.81
Colombia,2000,-0.144,13.856,369.71,1.62,1.7733,-0.0014,11.519,11.724,23.243,-0.917,-0.075,-0.992
Colombia,2001,0.344,14.344,371.32,1.62,1.7713,-0.0007,11.622,11.628,23.25,-0.814,-0.172,-0.986
Colombia,2002,0.567,14.567,373.45,2.51,1.7727,0.0032,11.385,11.176,22.561,-1.052,-0.623,-1.675
Colombia,2003,0.621,14.621,375.98,2.26,1.7773,0.0048,11.419,11.924,23.343,-1.017,0.125,-0.892
Colombia,2004,0.519,14.519,377.7,1.59,1.777,-0.0048,11.251,11.938,23.189,-1.186,0.139,-1.047
Colombia,2005,0.605,14.605,379.98,2.57,1.7742,0.0003,10.928,11.648,22.575,-1.509,-0.152,-1.661
Colombia,2006,0.471,14.471,382.09,1.69,1.775,0.0019,10.794,11.412,22.206,-1.642,-0.387,-2.03
Colombia,2007,0.567,14.567,384.02,2.31,1.7814,0.0078,10.498,11.637,22.135,-1.938,-0.162,-2.101
Colombia,2008,0.249,14.249,385.83,1.54,1.787,0.0065,10.99,12.213,23.203,-1.447,0.414,-1.032
Colombia,2009,0.723,14.723,387.64,2.0,1.7935,0.0047,10.956,11.999,22.955,-1.481,0.2,-1.281
Colombia,2010,0.885,14.885,390.1,2.3,1.7989,0.0051,10.734,12.058,22.792,-1.702,0.258,-1.444
Colombia,2011,0.31,14.31,391.85,1.92,1.8031,0.005,10.506,11.45,21.956,-1.931,-0.349,-2.28
Colombia,2012,0.494,14.494,394.06,2.65,1.8081,0.005,10.42,11.981,22.401,-2.017,0.182,-1.835
Colombia,2013,0.652,14.652,396.74,1.99,1.8134,0.0057,10.919,12.474,23.393,-1.517,0.675,-0.842
Colombia,2014,0.624,14.624,398.81,2.17,1.8226,0.0127,10.812,12.727,23.539,-1.624,0.928,-0.697
Colombia,2015,1.093,15.093,401.01,2.95,1.8342,0.01,10.589,12.366,22.955,-1.848,0.567,-1.281
Colombia,2016,0.941,14.941,404.41,3.03,1.8431,0.007,10.176,11.178,21.353,-2.261,-0.622,-2.882
Colombia,2017,0.625,14.625,406.76,1.9,1.8496,0.0069,10.415,10.702,21.118,-2.022,-1.097,-3.118
Colombia,2018,0.972,14.972,408.72,2.85,1.8573,0.0088,10.378,10.952,21.33,-2.058,-0.847,-2.906
Colombia,2019,1.228,15.228,411.65,2.49,1.8666,0.0096,10.225,10.83,21.055,-2.212,-0.969,-3.181
Colombia,2020,1.391,15.391,414.21,2.3,1.8787,0.0148,10.164,11.578,21.742,-2.272,-0.222,-2.494
Comoros,1979,0.046,14.046,336.84,1.83,1.5305,0.0166,12.35,11.656,24.006,-0.087,-0.143,-0.23
Comoros,1980,0.102,14.102,338.76,1.68,1.5471,0.0169,12.348,11.206,23.554,-0.088,-0.593,-0.682
Comoros,1981,-0.012,13.988,340.12,1.43,1.564,0.0169,12.147,11.387,23.533,-0.29,-0.413,-0.702
Comoros,1982,0.422,14.422,341.48,0.86,1.5809,0.0333,12.468,11.595,24.062,0.031,-0.204,-0.173
Comoros,1983,0.232,14.232,343.15,2.36,1.6142,0.0306,12.353,11.344,23.698,-0.083,-0.455,-0.538
Comoros,1984,-0.577,13.423,344.87,1.51,1.6448,0.0129,11.92,11.428,23.348,-0.517,-0.371,-0.887
Comoros,1985,-0.362,13.638,346.35,1.21,1.6573,0.0122,12.016,11.569,23.585,-0.421,-0.23,-0.651
Comoros,1986,-0.147,13.853,347.61,1.47,1.6701,0.0129,12.224,11.044,23.268,-0.212,-0.755,-0.967
Comoros,1987,0.306,14.306,349.31,2.06,1.6827,0.0114,12.268,11.405,23.673,-0.169,-0.394,-0.562
Comoros,1988,0.313,14.313,351.69,2.24,1.6931,0.0107,12.19,11.497,23.687,-0.247,-0.302,-0.549
Comoros,1989,-0.382,13.618,353.2,1.24,1.7045,0.0112,11.987,11.381,23.368,-0.45,-0.418,-0.868
Comoros,1990,0.005,14.005,354.45,1.2,1.7144,0.0086,11.718,11.365,23.082,-0.719,-0.434,-1.153
Comoros,1991,0.151,14.151,355.7,1.05,1.7248,0.0141,11.77,11.498,23.268,-0.667,-0.301,-0.967
Comoros,1992,-0.029,13.971,356.54,0.49,1.7355,0.0024,12.122,11.374,23.496,-0.315,-0.425,-0.74
Comoros,1993,0.085,14.085,357.21,1.36,1.7365,0.0039,11.947,11.37,23.317,-0.49,-0.429,-0.919
Comoros,1994,0.446,14.446,358.96,1.96,1.7421,0.0073,12.032,11.728,23.76,-0.404,-0.072,-0.476
Comoros,1995,0.327,14.327,360.97,2.01,1.7489,0.0038,11.438,11.748,23.187,-0.998,-0.051,-1.049
Comoros,1996,-0.135,13.865,362.74,1.24,1.7513,0.0025,11.848,11.743,23.592,-0.588,-0.056,-0.644
Comoros,1997,0.154,14.154,363.88,1.91,1.7545,0.0064,11.692,11.341,23.032,-0.745,-0.458,-1.203
Comoros,1998,0.619,14.619,366.84,2.97,1.7655,0.0121,11.782,11.689,23.471,-0.655,-0.11,-0.765
Comoros,1999,0.068,14.068,368.54,0.92,1.7723,0.0024,11.713,11.712,23.426,-0.723,-0.087,-0.81
Comoros,2000,0.071,14.071,369.71,1.62,1.7733,-0.0014,11.519,11.724,23.243,-0.917,-0.075,-0.992
Comoros,2001,0.22,14.22,371.32,1.62,1.7713,-0.0007,11.622,11.628,23.25,-0.814,-0.172,-0.986
Comoros,2002,0.675,14.675,373.45,2.51,1.7727,0.0032,11.385,11.176,22.561,-1.052,-0.623,-1.675
Comoros,2003,0.352,14.352,375.98,2.26,1.7773,0.0048,11.419,11.924,23.343,-1.017,0.125,-0.892
Comoros,2004,0.276,14.276,377.7,1.59,1.777,-0.0048,11.251,11.938,23.189,-1.186,0.139,-1.047
Comoros,2005,0.371,14.371,379.98,2.57,1.7742,0.0003,10.928,11.648,22.575,-1.509,-0.152,-1.661
Comoros,2006,0.177,14.177,382.09,1.69,1.775,0.0019,10.794,11.412,22.206,-1.642,-0.387,-2.03
Comoros,2007,0.509,14.509,384.02,2.31,1.7814,0.0078,10.498,11.637,22.135,-1.938,-0.162,-2.101
Comoros,2008,0.369,14.369,385.83,1.54,1.787,0.0065,10.99,12.213,23.203,-1.447,0.414,-1.032
Comoros,2009,0.74,14.74,387.64,2.0,1.7935,0.0047,10.956,11.999,22.955,-1.481,0.2,-1.281
Comoros,2010,0.982,14.982,390.1,2.3,1.7989,0.0051,10.734,12.058,22.792,-1.702,0.258,-1.444
Comoros,2011,0.618,14.618,391.85,1.92,1.8031,0.005,10.506,11.45,21.956,-1.931,-0.349,-2.28
Comoros,2012,0.581,14.581,394.06,2.65,1.8081,0.005,10.42,11.981,22.401,-2.017,0.182,-1.835
Comoros,2013,0.526,14.526,396.74,1.99,1.8134,0.0057,10.919,12.474,23.393,-1.517,0.675,-0.842
Comoros,2014,0.621,14.621,398.81,2.17,1.8226,0.0127,10.812,12.727,23.539,-1.624,0.928,-0.697
Comoros,2015,0.837,14.837,401.01,2.95,1.8342,0.01,10.589,12.366,22.955,-1.848,0.567,-1.281
Comoros,2016,0.812,14.812,404.41,3.03,1.8431,0.007,10.176,11.178,21.353,-2.261,-0.622,-2.882
Comoros,2017,1.062,15.062,406.76,1.9,1.8496,0.0069,10.415,10.702,21.118,-2.022,-1.097,-3.118
Comoros,2018,0.816,14.816,408.72,2.85,1.8573,0.0088,10.378,10.952,21.33,-2.058,-0.847,-2.906
Comoros,2019,1.408,15.408,411.65,2.49,1.8666,0.0096,10.225,10.83,21.055,-2.212,-0.969,-3.181
Comoros,2020,1.141,15.141,414.21,2.3,1.8787,0.0148,10.164,11.578,21.742,-2.272,-0.222,-2.494
Congo,1979,0.406,14.406,336.84,1.83,1.5305,0.0166,12.35,11.656,24.006,-0.087,-0.143,-0.23
Congo,1980,0.28,14.28,338.76,1.68,1.5471,0.0169,12.348,11.206,23.554,-0.088,-0.593,-0.682
Congo,1981,-0.193,13.807,340.12,1.43,1.564,0.0169,12.147,11.387,23.533,-0.29,-0.413,-0.702
Congo,1982,-0.208,13.792,341.48,0.86,1.5809,0.0333,12.468,11.595,24.062,0.031,-0.204,-0.173
Congo,1983,0.259,14.259,343.15,2.36,1.6142,0.0306,12.353,11.344,23.698,-0.083,-0.455,-0.538
Congo,1984,0.181,14.181,344.87,1.51,1.6448,0.0129,11.92,11.428,23.348,-0.517,-0.371,-0.887
Congo,1985,-0.195,13.805,346.35,1.21,1.6573,0.0122,12.016,11.569,23.585,-0.421,-0.23,-0.651
Congo,1986,0.038,14.038,347.61,1.47,1.6701,0.0129,12.224,11.044,23.268,-0.212,-0.755,-0.967
Congo,1987,0.452,14.452,349.31,2.06,1.6827,0.0114,12.268,11.405,23.673,-0.169,-0.394,-0.562
Congo,1988,0.262,14.262,351.69,2.24,1.6931,0.0107,12.19,11.497,23.687,-0.247,-0.302,-0.549
Congo,1989,-0.216,13.784,353.2,1.24,1.7045,0.0112,11.987,11.381,23.368,-0.45,-0.418,-0.868
Congo,1990,0.112,14.112,354.45,1.2,1.7144,0.0086,11.718,11.365,23.082,-0.719,-0.434,-1.153
Congo,1991,0.291,14.291,355.7,1.05,1.7248,0.0141,11.77,11.498,23.268,-0.667,-0.301,-0.967
Congo,1992,-0.152,13.848,356.54,0.49,1.7355,0.0024,12.122,11.374,23.496,-0.315,-0.425,-0.74
Congo,1993,0.061,14.061,357.21,1.36,1.7365,0.0039,11.947,11.37,23.317,-0.49,-0.429,-0.919
Congo,1994,0.36,14.36,358.96,1.96,1.7421,0.0073,12.032,11.728,23.76,-0.404,-0.072,-0.476
Congo,1995,0.601,14.601,360.97,2.01,1.7489,0.0038,11.438,11.748,23.187,-0.998,-0.051,-1.049
Congo,1996,0.078,14.078,362.74,1.24,1.7513,0.0025,11.848,11.743,23.592,-0.588,-0.056,-0.644
Congo,1997,0.5825,14.5825,363.88,1.91,1.7545,0.0064,11.692,11.341,23.032,-0.745,-0.458,-1.203
Congo,1998,1.087,15.087,366.84,2.97,1.7655,0.0121,11.782,11.689,23.471,-0.655,-0.11,-0.765
Congo,1999,0.659,14.659,368.54,0.92,1.7723,0.0024,11.713,11.712,23.426,-0.723,-0.087,-0.81
Congo,2000,0.442,14.442,369.71,1.62,1.7733,-0.0014,11.519,11.724,23.243,-0.917,-0.075,-0.992
Congo,2001,0.373,14.373,371.32,1.62,1.7713,-0.0007,11.622,11.628,23.25,-0.814,-0.172,-0.986
Congo,2002,0.767,14.767,373.45,2.51,1.7727,0.0032,11.385,11.176,22.561,-1.052,-0.623,-1.675
Congo,2003,0.868,14.868,375.98,2.26,1.7773,0.0048,11.419,11.924,23.343,-1.017,0.125,-0.892
Congo,2004,0.859,14.859,377.7,1.59,1.777,-0.0048,11.251,11.938,23.189,-1.186,0.139,-1.047
Congo,2005,0.802,14.802,379.98,2.57,1.7742,0.0003,10.928,11.648,22.575,-1.509,-0.152,-1.661
Congo,2006,0.708,14.708,382.09,1.69,1.775,0.0019,10.794,11.412,22.206,-1.642,-0.387,-2.03
Congo,2007,0.764,14.764,384.02,2.31,1.7814,0.0078,10.498,11.637,22.135,-1.938,-0.162,-2.101
Congo,2008,0.727,14.727,385.83,1.54,1.787,0.0065,10.99,12.213,23.203,-1.447,0.414,-1.032
Congo,2009,0.783,14.783,387.64,2.0,1.7935,0.0047,10.956,11.999,22.955,-1.481,0.2,-1.281
Congo,2010,1.219,15.219,390.1,2.3,1.7989,0.0051,10.734,12.058,22.792,-1.702,0.258,-1.444
Congo,2011,0.595,14.595,391.85,1.92,1.8031,0.005,10.506,11.45,21.956,-1.931,-0.349,-2.28
Congo,2012,0.606,14.606,394.06,2.65,1.8081,0.005,10.42,11.981,22.401,-2.017,0.182,-1.835
Congo,2013,0.782,14.782,396.74,1.99,1.8134,0.0057,10.919,12.474,23.393,-1.517,0.675,-0.842
Congo,2014,0.694,14.694,398.81,2.17,1.8226,0.0127,10.812,12.727,23.539,-1.624,0.928,-0.697
Congo,2015,1.02,15.02,401.01,2.95,1.8342,0.01,10.589,12.366,22.955,-1.848,0.567,-1.281
Congo,2016,1.481,15.481,404.41,3.03,1.8431,0.007,10.176,11.178,21.353,-2.261,-0.622,-2.882
Congo,2017,1.155,15.155,406.76,1.9,1.8496,0.0069,10.415,10.702,21.118,-2.022,-1.097,-3.118
Congo,2018,1.181,15.181,408.72,2.85,1.8573,0.0088,10.378,10.952,21.33,-2.058,-0.847,-2.906
Congo,2019,1.313,15.313,411.65,2.49,1.8666,0.0096,10.225,10.83,21.055,-2.212,-0.969,-3.181
Congo,2020,1.413,15.413,414.21,2.3,1.8787,0.0148,10.164,11.578,21.742,-2.272,-0.222,-2.494
Cook Islands,1979,0.168,14.168,336.84,1.83,1.5305,0.0166,12.35,11.656,24.006,-0.087,-0.143,-0.23
Cook Islands,1980,0.299,14.299,338.76,1.68,1.5471,0.0169,12.348,11.206,23.554,-0.088,-0.593,-0.682
Cook Islands,1981,0.161,14.161,340.12,1.43,1.564,0.0169,12.147,11.387,23.533,-0.29,-0.413,-0.702
Cook Islands,1982,0.112,14.112,341.48,0.86,1.5809,0.0333,12.468,11.595,24.062,0.031,-0.204,-0.173
Cook Islands,1983,0.281,14.281,343.15,2.36,1.6142,0.0306,12.353,11.344,23.698,-0.083,-0.455,-0.538
Cook Islands,1984,0.125,14.125,344.87,1.51,1.6448,0.0129,11.92,11.428,23.348,-0.517,-0.371,-0.887
Cook Islands,1985,0.143,14.143,346.35,1.21,1.6573,0.0122,12.016,11.569,23.585,-0.421,-0.23,-0.651
Cook Islands,1986,0.368,14.368,347.61,1.47,1.6701,0.0129,12.224,11.044,23.268,-0.212,-0.755,-0.967
Cook Islands,1987,0.138,14.138,349.31,2.06,1.6827,0.0114,12.268,11.405,23.673,-0.169,-0.394,-0.562
Cook Islands,1988,0.481,14.481,351.69,2.24,1.6931,0.0107,12.19,11.497,23.687,-0.247,-0.302,-0.549
Cook Islands,1989,0.277,14.277,353.2,1.24,1.7045,0.0112,11.987,11.381,23.368,-0.45,-0.418,-0.868
Cook Islands,1990,0.306,14.306,354.45,1.2,1.7144,0.0086,11.718,11.365,23.082,-0.719,-0.434,-1.153
Cook Islands,1991,0.437,14.437,355.7,1.05,1.7248,0.0141,11.77,11.498,23.268,-0.667,-0.301,-0.967
Cook Islands,1992,0.435,14.435,356.54,0.49,1.7355,0.0024,12.122,11.374,23.496,-0.315,-0.425,-0.74
Cook Islands,1993,0.193,14.193,357.21,1.36,1.7365,0.0039,11.947,11.37,23.317,-0.49,-0.429,-0.919
Cook Islands,1994,0.269,14.269,358.96,1.96,1.7421,0.0073,12.032,11.728,23.76,-0.404,-0.072,-0.476
Cook Islands,1995,0.522,14.522,360.97,2.01,1.7489,0.0038,11.438,11.748,23.187,-0.998,-0.051,-1.049
Cook Islands,1996,0.404,14.404,362.74,1.24,1.7513,0.0025,11.848,11.743,23.592,-0.588,-0.056,-0.644
Cook Islands,1997,0.266,14.266,363.88,1.91,1.7545,0.0064,11.692,11.341,23.032,-0.745,-0.458,-1.203
Cook Islands,1998,0.57,14.57,366.84,2.97,1.7655,0.0121,11.782,11.689,23.471,-0.655,-0.11,-0.765
Cook Islands,1999,0.874,14.874,368.54,0.92,1.7723,0.0024,11.713,11.712,23.426,-0.723,-0.087,-0.81
Cook Islands,2000,0.539,14.539,369.71,1.62,1.7733,-0.0014,11.519,11.724,23.243,-0.917,-0.075,-0.992
Cook Islands,2001,0.624,14.624,371.32,1.62,1.7713,-0.0007,11.622,11.628,23.25,-0.814,-0.172,-0.986
Cook Islands,2002,0.512,14.512,373.45,2.51,1.7727,0.0032,11.385,11.176,22.561,-1.052,-0.623,-1.675
Cook Islands,2003,0.467,14.467,375.98,2.26,1.7773,0.0048,11.419,11.924,23.343,-1.017,0.125,-0.892
Cook Islands,2004,0.493,14.493,377.7,1.59,1.777,-0.0048,11.251,11.938,23.189,-1.186,0.139,-1.047
Cook Islands,2005,0.365,14.365,379.98,2.57,1.7742,0.0003,10.928,11.648,22.575,-1.509,-0.152,-1.661
Cook Islands,2006,0.564,14.564,382.09,1.69,1.775,0.0019,10.794,11.412,22.206,-1.642,-0.387,-2.03
Cook Islands,2007,0.594,14.594,384.02,2.31,1.7814,0.0078,10.498,11.637,22.135,-1.938,-0.162,-2.101
Cook Islands,2008,0.458,14.458,385.83,1.54,1.787,0.0065,10.99,12.213,23.203,-1.447,0.414,-1.032
Cook Islands,2009,0.312,14.312,387.64,2.0,1.7935,0.0047,10.956,11.999,22.955,-1.481,0.2,-1.281
Cook Islands,2010,0.732,14.732,390.1,2.3,1.7989,0.0051,10.734,12.058,22.792,-1.702,0.258,-1.444
Cook Islands,2011,0.58,14.58,391.85,1.92,1.8031,0.005,10.506,11.45,21.956,-1.931,-0.349,-2.28
Cook Islands,2012,0.301,14.301,394.06,2.65,1.8081,0.005,10.42,11.981,22.401,-2.017,0.182,-1.835
Cook Islands,2013,0.508,14.508,396.74,1.99,1.8134,0.0057,10.919,12.474,23.393,-1.517,0.675,-0.842
Cook Islands,2014,0.6775,14.6775,398.81,2.17,1.8226,0.0127,10.812,12.727,23.539,-1.624,0.928,-0.697
Cook Islands,2015,0.847,14.847,401.01,2.95,1.8342,0.01,10.589,12.366,22.955,-1.848,0.567,-1.281
Cook Islands,2016,1.0165,15.0165,404.41,3.03,1.8431,0.007,10.176,11.178,21.353,-2.261,-0.622,-2.882
Cook Islands,2017,1.186,15.186,406.76,1.9,1.8496,0.0069,10.415,10.702,21.118,-2.022,-1.097,-3.118
Cook Islands,2018,0.748,14.748,408.72,2.85,1.8573,0.0088,10.378,10.952,21.33,-2.058,-0.847,-2.906
Cook Islands,2019,0.73,14.73,411.65,2.49,1.8666,0.0096,10.225,10.83,21.055,-2.212,-0.969,-3.181
Cook Islands,2020,0.784,14.784,414.21,2.3,1.8787,0.0148,10.164,11.578,21.742,-2.272,-0.222,-2.494
Costa Rica,1979,0.065,14.065,336.84,1.83,1.5305,0.0166,12.35,11.656,24.006,-0.087,-0.143,-0.23
Costa Rica,1980,0.344,14.344,338.76,1.68,1.5471,0.0169,12.348,11.206,23.554,-0.088,-0.593,-0.682
Costa Rica,1981,0.076,14.076,340.12,1.43,1.564,0.0169,12.147,11.387,23.533,-0.29,-0.413,-0.702
Costa Rica,1982,0.337,14.337,341.48,0.86,1.5809,0.0333,12.468,11.595,24.062,0.031,-0.204,-0.173
Costa Rica,1983,0.923,14.923,343.15,2.36,1.6142,0.0306,12.353,11.344,23.698,-0.083,-0.455,-0.538
Costa Rica,1984,-0.158,13.842,344.87,1.51,1.6448,0.0129,11.92,11.428,23.348,-0.517,-0.371,-0.887
Costa Rica,1985,-0.219,13.781,346.35,1.21,1.6573,0.0122,12.016,11.569,23.585,-0.421,-0.23,-0.651
Costa Rica,1986,0.151,14.151,347.61,1.47,1.6701,0.0129,12.224,11.044,23.268,-0.212,-0.755,-0.967
Costa Rica,1987,0.521,14.521,349.31,2.06,1.6827,0.0114,12.268,11.405,23.673,-0.169,-0.394,-0.562
Costa Rica,1988,0.032,14.032,351.69,2.24,1.6931,0.0107,12.19,11.497,23.687,-0.247,-0.302,-0.549
Costa Rica,1989,-0.11,13.89,353.2,1.24,1.7045,0.0112,11.987,11.381,23.368,-0.45,-0.418,-0.868
Costa Rica,1990,0.374,14.374,354.45,1.2,1.7144,0.0086,11.718,11.365,23.082,-0.719,-0.434,-1.153
Costa Rica,1991,0.461,14.461,355.7,1.05,1.7248,0.0141,11.77,11.498,23.268,-0.667,-0.301,-0.967
Costa Rica,1992,0.333,14.333,356.54,0.49,1.7355,0.0024,12.122,11.374,23.496,-0.315,-0.425,-0.74
Costa Rica,1993,0.207,14.207,357.21,1.36,1.7365,0.0039,11.947,11.37,23.317,-0.49,-0.429,-0.919
Costa Rica,1994,0.191,14.191,358.96,1.96,1.7421,0.0073,12.032,11.728,23.76,-0.404,-0.072,-0.476
Costa Rica,1995,0.271,14.271,360.97,2.01,1.7489,0.0038,11.438,11.748,23.187,-0.998,-0.051,-1.049
Costa Rica,1996,-0.194,13.806,362.74,1.24,1.7513,0.0025,11.848,11.743,23.592,-0.588,-0.056,-0.644
Costa Rica,1997,0.661,14.661,363.88,1.91,1.7545,0.0064,11.692,11.341,23.032,-0.745,-0.458,-1.203
Costa Rica,1998,0.939,14.939,366.84,2.97,1.7655,0.0121,11.782,11.689,23.471,-0.655,-0.11,-0.765
Costa Rica,1999,-0.37,13.63,368.54,0.92,1.7723,0.0024,11.713,11.712,23.426,-0.723,-0.087,-0.81
Costa Rica,2000,-0.185,13.815,369.71,1.62,1.7733,-0.0014,11.519,11.724,23.243,-0.917,-0.075,-0.992
Costa Rica,2001,0.454,14.454,371.32,1.62,1.7713,-0.0007,11.622,11.628,23.25,-0.814,-0.172,-0.986
Costa Rica,2002,0.507,14.507,373.45,2.51,1.7727,0.0032,11.385,11.176,22.561,-1.052,-0.623,-1.675
Costa Rica,2003,0.724,14.724,375.98,2.26,1.7773,0.0048,11.419,11.924,23.343,-1.017,0.125,-0.892
Costa Rica,2004,0.653,14.653,377.7,1.59,1.777,-0.0048,11.251,11.938,23.189,-1.186,0.139,-1.047
Costa Rica,2005,0.582,14.582,379.98,2.57,1.7742,0.0003,10.928,11.648,22.575,-1.509,-0.152,-1.661
Costa Rica,2006,0.52,14.52,382.09,1.69,1.775,0.0019,10.794,11.412,22.206,-1.642,-0.387,-2.03
Costa Rica,2007,0.704,14.704,384.02,2.31,1.7814,0.0078,10.498,11.637,22.135,-1.938,-0.162,-2.101
Costa Rica,2008,0.245,14.245,385.83,1.54,1.787,0.0065,10.99,12.213,23.203,-1.447,0.414,-1.032
Costa Rica,2009,0.905,14.905,387.64,2.0,1.7935,0.0047,10.956,11.999,22.955,-1.481,0.2,-1.281
Costa Rica,2010,0.968,14.968,390.1,2.3,1.7989,0.0051,10.734,12.058,22.792,-1.702,0.258,-1.444
Costa Rica,2011,0.471,14.471,391.85,1.92,1.8031,0.005,10.506,11.45,21.956,-1.931,-0.349,-2.28
Costa Rica,2012,0.264,14.264,394.06,2.65,1.8081,0.005,10.42,11.981,22.401,-2.017,0.182,-1.835
Costa Rica,2013,0.712,14.712,396.74,1.99,1.8134,0.0057,10.919,12.474,23.393,-1.517,0.675,-0.842
Costa Rica,2014,0.612,14.612,398.81,2.17,1.8226,0.0127,10.812,12.727,23.539,-1.624,0.928,-0.697
Costa Rica,2015,0.972,14.972,401.01,2.95,1.8342,0.01,10.589,12.366,22.955,-1.848,0.567,-1.281
Costa Rica,2016,0.937,14.937,404.41,3.03,1.8431,0.007,10.176,11.178,21.353,-2.261,-0.622,-2.882
Costa Rica,2017,0.731,14.731,406.76,1.9,1.8496,0.0069,10.415,10.702,21.118,-2.022,-1.097,-3.118
Costa Rica,2018,1.18,15.18,408.72,2.85,1.8573,0.0088,10.378,10.952,21.33,-2.058,-0.847,-2.906
Costa Rica,2019,1.394,15.394,411.65,2.49,1.8666,0.0096,10.225,10.83,21.055,-2.212,-0.969,-3.181
Costa Rica,2020,1.458,15.458,414.21,2.3,1.8787,0.0148,10.164,11.578,21.742,-2.272,-0.222,-2.494
Cuba,1979,0.339,14.339,336.84,1.83,1.5305,0.0166,12.35,11.656,24.006,-0.087,-0.143,-0.23
Cuba,1980,0.487,14.487,338.76,1.68,1.5471,0.0169,12.348,11.206,23.554,-0.088,-0.593,-0.682
Cuba,1981,-0.014,13.986,340.12,1.43,1.564,0.0169,12.147,11.387,23.533,-0.29,-0.413,-0.702
Cuba,1982,0.578,14.578,341.48,0.86,1.5809,0.0333,12.468,11.595,24.062,0.031,-0.204,-0.173
Cuba,1983,0.302,14.302,343.15,2.36,1.6142,0.0306,12.353,11.344,23.698,-0.083,-0.455,-0.538
Cuba,1984,0.292,14.292,344.87,1.51,1.6448,0.0129,11.92,11.428,23.348,-0.517,-0.371,-0.887
Cuba,1985,0.226,14.226,346.35,1.21,1.6573,0.0122,12.016,11.569,23.585,-0.421,-0.23,-0.651
Cuba,1986,0.354,14.354,347.61,1.47,1.6701,0.0129,12.224,11.044,23.268,-0.212,-0.755,-0.967
Cuba,1987,0.735,14.735,349.31,2.06,1.6827,0.0114,12.268,11.405,23.673,-0.169,-0.394,-0.562
Cuba,1988,0.588,14.588,351.69,2.24,1.6931,0.0107,12.19,11.497,23.687,-0.247,-0.302,-0.549
Cuba,1989,0.673,14.673,353.2,1.24,1.7045,0.0112,11.987,11.381,23.368,-0.45,-0.418,-0.868
Cuba,1990,0.836,14.836,354.45,1.2,1.7144,0.0086,11.718,11.365,23.082,-0.719,-0.434,-1.153
Cuba,1991,0.889,14.889,355.7,1.05,1.7248,0.0141,11.77,11.498,23.268,-0.667,-0.301,-0.967
Cuba,1992,0.601,14.601,356.54,0.49,1.7355,0.0024,12.122,11.374,23.496,-0.315,-0.425,-0.74
Cuba,1993,0.627,14.627,357.21,1.36,1.7365,0.0039,11.947,11.37,23.317,-0.49,-0.429,-0.919
Cuba,1994,0.997,14.997,358.96,1.96,1.7421,0.0073,12.032,11.728,23.76,-0.404,-0.072,-0.476
Cuba,1995,1.047,15.047,360.97,2.01,1.7489,0.0038,11.438,11.748,23.187,-0.998,-0.051,-1.049
Cuba,1996,0.205,14.205,362.74,1.24,1.7513,0.0025,11.848,11.743,23.592,-0.588,-0.056,-0.644
Cuba,1997,0.794,14.794,363.88,1.91,1.7545,0.0064,11.692,11.341,23.032,-0.745,-0.458,-1.203
Cuba,1998,1.022,15.022,366.84,2.97,1.7655,0.0121,11.782,11.689,23.471,-0.655,-0.11,-0.765
Cuba,1999,0.718,14.718,368.54,0.92,1.7723,0.0024,11.713,11.712,23.426,-0.723,-0.087,-0.81
Cuba,2000,0.538,14.538,369.71,1.62,1.7733,-0.0014,11.519,11.724,23.243,-0.917,-0.075,-0.992
Cuba,2001,0.521,14.521,371.32,1.62,1.7713,-0.0007,11.622,11.628,23.25,-0.814,-0.172,-0.986
Cuba,2002,0.848,14.848,373.45,2.51,1.7727,0.0032,11.385,11.176,22.561,-1.052,-0.623,-1.675
Cuba,2003,0.912,14.912,375.98,2.26,1.7773,0.0048,11.419,11.924,23.343,-1.017,0.125,-0.892
Cuba,2004,0.653,14.653,377.7,1.59,1.777,-0.0048,11.251,11.938,23.189,-1.186,0.139,-1.047
Cuba,2005,0.609,14.609,379.98,2.57,1.7742,0.0003,10.928,11.648,22.575,-1.509,-0.152,-1.661
Cuba,2006,0.742,14.742,382.09,1.69,1.775,0.0019,10.794,11.412,22.206,-1.642,-0.387,-2.03
Cuba,2007,0.769,14.769,384.02,2.31,1.7814,0.0078,10.498,11.637,22.135,-1.938,-0.162,-2.101
Cuba,2008,0.496,14.496,385.83,1.54,1.787,0.0065,10.99,12.213,23.203,-1.447,0.414,-1.032
Cuba,2009,0.842,14.842,387.64,2.0,1.7935,0.0047,10.956,11.999,22.955,-1.481,0.2,-1.281
Cuba,2010,0.53,14.53,390.1,2.3,1.7989,0.0051,10.734,12.058,22.792,-1.702,0.258,-1.444
Cuba,2011,0.394,14.394,391.85,1.92,1.8031,0.005,10.506,11.45,21.956,-1.931,-0.349,-2.28
Cuba,2012,0.455,14.455,394.06,2.65,1.8081,0.005,10.42,11.981,22.401,-2.017,0.182,-1.835
Cuba,2013,0.701,14.701,396.74,1.99,1.8134,0.0057,10.919,12.474,23.393,-1.517,0.675,-0.842
Cuba,2014,0.887,14.887,398.81,2.17,1.8226,0.0127,10.812,12.727,23.539,-1.624,0.928,-0.697
Cuba,2015,1.142,15.142,401.01,2.95,1.8342,0.01,10.589,12.366,22.955,-1.848,0.567,-1.281
Cuba,2016,1.203,15.203,404.41,3.03,1.8431,0.007,10.176,11.178,21.353,-2.261,-0.622,-2.882
Cuba,2017,1.339,15.339,406.76,1.9,1.8496,0.0069,10.415,10.702,21.118,-2.022,-1.097,-3.118
Cuba,2018,1.157,15.157,408.72,2.85,1.8573,0.0088,10.378,10.952,21.33,-2.058,-0.847,-2.906
Cuba,2019,1.601,15.601,411.65,2.49,1.8666,0.0096,10.225,10.83,21.055,-2.212,-0.969,-3.181
Cuba,2020,1.631,15.631,414.21,2.3,1.8787,0.0148,10.164,11.578,21.742,-2.272,-0.222,-2.494
Cyprus,1979,0.628,14.628,336.84,1.83,1.5305,0.0166,12.35,11.656,24.006,-0.087,-0.143,-0.23
Cyprus,1980,-0.286,13.714,338.76,1.68,1.5471,0.0169,12.348,11.206,23.554,-0.088,-0.593,-0.682
Cyprus,1981,0.108,14.108,340.12,1.43,1.564,0.0169,12.147,11.387,23.533,-0.29,-0.413,-0.702
Cyprus,1982,-0.312,13.688,341.48,0.86,1.5809,0.0333,12.468,11.595,24.062,0.031,-0.204,-0.173
Cyprus,1983,-0.785,13.215,343.15,2.36,1.6142,0.0306,12.353,11.344,23.698,-0.083,-0.455,-0.538
Cyprus,1984,0.02,14.02,344.87,1.51,1.6448,0.0129,11.92,11.428,23.348,-0.517,-0.371,-0.887
Cyprus,1985,-0.061,13.939,346.35,1.21,1.6573,0.0122,12.016,11.569,23.585,-0.421,-0.23,-0.651
Cyprus,1986,0.253,14.253,347.61,1.47,1.6701,0.0129,12.224,11.044,23.268,-0.212,-0.755,-0.967
Cyprus,1987,-0.267,13.733,349.31,2.06,1.6827,0.0114,12.268,11.405,23.673,-0.169,-0.394,-0.562
Cyprus,1988,0.038,14.038,351.69,2.24,1.6931,0.0107,12.19,11.497,23.687,-0.247,-0.302,-0.549
Cyprus,1989,0.116,14.116,353.2,1.24,1.7045,0.0112,11.987,11.381,23.368,-0.45,-0.418,-0.868
Cyprus,1990,0.09,14.09,354.45,1.2,1.7144,0.0086,11.718,11.365,23.082,-0.719,-0.434,-1.153
Cyprus,1991,0.379,14.379,355.7,1.05,1.7248,0.0141,11.77,11.498,23.268,-0.667,-0.301,-0.967
Cyprus,1992,-0.924,13.076,356.54,0.49,1.7355,0.0024,12.122,11.374,23.496,-0.315,-0.425,-0.74
Cyprus,1993,-0.423,13.577,357.21,1.36,1.7365,0.0039,11.947,11.37,23.317,-0.49,-0.429,-0.919
Cyprus,1994,1.076,15.076,358.96,1.96,1.7421,0.0073,12.032,11.728,23.76,-0.404,-0.072,-0.476
Cyprus,1995,0.095,14.095,360.97,2.01,1.7489,0.0038,11.438,11.748,23.187,-0.998,-0.051,-1.049
Cyprus,1996,0.288,14.288,362.74,1.24,1.7513,0.0025,11.848,11.743,23.592,-0.588,-0.056,-0.644
Cyprus,1997,0.037,14.037,363.88,1.91,1.7545,0.0064,11.692,11.341,23.032,-0.745,-0.458,-1.203
Cyprus,1998,0.984,14.984,366.84,2.97,1.7655,0.0121,11.782,11.689,23.471,-0.655,-0.11,-0.765
Cyprus,1999,1.118,15.118,368.54,0.92,1.7723,0.0024,11.713,11.712,23.426,-0.723,-0.087,-0.81
Cyprus,2000,0.671,14.671,369.71,1.62,1.7733,-0.0014,11.519,11.724,23.243,-0.917,-0.075,-0.992
Cyprus,2001,1.218,15.218,371.32,1.62,1.7713,-0.0007,11.622,11.628,23.25,-0.814,-0.172,-0.986
Cyprus,2002,0.888,14.888,373.45,2.51,1.7727,0.0032,11.385,11.176,22.561,-1.052,-0.623,-1.675
Cyprus,2003,0.648,14.648,375.98,2.26,1.7773,0.0048,11.419,11.924,23.343,-1.017,0.125,-0.892
Cyprus,2004,0.684,14.684,377.7,1.59,1.777,-0.0048,11.251,11.938,23.189,-1.186,0.139,-1.047
Cyprus,2005,0.414,14.414,379.98,2.57,1.7742,0.0003,10.928,11.648,22.575,-1.509,-0.152,-1.661
Cyprus,2006,0.697,14.697,382.09,1.69,1.775,0.0019,10.794,11.412,22.206,-1.642,-0.387,-2.03
Cyprus,2007,0.881,14.881,384.02,2.31,1.7814,0.0078,10.498,11.637,22.135,-1.938,-0.162,-2.101
Cyprus,2008,1.101,15.101,385.83,1.54,1.787,0.0065,10.99,12.213,23.203,-1.447,0.414,-1.032
Cyprus,2009,1.055,15.055,387.64,2.0,1.7935,0.0047,10.956,11.999,22.955,-1.481,0.2,-1.281
Cyprus,2010,2.069,16.069,390.1,2.3,1.7989,0.0051,10.734,12.058,22.792,-1.702,0.258,-1.444
Cyprus,2011,0.758,14.758,391.85,1.92,1.8031,0.005,10.506,11.45,21.956,-1.931,-0.349,-2.28
Cyprus,2012,1.008,15.008,394.06,2.65,1.8081,0.005,10.42,11.981,22.401,-2.017,0.182,-1.835
Cyprus,2013,1.279,15.279,396.74,1.99,1.8134,0.0057,10.919,12.474,23.393,-1.517,0.675,-0.842
Cyprus,2014,1.103,15.103,398.81,2.17,1.8226,0.0127,10.812,12.727,23.539,-1.624,0.928,-0.697
Cyprus,2015,1.254,15.254,401.01,2.95,1.8342,0.01,10.589,12.366,22.955,-1.848,0.567,-1.281
Cyprus,2016,1.628,15.628,404.41,3.03,1.8431,0.007,10.176,11.178,21.353,-2.261,-0.622,-2.882
Cyprus,2017,0.916,14.916,406.76,1.9,1.8496,0.0069,10.415,10.702,21.118,-2.022,-1.097,-3.118
Cyprus,2018,2.236,16.236,408.72,2.85,1.8573,0.0088,10.378,10.952,21.33,-2.058,-0.847,-2.906
Cyprus,2019,1.643,15.643,411.65,2.49,1.8666,0.0096,10.225,10.83,21.055,-2.212,-0.969,-3.181
Cyprus,2020,1.795,15.795,414.21,2.3,1.8787,0.0148,10.164,11.578,21.742,-2.272,-0.222,-2.494
Democratic People's Republic of Korea,1979,0.682,14.682,336.84,1.83,1.5305,0.0166,12.35,11.656,24.006,-0.087,-0.143,-0.23
Democratic People's Republic of Korea,1980,0.065,14.065,338.76,1.68,1.5471,0.0169,12.348,11.206,23.554,-0.088,-0.593,-0.682
Democratic People's Republic of Korea,1981,-0.54,13.46,340.12,1.43,1.564,0.0169,12.147,11.387,23.533,-0.29,-0.413,-0.702
Democratic People's Republic of Korea,1982,0.96,14.96,341.48,0.86,1.5809,0.0333,12.468,11.595,24.062,0.031,-0.204,-0.173
Democratic People's Republic of Korea,1983,0.642,14.642,343.15,2.36,1.6142,0.0306,12.353,11.344,23.698,-0.083,-0.455,-0.538
Democratic People's Republic of Korea,1984,-0.101,13.899,344.87,1.51,1.6448,0.0129,11.92,11.428,23.348,-0.517,-0.371,-0.887
Democratic People's Republic of Korea,1985,0.195,14.195,346.35,1.21,1.6573,0.0122,12.016,11.569,23.585,-0.421,-0.23,-0.651
Democratic People's Republic of Korea,1986,-0.658,13.342,347.61,1.47,1.6701,0.0129,12.224,11.044,23.268,-0.212,-0.755,-0.967
Democratic People's Republic of Korea,1987,0.279,14.279,349.31,2.06,1.6827,0.0114,12.268,11.405,23.673,-0.169,-0.394,-0.562
Democratic People's Republic of Korea,1988,0.61,14.61,351.69,2.24,1.6931,0.0107,12.19,11.497,23.687,-0.247,-0.302,-0.549
Democratic People's Republic of Korea,1989,1.269,15.269,353.2,1.24,1.7045,0.0112,11.987,11.381,23.368,-0.45,-0.418,-0.868
Democratic People's Republic of Korea,1990,1.366,15.366,354.45,1.2,1.7144,0.0086,11.718,11.365,23.082,-0.719,-0.434,-1.153
Democratic People's Republic of Korea,1991,0.628,14.628,355.7,1.05,1.7248,0.0141,11.77,11.498,23.268,-0.667,-0.301,-0.967
Democratic People's Republic of Korea,1992,0.798,14.798,356.54,0.49,1.7355,0.0024,12.122,11.374,23.496,-0.315,-0.425,-0.74
Democratic People's Republic of Korea,1993,0.601,14.601,357.21,1.36,1.7365,0.0039,11.947,11.37,23.317,-0.49,-0.429,-0.919
Democratic People's Republic of Korea,1994,1.397,15.397,358.96,1.96,1.7421,0.0073,12.032,11.728,23.76,-0.404,-0.072,-0.476
Democratic People's Republic of Korea,1995,0.739,14.739,360.97,2.01,1.7489,0.0038,11.438,11.748,23.187,-0.998,-0.051,-1.049
Democratic People's Republic of Korea,1996,0.318,14.318,362.74,1.24,1.7513,0.0025,11.848,11.743,23.592,-0.588,-0.056,-0.644
Democratic People's Republic of Korea,1997,1.033,15.033,363.88,1.91,1.7545,0.0064,11.692,11.341,23.032,-0.745,-0.458,-1.203
Democratic People's Republic of Korea,1998,1.839,15.839,366.84,2.97,1.7655,0.0121,11.782,11.689,23.471,-0.655,-0.11,-0.765
Democratic People's Republic of Korea,1999,1.44,15.44,368.54,0.92,1.7723,0.0024,11.713,11.712,23.426,-0.723,-0.087,-0.81
Democratic People's Republic of Korea,2000,0.655,14.655,369.71,1.62,1.7733,-0.0014,11.519,11.724,23.243,-0.917,-0.075,-0.992
Democratic People's Republic of Korea,2001,0.909,14.909,371.32,1.62,1.7713,-0.0007,11.622,11.628,23.25,-0.814,-0.172,-0.986
Democratic People's Republic of Korea,2002,0.913,14.913,373.45,2.51,1.7727,0.0032,11.385,11.176,22.561,-1.052,-0.623,-1.675
Democratic People's Republic of Korea,2003,1.008,15.008,375.98,2.26,1.7773,0.0048,11.419,11.924,23.343,-1.017,0.125,-0.892
Democratic People's Republic of Korea,2004,1.656,15.656,377.7,1.59,1.777,-0.0048,11.251,11.938,23.189,-1.186,0.139,-1.047
Democratic People's Republic of Korea,2005,0.947,14.947,379.98,2.57,1.7742,0.0003,10.928,11.648,22.575,-1.509,-0.152,-1.661
Democratic People's Republic of Korea,2006,0.786,14.786,382.09,1.69,1.775,0.0019,10.794,11.412,22.206,-1.642,-0.387,-2.03
Democratic People's Republic of Korea,2007,1.695,15.695,384.02,2.31,1.7814,0.0078,10.498,11.637,22.135,-1.938,-0.162,-2.101
Democratic People's Republic of Korea,2008,1.602,15.602,385.83,1.54,1.787,0.0065,10.99,12.213,23.203,-1.447,0.414,-1.032
Democratic People's Republic of Korea,2009,1.148,15.148,387.64,2.0,1.7935,0.0047,10.956,11.999,22.955,-1.481,0.2,-1.281
Democratic People's Republic of Korea,2010,0.456,14.456,390.1,2.3,1.7989,0.0051,10.734,12.058,22.792,-1.702,0.258,-1.444
Democratic People's Republic of Korea,2011,0.596,14.596,391.85,1.92,1.8031,0.005,10.506,11.45,21.956,-1.931,-0.349,-2.28
Democratic People's Republic of Korea,2012,0.495,14.495,394.06,2.65,1.8081,0.005,10.42,11.981,22.401,-2.017,0.182,-1.835
Democratic People's Republic of Korea,2013,0.375,14.375,396.74,1.99,1.8134,0.0057,10.919,12.474,23.393,-1.517,0.675,-0.842
Democratic People's Republic of Korea,2014,1.55,15.55,398.81,2.17,1.8226,0.0127,10.812,12.727,23.539,-1.624,0.928,-0.697
Democratic People's Republic of Korea,2015,1.246,15.246,401.01,2.95,1.8342,0.01,10.589,12.366,22.955,-1.848,0.567,-1.281
Democratic People's Republic of Korea,2016,1.467,15.467,404.41,3.03,1.8431,0.007,10.176,11.178,21.353,-2.261,-0.622,-2.882
Democratic People's Republic of Korea,2017,1.654,15.654,406.76,1.9,1.8496,0.0069,10.415,10.702,21.118,-2.022,-1.097,-3.118
Democratic People's Republic of Korea,2018,0.909,14.909,408.72,2.85,1.8573,0.0088,10.378,10.952,21.33,-2.058,-0.847,-2.906
Democratic People's Republic of Korea,2019,1.915,15.915,411.65,2.49,1.8666,0.0096,10.225,10.83,21.055,-2.212,-0.969,-3.181
Democratic People's Republic of Korea,2020,2.022,16.022,414.21,2.3,1.8787,0.0148,10.164,11.578,21.742,-2.272,-0.222,-2.494
Democratic Republic of the Congo,1979,0.477,14.477,336.84,1.83,1.5305,0.0166,12.35,11.656,24.006,-0.087,-0.143,-0.23
Democratic Republic of the Congo,1980,0.36,14.36,338.76,1.68,1.5471,0.0169,12.348,11.206,23.554,-0.088,-0.593,-0.682
Democratic Republic of the Congo,1981,0.122,14.122,340.12,1.43,1.564,0.0169,12.147,11.387,23.533,-0.29,-0.413,-0.702
Democratic Republic of the Congo,1982,0.13,14.13,341.48,0.86,1.5809,0.0333,12.468,11.595,24.062,0.031,-0.204,-0.173
Democratic Republic of the Congo,1983,0.458,14.458,343.15,2.36,1.6142,0.0306,12.353,11.344,23.698,-0.083,-0.455,-0.538
Democratic Republic of the Congo,1984,0.14,14.14,344.87,1.51,1.6448,0.0129,11.92,11.428,23.348,-0.517,-0.371,-0.887
Democratic Republic of the Congo,1985,0.083,14.083,346.35,1.21,1.6573,0.0122,12.016,11.569,23.585,-0.421,-0.23,-0.651
Democratic Republic of the Congo,1986,0.253,14.253,347.61,1.47,1.6701,0.0129,12.224,11.044,23.268,-0.212,-0.755,-0.967
Democratic Republic of the Congo,1987,0.553,14.553,349.31,2.06,1.6827,0.0114,12.268,11.405,23.673,-0.169,-0.394,-0.562
Democratic Republic of the Congo,1988,0.464,14.464,351.69,2.24,1.6931,0.0107,12.19,11.497,23.687,-0.247,-0.302,-0.549
Democratic Republic of the Congo,1989,-0.09,13.91,353.2,1.24,1.7045,0.0112,11.987,11.381,23.368,-0.45,-0.418,-0.868
Democratic Republic of the Congo,1990,0.211,14.211,354.45,1.2,1.7144,0.0086,11.718,11.365,23.082,-0.719,-0.434,-1.153
Democratic Republic of the Congo,1991,0.445,14.445,355.7,1.05,1.7248,0.0141,11.77,11.498,23.268,-0.667,-0.301,-0.967
Democratic Republic of the Congo,1992,-0.038,13.962,356.54,0.49,1.7355,0.0024,12.122,11.374,23.496,-0.315,-0.425,-0.74
Democratic Republic of the Congo,1993,0.212,14.212,357.21,1.36,1.7365,0.0039,11.947,11.37,23.317,-0.49,-0.429,-0.919
Democratic Republic of the Congo,1994,0.356,14.356,358.96,1.96,1.7421,0.0073,12.032,11.728,23.76,-0.404,-0.072,-0.476
Democratic Republic of the Congo,1995,0.462,14.462,360.97,2.01,1.7489,0.0038,11.438,11.748,23.187,-0.998,-0.051,-1.049
Democratic Republic of the Congo,1996,0.036,14.036,362.74,1.24,1.7513,0.0025,11.848,11.743,23.592,-0.588,-0.056,-0.644
Democratic Republic of the Congo,1997,0.747,14.747,363.88,1.91,1.7545,0.0064,11.692,11.341,23.032,-0.745,-0.458,-1.203
Democratic Republic of the Congo,1998,0.95,14.95,366.84,2.97,1.7655,0.0121,11.782,11.689,23.471,-0.655,-0.11,-0.765
Democratic Republic of the Congo,1999,0.368,14.368,368.54,0.92,1.7723,0.0024,11.713,11.712,23.426,-0.723,-0.087,-0.81
Democratic Republic of the Congo,2000,0.532,14.532,369.71,1.62,1.7733,-0.0014,11.519,11.724,23.243,-0.917,-0.075,-0.992
Democratic Republic of the Congo,2001,0.39,14.39,371.32,1.62,1.7713,-0.0007,11.622,11.628,23.25,-0.814,-0.172,-0.986
Democratic Republic of the Congo,2002,0.842,14.842,373.45,2.51,1.7727,0.0032,11.385,11.176,22.561,-1.052,-0.623,-1.675
Democratic Republic of the Congo,2003,0.882,14.882,375.98,2.26,1.7773,0.0048,11.419,11.924,23.343,-1.017,0.125,-0.892
Democratic Republic of the Congo,2004,0.915,14.915,377.7,1.59,1.777,-0.0048,11.251,11.938,23.189,-1.186,0.139,-1.047
Democratic Republic of the Congo,2005,1.081,15.081,379.98,2.57,1.7742,0.0003,10.928,11.648,22.575,-1.509,-0.152,-1.661
Democratic Republic of the Congo,2006,0.846,14.846,382.09,1.69,1.775,0.0019,10.794,11.412,22.206,-1.642,-0.387,-2.03
Democratic Republic of the Congo,2007,0.762,14.762,384.02,2.31,1.7814,0.0078,10.498,11.637,22.135,-1.938,-0.162,-2.101
Democratic Republic of the Congo,2008,0.625,14.625,385.83,1.54,1.787,0.0065,10.99,12.213,23.203,-1.447,0.414,-1.032
Democratic Republic of the Congo,2009,0.877,14.877,387.64,2.0,1.7935,0.0047,10.956,11.999,22.955,-1.481,0.2,-1.281
Democratic Republic of the Congo,2010,1.293,15.293,390.1,2.3,1.7989,0.0051,10.734,12.058,22.792,-1.702,0.258,-1.444
Democratic Republic of the Congo,2011,0.756,14.756,391.85,1.92,1.8031,0.005,10.506,11.45,21.956,-1.931,-0.349,-2.28
Democratic Republic of the Congo,2012,0.616,14.616,394.06,2.65,1.8081,0.005,10.42,11.981,22.401,-2.017,0.182,-1.835
Democratic Republic of the Congo,2013,0.912,14.912,396.74,1.99,1.8134,0.0057,10.919,12.474,23.393,-1.517,0.675,-0.842
Democratic Republic of the Congo,2014,0.86,14.86,398.81,2.17,1.8226,0.0127,10.812,12.727,23.539,-1.624,0.928,-0.697
Democratic Republic of the Congo,2015,0.966,14.966,401.01,2.95,1.8342,0.01,10.589,12.366,22.955,-1.848,0.567,-1.281
Democratic Republic of the Congo,2016,1.454,15.454,404.41,3.03,1.8431,0.007,10.176,11.178,21.353,-2.261,-0.622,-2.882
Democratic Republic of the Congo,2017,1.19,15.19,406.76,1.9,1.8496,0.0069,10.415,10.702,21.118,-2.022,-1.097,-3.118
Democratic Republic of the Congo,2018,1.34,15.34,408.72,2.85,1.8573,0.0088,10.378,10.952,21.33,-2.058,-0.847,-2.906
Democratic Republic of the Congo,2019,1.325,15.325,411.65,2.49,1.8666,0.0096,10.225,10.83,21.055,-2.212,-0.969,-3.181
Democratic Republic of the Congo,2020,1.559,15.559,414.21,2.3,1.8787,0.0148,10.164,11.578,21.742,-2.272,-0.222,-2.494
Denmark,1979,-1.193,12.807,336.84,1.83,1.5305,0.0166,12.35,11.656,24.006,-0.087,-0.143,-0.23
Denmark,1980,-0.443,13.557,338.76,1.68,1.5471,0.0169,12.348,11.206,23.554,-0.088,-0.593,-0.682
Denmark,1981,0.297,14.297,340.12,1.43,1.564,0.0169,12.147,11.387,23.533,-0.29,-0.413,-0.702
Denmark,1982,-0.001,13.999,341.48,0.86,1.5809,0.0333,12.468,11.595,24.062,0.031,-0.204,-0.173
Denmark,1983,1.058,15.058,343.15,2.36,1.6142,0.0306,12.353,11.344,23.698,-0.083,-0.455,-0.538
Denmark,1984,0.381,14.381,344.87,1.51,1.6448,0.0129,11.92,11.428,23.348,-0.517,-0.371,-0.887
Denmark,1985,-0.999,13.001,346.35,1.21,1.6573,0.0122,12.016,11.569,23.585,-0.421,-0.23,-0.651
Denmark,1986,-0.435,13.565,347.61,1.47,1.6701,0.0129,12.224,11.044,23.268,-0.212,-0.755,-0.967
Denmark,1987,-0.98,13.02,349.31,2.06,1.6827,0.0114,12.268,11.405,23.673,-0.169,-0.394,-0.562
Denmark,1988,0.924,14.924,351.69,2.24,1.6931,0.0107,12.19,11.497,23.687,-0.247,-0.302,-0.549
Denmark,1989,1.794,15.794,353.2,1.24,1.7045,0.0112,11.987,11.381,23.368,-0.45,-0.418,-0.868
Denmark,1990,1.832,15.832,354.45,1.2,1.7144,0.0086,11.718,11.365,23.082,-0.719,-0.434,-1.153
Denmark,1991,0.613,14.613,355.7,1.05,1.7248,0.0141,11.77,11.498,23.268,-0.667,-0.301,-0.967
Denmark,1992,1.447,15.447,356.54,0.49,1.7355,0.0024,12.122,11.374,23.496,-0.315,-0.425,-0.74
Denmark,1993,0.224,14.224,357.21,1.36,1.7365,0.0039,11.947,11.37,23.317,-0.49,-0.429,-0.919
Denmark,1994,0.966,14.966,358.96,1.96,1.7421,0.0073,12.032,11.728,23.76,-0.404,-0.072,-0.476
Denmark,1995,1.305,15.305,360.97,2.01,1.7489,0.0038,11.438,11.748,23.187,-0.998,-0.051,-1.049
Denmark,1996,-0.747,13.253,362.74,1.24,1.7513,0.0025,11.848,11.743,23.592,-0.588,-0.056,-0.644
Denmark,1997,0.655,14.655,363.88,1.91,1.7545,0.0064,11.692,11.341,23.032,-0.745,-0.458,-1.203
Denmark,1998,0.865,14.865,366.84,2.97,1.7655,0.0121,11.782,11.689,23.471,-0.655,-0.11,-0.765
Denmark,1999,1.335,15.335,368.54,0.92,1.7723,0.0024,11.713,11.712,23.426,-0.723,-0.087,-0.81
Denmark,2000,1.716,15.716,369.71,1.62,1.7733,-0.0014,11.519,11.724,23.243,-0.917,-0.075,-0.992
Denmark,2001,1.04,15.04,371.32,1.62,1.7713,-0.0007,11.622,11.628,23.25,-0.814,-0.172,-0.986
Denmark,2002,1.647,15.647,373.45,2.51,1.7727,0.0032,11.385,11.176,22.561,-1.052,-0.623,-1.675
Denmark,2003,0.711,14.711,375.98,2.26,1.7773,0.0048,11.419,11.924,23.343,-1.017,0.125,-0.892
Denmark,2004,1.04,15.04,377.7,1.59,1.777,-0.0048,11.251,11.938,23.189,-1.186,0.139,-1.047
Denmark,2005,1.29,15.29,379.98,2.57,1.7742,0.0003,10.928,11.648,22.575,-1.509,-0.152,-1.661
Denmark,2006,1.356,15.356,382.09,1.69,1.775,0.0019,10.794,11.412,22.206,-1.642,-0.387,-2.03
Denmark,2007,2.143,16.143,384.02,2.31,1.7814,0.0078,10.498,11.637,22.135,-1.938,-0.162,-2.101
Denmark,2008,1.866,15.866,385.83,1.54,1.787,0.0065,10.99,12.213,23.203,-1.447,0.414,-1.032
Denmark,2009,1.333,15.333,387.64,2.0,1.7935,0.0047,10.956,11.999,22.955,-1.481,0.2,-1.281
Denmark,2010,-0.185,13.815,390.1,2.3,1.7989,0.0051,10.734,12.058,22.792,-1.702,0.258,-1.444
Denmark,2011,0.693,14.693,391.85,1.92,1.8031,0.005,10.506,11.45,21.956,-1.931,-0.349,-2.28
Denmark,2012,1.15,15.15,394.06,2.65,1.8081,0.005,10.42,11.981,22.401,-2.017,0.182,-1.835
Denmark,2013,0.408,14.408,396.74,1.99,1.8134,0.0057,10.919,12.474,23.393,-1.517,0.675,-0.842
Denmark,2014,2.688,16.688,398.81,2.17,1.8226,0.0127,10.812,12.727,23.539,-1.624,0.928,-0.697
Denmark,2015,1.524,15.524,401.01,2.95,1.8342,0.01,10.589,12.366,22.955,-1.848,0.567,-1.281
Denmark,2016,1.856,15.856,404.41,3.03,1.8431,0.007,10.176,11.178,21.353,-2.261,-0.622,-2.882
Denmark,2017,1.624,15.624,406.76,1.9,1.8496,0.0069,10.415,10.702,21.118,-2.022,-1.097,-3.118
Denmark,2018,2.113,16.113,408.72,2.85,1.8573,0.0088,10.378,10.952,21.33,-2.058,-0.847,-2.906
Denmark,2019,2.186,16.186,411.65,2.49,1.8666,0.0096,10.225,10.83,21.055,-2.212,-0.969,-3.181
Denmark,2020,2.622,16.622,414.21,2.3,1.8787,0.0148,10.164,11.578,21.742,-2.272,-0.222,-2.494
Djibouti,1979,0.245,14.245,336.84,1.83,1.5305,0.0166,12.35,11.656,24.006,-0.087,-0.143,-0.23
Djibouti,1980,0.881,14.881,338.76,1.68,1.5471,0.0169,12.348,11.206,23.554,-0.088,-0.593,-0.682
Djibouti,1981,0.227,14.227,340.12,1.43,1.564,0.0169,12.147,11.387,23.533,-0.29,-0.413,-0.702
Djibouti,1982,0.311,14.311,341.48,0.86,1.5809,0.0333,12.468,11.595,24.062,0.031,-0.204,-0.173
Djibouti,1983,0.451,14.451,343.15,2.36,1.6142,0.0306,12.353,11.344,23.698,-0.083,-0.455,-0.538
Djibouti,1984,0.044,14.044,344.87,1.51,1.6448,0.0129,11.92,11.428,23.348,-0.517,-0.371,-0.887
Djibouti,1985,0.194,14.194,346.35,1.21,1.6573,0.0122,12.016,11.569,23.585,-0.421,-0.23,-0.651
Djibouti,1986,0.063,14.063,347.61,1.47,1.6701,0.0129,12.224,11.044,23.268,-0.212,-0.755,-0.967
Djibouti,1987,0.343,14.343,349.31,2.06,1.6827,0.0114,12.268,11.405,23.673,-0.169,-0.394,-0.562
Djibouti,1988,0.709,14.709,351.69,2.24,1.6931,0.0107,12.19,11.497,23.687,-0.247,-0.302,-0.549
Djibouti,1989,0.019,14.019,353.2,1.24,1.7045,0.0112,11.987,11.381,23.368,-0.45,-0.418,-0.868
Djibouti,1990,0.653,14.653,354.45,1.2,1.7144,0.0086,11.718,11.365,23.082,-0.719,-0.434,-1.153
Djibouti,1991,0.602,14.602,355.7,1.05,1.7248,0.0141,11.77,11.498,23.268,-0.667,-0.301,-0.967
Djibouti,1992,0.572,14.572,356.54,0.49,1.7355,0.0024,12.122,11.374,23.496,-0.315,-0.425,-0.74
Djibouti,1993,0.429,14.429,357.21,1.36,1.7365,0.0039,11.947,11.37,23.317,-0.49,-0.429,-0.919
Djibouti,1994,0.396,14.396,358.96,1.96,1.7421,0.0073,12.032,11.728,23.76,-0.404,-0.072,-0.476
Djibouti,1995,0.763,14.763,360.97,2.01,1.7489,0.0038,11.438,11.748,23.187,-0.998,-0.051,-1.049
Djibouti,1996,0.869,14.869,362.74,1.24,1.7513,0.0025,11.848,11.743,23.592,-0.588,-0.056,-0.644
Djibouti,1997,0.763,14.763,363.88,1.91,1.7545,0.0064,11.692,11.341,23.032,-0.745,-0.458,-1.203
Djibouti,1998,1.067,15.067,366.84,2.97,1.7655,0.0121,11.782,11.689,23.471,-0.655,-0.11,-0.765
Djibouti,1999,0.528,14.528,368.54,0.92,1.7723,0.0024,11.713,11.712,23.426,-0.723,-0.087,-0.81
Djibouti,2000,0.943,14.943,369.71,1.62,1.7733,-0.0014,11.519,11.724,23.243,-0.917,-0.075,-0.992
Djibouti,2001,0.893,14.893,371.32,1.62,1.7713,-0.0007,11.622,11.628,23.25,-0.814,-0.172,-0.986
Djibouti,2002,1.472,15.472,373.45,2.51,1.7727,0.0032,11.385,11.176,22.561,-1.052,-0.623,-1.675
Djibouti,2003,1.312,15.312,375.98,2.26,1.7773,0.0048,11.419,11.924,23.343,-1.017,0.125,-0.892
Djibouti,2004,1.03,15.03,377.7,1.59,1.777,-0.0048,11.251,11.938,23.189,-1.186,0.139,-1.047
Djibouti,2005,1.291,15.291,379.98,2.57,1.7742,0.0003,10.928,11.648,22.575,-1.509,-0.152,-1.661
Djibouti,2006,0.977,14.977,382.09,1.69,1.775,0.0019,10.794,11.412,22.206,-1.642,-0.387,-2.03
Djibouti,2007,0.953,14.953,384.02,2.31,1.7814,0.0078,10.498,11.637,22.135,-1.938,-0.162,-2.101
Djibouti,2008,0.389,14.389,385.83,1.54,1.787,0.0065,10.99,12.213,23.203,-1.447,0.414,-1.032
Djibouti,2009,1.58,15.58,387.64,2.0,1.7935,0.0047,10.956,11.999,22.955,-1.481,0.2,-1.281
Djibouti,2010,1.113,15.113,390.1,2.3,1.7989,0.0051,10.734,12.058,22.792,-1.702,0.258,-1.444
Djibouti,2011,0.984,14.984,391.85,1.92,1.8031,0.005,10.506,11.45,21.956,-1.931,-0.349,-2.28
Djibouti,2012,1.1385,15.1385,394.06,2.65,1.8081,0.005,10.42,11.981,22.401,-2.017,0.182,-1.835
Djibouti,2013,1.293,15.293,396.74,1.99,1.8134,0.0057,10.919,12.474,23.393,-1.517,0.675,-0.842
Djibouti,2014,1.153,15.153,398.81,2.17,1.8226,0.0127,10.812,12.727,23.539,-1.624,0.928,-0.697
Djibouti,2015,1.638,15.638,401.01,2.95,1.8342,0.01,10.589,12.366,22.955,-1.848,0.567,-1.281
Djibouti,2016,1.401,15.401,404.41,3.03,1.8431,0.007,10.176,11.178,21.353,-2.261,-0.622,-2.882
Djibouti,2017,1.676,15.676,406.76,1.9,1.8496,0.0069,10.415,10.702,21.118,-2.022,-1.097,-3.118
Djibouti,2018,1.024,15.024,408.72,2.85,1.8573,0.0088,10.378,10.952,21.33,-2.058,-0.847,-2.906
Djibouti,2019,1.255,15.255,411.65,2.49,1.8666,0.0096,10.225,10.83,21.055,-2.212,-0.969,-3.181
Djibouti,2020,1.255,15.255,414.21,2.3,1.8787,0.0148,10.164,11.578,21.742,-2.272,-0.222,-2.494
Dominica,1979,0.22,14.22,336.84,1.83,1.5305,0.0166,12.35,11.656,24.006,-0.087,-0.143,-0.23
Dominica,1980,0.409,14.409,338.76,1.68,1.5471,0.0169,12.348,11.206,23.554,-0.088,-0.593,-0.682
Dominica,1981,0.459,14.459,340.12,1.43,1.564,0.0169,12.147,11.387,23.533,-0.29,-0.413,-0.702
Dominica,1982,0.135,14.135,341.48,0.86,1.5809,0.0333,12.468,11.595,24.062,0.031,-0.204,-0.173
Dominica,1983,0.468,14.468,343.15,2.36,1.6142,0.0306,12.353,11.344,23.698,-0.083,-0.455,-0.538
Dominica,1984,-0.035,13.965,344.87,1.51,1.6448,0.0129,11.92,11.428,23.348,-0.517,-0.371,-0.887
Dominica,1985,-0.059,13.941,346.35,1.21,1.6573,0.0122,12.016,11.569,23.585,-0.421,-0.23,-0.651
Dominica,1986,-0.005,13.995,347.61,1.47,1.6701,0.0129,12.224,11.044,23.268,-0.212,-0.755,-0.967
Dominica,1987,0.565,14.565,349.31,2.06,1.6827,0.0114,12.268,11.405,23.673,-0.169,-0.394,-0.562
Dominica,1988,0.361,14.361,351.69,2.24,1.6931,0.0107,12.19,11.497,23.687,-0.247,-0.302,-0.549
Dominica,1989,-0.134,13.866,353.2,1.24,1.7045,0.0112,11.987,11.381,23.368,-0.45,-0.418,-0.868
Dominica,1990,0.246,14.246,354.45,1.2,1.7144,0.0086,11.718,11.365,23.082,-0.719,-0.434,-1.153
Dominica,1991,0.321,14.321,355.7,1.05,1.7248,0.0141,11.77,11.498,23.268,-0.667,-0.301,-0.967
Dominica,1992,0.262,14.262,356.54,0.49,1.7355,0.0024,12.122,11.374,23.496,-0.315,-0.425,-0.74
Dominica,1993,0.388,14.388,357.21,1.36,1.7365,0.0039,11.947,11.37,23.317,-0.49,-0.429,-0.919
Dominica,1994,0.481,14.481,358.96,1.96,1.7421,0.0073,12.032,11.728,23.76,-0.404,-0.072,-0.476
Dominica,1995,0.591,14.591,360.97,2.01,1.7489,0.0038,11.438,11.748,23.187,-0.998,-0.051,-1.049
Dominica,1996,0.365,14.365,362.74,1.24,1.7513,0.0025,11.848,11.743,23.592,-0.588,-0.056,-0.644
Dominica,1997,0.558,14.558,363.88,1.91,1.7545,0.0064,11.692,11.341,23.032,-0.745,-0.458,-1.203
Dominica,1998,0.98,14.98,366.84,2.97,1.7655,0.0121,11.782,11.689,23.471,-0.655,-0.11,-0.765
Dominica,1999,0.408,14.408,368.54,0.92,1.7723,0.0024,11.713,11.712,23.426,-0.723,-0.087,-0.81
Dominica,2000,0.149,14.149,369.71,1.62,1.7733,-0.0014,11.519,11.724,23.243,-0.917,-0.075,-0.992
Dominica,2001,0.395,14.395,371.32,1.62,1.7713,-0.0007,11.622,11.628,23.25,-0.814,-0.172,-0.986
Dominica,2002,0.522,14.522,373.45,2.51,1.7727,0.0032,11.385,11.176,22.561,-1.052,-0.623,-1.675
Dominica,2003,0.609,14.609,375.98,2.26,1.7773,0.0048,11.419,11.924,23.343,-1.017,0.125,-0.892
Dominica,2004,0.314,14.314,377.7,1.59,1.777,-0.0048,11.251,11.938,23.189,-1.186,0.139,-1.047
Dominica,2005,0.638,14.638,379.98,2.57,1.7742,0.0003,10.928,11.648,22.575,-1.509,-0.152,-1.661
Dominica,2006,0.531,14.531,382.09,1.69,1.775,0.0019,10.794,11.412,22.206,-1.642,-0.387,-2.03
Dominica,2007,0.65,14.65,384.02,2.31,1.7814,0.0078,10.498,11.637,22.135,-1.938,-0.162,-2.101
Dominica,2008,0.169,14.169,385.83,1.54,1.787,0.0065,10.99,12.213,23.203,-1.447,0.414,-1.032
Dominica,2009,0.367,14.367,387.64,2.0,1.7935,0.0047,10.956,11.999,22.955,-1.481,0.2,-1.281
Dominica,2010,1.033,15.033,390.1,2.3,1.7989,0.0051,10.734,12.058,22.792,-1.702,0.258,-1.444
Dominica,2011,0.425,14.425,391.85,1.92,1.8031,0.005,10.506,11.45,21.956,-1.931,-0.349,-2.28
Dominica,2012,0.526,14.526,394.06,2.65,1.8081,0.005,10.42,11.981,22.401,-2.017,0.182,-1.835
Dominica,2013,0.519,14.519,396.74,1.99,1.8134,0.0057,10.919,12.474,23.393,-1.517,0.675,-0.842
Dominica,2014,0.475,14.475,398.81,2.17,1.8226,0.0127,10.812,12.727,23.539,-1.624,0.928,-0.697
Dominica,2015,0.712,14.712,401.01,2.95,1.8342,0.01,10.589,12.366,22.955,-1.848,0.567,-1.281
Dominica,2016,0.864,14.864,404.41,3.03,1.8431,0.007,10.176,11.178,21.353,-2.261,-0.622,-2.882
Dominica,2017,0.621,14.621,406.76,1.9,1.8496,0.0069,10.415,10.702,21.118,-2.022,-1.097,-3.118
Dominica,2018,0.421,14.421,408.72,2.85,1.8573,0.0088,10.378,10.952,21.33,-2.058,-0.847,-2.906
Dominica,2019,0.579,14.579,411.65,2.49,1.8666,0.0096,10.225,10.83,21.055,-2.212,-0.969,-3.181
Dominica,2020,0.87,14.87,414.21,2.3,1.8787,0.0148,10.164,11.578,21.742,-2.272,-0.222,-2.494
Dominican Republic,1979,0.201,14.201,336.84,1.83,1.5305,0.0166,12.35,11.656,24.006,-0.087,-0.143,-0.23
Dominican Republic,1980,0.653,14.653,338.76,1.68,1.5471,0.0169,12.348,11.206,23.554,-0.088,-0.593,-0.682
Dominican Republic,1981,0.483,14.483,340.12,1.43,1.564,0.0169,12.147,11.387,23.533,-0.29,-0.413,-0.702
Dominican Republic,1982,0.291,14.291,341.48,0.86,1.5809,0.0333,12.468,11.595,24.062,0.031,-0.204,-0.173
Dominican Republic,1983,0.628,14.628,343.15,2.36,1.6142,0.0306,12.353,11.344,23.698,-0.083,-0.455,-0.538
Dominican Republic,1984,0.19,14.19,344.87,1.51,1.6448,0.0129,11.92,11.428,23.348,-0.517,-0.371,-0.887
Dominican Republic,1985,0.034,14.034,346.35,1.21,1.6573,0.0122,12.016,11.569,23.585,-0.421,-0.23,-0.651
Dominican Republic,1986,0.14,14.14,347.61,1.47,1.6701,0.0129,12.224,11.044,23.268,-0.212,-0.755,-0.967
Dominican Republic,1987,0.667,14.667,349.31,2.06,1.6827,0.0114,12.268,11.405,23.673,-0.169,-0.394,-0.562
Dominican Republic,1988,0.426,14.426,351.69,2.24,1.6931,0.0107,12.19,11.497,23.687,-0.247,-0.302,-0.549
Dominican Republic,1989,0.069,14.069,353.2,1.24,1.7045,0.0112,11.987,11.381,23.368,-0.45,-0.418,-0.868
Dominican Republic,1990,0.482,14.482,354.45,1.2,1.7144,0.0086,11.718,11.365,23.082,-0.719,-0.434,-1.153
Dominican Republic,1991,0.32,14.32,355.7,1.05,1.7248,0.0141,11.77,11.498,23.268,-0.667,-0.301,-0.967
Dominican Republic,1992,0.153,14.153,356.54,0.49,1.7355,0.0024,12.122,11.374,23.496,-0.315,-0.425,-0.74
Dominican Republic,1993,0.28,14.28,357.21,1.36,1.7365,0.0039,11.947,11.37,23.317,-0.49,-0.429,-0.919
Dominican Republic,1994,0.7,14.7,358.96,1.96,1.7421,0.0073,12.032,11.728,23.76,-0.404,-0.072,-0.476
Dominican Republic,1995,0.786,14.786,360.97,2.01,1.7489,0.0038,11.438,11.748,23.187,-0.998,-0.051,-1.049
Dominican Republic,1996,0.553,14.553,362.74,1.24,1.7513,0.0025,11.848,11.743,23.592,-0.588,-0.056,-0.644
Dominican Republic,1997,0.819,14.819,363.88,1.91,1.7545,0.0064,11.692,11.341,23.032,-0.745,-0.458,-1.203
Dominican Republic,1998,1.216,15.216,366.84,2.97,1.7655,0.0121,11.782,11.689,23.471,-0.655,-0.11,-0.765
Dominican Republic,1999,0.743,14.743,368.54,0.92,1.7723,0.0024,11.713,11.712,23.426,-0.723,-0.087,-0.81
Dominican Republic,2000,0.498,14.498,369.71,1.62,1.7733,-0.0014,11.519,11.724,23.243,-0.917,-0.075,-0.992
Dominican Republic,2001,0.795,14.795,371.32,1.62,1.7713,-0.0007,11.622,11.628,23.25,-0.814,-0.172,-0.986
Dominican Republic,2002,0.871,14.871,373.45,2.51,1.7727,0.0032,11.385,11.176,22.561,-1.052,-0.623,-1.675
Dominican Republic,2003,1.054,15.054,375.98,2.26,1.7773,0.0048,11.419,11.924,23.343,-1.017,0.125,-0.892
Dominican Republic,2004,0.641,14.641,377.7,1.59,1.777,-0.0048,11.251,11.938,23.189,-1.186,0.139,-1.047
Dominican Republic,2005,0.829,14.829,379.98,2.57,1.7742,0.0003,10.928,11.648,22.575,-1.509,-0.152,-1.661
Dominican Republic,2006,0.839,14.839,382.09,1.69,1.775,0.0019,10.794,11.412,22.206,-1.642,-0.387,-2.03
Dominican Republic,2007,1.022,15.022,384.02,2.31,1.7814,0.0078,10.498,11.637,22.135,-1.938,-0.162,-2.101
Dominican Republic,2008,0.482,14.482,385.83,1.54,1.787,0.0065,10.99,12.213,23.203,-1.447,0.414,-1.032
Dominican Republic,2009,0.622,14.622,387.64,2.0,1.7935,0.0047,10.956,11.999,22.955,-1.481,0.2,-1.281
Dominican Republic,2010,1.144,15.144,390.1,2.3,1.7989,0.0051,10.734,12.058,22.792,-1.702,0.258,-1.444
Dominican Republic,2011,0.469,14.469,391.85,1.92,1.8031,0.005,10.506,11.45,21.956,-1.931,-0.349,-2.28
Dominican Republic,2012,0.713,14.713,394.06,2.65,1.8081,0.005,10.42,11.981,22.401,-2.017,0.182,-1.835
Dominican Republic,2013,0.973,14.973,396.74,1.99,1.8134,0.0057,10.919,12.474,23.393,-1.517,0.675,-0.842
Dominican Republic,2014,0.984,14.984,398.81,2.17,1.8226,0.0127,10.812,12.727,23.539,-1.624,0.928,-0.697
Dominican Republic,2015,1.192,15.192,401.01,2.95,1.8342,0.01,10.589,12.366,22.955,-1.848,0.567,-1.281
Dominican Republic,2016,1.11,15.11,404.41,3.03,1.8431,0.007,10.176,11.178,21.353,-2.261,-0.622,-2.882
Dominican Republic,2017,0.851,14.851,406.76,1.9,1.8496,0.0069,10.415,10.702,21.118,-2.022,-1.097,-3.118
Dominican Republic,2018,0.97,14.97,408.72,2.85,1.8573,0.0088,10.378,10.952,21.33,-2.058,-0.847,-2.906
Dominican Republic,2019,1.115,15.115,411.65,2.49,1.8666,0.0096,10.225,10.83,21.055,-2.212,-0.969,-3.181
Dominican Republic,2020,1.333,15.333,414.21,2.3,1.8787,0.0148,10.164,11.578,21.742,-2.272,-0.222,-2.494
Ecuador,1979,0.444,14.444,336.84,1.83,1.5305,0.0166,12.35,11.656,24.006,-0.087,-0.143,-0.23
Ecuador,1980,0.428,14.428,338.76,1.68,1.5471,0.0169,12.348,11.206,23.554,-0.088,-0.593,-0.682
Ecuador,1981,-0.019,13.981,340.12,1.43,1.564,0.0169,12.147,11.387,23.533,-0.29,-0.413,-0.702
Ecuador,1982,0.507,14.507,341.48,0.86,1.5809,0.0333,12.468,11.595,24.062,0.031,-0.204,-0.173
Ecuador,1983,1.161,15.161,343.15,2.36,1.6142,0.0306,12.353,11.344,23.698,-0.083,-0.455,-0.538
Ecuador,1984,-0.105,13.895,344.87,1.51,1.6448,0.0129,11.92,11.428,23.348,-0.517,-0.371,-0.887
Ecuador,1985,-0.244,13.756,346.35,1.21,1.6573,0.0122,12.016,11.569,23.585,-0.421,-0.23,-0.651
Ecuador,1986,0.029,14.029,347.61,1.47,1.6701,0.0129,12.224,11.044,23.268,-0.212,-0.755,-0.967
Ecuador,1987,0.917,14.917,349.31,2.06,1.6827,0.0114,12.268,11.405,23.673,-0.169,-0.394,-0.562
Ecuador,1988,0.236,14.236,351.69,2.24,1.6931,0.0107,12.19,11.497,23.687,-0.247,-0.302,-0.549
Ecuador,1989,-0.067,13.933,353.2,1.24,1.7045,0.0112,11.987,11.381,23.368,-0.45,-0.418,-0.868
Ecuador,1990,0.483,14.483,354.45,1.2,1.7144,0.0086,11.718,11.365,23.082,-0.719,-0.434,-1.153
Ecuador,1991,0.472,14.472,355.7,1.05,1.7248,0.0141,11.77,11.498,23.268,-0.667,-0.301,-0.967
Ecuador,1992,0.791,14.791,356.54,0.49,1.7355,0.0024,12.122,11.374,23.496,-0.315,-0.425,-0.74
Ecuador,1993,0.517,14.517,357.21,1.36,1.7365,0.0039,11.947,11.37,23.317,-0.49,-0.429,-0.919
Ecuador,1994,0.273,14.273,358.96,1.96,1.7421,0.0073,12.032,11.728,23.76,-0.404,-0.072,-0.476
Ecuador,1995,0.694,14.694,360.97,2.01,1.7489,0.0038,11.438,11.748,23.187,-0.998,-0.051,-1.049
Ecuador,1996,0.029,14.029,362.74,1.24,1.7513,0.0025,11.848,11.743,23.592,-0.588,-0.056,-0.644
Ecuador,1997,1.002,15.002,363.88,1.91,1.7545,0.0064,11.692,11.341,23.032,-0.745,-0.458,-1.203
Ecuador,1998,1.185,15.185,366.84,2.97,1.7655,0.0121,11.782,11.689,23.471,-0.655,-0.11,-0.765
Ecuador,1999,0.189,14.189,368.54,0.92,1.7723,0.0024,11.713,11.712,23.426,-0.723,-0.087,-0.81
Ecuador,2000,0.215,14.215,369.71,1.62,1.7733,-0.0014,11.519,11.724,23.243,-0.917,-0.075,-0.992
Ecuador,2001,0.428,14.428,371.32,1.62,1.7713,-0.0007,11.622,11.628,23.25,-0.814,-0.172,-0.986
Ecuador,2002,0.727,14.727,373.45,2.51,1.7727,0.0032,11.385,11.176,22.561,-1.052,-0.623,-1.675
Ecuador,2003,0.756,14.756,375.98,2.26,1.7773,0.0048,11.419,11.924,23.343,-1.017,0.125,-0.892
Ecuador,2004,0.718,14.718,377.7,1.59,1.777,-0.0048,11.251,11.938,23.189,-1.186,0.139,-1.047
Ecuador,2005,0.708,14.708,379.98,2.57,1.7742,0.0003,10.928,11.648,22.575,-1.509,-0.152,-1.661
Ecuador,2006,0.68,14.68,382.09,1.69,1.775,0.0019,10.794,11.412,22.206,-1.642,-0.387,-2.03
Ecuador,2007,0.684,14.684,384.02,2.31,1.7814,0.0078,10.498,11.637,22.135,-1.938,-0.162,-2.101
Ecuador,2008,0.542,14.542,385.83,1.54,1.787,0.0065,10.99,12.213,23.203,-1.447,0.414,-1.032
Ecuador,2009,0.795,14.795,387.64,2.0,1.7935,0.0047,10.956,11.999,22.955,-1.481,0.2,-1.281
Ecuador,2010,0.652,14.652,390.1,2.3,1.7989,0.0051,10.734,12.058,22.792,-1.702,0.258,-1.444
Ecuador,2011,0.542,14.542,391.85,1.92,1.8031,0.005,10.506,11.45,21.956,-1.931,-0.349,-2.28
Ecuador,2012,0.554,14.554,394.06,2.65,1.8081,0.005,10.42,11.981,22.401,-2.017,0.182,-1.835
Ecuador,2013,0.335,14.335,396.74,1.99,1.8134,0.0057,10.919,12.474,23.393,-1.517,0.675,-0.842
Ecuador,2014,0.962,14.962,398.81,2.17,1.8226,0.0127,10.812,12.727,23.539,-1.624,0.928,-0.697
Ecuador,2015,1.403,15.403,401.01,2.95,1.8342,0.01,10.589,12.366,22.955,-1.848,0.567,-1.281
Ecuador,2016,1.39,15.39,404.41,3.03,1.8431,0.007,10.176,11.178,21.353,-2.261,-0.622,-2.882
Ecuador,2017,0.963,14.963,406.76,1.9,1.8496,0.0069,10.415,10.702,21.118,-2.022,-1.097,-3.118
Ecuador,2018,0.966,14.966,408.72,2.85,1.8573,0.0088,10.378,10.952,21.33,-2.058,-0.847,-2.906
Ecuador,2019,1.174,15.174,411.65,2.49,1.8666,0.0096,10.225,10.83,21.055,-2.212,-0.969,-3.181
Ecuador,2020,1.214,15.214,414.21,2.3,1.8787,0.0148,10.164,11.578,21.742,-2.272,-0.222,-2.494
Egypt,1979,0.589,14.589,336.84,1.83,1.5305,0.0166,12.35,11.656,24.006,-0.087,-0.143,-0.23
Egypt,1980,-0.087,13.913,338.76,1.68,1.5471,0.0169,12.348,11.206,23.554,-0.088,-0.593,-0.682
Egypt,1981,-0.234,13.766,340.12,1.43,1.564,0.0169,12.147,11.387,23.533,-0.29,-0.413,-0.702
Egypt,1982,-0.319,13.681,341.48,0.86,1.5809,0.0333,12.468,11.595,24.062,0.031,-0.204,-0.173
Egypt,1983,-1.026,12.974,343.15,2.36,1.6142,0.0306,12.353,11.344,23.698,-0.083,-0.455,-0.538
Egypt,1984,-0.161,13.839,344.87,1.51,1.6448,0.0129,11.92,11.428,23.348,-0.517,-0.371,-0.887
Egypt,1985,0.284,14.284,346.35,1.21,1.6573,0.0122,12.016,11.569,23.585,-0.421,-0.23,-0.651
Egypt,1986,0.165,14.165,347.61,1.47,1.6701,0.0129,12.224,11.044,23.268,-0.212,-0.755,-0.967
Egypt,1987,-0.293,13.707,349.31,2.06,1.6827,0.0114,12.268,11.405,23.673,-0.169,-0.394,-0.562
Egypt,1988,0.27,14.27,351.69,2.24,1.6931,0.0107,12.19,11.497,23.687,-0.247,-0.302,-0.549
Egypt,1989,-0.13,13.87,353.2,1.24,1.7045,0.0112,11.987,11.381,23.368,-0.45,-0.418,-0.868
Egypt,1990,-0.063,13.937,354.45,1.2,1.7144,0.0086,11.718,11.365,23.082,-0.719,-0.434,-1.153
Egypt,1991,0.438,14.438,355.7,1.05,1.7248,0.0141,11.77,11.498,23.268,-0.667,-0.301,-0.967
Egypt,1992,-0.576,13.424,356.54,0.49,1.7355,0.0024,12.122,11.374,23.496,-0.315,-0.425,-0.74
Egypt,1993,0.025,14.025,357.21,1.36,1.7365,0.0039,11.947,11.37,23.317,-0.49,-0.429,-0.919
Egypt,1994,0.62,14.62,358.96,1.96,1.7421,0.0073,12.032,11.728,23.76,-0.404,-0.072,-0.476
Egypt,1995,0.156,14.156,360.97,2.01,1.7489,0.0038,11.438,11.748,23.187,-0.998,-0.051,-1.049
Egypt,1996,0.391,14.391,362.74,1.24,1.7513,0.0025,11.848,11.743,23.592,-0.588,-0.056,-0.644
Egypt,1997,0.022,14.022,363.88,1.91,1.7545,0.0064,11.692,11.341,23.032,-0.745,-0.458,-1.203
Egypt,1998,0.748,14.748,366.84,2.97,1.7655,0.0121,11.782,11.689,23.471,-0.655,-0.11,-0.765
Egypt,1999,0.851,14.851,368.54,0.92,1.7723,0.0024,11.713,11.712,23.426,-0.723,-0.087,-0.81
Egypt,2000,0.082,14.082,369.71,1.62,1.7733,-0.0014,11.519,11.724,23.243,-0.917,-0.075,-0.992
Egypt,2001,0.722,14.722,371.32,1.62,1.7713,-0.0007,11.622,11.628,23.25,-0.814,-0.172,-0.986
Egypt,2002,0.838,14.838,373.45,2.51,1.7727,0.0032,11.385,11.176,22.561,-1.052,-0.623,-1.675
Egypt,2003,0.73,14.73,375.98,2.26,1.7773,0.0048,11.419,11.924,23.343,-1.017,0.125,-0.892
Egypt,2004,0.643,14.643,377.7,1.59,1.777,-0.0048,11.251,11.938,23.189,-1.186,0.139,-1.047
Egypt,2005,0.517,14.517,379.98,2.57,1.7742,0.0003,10.928,11.648,22.575,-1.509,-0.152,-1.661
Egypt,2006,0.745,14.745,382.09,1.69,1.775,0.0019,10.794,11.412,22.206,-1.642,-0.387,-2.03
Egypt,2007,0.623,14.623,384.02,2.31,1.7814,0.0078,10.498,11.637,22.135,-1.938,-0.162,-2.101
Egypt,2008,0.953,14.953,385.83,1.54,1.787,0.0065,10.99,12.213,23.203,-1.447,0.414,-1.032
Egypt,2009,0.954,14.954,387.64,2.0,1.7935,0.0047,10.956,11.999,22.955,-1.481,0.2,-1.281
Egypt,2010,2.348,16.348,390.1,2.3,1.7989,0.0051,10.734,12.058,22.792,-1.702,0.258,-1.444
Egypt,2011,0.653,14.653,391.85,1.92,1.8031,0.005,10.506,11.45,21.956,-1.931,-0.349,-2.28
Egypt,2012,0.952,14.952,394.06,2.65,1.8081,0.005,10.42,11.981,22.401,-2.017,0.182,-1.835
Egypt,2013,1.069,15.069,396.74,1.99,1.8134,0.0057,10.919,12.474,23.393,-1.517,0.675,-0.842
Egypt,2014,1.263,15.263,398.81,2.17,1.8226,0.0127,10.812,12.727,23.539,-1.624,0.928,-0.697
Egypt,2015,1.219,15.219,401.01,2.95,1.8342,0.01,10.589,12.366,22.955,-1.848,0.567,-1.281
Egypt,2016,1.38,15.38,404.41,3.03,1.8431,0.007,10.176,11.178,21.353,-2.261,-0.622,-2.882
Egypt,2017,0.626,14.626,406.76,1.9,1.8496,0.0069,10.415,10.702,21.118,-2.022,-1.097,-3.118
Egypt,2018,2.053,16.053,408.72,2.85,1.8573,0.0088,10.378,10.952,21.33,-2.058,-0.847,-2.906
Egypt,2019,1.058,15.058,411.65,2.49,1.8666,0.0096,10.225,10.83,21.055,-2.212,-0.969,-3.181
Egypt,2020,1.091,15.091,414.21,2.3,1.8787,0.0148,10.164,11.578,21.742,-2.272,-0.222,-2.494
El Salvador,1979,0.403,14.403,336.84,1.83,1.5305,0.0166,12.35,11.656,24.006,-0.087,-0.143,-0.23
El Salvador,1980,0.388,14.388,338.76,1.68,1.5471,0.0169,12.348,11.206,23.554,-0.088,-0.593,-0.682
El Salvador,1981,0.056,14.056,340.12,1.43,1.564,0.0169,12.147,11.387,23.533,-0.29,-0.413,-0.702
El Salvador,1982,0.394,14.394,341.48,0.86,1.5809,0.0333,12.468,11.595,24.062,0.031,-0.204,-0.173
El Salvador,1983,0.742,14.742,343.15,2.36,1.6142,0.0306,12.353,11.344,23.698,-0.083,-0.455,-0.538
El Salvador,1984,0.085,14.085,344.87,1.51,1.6448,0.0129,11.92,11.428,23.348,-0.517,-0.371,-0.887
El Salvador,1985,0.164,14.164,346.35,1.21,1.6573,0.0122,12.016,11.569,23.585,-0.421,-0.23,-0.651
El Salvador,1986,0.25,14.25,347.61,1.47,1.6701,0.0129,12.224,11.044,23.268,-0.212,-0.755,-0.967
El Salvador,1987,0.698,14.698,349.31,2.06,1.6827,0.0114,12.268,11.405,23.673,-0.169,-0.394,-0.562
El Salvador,1988,0.494,14.494,351.69,2.24,1.6931,0.0107,12.19,11.497,23.687,-0.247,-0.302,-0.549
El Salvador,1989,0.285,14.285,353.2,1.24,1.7045,0.0112,11.987,11.381,23.368,-0.45,-0.418,-0.868
El Salvador,1990,0.578,14.578,354.45,1.2,1.7144,0.0086,11.718,11.365,23.082,-0.719,-0.434,-1.153
El Salvador,1991,0.564,14.564,355.7,1.05,1.7248,0.0141,11.77,11.498,23.268,-0.667,-0.301,-0.967
El Salvador,1992,0.542,14.542,356.54,0.49,1.7355,0.0024,12.122,11.374,23.496,-0.315,-0.425,-0.74
El Salvador,1993,0.288,14.288,357.21,1.36,1.7365,0.0039,11.947,11.37,23.317,-0.49,-0.429,-0.919
El Salvador,1994,0.715,14.715,358.96,1.96,1.7421,0.0073,12.032,11.728,23.76,-0.404,-0.072,-0.476
El Salvador,1995,0.636,14.636,360.97,2.01,1.7489,0.0038,11.438,11.748,23.187,-0.998,-0.051,-1.049
El Salvador,1996,0.183,14.183,362.74,1.24,1.7513,0.0025,11.848,11.743,23.592,-0.588,-0.056,-0.644
El Salvador,1997,0.859,14.859,363.88,1.91,1.7545,0.0064,11.692,11.341,23.032,-0.745,-0.458,-1.203
El Salvador,1998,0.939,14.939,366.84,2.97,1.7655,0.0121,11.782,11.689,23.471,-0.655,-0.11,-0.765
El Salvador,1999,0.339,14.339,368.54,0.92,1.7723,0.0024,11.713,11.712,23.426,-0.723,-0.087,-0.81
El Salvador,2000,0.033,14.033,369.71,1.62,1.7733,-0.0014,11.519,11.724,23.243,-0.917,-0.075,-0.992
El Salvador,2001,0.482,14.482,371.32,1.62,1.7713,-0.0007,11.622,11.628,23.25,-0.814,-0.172,-0.986
El Salvador,2002,0.68,14.68,373.45,2.51,1.7727,0.0032,11.385,11.176,22.561,-1.052,-0.623,-1.675
El Salvador,2003,0.875,14.875,375.98,2.26,1.7773,0.0048,11.419,11.924,23.343,-1.017,0.125,-0.892
El Salvador,2004,0.747,14.747,377.7,1.59,1.777,-0.0048,11.251,11.938,23.189,-1.186,0.139,-1.047
El Salvador,2005,0.684,14.684,379.98,2.57,1.7742,0.0003,10.928,11.648,22.575,-1.509,-0.152,-1.661
El Salvador,2006,0.652,14.652,382.09,1.69,1.775,0.0019,10.794,11.412,22.206,-1.642,-0.387,-2.03
El Salvador,2007,0.664,14.664,384.02,2.31,1.7814,0.0078,10.498,11.637,22.135,-1.938,-0.162,-2.101
El Salvador,2008,0.434,14.434,385.83,1.54,1.787,0.0065,10.99,12.213,23.203,-1.447,0.414,-1.032
El Salvador,2009,0.998,14.998,387.64,2.0,1.7935,0.0047,10.956,11.999,22.955,-1.481,0.2,-1.281
El Salvador,2010,0.659,14.659,390.1,2.3,1.7989,0.0051,10.734,12.058,22.792,-1.702,0.258,-1.444
El Salvador,2011,0.663,14.663,391.85,1.92,1.8031,0.005,10.506,11.45,21.956,-1.931,-0.349,-2.28
El Salvador,2012,0.769,14.769,394.06,2.65,1.8081,0.005,10.42,11.981,22.401,-2.017,0.182,-1.835
El Salvador,2013,0.754,14.754,396.74,1.99,1.8134,0.0057,10.919,12.474,23.393,-1.517,0.675,-0.842
El Salvador,2014,0.718,14.718,398.81,2.17,1.8226,0.0127,10.812,12.727,23.539,-1.624,0.928,-0.697
El Salvador,2015,1.337,15.337,401.01,2.95,1.8342,0.01,10.589,12.366,22.955,-1.848,0.567,-1.281
El Salvador,2016,1.297,15.297,404.41,3.03,1.8431,0.007,10.176,11.178,21.353,-2.261,-0.622,-2.882
El Salvador,2017,0.75,14.75,406.76,1.9,1.8496,0.0069,10.415,10.702,21.118,-2.022,-1.097,-3.118
El Salvador,2018,0.803,14.803,408.72,2.85,1.8573,0.0088,10.378,10.952,21.33,-2.058,-0.847,-2.906
El Salvador,2019,0.996,14.996,411.65,2.49,1.8666,0.0096,10.225,10.83,21.055,-2.212,-0.969,-3.181
El Salvador,2020,1.726,15.726,414.21,2.3,1.8787,0.0148,10.164,11.578,21.742,-2.272,-0.222,-2.494
Equatorial Guinea,1979,0.359,14.359,336.84,1.83,1.5305,0.0166,12.35,11.656,24.006,-0.087,-0.143,-0.23
Equatorial Guinea,1980,0.314,14.314,338.76,1.68,1.5471,0.0169,12.348,11.206,23.554,-0.088,-0.593,-0.682
Equatorial Guinea,1981,0.115,14.115,340.12,1.43,1.564,0.0169,12.147,11.387,23.533,-0.29,-0.413,-0.702
Equatorial Guinea,1982,-0.058,13.942,341.48,0.86,1.5809,0.0333,12.468,11.595,24.062,0.031,-0.204,-0.173
Equatorial Guinea,1983,0.132,14.132,343.15,2.36,1.6142,0.0306,12.353,11.344,23.698,-0.083,-0.455,-0.538
Equatorial Guinea,1984,0.248,14.248,344.87,1.51,1.6448,0.0129,11.92,11.428,23.348,-0.517,-0.371,-0.887
Equatorial Guinea,1985,0.021,14.021,346.35,1.21,1.6573,0.0122,12.016,11.569,23.585,-0.421,-0.23,-0.651
Equatorial Guinea,1986,-0.074,13.926,347.61,1.47,1.6701,0.0129,12.224,11.044,23.268,-0.212,-0.755,-0.967
Equatorial Guinea,1987,0.401,14.401,349.31,2.06,1.6827,0.0114,12.268,11.405,23.673,-0.169,-0.394,-0.562
Equatorial Guinea,1988,0.28,14.28,351.69,2.24,1.6931,0.0107,12.19,11.497,23.687,-0.247,-0.302,-0.549
Equatorial Guinea,1989,-0.001,13.999,353.2,1.24,1.7045,0.0112,11.987,11.381,23.368,-0.45,-0.418,-0.868
Equatorial Guinea,1990,0.135,14.135,354.45,1.2,1.7144,0.0086,11.718,11.365,23.082,-0.719,-0.434,-1.153
Equatorial Guinea,1991,-0.0345,13.9655,355.7,1.05,1.7248,0.0141,11.77,11.498,23.268,-0.667,-0.301,-0.967
Equatorial Guinea,1992,-0.204,13.796,356.54,0.49,1.7355,0.0024,12.122,11.374,23.496,-0.315,-0.425,-0.74
Equatorial Guinea,1993,0.099,14.099,357.21,1.36,1.7365,0.0039,11.947,11.37,23.317,-0.49,-0.429,-0.919
Equatorial Guinea,1994,0.299,14.299,358.96,1.96,1.7421,0.0073,12.032,11.728,23.76,-0.404,-0.072,-0.476
Equatorial Guinea,1995,0.921,14.921,360.97,2.01,1.7489,0.0038,11.438,11.748,23.187,-0.998,-0.051,-1.049
Equatorial Guinea,1996,0.466,14.466,362.74,1.24,1.7513,0.0025,11.848,11.743,23.592,-0.588,-0.056,-0.644
Equatorial Guinea,1997,0.7475,14.7475,363.88,1.91,1.7545,0.0064,11.692,11.341,23.032,-0.745,-0.458,-1.203
Equatorial Guinea,1998,1.029,15.029,366.84,2.97,1.7655,0.0121,11.782,11.689,23.471,-0.655,-0.11,-0.765
Equatorial Guinea,1999,0.547,14.547,368.54,0.92,1.7723,0.0024,11.713,11.712,23.426,-0.723,-0.087,-0.81
Equatorial Guinea,2000,0.353,14.353,369.71,1.62,1.7733,-0.0014,11.519,11.724,23.243,-0.917,-0.075,-0.992
Equatorial Guinea,2001,0.354,14.354,371.32,1.62,1.7713,-0.0007,11.622,11.628,23.25,-0.814,-0.172,-0.986
Equatorial Guinea,2002,0.623,14.623,373.45,2.51,1.7727,0.0032,11.385,11.176,22.561,-1.052,-0.623,-1.675
Equatorial Guinea,2003,0.908,14.908,375.98,2.26,1.7773,0.0048,11.419,11.924,23.343,-1.017,0.125,-0.892
Equatorial Guinea,2004,0.756,14.756,377.7,1.59,1.777,-0.0048,11.251,11.938,23.189,-1.186,0.139,-1.047
Equatorial Guinea,2005,0.752,14.752,379.98,2.57,1.7742,0.0003,10.928,11.648,22.575,-1.509,-0.152,-1.661
Equatorial Guinea,2006,0.576,14.576,382.09,1.69,1.775,0.0019,10.794,11.412,22.206,-1.642,-0.387,-2.03
Equatorial Guinea,2007,0.762,14.762,384.02,2.31,1.7814,0.0078,10.498,11.637,22.135,-1.938,-0.162,-2.101
Equatorial Guinea,2008,0.612,14.612,385.83,1.54,1.787,0.0065,10.99,12.213,23.203,-1.447,0.414,-1.032
Equatorial Guinea,2009,0.703,14.703,387.64,2.0,1.7935,0.0047,10.956,11.999,22.955,-1.481,0.2,-1.281
Equatorial Guinea,2010,0.915,14.915,390.1,2.3,1.7989,0.0051,10.734,12.058,22.792,-1.702,0.258,-1.444
Equatorial Guinea,2011,0.585,14.585,391.85,1.92,1.8031,0.005,10.506,11.45,21.956,-1.931,-0.349,-2.28
Equatorial Guinea,2012,0.514,14.514,394.06,2.65,1.8081,0.005,10.42,11.981,22.401,-2.017,0.182,-1.835
Equatorial Guinea,2013,0.724,14.724,396.74,1.99,1.8134,0.0057,10.919,12.474,23.393,-1.517,0.675,-0.842
Equatorial Guinea,2014,0.892,14.892,398.81,2.17,1.8226,0.0127,10.812,12.727,23.539,-1.624,0.928,-0.697
Equatorial Guinea,2015,0.849,14.849,401.01,2.95,1.8342,0.01,10.589,12.366,22.955,-1.848,0.567,-1.281
Equatorial Guinea,2016,1.458,15.458,404.41,3.03,1.8431,0.007,10.176,11.178,21.353,-2.261,-0.622,-2.882
Equatorial Guinea,2017,1.338,15.338,406.76,1.9,1.8496,0.0069,10.415,10.702,21.118,-2.022,-1.097,-3.118
Equatorial Guinea,2018,0.685,14.685,408.72,2.85,1.8573,0.0088,10.378,10.952,21.33,-2.058,-0.847,-2.906
Equatorial Guinea,2019,1.522,15.522,411.65,2.49,1.8666,0.0096,10.225,10.83,21.055,-2.212,-0.969,-3.181
Equatorial Guinea,2020,1.433,15.433,414.21,2.3,1.8787,0.0148,10.164,11.578,21.742,-2.272,-0.222,-2.494
Eswatini,1979,0.23,14.23,336.84,1.83,1.5305,0.0166,12.35,11.656,24.006,-0.087,-0.143,-0.23
Eswatini,1980,-0.136,13.864,338.76,1.68,1.5471,0.0169,12.348,11.206,23.554,-0.088,-0.593,-0.682
Eswatini,1981,-0.41,13.59,340.12,1.43,1.564,0.0169,12.147,11.387,23.533,-0.29,-0.413,-0.702
Eswatini,1982,0.177,14.177,341.48,0.86,1.5809,0.0333,12.468,11.595,24.062,0.031,-0.204,-0.173
Eswatini,1983,0.929,14.929,343.15,2.36,1.6142,0.0306,12.353,11.344,23.698,-0.083,-0.455,-0.538
Eswatini,1984,-0.02,13.98,344.87,1.51,1.6448,0.0129,11.92,11.428,23.348,-0.517,-0.371,-0.887
Eswatini,1985,0.537,14.537,346.35,1.21,1.6573,0.0122,12.016,11.569,23.585,-0.421,-0.23,-0.651
Eswatini,1986,0.281,14.281,347.61,1.47,1.6701,0.0129,12.224,11.044,23.268,-0.212,-0.755,-0.967
Eswatini,1987,0.523,14.523,349.31,2.06,1.6827,0.0114,12.268,11.405,23.673,-0.169,-0.394,-0.562
Eswatini,1988,0.585,14.585,351.69,2.24,1.6931,0.0107,12.19,11.497,23.687,-0.247,-0.302,-0.549
Eswatini,1989,0.126,14.126,353.2,1.24,1.7045,0.0112,11.987,11.381,23.368,-0.45,-0.418,-0.868
Eswatini,1990,0.254,14.254,354.45,1.2,1.7144,0.0086,11.718,11.365,23.082,-0.719,-0.434,-1.153
Eswatini,1991,0.484,14.484,355.7,1.05,1.7248,0.0141,11.77,11.498,23.268,-0.667,-0.301,-0.967
Eswatini,1992,1.106,15.106,356.54,0.49,1.7355,0.0024,12.122,11.374,23.496,-0.315,-0.425,-0.74
Eswatini,1993,0.704,14.704,357.21,1.36,1.7365,0.0039,11.947,11.37,23.317,-0.49,-0.429,-0.919
Eswatini,1994,-0.038,13.962,358.96,1.96,1.7421,0.0073,12.032,11.728,23.76,-0.404,-0.072,-0.476
Eswatini,1995,0.546,14.546,360.97,2.01,1.7489,0.0038,11.438,11.748,23.187,-0.998,-0.051,-1.049
Eswatini,1996,-0.104,13.896,362.74,1.24,1.7513,0.0025,11.848,11.743,23.592,-0.588,-0.056,-0.644
Eswatini,1997,0.193,14.193,363.88,1.91,1.7545,0.0064,11.692,11.341,23.032,-0.745,-0.458,-1.203
Eswatini,1998,0.892,14.892,366.84,2.97,1.7655,0.0121,11.782,11.689,23.471,-0.655,-0.11,-0.765
Eswatini,1999,0.352,14.352,368.54,0.92,1.7723,0.0024,11.713,11.712,23.426,-0.723,-0.087,-0.81
Eswatini,2000,-0.235,13.765,369.71,1.62,1.7733,-0.0014,11.519,11.724,23.243,-0.917,-0.075,-0.992
Eswatini,2001,0.383,14.383,371.32,1.62,1.7713,-0.0007,11.622,11.628,23.25,-0.814,-0.172,-0.986
Eswatini,2002,0.344,14.344,373.45,2.51,1.7727,0.0032,11.385,11.176,22.561,-1.052,-0.623,-1.675
Eswatini,2003,0.376,14.376,375.98,2.26,1.7773,0.0048,11.419,11.924,23.343,-1.017,0.125,-0.892
Eswatini,2004,0.233,14.233,377.7,1.59,1.777,-0.0048,11.251,11.938,23.189,-1.186,0.139,-1.047
Eswatini,2005,0.849,14.849,379.98,2.57,1.7742,0.0003,10.928,11.648,22.575,-1.509,-0.152,-1.661
Eswatini,2006,0.05,14.05,382.09,1.69,1.775,0.0019,10.794,11.412,22.206,-1.642,-0.387,-2.03
Eswatini,2007,0.764,14.764,384.02,2.31,1.7814,0.0078,10.498,11.637,22.135,-1.938,-0.162,-2.101
Eswatini,2008,0.351,14.351,385.83,1.54,1.787,0.0065,10.99,12.213,23.203,-1.447,0.414,-1.032
Eswatini,2009,0.161,14.161,387.64,2.0,1.7935,0.0047,10.956,11.999,22.955,-1.481,0.2,-1.281
Eswatini,2010,0.967,14.967,390.1,2.3,1.7989,0.0051,10.734,12.058,22.792,-1.702,0.258,-1.444
Eswatini,2011,0.839,14.839,391.85,1.92,1.8031,0.005,10.506,11.45,21.956,-1.931,-0.349,-2.28
Eswatini,2012,0.341,14.341,394.06,2.65,1.8081,0.005,10.42,11.981,22.401,-2.017,0.182,-1.835
Eswatini,2013,0.273,14.273,396.74,1.99,1.8134,0.0057,10.919,12.474,23.393,-1.517,0.675,-0.842
Eswatini,2014,0.387,14.387,398.81,2.17,1.8226,0.0127,10.812,12.727,23.539,-1.624,0.928,-0.697
Eswatini,2015,0.781,14.781,401.01,2.95,1.8342,0.01,10.589,12.366,22.955,-1.848,0.567,-1.281
Eswatini,2016,0.867,14.867,404.41,3.03,1.8431,0.007,10.176,11.178,21.353,-2.261,-0.622,-2.882
Eswatini,2017,0.383,14.383,406.76,1.9,1.8496,0.0069,10.415,10.702,21.118,-2.022,-1.097,-3.118
Eswatini,2018,0.842,14.842,408.72,2.85,1.8573,0.0088,10.378,10.952,21.33,-2.058,-0.847,-2.906
Eswatini,2019,1.341,15.341,411.65,2.49,1.8666,0.0096,10.225,10.83,21.055,-2.212,-0.969,-3.181
Eswatini,2020,0.273,14.273,414.21,2.3,1.8787,0.0148,10.164,11.578,21.742,-2.272,-0.222,-2.494
Falkland Islands (Malvinas),1979,0.644,14.644,336.84,1.83,1.5305,0.0166,12.35,11.656,24.006,-0.087,-0.143,-0.23
Falkland Islands (Malvinas),1980,0.186,14.186,338.76,1.68,1.5471,0.0169,12.348,11.206,23.554,-0.088,-0.593,-0.682
Falkland Islands (Malvinas),1981,0.186,14.186,340.12,1.43,1.564,0.0169,12.147,11.387,23.533,-0.29,-0.413,-0.702
Falkland Islands (Malvinas),1982,0.186,14.186,341.48,0.86,1.5809,0.0333,12.468,11.595,24.062,0.031,-0.204,-0.173
Falkland Islands (Malvinas),1983,0.186,14.186,343.15,2.36,1.6142,0.0306,12.353,11.344,23.698,-0.083,-0.455,-0.538
Falkland Islands (Malvinas),1984,0.186,14.186,344.87,1.51,1.6448,0.0129,11.92,11.428,23.348,-0.517,-0.371,-0.887
Falkland Islands (Malvinas),1985,0.186,14.186,346.35,1.21,1.6573,0.0122,12.016,11.569,23.585,-0.421,-0.23,-0.651
Falkland Islands (Malvinas),1986,0.186,14.186,347.61,1.47,1.6701,0.0129,12.224,11.044,23.268,-0.212,-0.755,-0.967
Falkland Islands (Malvinas),1987,0.186,14.186,349.31,2.06,1.6827,0.0114,12.268,11.405,23.673,-0.169,-0.394,-0.562
Falkland Islands (Malvinas),1988,0.186,14.186,351.69,2.24,1.6931,0.0107,12.19,11.497,23.687,-0.247,-0.302,-0.549
Falkland Islands (Malvinas),1989,0.186,14.186,353.2,1.24,1.7045,0.0112,11.987,11.381,23.368,-0.45,-0.418,-0.868
Falkland Islands (Malvinas),1990,0.186,14.186,354.45,1.2,1.7144,0.0086,11.718,11.365,23.082,-0.719,-0.434,-1.153
Falkland Islands (Malvinas),1991,0.186,14.186,355.7,1.05,1.7248,0.0141,11.77,11.498,23.268,-0.667,-0.301,-0.967
Falkland Islands (Malvinas),1992,0.186,14.186,356.54,0.49,1.7355,0.0024,12.122,11.374,23.496,-0.315,-0.425,-0.74
Falkland Islands (Malvinas),1993,0.186,14.186,357.21,1.36,1.7365,0.0039,11.947,11.37,23.317,-0.49,-0.429,-0.919
Falkland Islands (Malvinas),1994,0.186,14.186,358.96,1.96,1.7421,0.0073,12.032,11.728,23.76,-0.404,-0.072,-0.476
Falkland Islands (Malvinas),1995,0.186,14.186,360.97,2.01,1.7489,0.0038,11.438,11.748,23.187,-0.998,-0.051,-1.049
Falkland Islands (Malvinas),1996,0.186,14.186,362.74,1.24,1.7513,0.0025,11.848,11.743,23.592,-0.588,-0.056,-0.644
Falkland Islands (Malvinas),1997,0.186,14.186,363.88,1.91,1.7545,0.0064,11.692,11.341,23.032,-0.745,-0.458,-1.203
Falkland Islands (Malvinas),1998,0.186,14.186,366.84,2.97,1.7655,0.0121,11.782,11.689,23.471,-0.655,-0.11,-0.765
Falkland Islands (Malvinas),1999,0.186,14.186,368.54,0.92,1.7723,0.0024,11.713,11.712,23.426,-0.723,-0.087,-0.81
Falkland Islands (Malvinas),2000,0.186,14.186,369.71,1.62,1.7733,-0.0014,11.519,11.724,23.243,-0.917,-0.075,-0.992
Falkland Islands (Malvinas),2001,0.186,14.186,371.32,1.62,1.7713,-0.0007,11.622,11.628,23.25,-0.814,-0.172,-0.986
Falkland Islands (Malvinas),2002,0.186,14.186,373.45,2.51,1.7727,0.0032,11.385,11.176,22.561,-1.052,-0.623,-1.675
Falkland Islands (Malvinas),2003,0.186,14.186,375.98,2.26,1.7773,0.0048,11.419,11.924,23.343,-1.017,0.125,-0.892
Falkland Islands (Malvinas),2004,0.186,14.186,377.7,1.59,1.777,-0.0048,11.251,11.938,23.189,-1.186,0.139,-1.047
Falkland Islands (Malvinas),2005,0.186,14.186,379.98,2.57,1.7742,0.0003,10.928,11.648,22.575,-1.509,-0.152,-1.661
Falkland Islands (Malvinas),2006,0.186,14.186,382.09,1.69,1.775,0.0019,10.794,11.412,22.206,-1.642,-0.387,-2.03
Falkland Islands (Malvinas),2007,0.186,14.186,384.02,2.31,1.7814,0.0078,10.498,11.637,22.135,-1.938,-0.162,-2.101
Falkland Islands (Malvinas),2008,0.186,14.186,385.83,1.54,1.787,0.0065,10.99,12.213,23.203,-1.447,0.414,-1.032
Falkland Islands (Malvinas),2009,0.186,14.186,387.64,2.0,1.7935,0.0047,10.956,11.999,22.955,-1.481,0.2,-1.281
Falkland Islands (Malvinas),2010,0.186,14.186,390.1,2.3,1.7989,0.0051,10.734,12.058,22.792,-1.702,0.258,-1.444
Falkland Islands (Malvinas),2011,0.186,14.186,391.85,1.92,1.8031,0.005,10.506,11.45,21.956,-1.931,-0.349,-2.28
Falkland Islands (Malvinas),2012,0.186,14.186,394.06,2.65,1.8081,0.005,10.42,11.981,22.401,-2.017,0.182,-1.835
Falkland Islands (Malvinas),2013,0.186,14.186,396.74,1.99,1.8134,0.0057,10.919,12.474,23.393,-1.517,0.675,-0.842
Falkland Islands (Malvinas),2014,0.186,14.186,398.81,2.17,1.8226,0.0127,10.812,12.727,23.539,-1.624,0.928,-0.697
Falkland Islands (Malvinas),2015,0.186,14.186,401.01,2.95,1.8342,0.01,10.589,12.366,22.955,-1.848,0.567,-1.281
Falkland Islands (Malvinas),2016,0.186,14.186,404.41,3.03,1.8431,0.007,10.176,11.178,21.353,-2.261,-0.622,-2.882
Falkland Islands (Malvinas),2017,0.186,14.186,406.76,1.9,1.8496,0.0069,10.415,10.702,21.118,-2.022,-1.097,-3.118
Falkland Islands (Malvinas),2018,0.186,14.186,408.72,2.85,1.8573,0.0088,10.378,10.952,21.33,-2.058,-0.847,-2.906
Falkland Islands (Malvinas),2019,0.186,14.186,411.65,2.49,1.8666,0.0096,10.225,10.83,21.055,-2.212,-0.969,-3.181
Falkland Islands (Malvinas),2020,0.186,14.186,414.21,2.3,1.8787,0.0148,10.164,11.578,21.742,-2.272,-0.222,-2.494
Faroe Islands,1979,-0.886,13.114,336.84,1.83,1.5305,0.0166,12.35,11.656,24.006,-0.087,-0.143,-0.23
Faroe Islands,1980,0.015,14.015,338.76,1.68,1.5471,0.0169,12.348,11.206,23.554,-0.088,-0.593,-0.682
Faroe Islands,1981,-0.4,13.6,340.12,1.43,1.564,0.0169,12.147,11.387,23.533,-0.29,-0.413,-0.702
Faroe Islands,1982,0.175,14.175,341.48,0.86,1.5809,0.0333,12.468,11.595,24.062,0.031,-0.204,-0.173
Faroe Islands,1983,-0.327,13.673,343.15,2.36,1.6142,0.0306,12.353,11.344,23.698,-0.083,-0.455,-0.538
Faroe Islands,1984,0.418,14.418,344.87,1.51,1.6448,0.0129,11.92,11.428,23.348,-0.517,-0.371,-0.887
Faroe Islands,1985,-0.2,13.8,346.35,1.21,1.6573,0.0122,12.016,11.569,23.585,-0.421,-0.23,-0.651
Faroe Islands,1986,-0.219,13.781,347.61,1.47,1.6701,0.0129,12.224,11.044,23.268,-0.212,-0.755,-0.967
Faroe Islands,1987,0.116,14.116,349.31,2.06,1.6827,0.0114,12.268,11.405,23.673,-0.169,-0.394,-0.562
Faroe Islands,1988,0.18,14.18,351.69,2.24,1.6931,0.0107,12.19,11.497,23.687,-0.247,-0.302,-0.549
Faroe Islands,1989,0.401,14.401,353.2,1.24,1.7045,0.0112,11.987,11.381,23.368,-0.45,-0.418,-0.868
Faroe Islands,1990,0.652,14.652,354.45,1.2,1.7144,0.0086,11.718,11.365,23.082,-0.719,-0.434,-1.153
Faroe Islands,1991,0.952,14.952,355.7,1.05,1.7248,0.0141,11.77,11.498,23.268,-0.667,-0.301,-0.967
Faroe Islands,1992,0.644,14.644,356.54,0.49,1.7355,0.0024,12.122,11.374,23.496,-0.315,-0.425,-0.74
Faroe Islands,1993,0.039,14.039,357.21,1.36,1.7365,0.0039,11.947,11.37,23.317,-0.49,-0.429,-0.919
Faroe Islands,1994,-0.073,13.927,358.96,1.96,1.7421,0.0073,12.032,11.728,23.76,-0.404,-0.072,-0.476
Faroe Islands,1995,-0.219,13.781,360.97,2.01,1.7489,0.0038,11.438,11.748,23.187,-0.998,-0.051,-1.049
Faroe Islands,1996,0.28,14.28,362.74,1.24,1.7513,0.0025,11.848,11.743,23.592,-0.588,-0.056,-0.644
Faroe Islands,1997,0.823,14.823,363.88,1.91,1.7545,0.0064,11.692,11.341,23.032,-0.745,-0.458,-1.203
Faroe Islands,1998,0.607,14.607,366.84,2.97,1.7655,0.0121,11.782,11.689,23.471,-0.655,-0.11,-0.765
Faroe Islands,1999,0.509,14.509,368.54,0.92,1.7723,0.0024,11.713,11.712,23.426,-0.723,-0.087,-0.81
Faroe Islands,2000,0.214,14.214,369.71,1.62,1.7733,-0.0014,11.519,11.724,23.243,-0.917,-0.075,-0.992
Faroe Islands,2001,0.474,14.474,371.32,1.62,1.7713,-0.0007,11.622,11.628,23.25,-0.814,-0.172,-0.986
Faroe Islands,2002,1.045,15.045,373.45,2.51,1.7727,0.0032,11.385,11.176,22.561,-1.052,-0.623,-1.675
Faroe Islands,2003,1.614,15.614,375.98,2.26,1.7773,0.0048,11.419,11.924,23.343,-1.017,0.125,-0.892
Faroe Islands,2004,1.029,15.029,377.7,1.59,1.777,-0.0048,11.251,11.938,23.189,-1.186,0.139,-1.047
Faroe Islands,2005,0.49,14.49,379.98,2.57,1.7742,0.0003,10.928,11.648,22.575,-1.509,-0.152,-1.661
Faroe Islands,2006,1.137,15.137,382.09,1.69,1.775,0.0019,10.794,11.412,22.206,-1.642,-0.387,-2.03
Faroe Islands,2007,0.953,14.953,384.02,2.31,1.7814,0.0078,10.498,11.637,22.135,-1.938,-0.162,-2.101
Faroe Islands,2008,0.889,14.889,385.83,1.54,1.787,0.0065,10.99,12.213,23.203,-1.447,0.414,-1.032
Faroe Islands,2009,1.441,15.441,387.64,2.0,1.7935,0.0047,10.956,11.999,22.955,-1.481,0.2,-1.281
Faroe Islands,2010,0.257,14.257,390.1,2.3,1.7989,0.0051,10.734,12.058,22.792,-1.702,0.258,-1.444
Faroe Islands,2011,1.053,15.053,391.85,1.92,1.8031,0.005,10.506,11.45,21.956,-1.931,-0.349,-2.28
Faroe Islands,2012,0.359,14.359,394.06,2.65,1.8081,0.005,10.42,11.981,22.401,-2.017,0.182,-1.835
Faroe Islands,2013,0.594,14.594,396.74,1.99,1.8134,0.0057,10.919,12.474,23.393,-1.517,0.675,-0.842
Faroe Islands,2014,1.763,15.763,398.81,2.17,1.8226,0.0127,10.812,12.727,23.539,-1.624,0.928,-0.697
Faroe Islands,2015,0.81,14.81,401.01,2.95,1.8342,0.01,10.589,12.366,22.955,-1.848,0.567,-1.281
Faroe Islands,2016,0.8,14.8,404.41,3.03,1.8431,0.007,10.176,11.178,21.353,-2.261,-0.622,-2.882
Faroe Islands,2017,1.486,15.486,406.76,1.9,1.8496,0.0069,10.415,10.702,21.118,-2.022,-1.097,-3.118
Faroe Islands,2018,0.826,14.826,408.72,2.85,1.8573,0.0088,10.378,10.952,21.33,-2.058,-0.847,-2.906
Faroe Islands,2019,0.871,14.871,411.65,2.49,1.8666,0.0096,10.225,10.83,21.055,-2.212,-0.969,-3.181
Faroe Islands,2020,0.832,14.832,414.21,2.3,1.8787,0.0148,10.164,11.578,21.742,-2.272,-0.222,-2.494
Fiji,1979,0.009,14.009,336.84,1.83,1.5305,0.0166,12.35,11.656,24.006,-0.087,-0.143,-0.23
Fiji,1980,0.004,14.004,338.76,1.68,1.5471,0.0169,12.348,11.206,23.554,-0.088,-0.593,-0.682
Fiji,1981,0.013,14.013,340.12,1.43,1.564,0.0169,12.147,11.387,23.533,-0.29,-0.413,-0.702
Fiji,1982,-0.003,13.997,341.48,0.86,1.5809,0.0333,12.468,11.595,24.062,0.031,-0.204,-0.173
Fiji,1983,-0.057,13.943,343.15,2.36,1.6142,0.0306,12.353,11.344,23.698,-0.083,-0.455,-0.538
Fiji,1984,0.223,14.223,344.87,1.51,1.6448,0.0129,11.92,11.428,23.348,-0.517,-0.371,-0.887
Fiji,1985,0.169,14.169,346.35,1.21,1.6573,0.0122,12.016,11.569,23.585,-0.421,-0.23,-0.651
Fiji,1986,-0.321,13.679,347.61,1.47,1.6701,0.0129,12.224,11.044,23.268,-0.212,-0.755,-0.967
Fiji,1987,-0.054,13.946,349.31,2.06,1.6827,0.0114,12.268,11.405,23.673,-0.169,-0.394,-0.562
Fiji,1988,0.548,14.548,351.69,2.24,1.6931,0.0107,12.19,11.497,23.687,-0.247,-0.302,-0.549
Fiji,1989,-0.021,13.979,353.2,1.24,1.7045,0.0112,11.987,11.381,23.368,-0.45,-0.418,-0.868
Fiji,1990,0.072,14.072,354.45,1.2,1.7144,0.0086,11.718,11.365,23.082,-0.719,-0.434,-1.153
Fiji,1991,-0.049,13.951,355.7,1.05,1.7248,0.0141,11.77,11.498,23.268,-0.667,-0.301,-0.967
Fiji,1992,-0.037,13.963,356.54,0.49,1.7355,0.0024,12.122,11.374,23.496,-0.315,-0.425,-0.74
Fiji,1993,-0.437,13.563,357.21,1.36,1.7365,0.0039,11.947,11.37,23.317,-0.49,-0.429,-0.919
Fiji,1994,-0.257,13.743,358.96,1.96,1.7421,0.0073,12.032,11.728,23.76,-0.404,-0.072,-0.476
Fiji,1995,0.285,14.285,360.97,2.01,1.7489,0.0038,11.438,11.748,23.187,-0.998,-0.051,-1.049
Fiji,1996,0.425,14.425,362.74,1.24,1.7513,0.0025,11.848,11.743,23.592,-0.588,-0.056,-0.644
Fiji,1997,0.169,14.169,363.88,1.91,1.7545,0.0064,11.692,11.341,23.032,-0.745,-0.458,-1.203
Fiji,1998,0.755,14.755,366.84,2.97,1.7655,0.0121,11.782,11.689,23.471,-0.655,-0.11,-0.765
Fiji,1999,0.535,14.535,368.54,0.92,1.7723,0.0024,11.713,11.712,23.426,-0.723,-0.087,-0.81
Fiji,2000,0.618,14.618,369.71,1.62,1.7733,-0.0014,11.519,11.724,23.243,-0.917,-0.075,-0.992
Fiji,2001,0.656,14.656,371.32,1.62,1.7713,-0.0007,11.622,11.628,23.25,-0.814,-0.172,-0.986
Fiji,2002,0.639,14.639,373.45,2.51,1.7727,0.0032,11.385,11.176,22.561,-1.052,-0.623,-1.675
Fiji,2003,0.539,14.539,375.98,2.26,1.7773,0.0048,11.419,11.924,23.343,-1.017,0.125,-0.892
Fiji,2004,0.43,14.43,377.7,1.59,1.777,-0.0048,11.251,11.938,23.189,-1.186,0.139,-1.047
Fiji,2005,0.591,14.591,379.98,2.57,1.7742,0.0003,10.928,11.648,22.575,-1.509,-0.152,-1.661
Fiji,2006,0.59,14.59,382.09,1.69,1.775,0.0019,10.794,11.412,22.206,-1.642,-0.387,-2.03
Fiji,2007,0.877,14.877,384.02,2.31,1.7814,0.0078,10.498,11.637,22.135,-1.938,-0.162,-2.101
Fiji,2008,0.469,14.469,385.83,1.54,1.787,0.0065,10.99,12.213,23.203,-1.447,0.414,-1.032
Fiji,2009,0.239,14.239,387.64,2.0,1.7935,0.0047,10.956,11.999,22.955,-1.481,0.2,-1.281
Fiji,2010,0.782,14.782,390.1,2.3,1.7989,0.0051,10.734,12.058,22.792,-1.702,0.258,-1.444
Fiji,2011,0.766,14.766,391.85,1.92,1.8031,0.005,10.506,11.45,21.956,-1.931,-0.349,-2.28
Fiji,2012,0.458,14.458,394.06,2.65,1.8081,0.005,10.42,11.981,22.401,-2.017,0.182,-1.835
Fiji,2013,0.848,14.848,396.74,1.99,1.8134,0.0057,10.919,12.474,23.393,-1.517,0.675,-0.842
Fiji,2014,0.696,14.696,398.81,2.17,1.8226,0.0127,10.812,12.727,23.539,-1.624,0.928,-0.697
Fiji,2015,0.616,14.616,401.01,2.95,1.8342,0.01,10.589,12.366,22.955,-1.848,0.567,-1.281
Fiji,2016,1.086,15.086,404.41,3.03,1.8431,0.007,10.176,11.178,21.353,-2.261,-0.622,-2.882
Fiji,2017,1.273,15.273,406.76,1.9,1.8496,0.0069,10.415,10.702,21.118,-2.022,-1.097,-3.118
Fiji,2018,1.058,15.058,408.72,2.85,1.8573,0.0088,10.378,10.952,21.33,-2.058,-0.847,-2.906
Fiji,2019,0.969,14.969,411.65,2.49,1.8666,0.0096,10.225,10.83,21.055,-2.212,-0.969,-3.181
Fiji,2020,1.178,15.178,414.21,2.3,1.8787,0.0148,10.164,11.578,21.742,-2.272,-0.222,-2.494
Finland,1979,-0.743,13.257,336.84,1.83,1.5305,0.0166,12.35,11.656,24.006,-0.087,-0.143,-0.23
Finland,1980,-0.367,13.633,338.76,1.68,1.5471,0.0169,12.348,11.206,23.554,-0.088,-0.593,-0.682
Finland,1981,-0.227,13.773,340.12,1.43,1.564,0.0169,12.147,11.387,23.533,-0.29,-0.413,-0.702
Finland,1982,-0.14,13.86,341.48,0.86,1.5809,0.0333,12.468,11.595,24.062,0.031,-0.204,-0.173
Finland,1983,0.98,14.98,343.15,2.36,1.6142,0.0306,12.353,11.344,23.698,-0.083,-0.455,-0.538
Finland,1984,0.775,14.775,344.87,1.51,1.6448,0.0129,11.92,11.428,23.348,-0.517,-0.371,-0.887
Finland,1985,-1.157,12.843,346.35,1.21,1.6573,0.0122,12.016,11.569,23.585,-0.421,-0.23,-0.651
Finland,1986,-0.165,13.835,347.61,1.47,1.6701,0.0129,12.224,11.044,23.268,-0.212,-0.755,-0.967
Finland,1987,-1.636,12.364,349.31,2.06,1.6827,0.0114,12.268,11.405,23.673,-0.169,-0.394,-0.562
Finland,1988,0.601,14.601,351.69,2.24,1.6931,0.0107,12.19,11.497,23.687,-0.247,-0.302,-0.549
Finland,1989,2.201,16.201,353.2,1.24,1.7045,0.0112,11.987,11.381,23.368,-0.45,-0.418,-0.868
Finland,1990,1.274,15.274,354.45,1.2,1.7144,0.0086,11.718,11.365,23.082,-0.719,-0.434,-1.153
Finland,1991,1.159,15.159,355.7,1.05,1.7248,0.0141,11.77,11.498,23.268,-0.667,-0.301,-0.967
Finland,1992,1.187,15.187,356.54,0.49,1.7355,0.0024,12.122,11.374,23.496,-0.315,-0.425,-0.74
Finland,1993,0.96,14.96,357.21,1.36,1.7365,0.0039,11.947,11.37,23.317,-0.49,-0.429,-0.919
Finland,1994,0.167,14.167,358.96,1.96,1.7421,0.0073,12.032,11.728,23.76,-0.404,-0.072,-0.476
Finland,1995,1.724,15.724,360.97,2.01,1.7489,0.0038,11.438,11.748,23.187,-0.998,-0.051,-1.049
Finland,1996,0.158,14.158,362.74,1.24,1.7513,0.0025,11.848,11.743,23.592,-0.588,-0.056,-0.644
Finland,1997,0.806,14.806,363.88,1.91,1.7545,0.0064,11.692,11.341,23.032,-0.745,-0.458,-1.203
Finland,1998,0.092,14.092,366.84,2.97,1.7655,0.0121,11.782,11.689,23.471,-0.655,-0.11,-0.765
Finland,1999,1.179,15.179,368.54,0.92,1.7723,0.0024,11.713,11.712,23.426,-0.723,-0.087,-0.81
Finland,2000,2.046,16.046,369.71,1.62,1.7733,-0.0014,11.519,11.724,23.243,-0.917,-0.075,-0.992
Finland,2001,1.386,15.386,371.32,1.62,1.7713,-0.0007,11.622,11.628,23.25,-0.814,-0.172,-0.986
Finland,2002,1.19,15.19,373.45,2.51,1.7727,0.0032,11.385,11.176,22.561,-1.052,-0.623,-1.675
Finland,2003,0.732,14.732,375.98,2.26,1.7773,0.0048,11.419,11.924,23.343,-1.017,0.125,-0.892
Finland,2004,1.25,15.25,377.7,1.59,1.777,-0.0048,11.251,11.938,23.189,-1.186,0.139,-1.047
Finland,2005,2.22,16.22,379.98,2.57,1.7742,0.0003,10.928,11.648,22.575,-1.509,-0.152,-1.661
Finland,2006,1.221,15.221,382.09,1.69,1.775,0.0019,10.794,11.412,22.206,-1.642,-0.387,-2.03
Finland,2007,1.965,15.965,384.02,2.31,1.7814,0.0078,10.498,11.637,22.135,-1.938,-0.162,-2.101
Finland,2008,2.153,16.153,385.83,1.54,1.787,0.0065,10.99,12.213,23.203,-1.447,0.414,-1.032
Finland,2009,1.709,15.709,387.64,2.0,1.7935,0.0047,10.956,11.999,22.955,-1.481,0.2,-1.281
Finland,2010,0.255,14.255,390.1,2.3,1.7989,0.0051,10.734,12.058,22.792,-1.702,0.258,-1.444
Finland,2011,1.369,15.369,391.85,1.92,1.8031,0.005,10.506,11.45,21.956,-1.931,-0.349,-2.28
Finland,2012,1.559,15.559,394.06,2.65,1.8081,0.005,10.42,11.981,22.401,-2.017,0.182,-1.835
Finland,2013,1.439,15.439,396.74,1.99,1.8134,0.0057,10.919,12.474,23.393,-1.517,0.675,-0.842
Finland,2014,2.609,16.609,398.81,2.17,1.8226,0.0127,10.812,12.727,23.539,-1.624,0.928,-0.697
Finland,2015,2.629,16.629,401.01,2.95,1.8342,0.01,10.589,12.366,22.955,-1.848,0.567,-1.281
Finland,2016,2.167,16.167,404.41,3.03,1.8431,0.007,10.176,11.178,21.353,-2.261,-0.622,-2.882
Finland,2017,1.504,15.504,406.76,1.9,1.8496,0.0069,10.415,10.702,21.118,-2.022,-1.097,-3.118
Finland,2018,2.17,16.17,408.72,2.85,1.8573,0.0088,10.378,10.952,21.33,-2.058,-0.847,-2.906
Finland,2019,1.471,15.471,411.65,2.49,1.8666,0.0096,10.225,10.83,21.055,-2.212,-0.969,-3.181
Finland,2020,3.337,17.337,414.21,2.3,1.8787,0.0148,10.164,11.578,21.742,-2.272,-0.222,-2.494
France,1979,-0.194,13.806,336.84,1.83,1.5305,0.0166,12.35,11.656,24.006,-0.087,-0.143,-0.23
France,1980,-0.226,13.774,338.76,1.68,1.5471,0.0169,12.348,11.206,23.554,-0.088,-0.593,-0.682
France,1981,0.082,14.082,340.12,1.43,1.564,0.0169,12.147,11.387,23.533,-0.29,-0.413,-0.702
France,1982,0.797,14.797,341.48,0.86,1.5809,0.0333,12.468,11.595,24.062,0.031,-0.204,-0.173
France,1983,0.702,14.702,343.15,2.36,1.6142,0.0306,12.353,11.344,23.698,-0.083,-0.455,-0.538
France,1984,-0.099,13.901,344.87,1.51,1.6448,0.0129,11.92,11.428,23.348,-0.517,-0.371,-0.887
France,1985,-0.354,13.646,346.35,1.21,1.6573,0.0122,12.016,11.569,23.585,-0.421,-0.23,-0.651
France,1986,-0.02,13.98,347.61,1.47,1.6701,0.0129,12.224,11.044,23.268,-0.212,-0.755,-0.967
France,1987,-0.014,13.986,349.31,2.06,1.6827,0.0114,12.268,11.405,23.673,-0.169,-0.394,-0.562
France,1988,0.759,14.759,351.69,2.24,1.6931,0.0107,12.19,11.497,23.687,-0.247,-0.302,-0.549
France,1989,1.262,15.262,353.2,1.24,1.7045,0.0112,11.987,11.381,23.368,-0.45,-0.418,-0.868
France,1990,1.567,15.567,354.45,1.2,1.7144,0.0086,11.718,11.365,23.082,-0.719,-0.434,-1.153
France,1991,0.23,14.23,355.7,1.05,1.7248,0.0141,11.77,11.498,23.268,-0.667,-0.301,-0.967
France,1992,0.632,14.632,356.54,0.49,1.7355,0.0024,12.122,11.374,23.496,-0.315,-0.425,-0.74
France,1993,0.301,14.301,357.21,1.36,1.7365,0.0039,11.947,11.37,23.317,-0.49,-0.429,-0.919
France,1994,1.523,15.523,358.96,1.96,1.7421,0.0073,12.032,11.728,23.76,-0.404,-0.072,-0.476
France,1995,1.299,15.299,360.97,2.01,1.7489,0.0038,11.438,11.748,23.187,-0.998,-0.051,-1.049
France,1996,0.163,14.163,362.74,1.24,1.7513,0.0025,11.848,11.743,23.592,-0.588,-0.056,-0.644
France,1997,1.213,15.213,363.88,1.91,1.7545,0.0064,11.692,11.341,23.032,-0.745,-0.458,-1.203
France,1998,0.913,14.913,366.84,2.97,1.7655,0.0121,11.782,11.689,23.471,-0.655,-0.11,-0.765
France,1999,1.167,15.167,368.54,0.92,1.7723,0.0024,11.713,11.712,23.426,-0.723,-0.087,-0.81
France,2000,1.143,15.143,369.71,1.62,1.7733,-0.0014,11.519,11.724,23.243,-0.917,-0.075,-0.992
France,2001,1.362,15.362,371.32,1.62,1.7713,-0.0007,11.622,11.628,23.25,-0.814,-0.172,-0.986
France,2002,1.023,15.023,373.45,2.51,1.7727,0.0032,11.385,11.176,22.561,-1.052,-0.623,-1.675
France,2003,1.771,15.771,375.98,2.26,1.7773,0.0048,11.419,11.924,23.343,-1.017,0.125,-0.892
France,2004,0.945,14.945,377.7,1.59,1.777,-0.0048,11.251,11.938,23.189,-1.186,0.139,-1.047
France,2005,0.998,14.998,379.98,2.57,1.7742,0.0003,10.928,11.648,22.575,-1.509,-0.152,-1.661
France,2006,1.28,15.28,382.09,1.69,1.775,0.0019,10.794,11.412,22.206,-1.642,-0.387,-2.03
France,2007,1.376,15.376,384.02,2.31,1.7814,0.0078,10.498,11.637,22.135,-1.938,-0.162,-2.101
France,2008,0.959,14.959,385.83,1.54,1.787,0.0065,10.99,12.213,23.203,-1.447,0.414,-1.032
France,2009,1.174,15.174,387.64,2.0,1.7935,0.0047,10.956,11.999,22.955,-1.481,0.2,-1.281
France,2010,0.353,14.353,390.1,2.3,1.7989,0.0051,10.734,12.058,22.792,-1.702,0.258,-1.444
France,2011,1.492,15.492,391.85,1.92,1.8031,0.005,10.506,11.45,21.956,-1.931,-0.349,-2.28
France,2012,1.178,15.178,394.06,2.65,1.8081,0.005,10.42,11.981,22.401,-2.017,0.182,-1.835
France,2013,0.671,14.671,396.74,1.99,1.8134,0.0057,10.919,12.474,23.393,-1.517,0.675,-0.842
France,2014,1.999,15.999,398.81,2.17,1.8226,0.0127,10.812,12.727,23.539,-1.624,0.928,-0.697
France,2015,1.558,15.558,401.01,2.95,1.8342,0.01,10.589,12.366,22.955,-1.848,0.567,-1.281
France,2016,1.738,15.738,404.41,3.03,1.8431,0.007,10.176,11.178,21.353,-2.261,-0.622,-2.882
France,2017,1.743,15.743,406.76,1.9,1.8496,0.0069,10.415,10.702,21.118,-2.022,-1.097,-3.118
France,2018,2.006,16.006,408.72,2.85,1.8573,0.0088,10.378,10.952,21.33,-2.058,-0.847,-2.906
France,2019,1.956,15.956,411.65,2.49,1.8666,0.0096,10.225,10.83,21.055,-2.212,-0.969,-3.181
France,2020,2.478,16.478,414.21,2.3,1.8787,0.0148,10.164,11.578,21.742,-2.272,-0.222,-2.494
French Guyana,1979,0.263,14.263,336.84,1.83,1.5305,0.0166,12.35,11.656,24.006,-0.087,-0.143,-0.23
French Guyana,1980,0.336,14.336,338.76,1.68,1.5471,0.0169,12.348,11.206,23.554,-0.088,-0.593,-0.682
French Guyana,1981,0.36,14.36,340.12,1.43,1.564,0.0169,12.147,11.387,23.533,-0.29,-0.413,-0.702
French Guyana,1982,0.225,14.225,341.48,0.86,1.5809,0.0333,12.468,11.595,24.062,0.031,-0.204,-0.173
French Guyana,1983,0.648,14.648,343.15,2.36,1.6142,0.0306,12.353,11.344,23.698,-0.083,-0.455,-0.538
French Guyana,1984,-0.04,13.96,344.87,1.51,1.6448,0.0129,11.92,11.428,23.348,-0.517,-0.371,-0.887
French Guyana,1985,0.045,14.045,346.35,1.21,1.6573,0.0122,12.016,11.569,23.585,-0.421,-0.23,-0.651
French Guyana,1986,0.202,14.202,347.61,1.47,1.6701,0.0129,12.224,11.044,23.268,-0.212,-0.755,-0.967
French Guyana,1987,0.736,14.736,349.31,2.06,1.6827,0.0114,12.268,11.405,23.673,-0.169,-0.394,-0.562
French Guyana,1988,0.524,14.524,351.69,2.24,1.6931,0.0107,12.19,11.497,23.687,-0.247,-0.302,-0.549
French Guyana,1989,0.07,14.07,353.2,1.24,1.7045,0.0112,11.987,11.381,23.368,-0.45,-0.418,-0.868
French Guyana,1990,0.351,14.351,354.45,1.2,1.7144,0.0086,11.718,11.365,23.082,-0.719,-0.434,-1.153
French Guyana,1991,0.376,14.376,355.7,1.05,1.7248,0.0141,11.77,11.498,23.268,-0.667,-0.301,-0.967
French Guyana,1992,0.498,14.498,356.54,0.49,1.7355,0.0024,12.122,11.374,23.496,-0.315,-0.425,-0.74
French Guyana,1993,0.446,14.446,357.21,1.36,1.7365,0.0039,11.947,11.37,23.317,-0.49,-0.429,-0.919
French Guyana,1994,0.411,14.411,358.96,1.96,1.7421,0.0073,12.032,11.728,23.76,-0.404,-0.072,-0.476
French Guyana,1995,0.833,14.833,360.97,2.01,1.7489,0.0038,11.438,11.748,23.187,-0.998,-0.051,-1.049
French Guyana,1996,0.559,14.559,362.74,1.24,1.7513,0.0025,11.848,11.743,23.592,-0.588,-0.056,-0.644
French Guyana,1997,0.685,14.685,363.88,1.91,1.7545,0.0064,11.692,11.341,23.032,-0.745,-0.458,-1.203
French Guyana,1998,1.414,15.414,366.84,2.97,1.7655,0.0121,11.782,11.689,23.471,-0.655,-0.11,-0.765
French Guyana,1999,0.67,14.67,368.54,0.92,1.7723,0.0024,11.713,11.712,23.426,-0.723,-0.087,-0.81
French Guyana,2000,0.578,14.578,369.71,1.62,1.7733,-0.0014,11.519,11.724,23.243,-0.917,-0.075,-0.992
French Guyana,2001,0.652,14.652,371.32,1.62,1.7713,-0.0007,11.622,11.628,23.25,-0.814,-0.172,-0.986
French Guyana,2002,0.819,14.819,373.45,2.51,1.7727,0.0032,11.385,11.176,22.561,-1.052,-0.623,-1.675
French Guyana,2003,0.954,14.954,375.98,2.26,1.7773,0.0048,11.419,11.924,23.343,-1.017,0.125,-0.892
French Guyana,2004,0.96,14.96,377.7,1.59,1.777,-0.0048,11.251,11.938,23.189,-1.186,0.139,-1.047
French Guyana,2005,1.439,15.439,379.98,2.57,1.7742,0.0003,10.928,11.648,22.575,-1.509,-0.152,-1.661
French Guyana,2006,0.933,14.933,382.09,1.69,1.775,0.0019,10.794,11.412,22.206,-1.642,-0.387,-2.03
French Guyana,2007,1.242,15.242,384.02,2.31,1.7814,0.0078,10.498,11.637,22.135,-1.938,-0.162,-2.101
French Guyana,2008,0.991,14.991,385.83,1.54,1.787,0.0065,10.99,12.213,23.203,-1.447,0.414,-1.032
French Guyana,2009,1.376,15.376,387.64,2.0,1.7935,0.0047,10.956,11.999,22.955,-1.481,0.2,-1.281
French Guyana,2010,1.583,15.583,390.1,2.3,1.7989,0.0051,10.734,12.058,22.792,-1.702,0.258,-1.444
French Guyana,2011,1.158,15.158,391.85,1.92,1.8031,0.005,10.506,11.45,21.956,-1.931,-0.349,-2.28
French Guyana,2012,1.162,15.162,394.06,2.65,1.8081,0.005,10.42,11.981,22.401,-2.017,0.182,-1.835
French Guyana,2013,1.404,15.404,396.74,1.99,1.8134,0.0057,10.919,12.474,23.393,-1.517,0.675,-0.842
French Guyana,2014,1.451,15.451,398.81,2.17,1.8226,0.0127,10.812,12.727,23.539,-1.624,0.928,-0.697
French Guyana,2015,1.654,15.654,401.01,2.95,1.8342,0.01,10.589,12.366,22.955,-1.848,0.567,-1.281
French Guyana,2016,2.074,16.074,404.41,3.03,1.8431,0.007,10.176,11.178,21.353,-2.261,-0.622,-2.882
French Guyana,2017,1.798,15.798,406.76,1.9,1.8496,0.0069,10.415,10.702,21.118,-2.022,-1.097,-3.118
French Guyana,2018,1.538,15.538,408.72,2.85,1.8573,0.0088,10.378,10.952,21.33,-2.058,-0.847,-2.906
French Guyana,2019,1.855,15.855,411.65,2.49,1.8666,0.0096,10.225,10.83,21.055,-2.212,-0.969,-3.181
French Guyana,2020,1.964,15.964,414.21,2.3,1.8787,0.0148,10.164,11.578,21.742,-2.272,-0.222,-2.494
French Polynesia,1979,0.11,14.11,336.84,1.83,1.5305,0.0166,12.35,11.656,24.006,-0.087,-0.143,-0.23
French Polynesia,1980,0.218,14.218,338.76,1.68,1.5471,0.0169,12.348,11.206,23.554,-0.088,-0.593,-0.682
French Polynesia,1981,0.106,14.106,340.12,1.43,1.564,0.0169,12.147,11.387,23.533,-0.29,-0.413,-0.702
French Polynesia,1982,0.271,14.271,341.48,0.86,1.5809,0.0333,12.468,11.595,24.062,0.031,-0.204,-0.173
French Polynesia,1983,0.09,14.09,343.15,2.36,1.6142,0.0306,12.353,11.344,23.698,-0.083,-0.455,-0.538
French Polynesia,1984,0.254,14.254,344.87,1.51,1.6448,0.0129,11.92,11.428,23.348,-0.517,-0.371,-0.887
French Polynesia,1985,-0.006,13.994,346.35,1.21,1.6573,0.0122,12.016,11.569,23.585,-0.421,-0.23,-0.651
French Polynesia,1986,0.116,14.116,347.61,1.47,1.6701,0.0129,12.224,11.044,23.268,-0.212,-0.755,-0.967
French Polynesia,1987,0.303,14.303,349.31,2.06,1.6827,0.0114,12.268,11.405,23.673,-0.169,-0.394,-0.562
French Polynesia,1988,0.214,14.214,351.69,2.24,1.6931,0.0107,12.19,11.497,23.687,-0.247,-0.302,-0.549
French Polynesia,1989,0.051,14.051,353.2,1.24,1.7045,0.0112,11.987,11.381,23.368,-0.45,-0.418,-0.868
French Polynesia,1990,0.285,14.285,354.45,1.2,1.7144,0.0086,11.718,11.365,23.082,-0.719,-0.434,-1.153
French Polynesia,1991,0.244,14.244,355.7,1.05,1.7248,0.0141,11.77,11.498,23.268,-0.667,-0.301,-0.967
French Polynesia,1992,0.238,14.238,356.54,0.49,1.7355,0.0024,12.122,11.374,23.496,-0.315,-0.425,-0.74
French Polynesia,1993,0.029,14.029,357.21,1.36,1.7365,0.0039,11.947,11.37,23.317,-0.49,-0.429,-0.919
French Polynesia,1994,0.422,14.422,358.96,1.96,1.7421,0.0073,12.032,11.728,23.76,-0.404,-0.072,-0.476
French Polynesia,1995,0.441,14.441,360.97,2.01,1.7489,0.0038,11.438,11.748,23.187,-0.998,-0.051,-1.049
French Polynesia,1996,0.019,14.019,362.74,1.24,1.7513,0.0025,11.848,11.743,23.592,-0.588,-0.056,-0.644
French Polynesia,1997,0.177,14.177,363.88,1.91,1.7545,0.0064,11.692,11.341,23.032,-0.745,-0.458,-1.203
French Polynesia,1998,0.487,14.487,366.84,2.97,1.7655,0.0121,11.782,11.689,23.471,-0.655,-0.11,-0.765
French Polynesia,1999,0.311,14.311,368.54,0.92,1.7723,0.0024,11.713,11.712,23.426,-0.723,-0.087,-0.81
French Polynesia,2000,0.188,14.188,369.71,1.62,1.7733,-0.0014,11.519,11.724,23.243,-0.917,-0.075,-0.992
French Polynesia,2001,0.362,14.362,371.32,1.62,1.7713,-0.0007,11.622,11.628,23.25,-0.814,-0.172,-0.986
French Polynesia,2002,0.661,14.661,373.45,2.51,1.7727,0.0032,11.385,11.176,22.561,-1.052,-0.623,-1.675
French Polynesia,2003,0.565,14.565,375.98,2.26,1.7773,0.0048,11.419,11.924,23.343,-1.017,0.125,-0.892
French Polynesia,2004,0.395,14.395,377.7,1.59,1.777,-0.0048,11.251,11.938,23.189,-1.186,0.139,-1.047
French Polynesia,2005,0.538,14.538,379.98,2.57,1.7742,0.0003,10.928,11.648,22.575,-1.509,-0.152,-1.661
French Polynesia,2006,0.696,14.696,382.09,1.69,1.775,0.0019,10.794,11.412,22.206,-1.642,-0.387,-2.03
French Polynesia,2007,0.71,14.71,384.02,2.31,1.7814,0.0078,10.498,11.637,22.135,-1.938,-0.162,-2.101
French Polynesia,2008,0.208,14.208,385.83,1.54,1.787,0.0065,10.99,12.213,23.203,-1.447,0.414,-1.032
French Polynesia,2009,0.653,14.653,387.64,2.0,1.7935,0.0047,10.956,11.999,22.955,-1.481,0.2,-1.281
French Polynesia,2010,0.617,14.617,390.1,2.3,1.7989,0.0051,10.734,12.058,22.792,-1.702,0.258,-1.444
French Polynesia,2011,0.072,14.072,391.85,1.92,1.8031,0.005,10.506,11.45,21.956,-1.931,-0.349,-2.28
French Polynesia,2012,0.579,14.579,394.06,2.65,1.8081,0.005,10.42,11.981,22.401,-2.017,0.182,-1.835
French Polynesia,2013,0.392,14.392,396.74,1.99,1.8134,0.0057,10.919,12.474,23.393,-1.517,0.675,-0.842
French Polynesia,2014,0.449,14.449,398.81,2.17,1.8226,0.0127,10.812,12.727,23.539,-1.624,0.928,-0.697
French Polynesia,2015,0.51,14.51,401.01,2.95,1.8342,0.01,10.589,12.366,22.955,-1.848,0.567,-1.281
French Polynesia,2016,0.946,14.946,404.41,3.03,1.8431,0.007,10.176,11.178,21.353,-2.261,-0.622,-2.882
French Polynesia,2017,0.679,14.679,406.76,1.9,1.8496,0.0069,10.415,10.702,21.118,-2.022,-1.097,-3.118
French Polynesia,2018,0.404,14.404,408.72,2.85,1.8573,0.0088,10.378,10.952,21.33,-2.058,-0.847,-2.906
French Polynesia,2019,0.627,14.627,411.65,2.49,1.8666,0.0096,10.225,10.83,21.055,-2.212,-0.969,-3.181
French Polynesia,2020,0.588,14.588,414.21,2.3,1.8787,0.0148,10.164,11.578,21.742,-2.272,-0.222,-2.494
French Southern Territories,1979,0.682,14.682,336.84,1.83,1.5305,0.0166,12.35,11.656,24.006,-0.087,-0.143,-0.23
French Southern Territories,1980,0.497,14.497,338.76,1.68,1.5471,0.0169,12.348,11.206,23.554,-0.088,-0.593,-0.682
French Southern Territories,1981,0.502,14.502,340.12,1.43,1.564,0.0169,12.147,11.387,23.533,-0.29,-0.413,-0.702
French Southern Territories,1982,0.947,14.947,341.48,0.86,1.5809,0.0333,12.468,11.595,24.062,0.031,-0.204,-0.173
French Southern Territories,1983,0.171,14.171,343.15,2.36,1.6142,0.0306,12.353,11.344,23.698,-0.083,-0.455,-0.538
French Southern Territories,1984,0.062,14.062,344.87,1.51,1.6448,0.0129,11.92,11.428,23.348,-0.517,-0.371,-0.887
French Southern Territories,1985,0.474,14.474,346.35,1.21,1.6573,0.0122,12.016,11.569,23.585,-0.421,-0.23,-0.651
French Southern Territories,1986,0.597,14.597,347.61,1.47,1.6701,0.0129,12.224,11.044,23.268,-0.212,-0.755,-0.967
French Southern Territories,1987,0.72,14.72,349.31,2.06,1.6827,0.0114,12.268,11.405,23.673,-0.169,-0.394,-0.562
French Southern Territories,1988,-0.453,13.547,351.69,2.24,1.6931,0.0107,12.19,11.497,23.687,-0.247,-0.302,-0.549
French Southern Territories,1989,0.61,14.61,353.2,1.24,1.7045,0.0112,11.987,11.381,23.368,-0.45,-0.418,-0.868
French Southern Territories,1990,0.7005,14.7005,354.45,1.2,1.7144,0.0086,11.718,11.365,23.082,-0.719,-0.434,-1.153
French Southern Territories,1991,0.791,14.791,355.7,1.05,1.7248,0.0141,11.77,11.498,23.268,-0.667,-0.301,-0.967
French Southern Territories,1992,0.315,14.315,356.54,0.49,1.7355,0.0024,12.122,11.374,23.496,-0.315,-0.425,-0.74
French Southern Territories,1993,0.77,14.77,357.21,1.36,1.7365,0.0039,11.947,11.37,23.317,-0.49,-0.429,-0.919
French Southern Territories,1994,0.027,14.027,358.96,1.96,1.7421,0.0073,12.032,11.728,23.76,-0.404,-0.072,-0.476
French Southern Territories,1995,0.163,14.163,360.97,2.01,1.7489,0.0038,11.438,11.748,23.187,-0.998,-0.051,-1.049
French Southern Territories,1996,0.19,14.19,362.74,1.24,1.7513,0.0025,11.848,11.743,23.592,-0.588,-0.056,-0.644
French Southern Territories,1997,0.984,14.984,363.88,1.91,1.7545,0.0064,11.692,11.341,23.032,-0.745,-0.458,-1.203
French Southern Territories,1998,0.694,14.694,366.84,2.97,1.7655,0.0121,11.782,11.689,23.471,-0.655,-0.11,-0.765
French Southern Territories,1999,0.452,14.452,368.54,0.92,1.7723,0.0024,11.713,11.712,23.426,-0.723,-0.087,-0.81
French Southern Territories,2000,0.663,14.663,369.71,1.62,1.7733,-0.0014,11.519,11.724,23.243,-0.917,-0.075,-0.992
French Southern Territories,2001,0.595,14.595,371.32,1.62,1.7713,-0.0007,11.622,11.628,23.25,-0.814,-0.172,-0.986
French Southern Territories,2002,0.638,14.638,373.45,2.51,1.7727,0.0032,11.385,11.176,22.561,-1.052,-0.623,-1.675
French Southern Territories,2003,0.357,14.357,375.98,2.26,1.7773,0.0048,11.419,11.924,23.343,-1.017,0.125,-0.892
French Southern Territories,2004,0.584,14.584,377.7,1.59,1.777,-0.0048,11.251,11.938,23.189,-1.186,0.139,-1.047
French Southern Territories,2005,0.168,14.168,379.98,2.57,1.7742,0.0003,10.928,11.648,22.575,-1.509,-0.152,-1.661
French Southern Territories,2006,0.322,14.322,382.09,1.69,1.775,0.0019,10.794,11.412,22.206,-1.642,-0.387,-2.03
French Southern Territories,2007,0.143,14.143,384.02,2.31,1.7814,0.0078,10.498,11.637,22.135,-1.938,-0.162,-2.101
French Southern Territories,2008,0.391,14.391,385.83,1.54,1.787,0.0065,10.99,12.213,23.203,-1.447,0.414,-1.032
French Southern Territories,2009,0.314,14.314,387.64,2.0,1.7935,0.0047,10.956,11.999,22.955,-1.481,0.2,-1.281
French Southern Territories,2010,0.481,14.481,390.1,2.3,1.7989,0.0051,10.734,12.058,22.792,-1.702,0.258,-1.444
French Southern Territories,2011,0.463,14.463,391.85,1.92,1.8031,0.005,10.506,11.45,21.956,-1.931,-0.349,-2.28
French Southern Territories,2012,0.904,14.904,394.06,2.65,1.8081,0.005,10.42,11.981,22.401,-2.017,0.182,-1.835
French Southern Territories,2013,0.36,14.36,396.74,1.99,1.8134,0.0057,10.919,12.474,23.393,-1.517,0.675,-0.842
French Southern Territories,2014,-0.063,13.937,398.81,2.17,1.8226,0.0127,10.812,12.727,23.539,-1.624,0.928,-0.697
French Southern Territories,2015,0.724,14.724,401.01,2.95,1.8342,0.01,10.589,12.366,22.955,-1.848,0.567,-1.281
French Southern Territories,2016,1.027,15.027,404.41,3.03,1.8431,0.007,10.176,11.178,21.353,-2.261,-0.622,-2.882
French Southern Territories,2017,1.025,15.025,406.76,1.9,1.8496,0.0069,10.415,10.702,21.118,-2.022,-1.097,-3.118
French Southern Territories,2018,0.928,14.928,408.72,2.85,1.8573,0.0088,10.378,10.952,21.33,-2.058,-0.847,-2.906
French Southern Territories,2019,0.833,14.833,411.65,2.49,1.8666,0.0096,10.225,10.83,21.055,-2.212,-0.969,-3.181
French Southern Territories,2020,0.516,14.516,414.21,2.3,1.8787,0.0148,10.164,11.578,21.742,-2.272,-0.222,-2.494
Gabon,1979,0.377,14.377,336.84,1.83,1.5305,0.0166,12.35,11.656,24.006,-0.087,-0.143,-0.23
Gabon,1980,0.289,14.289,338.76,1.68,1.5471,0.0169,12.348,11.206,23.554,-0.088,-0.593,-0.682
Gabon,1981,-0.165,13.835,340.12,1.43,1.564,0.0169,12.147,11.387,23.533,-0.29,-0.413,-0.702
Gabon,1982,-0.358,13.642,341.48,0.86,1.5809,0.0333,12.468,11.595,24.062,0.031,-0.204,-0.173
Gabon,1983,0.115,14.115,343.15,2.36,1.6142,0.0306,12.353,11.344,23.698,-0.083,-0.455,-0.538
Gabon,1984,0.143,14.143,344.87,1.51,1.6448,0.0129,11.92,11.428,23.348,-0.517,-0.371,-0.887
Gabon,1985,-0.222,13.778,346.35,1.21,1.6573,0.0122,12.016,11.569,23.585,-0.421,-0.23,-0.651
Gabon,1986,-0.141,13.859,347.61,1.47,1.6701,0.0129,12.224,11.044,23.268,-0.212,-0.755,-0.967
Gabon,1987,0.272,14.272,349.31,2.06,1.6827,0.0114,12.268,11.405,23.673,-0.169,-0.394,-0.562
Gabon,1988,0.191,14.191,351.69,2.24,1.6931,0.0107,12.19,11.497,23.687,-0.247,-0.302,-0.549
Gabon,1989,-0.03,13.97,353.2,1.24,1.7045,0.0112,11.987,11.381,23.368,-0.45,-0.418,-0.868
Gabon,1990,0.115,14.115,354.45,1.2,1.7144,0.0086,11.718,11.365,23.082,-0.719,-0.434,-1.153
Gabon,1991,0.106,14.106,355.7,1.05,1.7248,0.0141,11.77,11.498,23.268,-0.667,-0.301,-0.967
Gabon,1992,-0.168,13.832,356.54,0.49,1.7355,0.0024,12.122,11.374,23.496,-0.315,-0.425,-0.74
Gabon,1993,0.138,14.138,357.21,1.36,1.7365,0.0039,11.947,11.37,23.317,-0.49,-0.429,-0.919
Gabon,1994,0.205,14.205,358.96,1.96,1.7421,0.0073,12.032,11.728,23.76,-0.404,-0.072,-0.476
Gabon,1995,0.599,14.599,360.97,2.01,1.7489,0.0038,11.438,11.748,23.187,-0.998,-0.051,-1.049
Gabon,1996,0.13,14.13,362.74,1.24,1.7513,0.0025,11.848,11.743,23.592,-0.588,-0.056,-0.644
Gabon,1997,0.318,14.318,363.88,1.91,1.7545,0.0064,11.692,11.341,23.032,-0.745,-0.458,-1.203
Gabon,1998,1.111,15.111,366.84,2.97,1.7655,0.0121,11.782,11.689,23.471,-0.655,-0.11,-0.765
Gabon,1999,0.566,14.566,368.54,0.92,1.7723,0.0024,11.713,11.712,23.426,-0.723,-0.087,-0.81
Gabon,2000,0.293,14.293,369.71,1.62,1.7733,-0.0014,11.519,11.724,23.243,-0.917,-0.075,-0.992
Gabon,2001,0.257,14.257,371.32,1.62,1.7713,-0.0007,11.622,11.628,23.25,-0.814,-0.172,-0.986
Gabon,2002,0.647,14.647,373.45,2.51,1.7727,0.0032,11.385,11.176,22.561,-1.052,-0.623,-1.675
Gabon,2003,0.868,14.868,375.98,2.26,1.7773,0.0048,11.419,11.924,23.343,-1.017,0.125,-0.892
Gabon,2004,0.764,14.764,377.7,1.59,1.777,-0.0048,11.251,11.938,23.189,-1.186,0.139,-1.047
Gabon,2005,0.719,14.719,379.98,2.57,1.7742,0.0003,10.928,11.648,22.575,-1.509,-0.152,-1.661
Gabon,2006,0.682,14.682,382.09,1.69,1.775,0.0019,10.794,11.412,22.206,-1.642,-0.387,-2.03
Gabon,2007,0.853,14.853,384.02,2.31,1.7814,0.0078,10.498,11.637,22.135,-1.938,-0.162,-2.101
Gabon,2008,0.738,14.738,385.83,1.54,1.787,0.0065,10.99,12.213,23.203,-1.447,0.414,-1.032
Gabon,2009,0.744,14.744,387.64,2.0,1.7935,0.0047,10.956,11.999,22.955,-1.481,0.2,-1.281
Gabon,2010,0.959,14.959,390.1,2.3,1.7989,0.0051,10.734,12.058,22.792,-1.702,0.258,-1.444
Gabon,2011,0.529,14.529,391.85,1.92,1.8031,0.005,10.506,11.45,21.956,-1.931,-0.349,-2.28
Gabon,2012,0.511,14.511,394.06,2.65,1.8081,0.005,10.42,11.981,22.401,-2.017,0.182,-1.835
Gabon,2013,0.81,14.81,396.74,1.99,1.8134,0.0057,10.919,12.474,23.393,-1.517,0.675,-0.842
Gabon,2014,0.791,14.791,398.81,2.17,1.8226,0.0127,10.812,12.727,23.539,-1.624,0.928,-0.697
Gabon,2015,0.893,14.893,401.01,2.95,1.8342,0.01,10.589,12.366,22.955,-1.848,0.567,-1.281
Gabon,2016,1.417,15.417,404.41,3.03,1.8431,0.007,10.176,11.178,21.353,-2.261,-0.622,-2.882
Gabon,2017,1.392,15.392,406.76,1.9,1.8496,0.0069,10.415,10.702,21.118,-2.022,-1.097,-3.118
Gabon,2018,0.896,14.896,408.72,2.85,1.8573,0.0088,10.378,10.952,21.33,-2.058,-0.847,-2.906
Gabon,2019,1.554,15.554,411.65,2.49,1.8666,0.0096,10.225,10.83,21.055,-2.212,-0.969,-3.181
Gabon,2020,1.433,15.433,414.21,2.3,1.8787,0.0148,10.164,11.578,21.742,-2.272,-0.222,-2.494
Gambia,1979,0.614,14.614,336.84,1.83,1.5305,0.0166,12.35,11.656,24.006,-0.087,-0.143,-0.23
Gambia,1980,0.807,14.807,338.76,1.68,1.5471,0.0169,12.348,11.206,23.554,-0.088,-0.593,-0.682
Gambia,1981,0.647,14.647,340.12,1.43,1.564,0.0169,12.147,11.387,23.533,-0.29,-0.413,-0.702
Gambia,1982,0.394,14.394,341.48,0.86,1.5809,0.0333,12.468,11.595,24.062,0.031,-0.204,-0.173
Gambia,1983,1.196,15.196,343.15,2.36,1.6142,0.0306,12.353,11.344,23.698,-0.083,-0.455,-0.538
Gambia,1984,0.683,14.683,344.87,1.51,1.6448,0.0129,11.92,11.428,23.348,-0.517,-0.371,-0.887
Gambia,1985,0.432,14.432,346.35,1.21,1.6573,0.0122,12.016,11.569,23.585,-0.421,-0.23,-0.651
Gambia,1986,0.708,14.708,347.61,1.47,1.6701,0.0129,12.224,11.044,23.268,-0.212,-0.755,-0.967
Gambia,1987,1.113,15.113,349.31,2.06,1.6827,0.0114,12.268,11.405,23.673,-0.169,-0.394,-0.562
Gambia,1988,0.964,14.964,351.69,2.24,1.6931,0.0107,12.19,11.497,23.687,-0.247,-0.302,-0.549
Gambia,1989,0.807,14.807,353.2,1.24,1.7045,0.0112,11.987,11.381,23.368,-0.45,-0.418,-0.868
Gambia,1990,1.332,15.332,354.45,1.2,1.7144,0.0086,11.718,11.365,23.082,-0.719,-0.434,-1.153
Gambia,1991,1.018,15.018,355.7,1.05,1.7248,0.0141,11.77,11.498,23.268,-0.667,-0.301,-0.967
Gambia,1992,1.06,15.06,356.54,0.49,1.7355,0.0024,12.122,11.374,23.496,-0.315,-0.425,-0.74
Gambia,1993,1.262,15.262,357.21,1.36,1.7365,0.0039,11.947,11.37,23.317,-0.49,-0.429,-0.919
Gambia,1994,0.944,14.944,358.96,1.96,1.7421,0.0073,12.032,11.728,23.76,-0.404,-0.072,-0.476
Gambia,1995,1.055,15.055,360.97,2.01,1.7489,0.0038,11.438,11.748,23.187,-0.998,-0.051,-1.049
Gambia,1996,1.281,15.281,362.74,1.24,1.7513,0.0025,11.848,11.743,23.592,-0.588,-0.056,-0.644
Gambia,1997,1.516,15.516,363.88,1.91,1.7545,0.0064,11.692,11.341,23.032,-0.745,-0.458,-1.203
Gambia,1998,1.764,15.764,366.84,2.97,1.7655,0.0121,11.782,11.689,23.471,-0.655,-0.11,-0.765
Gambia,1999,0.957,14.957,368.54,0.92,1.7723,0.0024,11.713,11.712,23.426,-0.723,-0.087,-0.81
Gambia,2000,1.126,15.126,369.71,1.62,1.7733,-0.0014,11.519,11.724,23.243,-0.917,-0.075,-0.992
Gambia,2001,1.411,15.411,371.32,1.62,1.7713,-0.0007,11.622,11.628,23.25,-0.814,-0.172,-0.986
Gambia,2002,1.531,15.531,373.45,2.51,1.7727,0.0032,11.385,11.176,22.561,-1.052,-0.623,-1.675
Gambia,2003,1.202,15.202,375.98,2.26,1.7773,0.0048,11.419,11.924,23.343,-1.017,0.125,-0.892
Gambia,2004,1.228,15.228,377.7,1.59,1.777,-0.0048,11.251,11.938,23.189,-1.186,0.139,-1.047
Gambia,2005,1.632,15.632,379.98,2.57,1.7742,0.0003,10.928,11.648,22.575,-1.509,-0.152,-1.661
Gambia,2006,1.367,15.367,382.09,1.69,1.775,0.0019,10.794,11.412,22.206,-1.642,-0.387,-2.03
Gambia,2007,1.249,15.249,384.02,2.31,1.7814,0.0078,10.498,11.637,22.135,-1.938,-0.162,-2.101
Gambia,2008,1.506,15.506,385.83,1.54,1.787,0.0065,10.99,12.213,23.203,-1.447,0.414,-1.032
Gambia,2009,0.873,14.873,387.64,2.0,1.7935,0.0047,10.956,11.999,22.955,-1.481,0.2,-1.281
Gambia,2010,1.48,15.48,390.1,2.3,1.7989,0.0051,10.734,12.058,22.792,-1.702,0.258,-1.444
Gambia,2011,1.228,15.228,391.85,1.92,1.8031,0.005,10.506,11.45,21.956,-1.931,-0.349,-2.28
Gambia,2012,1.095,15.095,394.06,2.65,1.8081,0.005,10.42,11.981,22.401,-2.017,0.182,-1.835
Gambia,2013,1.202,15.202,396.74,1.99,1.8134,0.0057,10.919,12.474,23.393,-1.517,0.675,-0.842
Gambia,2014,1.465,15.465,398.81,2.17,1.8226,0.0127,10.812,12.727,23.539,-1.624,0.928,-0.697
Gambia,2015,1.516,15.516,401.01,2.95,1.8342,0.01,10.589,12.366,22.955,-1.848,0.567,-1.281
Gambia,2016,1.917,15.917,404.41,3.03,1.8431,0.007,10.176,11.178,21.353,-2.261,-0.622,-2.882
Gambia,2017,2.033,16.033,406.76,1.9,1.8496,0.0069,10.415,10.702,21.118,-2.022,-1.097,-3.118
Gambia,2018,1.317,15.317,408.72,2.85,1.8573,0.0088,10.378,10.952,21.33,-2.058,-0.847,-2.906
Gambia,2019,1.63,15.63,411.65,2.49,1.8666,0.0096,10.225,10.83,21.055,-2.212,-0.969,-3.181
Gambia,2020,2.05,16.05,414.21,2.3,1.8787,0.0148,10.164,11.578,21.742,-2.272,-0.222,-2.494
Germany,1979,-0.642,13.358,336.84,1.83,1.5305,0.0166,12.35,11.656,24.006,-0.087,-0.143,-0.23
Germany,1980,-0.187,13.813,338.76,1.68,1.5471,0.0169,12.348,11.206,23.554,-0.088,-0.593,-0.682
Germany,1981,0.295,14.295,340.12,1.43,1.564,0.0169,12.147,11.387,23.533,-0.29,-0.413,-0.702
Germany,1982,0.437,14.437,341.48,0.86,1.5809,0.0333,12.468,11.595,24.062,0.031,-0.204,-0.173
Germany,1983,1.068,15.068,343.15,2.36,1.6142,0.0306,12.353,11.344,23.698,-0.083,-0.455,-0.538
Germany,1984,-0.113,13.887,344.87,1.51,1.6448,0.0129,11.92,11.428,23.348,-0.517,-0.371,-0.887
Germany,1985,-0.802,13.198,346.35,1.21,1.6573,0.0122,12.016,11.569,23.585,-0.421,-0.23,-0.651
Germany,1986,-0.007,13.993,347.61,1.47,1.6701,0.0129,12.224,11.044,23.268,-0.212,-0.755,-0.967
Germany,1987,-0.559,13.441,349.31,2.06,1.6827,0.0114,12.268,11.405,23.673,-0.169,-0.394,-0.562
Germany,1988,0.893,14.893,351.69,2.24,1.6931,0.0107,12.19,11.497,23.687,-0.247,-0.302,-0.549
Germany,1989,1.491,15.491,353.2,1.24,1.7045,0.0112,11.987,11.381,23.368,-0.45,-0.418,-0.868
Germany,1990,1.573,15.573,354.45,1.2,1.7144,0.0086,11.718,11.365,23.082,-0.719,-0.434,-1.153
Germany,1991,0.287,14.287,355.7,1.05,1.7248,0.0141,11.77,11.498,23.268,-0.667,-0.301,-0.967
Germany,1992,1.228,15.228,356.54,0.49,1.7355,0.0024,12.122,11.374,23.496,-0.315,-0.425,-0.74
Germany,1993,0.312,14.312,357.21,1.36,1.7365,0.0039,11.947,11.37,23.317,-0.49,-0.429,-0.919
Germany,1994,1.625,15.625,358.96,1.96,1.7421,0.0073,12.032,11.728,23.76,-0.404,-0.072,-0.476
Germany,1995,1.308,15.308,360.97,2.01,1.7489,0.0038,11.438,11.748,23.187,-0.998,-0.051,-1.049
Germany,1996,-0.698,13.302,362.74,1.24,1.7513,0.0025,11.848,11.743,23.592,-0.588,-0.056,-0.644
Germany,1997,0.559,14.559,363.88,1.91,1.7545,0.0064,11.692,11.341,23.032,-0.745,-0.458,-1.203
Germany,1998,1.152,15.152,366.84,2.97,1.7655,0.0121,11.782,11.689,23.471,-0.655,-0.11,-0.765
Germany,1999,1.366,15.366,368.54,0.92,1.7723,0.0024,11.713,11.712,23.426,-0.723,-0.087,-0.81
Germany,2000,1.762,15.762,369.71,1.62,1.7733,-0.0014,11.519,11.724,23.243,-0.917,-0.075,-0.992
Germany,2001,1.29,15.29,371.32,1.62,1.7713,-0.0007,11.622,11.628,23.25,-0.814,-0.172,-0.986
Germany,2002,1.488,15.488,373.45,2.51,1.7727,0.0032,11.385,11.176,22.561,-1.052,-0.623,-1.675
Germany,2003,1.259,15.259,375.98,2.26,1.7773,0.0048,11.419,11.924,23.343,-1.017,0.125,-0.892
Germany,2004,1.001,15.001,377.7,1.59,1.777,-0.0048,11.251,11.938,23.189,-1.186,0.139,-1.047
Germany,2005,1.028,15.028,379.98,2.57,1.7742,0.0003,10.928,11.648,22.575,-1.509,-0.152,-1.661
Germany,2006,1.26,15.26,382.09,1.69,1.775,0.0019,10.794,11.412,22.206,-1.642,-0.387,-2.03
Germany,2007,2.093,16.093,384.02,2.31,1.7814,0.0078,10.498,11.637,22.135,-1.938,-0.162,-2.101
Germany,2008,1.545,15.545,385.83,1.54,1.787,0.0065,10.99,12.213,23.203,-1.447,0.414,-1.032
Germany,2009,1.284,15.284,387.64,2.0,1.7935,0.0047,10.956,11.999,22.955,-1.481,0.2,-1.281
Germany,2010,0.196,14.196,390.1,2.3,1.7989,0.0051,10.734,12.058,22.792,-1.702,0.258,-1.444
Germany,2011,1.12,15.12,391.85,1.92,1.8031,0.005,10.506,11.45,21.956,-1.931,-0.349,-2.28
Germany,2012,1.35,15.35,394.06,2.65,1.8081,0.005,10.42,11.981,22.401,-2.017,0.182,-1.835
Germany,2013,0.584,14.584,396.74,1.99,1.8134,0.0057,10.919,12.474,23.393,-1.517,0.675,-0.842
Germany,2014,2.516,16.516,398.81,2.17,1.8226,0.0127,10.812,12.727,23.539,-1.624,0.928,-0.697
Germany,2015,1.673,15.673,401.01,2.95,1.8342,0.01,10.589,12.366,22.955,-1.848,0.567,-1.281
Germany,2016,1.985,15.985,404.41,3.03,1.8431,0.007,10.176,11.178,21.353,-2.261,-0.622,-2.882
Germany,2017,1.651,15.651,406.76,1.9,1.8496,0.0069,10.415,10.702,21.118,-2.022,-1.097,-3.118
Germany,2018,2.395,16.395,408.72,2.85,1.8573,0.0088,10.378,10.952,21.33,-2.058,-0.847,-2.906
Germany,2019,2.335,16.335,411.65,2.49,1.8666,0.0096,10.225,10.83,21.055,-2.212,-0.969,-3.181
Germany,2020,2.521,16.521,414.21,2.3,1.8787,0.0148,10.164,11.578,21.742,-2.272,-0.222,-2.494
Ghana,1979,0.592,14.592,336.84,1.83,1.5305,0.0166,12.35,11.656,24.006,-0.087,-0.143,-0.23
Ghana,1980,0.476,14.476,338.76,1.68,1.5471,0.0169,12.348,11.206,23.554,-0.088,-0.593,-0.682
Ghana,1981,0.204,14.204,340.12,1.43,1.564,0.0169,12.147,11.387,23.533,-0.29,-0.413,-0.702
Ghana,1982,0.192,14.192,341.48,0.86,1.5809,0.0333,12.468,11.595,24.062,0.031,-0.204,-0.173
Ghana,1983,0.722,14.722,343.15,2.36,1.6142,0.0306,12.353,11.344,23.698,-0.083,-0.455,-0.538
Ghana,1984,0.685,14.685,344.87,1.51,1.6448,0.0129,11.92,11.428,23.348,-0.517,-0.371,-0.887
Ghana,1985,0.375,14.375,346.35,1.21,1.6573,0.0122,12.016,11.569,23.585,-0.421,-0.23,-0.651
Ghana,1986,0.318,14.318,347.61,1.47,1.6701,0.0129,12.224,11.044,23.268,-0.212,-0.755,-0.967
Ghana,1987,0.985,14.985,349.31,2.06,1.6827,0.0114,12.268,11.405,23.673,-0.169,-0.394,-0.562
Ghana,1988,0.687,14.687,351.69,2.24,1.6931,0.0107,12.19,11.497,23.687,-0.247,-0.302,-0.549
Ghana,1989,0.251,14.251,353.2,1.24,1.7045,0.0112,11.987,11.381,23.368,-0.45,-0.418,-0.868
Ghana,1990,0.539,14.539,354.45,1.2,1.7144,0.0086,11.718,11.365,23.082,-0.719,-0.434,-1.153
Ghana,1991,0.405,14.405,355.7,1.05,1.7248,0.0141,11.77,11.498,23.268,-0.667,-0.301,-0.967
Ghana,1992,0.159,14.159,356.54,0.49,1.7355,0.0024,12.122,11.374,23.496,-0.315,-0.425,-0.74
Ghana,1993,0.503,14.503,357.21,1.36,1.7365,0.0039,11.947,11.37,23.317,-0.49,-0.429,-0.919
Ghana,1994,0.591,14.591,358.96,1.96,1.7421,0.0073,12.032,11.728,23.76,-0.404,-0.072,-0.476
Ghana,1995,0.761,14.761,360.97,2.01,1.7489,0.0038,11.438,11.748,23.187,-0.998,-0.051,-1.049
Ghana,1996,0.726,14.726,362.74,1.24,1.7513,0.0025,11.848,11.743,23.592,-0.588,-0.056,-0.644
Ghana,1997,0.544,14.544,363.88,1.91,1.7545,0.0064,11.692,11.341,23.032,-0.745,-0.458,-1.203
Ghana,1998,1.193,15.193,366.84,2.97,1.7655,0.0121,11.782,11.689,23.471,-0.655,-0.11,-0.765
Ghana,1999,0.625,14.625,368.54,0.92,1.7723,0.0024,11.713,11.712,23.426,-0.723,-0.087,-0.81
Ghana,2000,0.479,14.479,369.71,1.62,1.7733,-0.0014,11.519,11.724,23.243,-0.917,-0.075,-0.992
Ghana,2001,0.612,14.612,371.32,1.62,1.7713,-0.0007,11.622,11.628,23.25,-0.814,-0.172,-0.986
Ghana,2002,0.871,14.871,373.45,2.51,1.7727,0.0032,11.385,11.176,22.561,-1.052,-0.623,-1.675
Ghana,2003,1.038,15.038,375.98,2.26,1.7773,0.0048,11.419,11.924,23.343,-1.017,0.125,-0.892
Ghana,2004,0.794,14.794,377.7,1.59,1.777,-0.0048,11.251,11.938,23.189,-1.186,0.139,-1.047
Ghana,2005,1.019,15.019,379.98,2.57,1.7742,0.0003,10.928,11.648,22.575,-1.509,-0.152,-1.661
Ghana,2006,1.039,15.039,382.09,1.69,1.775,0.0019,10.794,11.412,22.206,-1.642,-0.387,-2.03
Ghana,2007,1.015,15.015,384.02,2.31,1.7814,0.0078,10.498,11.637,22.135,-1.938,-0.162,-2.101
Ghana,2008,0.767,14.767,385.83,1.54,1.787,0.0065,10.99,12.213,23.203,-1.447,0.414,-1.032
Ghana,2009,0.941,14.941,387.64,2.0,1.7935,0.0047,10.956,11.999,22.955,-1.481,0.2,-1.281
Ghana,2010,1.322,15.322,390.1,2.3,1.7989,0.0051,10.734,12.058,22.792,-1.702,0.258,-1.444
Ghana,2011,0.929,14.929,391.85,1.92,1.8031,0.005,10.506,11.45,21.956,-1.931,-0.349,-2.28
Ghana,2012,0.657,14.657,394.06,2.65,1.8081,0.005,10.42,11.981,22.401,-2.017,0.182,-1.835
Ghana,2013,0.89,14.89,396.74,1.99,1.8134,0.0057,10.919,12.474,23.393,-1.517,0.675,-0.842
Ghana,2014,0.919,14.919,398.81,2.17,1.8226,0.0127,10.812,12.727,23.539,-1.624,0.928,-0.697
Ghana,2015,1.224,15.224,401.01,2.95,1.8342,0.01,10.589,12.366,22.955,-1.848,0.567,-1.281
Ghana,2016,1.328,15.328,404.41,3.03,1.8431,0.007,10.176,11.178,21.353,-2.261,-0.622,-2.882
Ghana,2017,1.405,15.405,406.76,1.9,1.8496,0.0069,10.415,10.702,21.118,-2.022,-1.097,-3.118
Ghana,2018,1.173,15.173,408.72,2.85,1.8573,0.0088,10.378,10.952,21.33,-2.058,-0.847,-2.906
Ghana,2019,1.389,15.389,411.65,2.49,1.8666,0.0096,10.225,10.83,21.055,-2.212,-0.969,-3.181
Ghana,2020,1.355,15.355,414.21,2.3,1.8787,0.0148,10.164,11.578,21.742,-2.272,-0.222,-2.494
Gibraltar,1979,0.388,14.388,336.84,1.83,1.5305,0.0166,12.35,11.656,24.006,-0.087,-0.143,-0.23
Gibraltar,1980,0.3,14.3,338.76,1.68,1.5471,0.0169,12.348,11.206,23.554,-0.088,-0.593,-0.682
Gibraltar,1981,0.355,14.355,340.12,1.43,1.564,0.0169,12.147,11.387,23.533,-0.29,-0.413,-0.702
Gibraltar,1982,0.474,14.474,341.48,0.86,1.5809,0.0333,12.468,11.595,24.062,0.031,-0.204,-0.173
Gibraltar,1983,0.366,14.366,343.15,2.36,1.6142,0.0306,12.353,11.344,23.698,-0.083,-0.455,-0.538
Gibraltar,1984,-0.158,13.842,344.87,1.51,1.6448,0.0129,11.92,11.428,23.348,-0.517,-0.371,-0.887
Gibraltar,1985,0.579,14.579,346.35,1.21,1.6573,0.0122,12.016,11.569,23.585,-0.421,-0.23,-0.651
Gibraltar,1986,0.224,14.224,347.61,1.47,1.6701,0.0129,12.224,11.044,23.268,-0.212,-0.755,-0.967
Gibraltar,1987,0.489,14.489,349.31,2.06,1.6827,0.0114,12.268,11.405,23.673,-0.169,-0.394,-0.562
Gibraltar,1988,0.778,14.778,351.69,2.24,1.6931,0.0107,12.19,11.497,23.687,-0.247,-0.302,-0.549
Gibraltar,1989,0.918,14.918,353.2,1.24,1.7045,0.0112,11.987,11.381,23.368,-0.45,-0.418,-0.868
Gibraltar,1990,1.207,15.207,354.45,1.2,1.7144,0.0086,11.718,11.365,23.082,-0.719,-0.434,-1.153
Gibraltar,1991,0.124,14.124,355.7,1.05,1.7248,0.0141,11.77,11.498,23.268,-0.667,-0.301,-0.967
Gibraltar,1992,0.197,14.197,356.54,0.49,1.7355,0.0024,12.122,11.374,23.496,-0.315,-0.425,-0.74
Gibraltar,1993,-0.093,13.907,357.21,1.36,1.7365,0.0039,11.947,11.37,23.317,-0.49,-0.429,-0.919
Gibraltar,1994,0.77,14.77,358.96,1.96,1.7421,0.0073,12.032,11.728,23.76,-0.404,-0.072,-0.476
Gibraltar,1995,1.344,15.344,360.97,2.01,1.7489,0.0038,11.438,11.748,23.187,-0.998,-0.051,-1.049
Gibraltar,1996,0.771,14.771,362.74,1.24,1.7513,0.0025,11.848,11.743,23.592,-0.588,-0.056,-0.644
Gibraltar,1997,1.469,15.469,363.88,1.91,1.7545,0.0064,11.692,11.341,23.032,-0.745,-0.458,-1.203
Gibraltar,1998,1.117,15.117,366.84,2.97,1.7655,0.0121,11.782,11.689,23.471,-0.655,-0.11,-0.765
Gibraltar,1999,0.73,14.73,368.54,0.92,1.7723,0.0024,11.713,11.712,23.426,-0.723,-0.087,-0.81
Gibraltar,2000,0.843,14.843,369.71,1.62,1.7733,-0.0014,11.519,11.724,23.243,-0.917,-0.075,-0.992
Gibraltar,2001,1.299,15.299,371.32,1.62,1.7713,-0.0007,11.622,11.628,23.25,-0.814,-0.172,-0.986
Gibraltar,2002,0.883,14.883,373.45,2.51,1.7727,0.0032,11.385,11.176,22.561,-1.052,-0.623,-1.675
Gibraltar,2003,1.424,15.424,375.98,2.26,1.7773,0.0048,11.419,11.924,23.343,-1.017,0.125,-0.892
Gibraltar,2004,1.056,15.056,377.7,1.59,1.777,-0.0048,11.251,11.938,23.189,-1.186,0.139,-1.047
Gibraltar,2005,0.873,14.873,379.98,2.57,1.7742,0.0003,10.928,11.648,22.575,-1.509,-0.152,-1.661
Gibraltar,2006,1.457,15.457,382.09,1.69,1.775,0.0019,10.794,11.412,22.206,-1.642,-0.387,-2.03
Gibraltar,2007,0.844,14.844,384.02,2.31,1.7814,0.0078,10.498,11.637,22.135,-1.938,-0.162,-2.101
Gibraltar,2008,0.978,14.978,385.83,1.54,1.787,0.0065,10.99,12.213,23.203,-1.447,0.414,-1.032
Gibraltar,2009,1.27,15.27,387.64,2.0,1.7935,0.0047,10.956,11.999,22.955,-1.481,0.2,-1.281
Gibraltar,2010,1.341,15.341,390.1,2.3,1.7989,0.0051,10.734,12.058,22.792,-1.702,0.258,-1.444
Gibraltar,2011,1.679,15.679,391.85,1.92,1.8031,0.005,10.506,11.45,21.956,-1.931,-0.349,-2.28
Gibraltar,2012,0.992,14.992,394.06,2.65,1.8081,0.005,10.42,11.981,22.401,-2.017,0.182,-1.835
Gibraltar,2013,0.913,14.913,396.74,1.99,1.8134,0.0057,10.919,12.474,23.393,-1.517,0.675,-0.842
Gibraltar,2014,1.507,15.507,398.81,2.17,1.8226,0.0127,10.812,12.727,23.539,-1.624,0.928,-0.697
Gibraltar,2015,1.442,15.442,401.01,2.95,1.8342,0.01,10.589,12.366,22.955,-1.848,0.567,-1.281
Gibraltar,2016,1.799,15.799,404.41,3.03,1.8431,0.007,10.176,11.178,21.353,-2.261,-0.622,-2.882
Gibraltar,2017,2.089,16.089,406.76,1.9,1.8496,0.0069,10.415,10.702,21.118,-2.022,-1.097,-3.118
Gibraltar,2018,0.799,14.799,408.72,2.85,1.8573,0.0088,10.378,10.952,21.33,-2.058,-0.847,-2.906
Gibraltar,2019,1.351,15.351,411.65,2.49,1.8666,0.0096,10.225,10.83,21.055,-2.212,-0.969,-3.181
Gibraltar,2020,1.992,15.992,414.21,2.3,1.8787,0.0148,10.164,11.578,21.742,-2.272,-0.222,-2.494
Greece,1979,0.201,14.201,336.84,1.83,1.5305,0.0166,12.35,11.656,24.006,-0.087,-0.143,-0.23
Greece,1980,-0.36,13.64,338.76,1.68,1.5471,0.0169,12.348,11.206,23.554,-0.088,-0.593,-0.682
Greece,1981,-0.169,13.831,340.12,1.43,1.564,0.0169,12.147,11.387,23.533,-0.29,-0.413,-0.702
Greece,1982,-0.215,13.785,341.48,0.86,1.5809,0.0333,12.468,11.595,24.062,0.031,-0.204,-0.173
Greece,1983,-0.464,13.536,343.15,2.36,1.6142,0.0306,12.353,11.344,23.698,-0.083,-0.455,-0.538
Greece,1984,-0.093,13.907,344.87,1.51,1.6448,0.0129,11.92,11.428,23.348,-0.517,-0.371,-0.887
Greece,1985,-0.03,13.97,346.35,1.21,1.6573,0.0122,12.016,11.569,23.585,-0.421,-0.23,-0.651
Greece,1986,0.341,14.341,347.61,1.47,1.6701,0.0129,12.224,11.044,23.268,-0.212,-0.755,-0.967
Greece,1987,-0.363,13.637,349.31,2.06,1.6827,0.0114,12.268,11.405,23.673,-0.169,-0.394,-0.562
Greece,1988,0.162,14.162,351.69,2.24,1.6931,0.0107,12.19,11.497,23.687,-0.247,-0.302,-0.549
Greece,1989,-0.173,13.827,353.2,1.24,1.7045,0.0112,11.987,11.381,23.368,-0.45,-0.418,-0.868
Greece,1990,0.388,14.388,354.45,1.2,1.7144,0.0086,11.718,11.365,23.082,-0.719,-0.434,-1.153
Greece,1991,-0.174,13.826,355.7,1.05,1.7248,0.0141,11.77,11.498,23.268,-0.667,-0.301,-0.967
Greece,1992,-0.5,13.5,356.54,0.49,1.7355,0.0024,12.122,11.374,23.496,-0.315,-0.425,-0.74
Greece,1993,-0.292,13.708,357.21,1.36,1.7365,0.0039,11.947,11.37,23.317,-0.49,-0.429,-0.919
Greece,1994,1.099,15.099,358.96,1.96,1.7421,0.0073,12.032,11.728,23.76,-0.404,-0.072,-0.476
Greece,1995,-0.001,13.999,360.97,2.01,1.7489,0.0038,11.438,11.748,23.187,-0.998,-0.051,-1.049
Greece,1996,-0.127,13.873,362.74,1.24,1.7513,0.0025,11.848,11.743,23.592,-0.588,-0.056,-0.644
Greece,1997,-0.169,13.831,363.88,1.91,1.7545,0.0064,11.692,11.341,23.032,-0.745,-0.458,-1.203
Greece,1998,0.654,14.654,366.84,2.97,1.7655,0.0121,11.782,11.689,23.471,-0.655,-0.11,-0.765
Greece,1999,0.824,14.824,368.54,0.92,1.7723,0.0024,11.713,11.712,23.426,-0.723,-0.087,-0.81
Greece,2000,0.697,14.697,369.71,1.62,1.7733,-0.0014,11.519,11.724,23.243,-0.917,-0.075,-0.992
Greece,2001,1.334,15.334,371.32,1.62,1.7713,-0.0007,11.622,11.628,23.25,-0.814,-0.172,-0.986
Greece,2002,0.465,14.465,373.45,2.51,1.7727,0.0032,11.385,11.176,22.561,-1.052,-0.623,-1.675
Greece,2003,0.409,14.409,375.98,2.26,1.7773,0.0048,11.419,11.924,23.343,-1.017,0.125,-0.892
Greece,2004,0.349,14.349,377.7,1.59,1.777,-0.0048,11.251,11.938,23.189,-1.186,0.139,-1.047
Greece,2005,0.222,14.222,379.98,2.57,1.7742,0.0003,10.928,11.648,22.575,-1.509,-0.152,-1.661
Greece,2006,0.272,14.272,382.09,1.69,1.775,0.0019,10.794,11.412,22.206,-1.642,-0.387,-2.03
Greece,2007,1.084,15.084,384.02,2.31,1.7814,0.0078,10.498,11.637,22.135,-1.938,-0.162,-2.101
Greece,2008,0.88,14.88,385.83,1.54,1.787,0.0065,10.99,12.213,23.203,-1.447,0.414,-1.032
Greece,2009,0.765,14.765,387.64,2.0,1.7935,0.0047,10.956,11.999,22.955,-1.481,0.2,-1.281
Greece,2010,1.567,15.567,390.1,2.3,1.7989,0.0051,10.734,12.058,22.792,-1.702,0.258,-1.444
Greece,2011,0.389,14.389,391.85,1.92,1.8031,0.005,10.506,11.45,21.956,-1.931,-0.349,-2.28
Greece,2012,1.23,15.23,394.06,2.65,1.8081,0.005,10.42,11.981,22.401,-2.017,0.182,-1.835
Greece,2013,1.329,15.329,396.74,1.99,1.8134,0.0057,10.919,12.474,23.393,-1.517,0.675,-0.842
Greece,2014,1.073,15.073,398.81,2.17,1.8226,0.0127,10.812,12.727,23.539,-1.624,0.928,-0.697
Greece,2015,0.911,14.911,401.01,2.95,1.8342,0.01,10.589,12.366,22.955,-1.848,0.567,-1.281
Greece,2016,1.576,15.576,404.41,3.03,1.8431,0.007,10.176,11.178,21.353,-2.261,-0.622,-2.882
Greece,2017,0.657,14.657,406.76,1.9,1.8496,0.0069,10.415,10.702,21.118,-2.022,-1.097,-3.118
Greece,2018,1.948,15.948,408.72,2.85,1.8573,0.0088,10.378,10.952,21.33,-2.058,-0.847,-2.906
Greece,2019,1.503,15.503,411.65,2.49,1.8666,0.0096,10.225,10.83,21.055,-2.212,-0.969,-3.181
Greece,2020,1.447,15.447,414.21,2.3,1.8787,0.0148,10.164,11.578,21.742,-2.272,-0.222,-2.494
Greenland,1979,0.487,14.487,336.84,1.83,1.5305,0.0166,12.35,11.656,24.006,-0.087,-0.143,-0.23
Greenland,1980,0.906,14.906,338.76,1.68,1.5471,0.0169,12.348,11.206,23.554,-0.088,-0.593,-0.682
Greenland,1981,-0.378,13.622,340.12,1.43,1.564,0.0169,12.147,11.387,23.533,-0.29,-0.413,-0.702
Greenland,1982,-0.657,13.343,341.48,0.86,1.5809,0.0333,12.468,11.595,24.062,0.031,-0.204,-0.173
Greenland,1983,-2.076,11.924,343.15,2.36,1.6142,0.0306,12.353,11.344,23.698,-0.083,-0.455,-0.538
Greenland,1984,-1.47,12.53,344.87,1.51,1.6448,0.0129,11.92,11.428,23.348,-0.517,-0.371,-0.887
Greenland,1985,0.875,14.875,346.35,1.21,1.6573,0.0122,12.016,11.569,23.585,-0.421,-0.23,-0.651
Greenland,1986,0.364,14.364,347.61,1.47,1.6701,0.0129,12.224,11.044,23.268,-0.212,-0.755,-0.967
Greenland,1987,-0.138,13.862,349.31,2.06,1.6827,0.0114,12.268,11.405,23.673,-0.169,-0.394,-0.562
Greenland,1988,0.488,14.488,351.69,2.24,1.6931,0.0107,12.19,11.497,23.687,-0.247,-0.302,-0.549
Greenland,1989,-1.512,12.488,353.2,1.24,1.7045,0.0112,11.987,11.381,23.368,-0.45,-0.418,-0.868
Greenland,1990,-0.376,13.624,354.45,1.2,1.7144,0.0086,11.718,11.365,23.082,-0.719,-0.434,-1.153
Greenland,1991,-0.327,13.673,355.7,1.05,1.7248,0.0141,11.77,11.498,23.268,-0.667,-0.301,-0.967
Greenland,1992,-1.256,12.744,356.54,0.49,1.7355,0.0024,12.122,11.374,23.496,-0.315,-0.425,-0.74
Greenland,1993,-1.371,12.629,357.21,1.36,1.7365,0.0039,11.947,11.37,23.317,-0.49,-0.429,-0.919
Greenland,1994,-0.442,13.558,358.96,1.96,1.7421,0.0073,12.032,11.728,23.76,-0.404,-0.072,-0.476
Greenland,1995,-0.345,13.655,360.97,2.01,1.7489,0.0038,11.438,11.748,23.187,-0.998,-0.051,-1.049
Greenland,1996,0.652,14.652,362.74,1.24,1.7513,0.0025,11.848,11.743,23.592,-0.588,-0.056,-0.644
Greenland,1997,0.371,14.371,363.88,1.91,1.7545,0.0064,11.692,11.341,23.032,-0.745,-0.458,-1.203
Greenland,1998,1.253,15.253,366.84,2.97,1.7655,0.0121,11.782,11.689,23.471,-0.655,-0.11,-0.765
Greenland,1999,0.503,14.503,368.54,0.92,1.7723,0.0024,11.713,11.712,23.426,-0.723,-0.087,-0.81
Greenland,2000,0.824,14.824,369.71,1.62,1.7733,-0.0014,11.519,11.724,23.243,-0.917,-0.075,-0.992
Greenland,2001,0.818,14.818,371.32,1.62,1.7713,-0.0007,11.622,11.628,23.25,-0.814,-0.172,-0.986
Greenland,2002,1.173,15.173,373.45,2.51,1.7727,0.0032,11.385,11.176,22.561,-1.052,-0.623,-1.675
Greenland,2003,2.314,16.314,375.98,2.26,1.7773,0.0048,11.419,11.924,23.343,-1.017,0.125,-0.892
Greenland,2004,1.454,15.454,377.7,1.59,1.777,-0.0048,11.251,11.938,23.189,-1.186,0.139,-1.047
Greenland,2005,1.866,15.866,379.98,2.57,1.7742,0.0003,10.928,11.648,22.575,-1.509,-0.152,-1.661
Greenland,2006,1.707,15.707,382.09,1.69,1.775,0.0019,10.794,11.412,22.206,-1.642,-0.387,-2.03
Greenland,2007,1.35,15.35,384.02,2.31,1.7814,0.0078,10.498,11.637,22.135,-1.938,-0.162,-2.101
Greenland,2008,0.941,14.941,385.83,1.54,1.787,0.0065,10.99,12.213,23.203,-1.447,0.414,-1.032
Greenland,2009,0.832,14.832,387.64,2.0,1.7935,0.0047,10.956,11.999,22.955,-1.481,0.2,-1.281
Greenland,2010,3.039,17.039,390.1,2.3,1.7989,0.0051,10.734,12.058,22.792,-1.702,0.258,-1.444
Greenland,2011,1.672,15.672,391.85,1.92,1.8031,0.005,10.506,11.45,21.956,-1.931,-0.349,-2.28
Greenland,2012,1.612,15.612,394.06,2.65,1.8081,0.005,10.42,11.981,22.401,-2.017,0.182,-1.835
Greenland,2013,1.363,15.363,396.74,1.99,1.8134,0.0057,10.919,12.474,23.393,-1.517,0.675,-0.842
Greenland,2014,1.419,15.419,398.81,2.17,1.8226,0.0127,10.812,12.727,23.539,-1.624,0.928,-0.697
Greenland,2015,0.184,14.184,401.01,2.95,1.8342,0.01,10.589,12.366,22.955,-1.848,0.567,-1.281
Greenland,2016,2.346,16.346,404.41,3.03,1.8431,0.007,10.176,11.178,21.353,-2.261,-0.622,-2.882
Greenland,2017,1.184,15.184,406.76,1.9,1.8496,0.0069,10.415,10.702,21.118,-2.022,-1.097,-3.118
Greenland,2018,0.912,14.912,408.72,2.85,1.8573,0.0088,10.378,10.952,21.33,-2.058,-0.847,-2.906
Greenland,2019,2.211,16.211,411.65,2.49,1.8666,0.0096,10.225,10.83,21.055,-2.212,-0.969,-3.181
Greenland,2020,1.325,15.325,414.21,2.3,1.8787,0.0148,10.164,11.578,21.742,-2.272,-0.222,-2.494
Grenada,1979,0.336,14.336,336.84,1.83,1.5305,0.0166,12.35,11.656,24.006,-0.087,-0.143,-0.23
Grenada,1980,0.296,14.296,338.76,1.68,1.5471,0.0169,12.348,11.206,23.554,-0.088,-0.593,-0.682
Grenada,1981,0.365,14.365,340.12,1.43,1.564,0.0169,12.147,11.387,23.533,-0.29,-0.413,-0.702
Grenada,1982,0.13,14.13,341.48,0.86,1.5809,0.0333,12.468,11.595,24.062,0.031,-0.204,-0.173
Grenada,1983,0.406,14.406,343.15,2.36,1.6142,0.0306,12.353,11.344,23.698,-0.083,-0.455,-0.538
Grenada,1984,0.016,14.016,344.87,1.51,1.6448,0.0129,11.92,11.428,23.348,-0.517,-0.371,-0.887
Grenada,1985,-0.378,13.622,346.35,1.21,1.6573,0.0122,12.016,11.569,23.585,-0.421,-0.23,-0.651
Grenada,1986,-0.1,13.9,347.61,1.47,1.6701,0.0129,12.224,11.044,23.268,-0.212,-0.755,-0.967
Grenada,1987,0.51,14.51,349.31,2.06,1.6827,0.0114,12.268,11.405,23.673,-0.169,-0.394,-0.562
Grenada,1988,0.521,14.521,351.69,2.24,1.6931,0.0107,12.19,11.497,23.687,-0.247,-0.302,-0.549
Grenada,1989,-0.089,13.911,353.2,1.24,1.7045,0.0112,11.987,11.381,23.368,-0.45,-0.418,-0.868
Grenada,1990,0.133,14.133,354.45,1.2,1.7144,0.0086,11.718,11.365,23.082,-0.719,-0.434,-1.153
Grenada,1991,0.271,14.271,355.7,1.05,1.7248,0.0141,11.77,11.498,23.268,-0.667,-0.301,-0.967
Grenada,1992,0.303,14.303,356.54,0.49,1.7355,0.0024,12.122,11.374,23.496,-0.315,-0.425,-0.74
Grenada,1993,0.372,14.372,357.21,1.36,1.7365,0.0039,11.947,11.37,23.317,-0.49,-0.429,-0.919
Grenada,1994,0.378,14.378,358.96,1.96,1.7421,0.0073,12.032,11.728,23.76,-0.404,-0.072,-0.476
Grenada,1995,0.595,14.595,360.97,2.01,1.7489,0.0038,11.438,11.748,23.187,-0.998,-0.051,-1.049
Grenada,1996,0.344,14.344,362.74,1.24,1.7513,0.0025,11.848,11.743,23.592,-0.588,-0.056,-0.644
Grenada,1997,0.436,14.436,363.88,1.91,1.7545,0.0064,11.692,11.341,23.032,-0.745,-0.458,-1.203
Grenada,1998,0.988,14.988,366.84,2.97,1.7655,0.0121,11.782,11.689,23.471,-0.655,-0.11,-0.765
Grenada,1999,0.445,14.445,368.54,0.92,1.7723,0.0024,11.713,11.712,23.426,-0.723,-0.087,-0.81
Grenada,2000,0.24,14.24,369.71,1.62,1.7733,-0.0014,11.519,11.724,23.243,-0.917,-0.075,-0.992
Grenada,2001,0.466,14.466,371.32,1.62,1.7713,-0.0007,11.622,11.628,23.25,-0.814,-0.172,-0.986
Grenada,2002,0.421,14.421,373.45,2.51,1.7727,0.0032,11.385,11.176,22.561,-1.052,-0.623,-1.675
Grenada,2003,0.746,14.746,375.98,2.26,1.7773,0.0048,11.419,11.924,23.343,-1.017,0.125,-0.892
Grenada,2004,0.34,14.34,377.7,1.59,1.777,-0.0048,11.251,11.938,23.189,-1.186,0.139,-1.047
Grenada,2005,0.866,14.866,379.98,2.57,1.7742,0.0003,10.928,11.648,22.575,-1.509,-0.152,-1.661
Grenada,2006,0.575,14.575,382.09,1.69,1.775,0.0019,10.794,11.412,22.206,-1.642,-0.387,-2.03
Grenada,2007,0.515,14.515,384.02,2.31,1.7814,0.0078,10.498,11.637,22.135,-1.938,-0.162,-2.101
Grenada,2008,0.383,14.383,385.83,1.54,1.787,0.0065,10.99,12.213,23.203,-1.447,0.414,-1.032
Grenada,2009,0.403,14.403,387.64,2.0,1.7935,0.0047,10.956,11.999,22.955,-1.481,0.2,-1.281
Grenada,2010,1.132,15.132,390.1,2.3,1.7989,0.0051,10.734,12.058,22.792,-1.702,0.258,-1.444
Grenada,2011,0.645,14.645,391.85,1.92,1.8031,0.005,10.506,11.45,21.956,-1.931,-0.349,-2.28
Grenada,2012,0.489,14.489,394.06,2.65,1.8081,0.005,10.42,11.981,22.401,-2.017,0.182,-1.835
Grenada,2013,0.595,14.595,396.74,1.99,1.8134,0.0057,10.919,12.474,23.393,-1.517,0.675,-0.842
Grenada,2014,0.51,14.51,398.81,2.17,1.8226,0.0127,10.812,12.727,23.539,-1.624,0.928,-0.697
Grenada,2015,0.704,14.704,401.01,2.95,1.8342,0.01,10.589,12.366,22.955,-1.848,0.567,-1.281
Grenada,2016,0.802,14.802,404.41,3.03,1.8431,0.007,10.176,11.178,21.353,-2.261,-0.622,-2.882
Grenada,2017,0.748,14.748,406.76,1.9,1.8496,0.0069,10.415,10.702,21.118,-2.022,-1.097,-3.118
Grenada,2018,0.333,14.333,408.72,2.85,1.8573,0.0088,10.378,10.952,21.33,-2.058,-0.847,-2.906
Grenada,2019,0.566,14.566,411.65,2.49,1.8666,0.0096,10.225,10.83,21.055,-2.212,-0.969,-3.181
Grenada,2020,0.823,14.823,414.21,2.3,1.8787,0.0148,10.164,11.578,21.742,-2.272,-0.222,-2.494
Guadeloupe,1979,0.1,14.1,336.84,1.83,1.5305,0.0166,12.35,11.656,24.006,-0.087,-0.143,-0.23
Guadeloupe,1980,0.577,14.577,338.76,1.68,1.5471,0.0169,12.348,11.206,23.554,-0.088,-0.593,-0.682
Guadeloupe,1981,0.502,14.502,340.12,1.43,1.564,0.0169,12.147,11.387,23.533,-0.29,-0.413,-0.702
Guadeloupe,1982,0.123,14.123,341.48,0.86,1.5809,0.0333,12.468,11.595,24.062,0.031,-0.204,-0.173
Guadeloupe,1983,0.478,14.478,343.15,2.36,1.6142,0.0306,12.353,11.344,23.698,-0.083,-0.455,-0.538
Guadeloupe,1984,0.009,14.009,344.87,1.51,1.6448,0.0129,11.92,11.428,23.348,-0.517,-0.371,-0.887
Guadeloupe,1985,-0.066,13.934,346.35,1.21,1.6573,0.0122,12.016,11.569,23.585,-0.421,-0.23,-0.651
Guadeloupe,1986,-0.031,13.969,347.61,1.47,1.6701,0.0129,12.224,11.044,23.268,-0.212,-0.755,-0.967
Guadeloupe,1987,0.537,14.537,349.31,2.06,1.6827,0.0114,12.268,11.405,23.673,-0.169,-0.394,-0.562
Guadeloupe,1988,0.36,14.36,351.69,2.24,1.6931,0.0107,12.19,11.497,23.687,-0.247,-0.302,-0.549
Guadeloupe,1989,-0.136,13.864,353.2,1.24,1.7045,0.0112,11.987,11.381,23.368,-0.45,-0.418,-0.868
Guadeloupe,1990,0.255,14.255,354.45,1.2,1.7144,0.0086,11.718,11.365,23.082,-0.719,-0.434,-1.153
Guadeloupe,1991,0.289,14.289,355.7,1.05,1.7248,0.0141,11.77,11.498,23.268,-0.667,-0.301,-0.967
Guadeloupe,1992,0.233,14.233,356.54,0.49,1.7355,0.0024,12.122,11.374,23.496,-0.315,-0.425,-0.74
Guadeloupe,1993,0.375,14.375,357.21,1.36,1.7365,0.0039,11.947,11.37,23.317,-0.49,-0.429,-0.919
Guadeloupe,1994,0.442,14.442,358.96,1.96,1.7421,0.0073,12.032,11.728,23.76,-0.404,-0.072,-0.476
Guadeloupe,1995,0.526,14.526,360.97,2.01,1.7489,0.0038,11.438,11.748,23.187,-0.998,-0.051,-1.049
Guadeloupe,1996,0.287,14.287,362.74,1.24,1.7513,0.0025,11.848,11.743,23.592,-0.588,-0.056,-0.644
Guadeloupe,1997,0.46,14.46,363.88,1.91,1.7545,0.0064,11.692,11.341,23.032,-0.745,-0.458,-1.203
Guadeloupe,1998,0.979,14.979,366.84,2.97,1.7655,0.0121,11.782,11.689,23.471,-0.655,-0.11,-0.765
Guadeloupe,1999,0.435,14.435,368.54,0.92,1.7723,0.0024,11.713,11.712,23.426,-0.723,-0.087,-0.81
Guadeloupe,2000,0.136,14.136,369.71,1.62,1.7733,-0.0014,11.519,11.724,23.243,-0.917,-0.075,-0.992
Guadeloupe,2001,0.434,14.434,371.32,1.62,1.7713,-0.0007,11.622,11.628,23.25,-0.814,-0.172,-0.986
Guadeloupe,2002,0.544,14.544,373.45,2.51,1.7727,0.0032,11.385,11.176,22.561,-1.052,-0.623,-1.675
Guadeloupe,2003,0.678,14.678,375.98,2.26,1.7773,0.0048,11.419,11.924,23.343,-1.017,0.125,-0.892
Guadeloupe,2004,0.346,14.346,377.7,1.59,1.777,-0.0048,11.251,11.938,23.189,-1.186,0.139,-1.047
Guadeloupe,2005,0.648,14.648,379.98,2.57,1.7742,0.0003,10.928,11.648,22.575,-1.509,-0.152,-1.661
Guadeloupe,2006,0.468,14.468,382.09,1.69,1.775,0.0019,10.794,11.412,22.206,-1.642,-0.387,-2.03
Guadeloupe,2007,0.673,14.673,384.02,2.31,1.7814,0.0078,10.498,11.637,22.135,-1.938,-0.162,-2.101
Guadeloupe,2008,0.157,14.157,385.83,1.54,1.787,0.0065,10.99,12.213,23.203,-1.447,0.414,-1.032
Guadeloupe,2009,0.389,14.389,387.64,2.0,1.7935,0.0047,10.956,11.999,22.955,-1.481,0.2,-1.281
Guadeloupe,2010,0.974,14.974,390.1,2.3,1.7989,0.0051,10.734,12.058,22.792,-1.702,0.258,-1.444
Guadeloupe,2011,0.371,14.371,391.85,1.92,1.8031,0.005,10.506,11.45,21.956,-1.931,-0.349,-2.28
Guadeloupe,2012,0.504,14.504,394.06,2.65,1.8081,0.005,10.42,11.981,22.401,-2.017,0.182,-1.835
Guadeloupe,2013,0.558,14.558,396.74,1.99,1.8134,0.0057,10.919,12.474,23.393,-1.517,0.675,-0.842
Guadeloupe,2014,0.544,14.544,398.81,2.17,1.8226,0.0127,10.812,12.727,23.539,-1.624,0.928,-0.697
Guadeloupe,2015,0.803,14.803,401.01,2.95,1.8342,0.01,10.589,12.366,22.955,-1.848,0.567,-1.281
Guadeloupe,2016,0.916,14.916,404.41,3.03,1.8431,0.007,10.176,11.178,21.353,-2.261,-0.622,-2.882
Guadeloupe,2017,0.666,14.666,406.76,1.9,1.8496,0.0069,10.415,10.702,21.118,-2.022,-1.097,-3.118
Guadeloupe,2018,0.486,14.486,408.72,2.85,1.8573,0.0088,10.378,10.952,21.33,-2.058,-0.847,-2.906
Guadeloupe,2019,0.694,14.694,411.65,2.49,1.8666,0.0096,10.225,10.83,21.055,-2.212,-0.969,-3.181
Guadeloupe,2020,1.039,15.039,414.21,2.3,1.8787,0.0148,10.164,11.578,21.742,-2.272,-0.222,-2.494
Guatemala,1979,0.34,14.34,336.84,1.83,1.5305,0.0166,12.35,11.656,24.006,-0.087,-0.143,-0.23
Guatemala,1980,0.463,14.463,338.76,1.68,1.5471,0.0169,12.348,11.206,23.554,-0.088,-0.593,-0.682
Guatemala,1981,-0.004,13.996,340.12,1.43,1.564,0.0169,12.147,11.387,23.533,-0.29,-0.413,-0.702
Guatemala,1982,0.484,14.484,341.48,0.86,1.5809,0.0333,12.468,11.595,24.062,0.031,-0.204,-0.173
Guatemala,1983,0.68,14.68,343.15,2.36,1.6142,0.0306,12.353,11.344,23.698,-0.083,-0.455,-0.538
Guatemala,1984,0.135,14.135,344.87,1.51,1.6448,0.0129,11.92,11.428,23.348,-0.517,-0.371,-0.887
Guatemala,1985,0.177,14.177,346.35,1.21,1.6573,0.0122,12.016,11.569,23.585,-0.421,-0.23,-0.651
Guatemala,1986,0.141,14.141,347.61,1.47,1.6701,0.0129,12.224,11.044,23.268,-0.212,-0.755,-0.967
Guatemala,1987,0.37,14.37,349.31,2.06,1.6827,0.0114,12.268,11.405,23.673,-0.169,-0.394,-0.562
Guatemala,1988,0.509,14.509,351.69,2.24,1.6931,0.0107,12.19,11.497,23.687,-0.247,-0.302,-0.549
Guatemala,1989,0.21,14.21,353.2,1.24,1.7045,0.0112,11.987,11.381,23.368,-0.45,-0.418,-0.868
Guatemala,1990,0.412,14.412,354.45,1.2,1.7144,0.0086,11.718,11.365,23.082,-0.719,-0.434,-1.153
Guatemala,1991,0.666,14.666,355.7,1.05,1.7248,0.0141,11.77,11.498,23.268,-0.667,-0.301,-0.967
Guatemala,1992,0.481,14.481,356.54,0.49,1.7355,0.0024,12.122,11.374,23.496,-0.315,-0.425,-0.74
Guatemala,1993,0.378,14.378,357.21,1.36,1.7365,0.0039,11.947,11.37,23.317,-0.49,-0.429,-0.919
Guatemala,1994,0.654,14.654,358.96,1.96,1.7421,0.0073,12.032,11.728,23.76,-0.404,-0.072,-0.476
Guatemala,1995,0.675,14.675,360.97,2.01,1.7489,0.0038,11.438,11.748,23.187,-0.998,-0.051,-1.049
Guatemala,1996,0.17,14.17,362.74,1.24,1.7513,0.0025,11.848,11.743,23.592,-0.588,-0.056,-0.644
Guatemala,1997,0.785,14.785,363.88,1.91,1.7545,0.0064,11.692,11.341,23.032,-0.745,-0.458,-1.203
Guatemala,1998,0.962,14.962,366.84,2.97,1.7655,0.0121,11.782,11.689,23.471,-0.655,-0.11,-0.765
Guatemala,1999,0.661,14.661,368.54,0.92,1.7723,0.0024,11.713,11.712,23.426,-0.723,-0.087,-0.81
Guatemala,2000,0.383,14.383,369.71,1.62,1.7733,-0.0014,11.519,11.724,23.243,-0.917,-0.075,-0.992
Guatemala,2001,0.455,14.455,371.32,1.62,1.7713,-0.0007,11.622,11.628,23.25,-0.814,-0.172,-0.986
Guatemala,2002,0.702,14.702,373.45,2.51,1.7727,0.0032,11.385,11.176,22.561,-1.052,-0.623,-1.675
Guatemala,2003,0.887,14.887,375.98,2.26,1.7773,0.0048,11.419,11.924,23.343,-1.017,0.125,-0.892
Guatemala,2004,0.62,14.62,377.7,1.59,1.777,-0.0048,11.251,11.938,23.189,-1.186,0.139,-1.047
Guatemala,2005,0.778,14.778,379.98,2.57,1.7742,0.0003,10.928,11.648,22.575,-1.509,-0.152,-1.661
Guatemala,2006,0.567,14.567,382.09,1.69,1.775,0.0019,10.794,11.412,22.206,-1.642,-0.387,-2.03
Guatemala,2007,0.732,14.732,384.02,2.31,1.7814,0.0078,10.498,11.637,22.135,-1.938,-0.162,-2.101
Guatemala,2008,0.417,14.417,385.83,1.54,1.787,0.0065,10.99,12.213,23.203,-1.447,0.414,-1.032
Guatemala,2009,1.021,15.021,387.64,2.0,1.7935,0.0047,10.956,11.999,22.955,-1.481,0.2,-1.281
Guatemala,2010,0.715,14.715,390.1,2.3,1.7989,0.0051,10.734,12.058,22.792,-1.702,0.258,-1.444
Guatemala,2011,0.701,14.701,391.85,1.92,1.8031,0.005,10.506,11.45,21.956,-1.931,-0.349,-2.28
Guatemala,2012,0.512,14.512,394.06,2.65,1.8081,0.005,10.42,11.981,22.401,-2.017,0.182,-1.835
Guatemala,2013,0.684,14.684,396.74,1.99,1.8134,0.0057,10.919,12.474,23.393,-1.517,0.675,-0.842
Guatemala,2014,0.602,14.602,398.81,2.17,1.8226,0.0127,10.812,12.727,23.539,-1.624,0.928,-0.697
Guatemala,2015,1.184,15.184,401.01,2.95,1.8342,0.01,10.589,12.366,22.955,-1.848,0.567,-1.281
Guatemala,2016,1.386,15.386,404.41,3.03,1.8431,0.007,10.176,11.178,21.353,-2.261,-0.622,-2.882
Guatemala,2017,1.029,15.029,406.76,1.9,1.8496,0.0069,10.415,10.702,21.118,-2.022,-1.097,-3.118
Guatemala,2018,0.865,14.865,408.72,2.85,1.8573,0.0088,10.378,10.952,21.33,-2.058,-0.847,-2.906
Guatemala,2019,1.408,15.408,411.65,2.49,1.8666,0.0096,10.225,10.83,21.055,-2.212,-0.969,-3.181
Guatemala,2020,1.714,15.714,414.21,2.3,1.8787,0.0148,10.164,11.578,21.742,-2.272,-0.222,-2.494
Guinea,1979,0.511,14.511,336.84,1.83,1.5305,0.0166,12.35,11.656,24.006,-0.087,-0.143,-0.23
Guinea,1980,0.639,14.639,338.76,1.68,1.5471,0.0169,12.348,11.206,23.554,-0.088,-0.593,-0.682
Guinea,1981,0.342,14.342,340.12,1.43,1.564,0.0169,12.147,11.387,23.533,-0.29,-0.413,-0.702
Guinea,1982,0.233,14.233,341.48,0.86,1.5809,0.0333,12.468,11.595,24.062,0.031,-0.204,-0.173
Guinea,1983,0.655,14.655,343.15,2.36,1.6142,0.0306,12.353,11.344,23.698,-0.083,-0.455,-0.538
Guinea,1984,0.387,14.387,344.87,1.51,1.6448,0.0129,11.92,11.428,23.348,-0.517,-0.371,-0.887
Guinea,1985,0.406,14.406,346.35,1.21,1.6573,0.0122,12.016,11.569,23.585,-0.421,-0.23,-0.651
Guinea,1986,0.107,14.107,347.61,1.47,1.6701,0.0129,12.224,11.044,23.268,-0.212,-0.755,-0.967
Guinea,1987,0.82,14.82,349.31,2.06,1.6827,0.0114,12.268,11.405,23.673,-0.169,-0.394,-0.562
Guinea,1988,0.625,14.625,351.69,2.24,1.6931,0.0107,12.19,11.497,23.687,-0.247,-0.302,-0.549
Guinea,1989,0.141,14.141,353.2,1.24,1.7045,0.0112,11.987,11.381,23.368,-0.45,-0.418,-0.868
Guinea,1990,0.705,14.705,354.45,1.2,1.7144,0.0086,11.718,11.365,23.082,-0.719,-0.434,-1.153
Guinea,1991,0.773,14.773,355.7,1.05,1.7248,0.0141,11.77,11.498,23.268,-0.667,-0.301,-0.967
Guinea,1992,0.426,14.426,356.54,0.49,1.7355,0.0024,12.122,11.374,23.496,-0.315,-0.425,-0.74
Guinea,1993,0.793,14.793,357.21,1.36,1.7365,0.0039,11.947,11.37,23.317,-0.49,-0.429,-0.919
Guinea,1994,0.62,14.62,358.96,1.96,1.7421,0.0073,12.032,11.728,23.76,-0.404,-0.072,-0.476
Guinea,1995,0.682,14.682,360.97,2.01,1.7489,0.0038,11.438,11.748,23.187,-0.998,-0.051,-1.049
Guinea,1996,0.957,14.957,362.74,1.24,1.7513,0.0025,11.848,11.743,23.592,-0.588,-0.056,-0.644
Guinea,1997,0.875,14.875,363.88,1.91,1.7545,0.0064,11.692,11.341,23.032,-0.745,-0.458,-1.203
Guinea,1998,1.213,15.213,366.84,2.97,1.7655,0.0121,11.782,11.689,23.471,-0.655,-0.11,-0.765
Guinea,1999,0.567,14.567,368.54,0.92,1.7723,0.0024,11.713,11.712,23.426,-0.723,-0.087,-0.81
Guinea,2000,0.686,14.686,369.71,1.62,1.7733,-0.0014,11.519,11.724,23.243,-0.917,-0.075,-0.992
Guinea,2001,0.962,14.962,371.32,1.62,1.7713,-0.0007,11.622,11.628,23.25,-0.814,-0.172,-0.986
Guinea,2002,1.308,15.308,373.45,2.51,1.7727,0.0032,11.385,11.176,22.561,-1.052,-0.623,-1.675
Guinea,2003,1.235,15.235,375.98,2.26,1.7773,0.0048,11.419,11.924,23.343,-1.017,0.125,-0.892
Guinea,2004,1.256,15.256,377.7,1.59,1.777,-0.0048,11.251,11.938,23.189,-1.186,0.139,-1.047
Guinea,2005,1.37,15.37,379.98,2.57,1.7742,0.0003,10.928,11.648,22.575,-1.509,-0.152,-1.661
Guinea,2006,1.32,15.32,382.09,1.69,1.775,0.0019,10.794,11.412,22.206,-1.642,-0.387,-2.03
Guinea,2007,1.184,15.184,384.02,2.31,1.7814,0.0078,10.498,11.637,22.135,-1.938,-0.162,-2.101
Guinea,2008,1.311,15.311,385.83,1.54,1.787,0.0065,10.99,12.213,23.203,-1.447,0.414,-1.032
Guinea,2009,1.139,15.139,387.64,2.0,1.7935,0.0047,10.956,11.999,22.955,-1.481,0.2,-1.281
Guinea,2010,1.543,15.543,390.1,2.3,1.7989,0.0051,10.734,12.058,22.792,-1.702,0.258,-1.444
Guinea,2011,1.265,15.265,391.85,1.92,1.8031,0.005,10.506,11.45,21.956,-1.931,-0.349,-2.28
Guinea,2012,0.722,14.722,394.06,2.65,1.8081,0.005,10.42,11.981,22.401,-2.017,0.182,-1.835
Guinea,2013,1.305,15.305,396.74,1.99,1.8134,0.0057,10.919,12.474,23.393,-1.517,0.675,-0.842
Guinea,2014,1.181,15.181,398.81,2.17,1.8226,0.0127,10.812,12.727,23.539,-1.624,0.928,-0.697
Guinea,2015,1.432,15.432,401.01,2.95,1.8342,0.01,10.589,12.366,22.955,-1.848,0.567,-1.281
Guinea,2016,1.442,15.442,404.41,3.03,1.8431,0.007,10.176,11.178,21.353,-2.261,-0.622,-2.882
Guinea,2017,1.807,15.807,406.76,1.9,1.8496,0.0069,10.415,10.702,21.118,-2.022,-1.097,-3.118
Guinea,2018,1.53,15.53,408.72,2.85,1.8573,0.0088,10.378,10.952,21.33,-2.058,-0.847,-2.906
Guinea,2019,1.797,15.797,411.65,2.49,1.8666,0.0096,10.225,10.83,21.055,-2.212,-0.969,-3.181
Guinea,2020,1.683,15.683,414.21,2.3,1.8787,0.0148,10.164,11.578,21.742,-2.272,-0.222,-2.494
Guinea-Bissau,1979,0.497,14.497,336.84,1.83,1.5305,0.0166,12.35,11.656,24.006,-0.087,-0.143,-0.23
Guinea-Bissau,1980,0.656,14.656,338.76,1.68,1.5471,0.0169,12.348,11.206,23.554,-0.088,-0.593,-0.682
Guinea-Bissau,1981,0.49,14.49,340.12,1.43,1.564,0.0169,12.147,11.387,23.533,-0.29,-0.413,-0.702
Guinea-Bissau,1982,0.404,14.404,341.48,0.86,1.5809,0.0333,12.468,11.595,24.062,0.031,-0.204,-0.173
Guinea-Bissau,1983,1.03,15.03,343.15,2.36,1.6142,0.0306,12.353,11.344,23.698,-0.083,-0.455,-0.538
Guinea-Bissau,1984,0.578,14.578,344.87,1.51,1.6448,0.0129,11.92,11.428,23.348,-0.517,-0.371,-0.887
Guinea-Bissau,1985,0.422,14.422,346.35,1.21,1.6573,0.0122,12.016,11.569,23.585,-0.421,-0.23,-0.651
Guinea-Bissau,1986,0.548,14.548,347.61,1.47,1.6701,0.0129,12.224,11.044,23.268,-0.212,-0.755,-0.967
Guinea-Bissau,1987,0.878,14.878,349.31,2.06,1.6827,0.0114,12.268,11.405,23.673,-0.169,-0.394,-0.562
Guinea-Bissau,1988,0.796,14.796,351.69,2.24,1.6931,0.0107,12.19,11.497,23.687,-0.247,-0.302,-0.549
Guinea-Bissau,1989,0.63,14.63,353.2,1.24,1.7045,0.0112,11.987,11.381,23.368,-0.45,-0.418,-0.868
Guinea-Bissau,1990,1.183,15.183,354.45,1.2,1.7144,0.0086,11.718,11.365,23.082,-0.719,-0.434,-1.153
Guinea-Bissau,1991,1.069,15.069,355.7,1.05,1.7248,0.0141,11.77,11.498,23.268,-0.667,-0.301,-0.967
Guinea-Bissau,1992,0.978,14.978,356.54,0.49,1.7355,0.0024,12.122,11.374,23.496,-0.315,-0.425,-0.74
Guinea-Bissau,1993,1.183,15.183,357.21,1.36,1.7365,0.0039,11.947,11.37,23.317,-0.49,-0.429,-0.919
Guinea-Bissau,1994,0.929,14.929,358.96,1.96,1.7421,0.0073,12.032,11.728,23.76,-0.404,-0.072,-0.476
Guinea-Bissau,1995,1.016,15.016,360.97,2.01,1.7489,0.0038,11.438,11.748,23.187,-0.998,-0.051,-1.049
Guinea-Bissau,1996,1.161,15.161,362.74,1.24,1.7513,0.0025,11.848,11.743,23.592,-0.588,-0.056,-0.644
Guinea-Bissau,1997,1.355,15.355,363.88,1.91,1.7545,0.0064,11.692,11.341,23.032,-0.745,-0.458,-1.203
Guinea-Bissau,1998,1.772,15.772,366.84,2.97,1.7655,0.0121,11.782,11.689,23.471,-0.655,-0.11,-0.765
Guinea-Bissau,1999,0.978,14.978,368.54,0.92,1.7723,0.0024,11.713,11.712,23.426,-0.723,-0.087,-0.81
Guinea-Bissau,2000,1.179,15.179,369.71,1.62,1.7733,-0.0014,11.519,11.724,23.243,-0.917,-0.075,-0.992
Guinea-Bissau,2001,1.415,15.415,371.32,1.62,1.7713,-0.0007,11.622,11.628,23.25,-0.814,-0.172,-0.986
Guinea-Bissau,2002,1.51,15.51,373.45,2.51,1.7727,0.0032,11.385,11.176,22.561,-1.052,-0.623,-1.675
Guinea-Bissau,2003,1.236,15.236,375.98,2.26,1.7773,0.0048,11.419,11.924,23.343,-1.017,0.125,-0.892
Guinea-Bissau,2004,1.306,15.306,377.7,1.59,1.777,-0.0048,11.251,11.938,23.189,-1.186,0.139,-1.047
Guinea-Bissau,2005,1.64,15.64,379.98,2.57,1.7742,0.0003,10.928,11.648,22.575,-1.509,-0.152,-1.661
Guinea-Bissau,2006,1.428,15.428,382.09,1.69,1.775,0.0019,10.794,11.412,22.206,-1.642,-0.387,-2.03
Guinea-Bissau,2007,1.333,15.333,384.02,2.31,1.7814,0.0078,10.498,11.637,22.135,-1.938,-0.162,-2.101
Guinea-Bissau,2008,1.626,15.626,385.83,1.54,1.787,0.0065,10.99,12.213,23.203,-1.447,0.414,-1.032
Guinea-Bissau,2009,1.165,15.165,387.64,2.0,1.7935,0.0047,10.956,11.999,22.955,-1.481,0.2,-1.281
Guinea-Bissau,2010,1.643,15.643,390.1,2.3,1.7989,0.0051,10.734,12.058,22.792,-1.702,0.258,-1.444
Guinea-Bissau,2011,1.413,15.413,391.85,1.92,1.8031,0.005,10.506,11.45,21.956,-1.931,-0.349,-2.28
Guinea-Bissau,2012,1.179,15.179,394.06,2.65,1.8081,0.005,10.42,11.981,22.401,-2.017,0.182,-1.835
Guinea-Bissau,2013,1.458,15.458,396.74,1.99,1.8134,0.0057,10.919,12.474,23.393,-1.517,0.675,-0.842
Guinea-Bissau,2014,1.689,15.689,398.81,2.17,1.8226,0.0127,10.812,12.727,23.539,-1.624,0.928,-0.697
Guinea-Bissau,2015,1.722,15.722,401.01,2.95,1.8342,0.01,10.589,12.366,22.955,-1.848,0.567,-1.281
Guinea-Bissau,2016,2.038,16.038,404.41,3.03,1.8431,0.007,10.176,11.178,21.353,-2.261,-0.622,-2.882
Guinea-Bissau,2017,2.171,16.171,406.76,1.9,1.8496,0.0069,10.415,10.702,21.118,-2.022,-1.097,-3.118
Guinea-Bissau,2018,1.618,15.618,408.72,2.85,1.8573,0.0088,10.378,10.952,21.33,-2.058,-0.847,-2.906
Guinea-Bissau,2019,1.939,15.939,411.65,2.49,1.8666,0.0096,10.225,10.83,21.055,-2.212,-0.969,-3.181
Guinea-Bissau,2020,2.2,16.2,414.21,2.3,1.8787,0.0148,10.164,11.578,21.742,-2.272,-0.222,-2.494
Guyana,1979,0.335,14.335,336.84,1.83,1.5305,0.0166,12.35,11.656,24.006,-0.087,-0.143,-0.23
Guyana,1980,0.368,14.368,338.76,1.68,1.5471,0.0169,12.348,11.206,23.554,-0.088,-0.593,-0.682
Guyana,1981,0.516,14.516,340.12,1.43,1.564,0.0169,12.147,11.387,23.533,-0.29,-0.413,-0.702
Guyana,1982,0.385,14.385,341.48,0.86,1.5809,0.0333,12.468,11.595,24.062,0.031,-0.204,-0.173
Guyana,1983,0.561,14.561,343.15,2.36,1.6142,0.0306,12.353,11.344,23.698,-0.083,-0.455,-0.538
Guyana,1984,-0.295,13.705,344.87,1.51,1.6448,0.0129,11.92,11.428,23.348,-0.517,-0.371,-0.887
Guyana,1985,-0.361,13.639,346.35,1.21,1.6573,0.0122,12.016,11.569,23.585,-0.421,-0.23,-0.651
Guyana,1986,0.08,14.08,347.61,1.47,1.6701,0.0129,12.224,11.044,23.268,-0.212,-0.755,-0.967
Guyana,1987,0.544,14.544,349.31,2.06,1.6827,0.0114,12.268,11.405,23.673,-0.169,-0.394,-0.562
Guyana,1988,0.432,14.432,351.69,2.24,1.6931,0.0107,12.19,11.497,23.687,-0.247,-0.302,-0.549
Guyana,1989,-0.028,13.972,353.2,1.24,1.7045,0.0112,11.987,11.381,23.368,-0.45,-0.418,-0.868
Guyana,1990,0.513,14.513,354.45,1.2,1.7144,0.0086,11.718,11.365,23.082,-0.719,-0.434,-1.153
Guyana,1991,0.442,14.442,355.7,1.05,1.7248,0.0141,11.77,11.498,23.268,-0.667,-0.301,-0.967
Guyana,1992,0.118,14.118,356.54,0.49,1.7355,0.0024,12.122,11.374,23.496,-0.315,-0.425,-0.74
Guyana,1993,0.351,14.351,357.21,1.36,1.7365,0.0039,11.947,11.37,23.317,-0.49,-0.429,-0.919
Guyana,1994,0.518,14.518,358.96,1.96,1.7421,0.0073,12.032,11.728,23.76,-0.404,-0.072,-0.476
Guyana,1995,0.932,14.932,360.97,2.01,1.7489,0.0038,11.438,11.748,23.187,-0.998,-0.051,-1.049
Guyana,1996,0.559,14.559,362.74,1.24,1.7513,0.0025,11.848,11.743,23.592,-0.588,-0.056,-0.644
Guyana,1997,0.682,14.682,363.88,1.91,1.7545,0.0064,11.692,11.341,23.032,-0.745,-0.458,-1.203
Guyana,1998,1.284,15.284,366.84,2.97,1.7655,0.0121,11.782,11.689,23.471,-0.655,-0.11,-0.765
Guyana,1999,0.462,14.462,368.54,0.92,1.7723,0.0024,11.713,11.712,23.426,-0.723,-0.087,-0.81
Guyana,2000,0.55,14.55,369.71,1.62,1.7733,-0.0014,11.519,11.724,23.243,-0.917,-0.075,-0.992
Guyana,2001,0.691,14.691,371.32,1.62,1.7713,-0.0007,11.622,11.628,23.25,-0.814,-0.172,-0.986
Guyana,2002,0.79,14.79,373.45,2.51,1.7727,0.0032,11.385,11.176,22.561,-1.052,-0.623,-1.675
Guyana,2003,1.202,15.202,375.98,2.26,1.7773,0.0048,11.419,11.924,23.343,-1.017,0.125,-0.892
Guyana,2004,0.998,14.998,377.7,1.59,1.777,-0.0048,11.251,11.938,23.189,-1.186,0.139,-1.047
Guyana,2005,1.099,15.099,379.98,2.57,1.7742,0.0003,10.928,11.648,22.575,-1.509,-0.152,-1.661
Guyana,2006,0.932,14.932,382.09,1.69,1.775,0.0019,10.794,11.412,22.206,-1.642,-0.387,-2.03
Guyana,2007,0.914,14.914,384.02,2.31,1.7814,0.0078,10.498,11.637,22.135,-1.938,-0.162,-2.101
Guyana,2008,0.731,14.731,385.83,1.54,1.787,0.0065,10.99,12.213,23.203,-1.447,0.414,-1.032
Guyana,2009,1.249,15.249,387.64,2.0,1.7935,0.0047,10.956,11.999,22.955,-1.481,0.2,-1.281
Guyana,2010,1.153,15.153,390.1,2.3,1.7989,0.0051,10.734,12.058,22.792,-1.702,0.258,-1.444
Guyana,2011,0.809,14.809,391.85,1.92,1.8031,0.005,10.506,11.45,21.956,-1.931,-0.349,-2.28
Guyana,2012,0.902,14.902,394.06,2.65,1.8081,0.005,10.42,11.981,22.401,-2.017,0.182,-1.835
Guyana,2013,0.953,14.953,396.74,1.99,1.8134,0.0057,10.919,12.474,23.393,-1.517,0.675,-0.842
Guyana,2014,1.297,15.297,398.81,2.17,1.8226,0.0127,10.812,12.727,23.539,-1.624,0.928,-0.697
Guyana,2015,1.589,15.589,401.01,2.95,1.8342,0.01,10.589,12.366,22.955,-1.848,0.567,-1.281
Guyana,2016,1.64,15.64,404.41,3.03,1.8431,0.007,10.176,11.178,21.353,-2.261,-0.622,-2.882
Guyana,2017,1.307,15.307,406.76,1.9,1.8496,0.0069,10.415,10.702,21.118,-2.022,-1.097,-3.118
Guyana,2018,1.411,15.411,408.72,2.85,1.8573,0.0088,10.378,10.952,21.33,-2.058,-0.847,-2.906
Guyana,2019,1.301,15.301,411.65,2.49,1.8666,0.0096,10.225,10.83,21.055,-2.212,-0.969,-3.181
Guyana,2020,1.499,15.499,414.21,2.3,1.8787,0.0148,10.164,11.578,21.742,-2.272,-0.222,-2.494
Haiti,1979,0.11,14.11,336.84,1.83,1.5305,0.0166,12.35,11.656,24.006,-0.087,-0.143,-0.23
Haiti,1980,0.552,14.552,338.76,1.68,1.5471,0.0169,12.348,11.206,23.554,-0.088,-0.593,-0.682
Haiti,1981,0.4,14.4,340.12,1.43,1.564,0.0169,12.147,11.387,23.533,-0.29,-0.413,-0.702
Haiti,1982,0.456,14.456,341.48,0.86,1.5809,0.0333,12.468,11.595,24.062,0.031,-0.204,-0.173
Haiti,1983,0.584,14.584,343.15,2.36,1.6142,0.0306,12.353,11.344,23.698,-0.083,-0.455,-0.538
Haiti,1984,0.316,14.316,344.87,1.51,1.6448,0.0129,11.92,11.428,23.348,-0.517,-0.371,-0.887
Haiti,1985,0.127,14.127,346.35,1.21,1.6573,0.0122,12.016,11.569,23.585,-0.421,-0.23,-0.651
Haiti,1986,0.252,14.252,347.61,1.47,1.6701,0.0129,12.224,11.044,23.268,-0.212,-0.755,-0.967
Haiti,1987,0.86,14.86,349.31,2.06,1.6827,0.0114,12.268,11.405,23.673,-0.169,-0.394,-0.562
Haiti,1988,0.681,14.681,351.69,2.24,1.6931,0.0107,12.19,11.497,23.687,-0.247,-0.302,-0.549
Haiti,1989,0.366,14.366,353.2,1.24,1.7045,0.0112,11.987,11.381,23.368,-0.45,-0.418,-0.868
Haiti,1990,0.744,14.744,354.45,1.2,1.7144,0.0086,11.718,11.365,23.082,-0.719,-0.434,-1.153
Haiti,1991,0.727,14.727,355.7,1.05,1.7248,0.0141,11.77,11.498,23.268,-0.667,-0.301,-0.967
Haiti,1992,0.442,14.442,356.54,0.49,1.7355,0.0024,12.122,11.374,23.496,-0.315,-0.425,-0.74
Haiti,1993,0.371,14.371,357.21,1.36,1.7365,0.0039,11.947,11.37,23.317,-0.49,-0.429,-0.919
Haiti,1994,1.078,15.078,358.96,1.96,1.7421,0.0073,12.032,11.728,23.76,-0.404,-0.072,-0.476
Haiti,1995,0.889,14.889,360.97,2.01,1.7489,0.0038,11.438,11.748,23.187,-0.998,-0.051,-1.049
Haiti,1996,0.363,14.363,362.74,1.24,1.7513,0.0025,11.848,11.743,23.592,-0.588,-0.056,-0.644
Haiti,1997,1.078,15.078,363.88,1.91,1.7545,0.0064,11.692,11.341,23.032,-0.745,-0.458,-1.203
Haiti,1998,1.127,15.127,366.84,2.97,1.7655,0.0121,11.782,11.689,23.471,-0.655,-0.11,-0.765
Haiti,1999,1.177,15.177,368.54,0.92,1.7723,0.0024,11.713,11.712,23.426,-0.723,-0.087,-0.81
Haiti,2000,0.825,14.825,369.71,1.62,1.7733,-0.0014,11.519,11.724,23.243,-0.917,-0.075,-0.992
Haiti,2001,0.627,14.627,371.32,1.62,1.7713,-0.0007,11.622,11.628,23.25,-0.814,-0.172,-0.986
Haiti,2002,0.854,14.854,373.45,2.51,1.7727,0.0032,11.385,11.176,22.561,-1.052,-0.623,-1.675
Haiti,2003,1.163,15.163,375.98,2.26,1.7773,0.0048,11.419,11.924,23.343,-1.017,0.125,-0.892
Haiti,2004,0.83,14.83,377.7,1.59,1.777,-0.0048,11.251,11.938,23.189,-1.186,0.139,-1.047
Haiti,2005,1.004,15.004,379.98,2.57,1.7742,0.0003,10.928,11.648,22.575,-1.509,-0.152,-1.661
Haiti,2006,0.825,14.825,382.09,1.69,1.775,0.0019,10.794,11.412,22.206,-1.642,-0.387,-2.03
Haiti,2007,1.024,15.024,384.02,2.31,1.7814,0.0078,10.498,11.637,22.135,-1.938,-0.162,-2.101
Haiti,2008,0.663,14.663,385.83,1.54,1.787,0.0065,10.99,12.213,23.203,-1.447,0.414,-1.032
Haiti,2009,0.779,14.779,387.64,2.0,1.7935,0.0047,10.956,11.999,22.955,-1.481,0.2,-1.281
Haiti,2010,1.028,15.028,390.1,2.3,1.7989,0.0051,10.734,12.058,22.792,-1.702,0.258,-1.444
Haiti,2011,0.436,14.436,391.85,1.92,1.8031,0.005,10.506,11.45,21.956,-1.931,-0.349,-2.28
Haiti,2012,0.742,14.742,394.06,2.65,1.8081,0.005,10.42,11.981,22.401,-2.017,0.182,-1.835
Haiti,2013,0.971,14.971,396.74,1.99,1.8134,0.0057,10.919,12.474,23.393,-1.517,0.675,-0.842
Haiti,2014,1.193,15.193,398.81,2.17,1.8226,0.0127,10.812,12.727,23.539,-1.624,0.928,-0.697
Haiti,2015,1.256,15.256,401.01,2.95,1.8342,0.01,10.589,12.366,22.955,-1.848,0.567,-1.281
Haiti,2016,1.189,15.189,404.41,3.03,1.8431,0.007,10.176,11.178,21.353,-2.261,-0.622,-2.882
Haiti,2017,0.985,14.985,406.76,1.9,1.8496,0.0069,10.415,10.702,21.118,-2.022,-1.097,-3.118
Haiti,2018,1.106,15.106,408.72,2.85,1.8573,0.0088,10.378,10.952,21.33,-2.058,-0.847,-2.906
Haiti,2019,1.356,15.356,411.65,2.49,1.8666,0.0096,10.225,10.83,21.055,-2.212,-0.969,-3.181
Haiti,2020,1.284,15.284,414.21,2.3,1.8787,0.0148,10.164,11.578,21.742,-2.272,-0.222,-2.494
Holy See,1979,0.107,14.107,336.84,1.83,1.5305,0.0166,12.35,11.656,24.006,-0.087,-0.143,-0.23
Holy See,1980,-0.538,13.462,338.76,1.68,1.5471,0.0169,12.348,11.206,23.554,-0.088,-0.593,-0.682
Holy See,1981,-0.455,13.545,340.12,1.43,1.564,0.0169,12.147,11.387,23.533,-0.29,-0.413,-0.702
Holy See,1982,0.579,14.579,341.48,0.86,1.5809,0.0333,12.468,11.595,24.062,0.031,-0.204,-0.173
Holy See,1983,0.222,14.222,343.15,2.36,1.6142,0.0306,12.353,11.344,23.698,-0.083,-0.455,-0.538
Holy See,1984,-0.535,13.465,344.87,1.51,1.6448,0.0129,11.92,11.428,23.348,-0.517,-0.371,-0.887
Holy See,1985,0.292,14.292,346.35,1.21,1.6573,0.0122,12.016,11.569,23.585,-0.421,-0.23,-0.651
Holy See,1986,0.626,14.626,347.61,1.47,1.6701,0.0129,12.224,11.044,23.268,-0.212,-0.755,-0.967
Holy See,1987,0.202,14.202,349.31,2.06,1.6827,0.0114,12.268,11.405,23.673,-0.169,-0.394,-0.562
Holy See,1988,0.763,14.763,351.69,2.24,1.6931,0.0107,12.19,11.497,23.687,-0.247,-0.302,-0.549
Holy See,1989,0.165,14.165,353.2,1.24,1.7045,0.0112,11.987,11.381,23.368,-0.45,-0.418,-0.868
Holy See,1990,1.139,15.139,354.45,1.2,1.7144,0.0086,11.718,11.365,23.082,-0.719,-0.434,-1.153
Holy See,1991,0.009,14.009,355.7,1.05,1.7248,0.0141,11.77,11.498,23.268,-0.667,-0.301,-0.967
Holy See,1992,0.559,14.559,356.54,0.49,1.7355,0.0024,12.122,11.374,23.496,-0.315,-0.425,-0.74
Holy See,1993,0.507,14.507,357.21,1.36,1.7365,0.0039,11.947,11.37,23.317,-0.49,-0.429,-0.919
Holy See,1994,1.504,15.504,358.96,1.96,1.7421,0.0073,12.032,11.728,23.76,-0.404,-0.072,-0.476
Holy See,1995,0.228,14.228,360.97,2.01,1.7489,0.0038,11.438,11.748,23.187,-0.998,-0.051,-1.049
Holy See,1996,0.389,14.389,362.74,1.24,1.7513,0.0025,11.848,11.743,23.592,-0.588,-0.056,-0.644
Holy See,1997,0.885,14.885,363.88,1.91,1.7545,0.0064,11.692,11.341,23.032,-0.745,-0.458,-1.203
Holy See,1998,0.967,14.967,366.84,2.97,1.7655,0.0121,11.782,11.689,23.471,-0.655,-0.11,-0.765
Holy See,1999,0.822,14.822,368.54,0.92,1.7723,0.0024,11.713,11.712,23.426,-0.723,-0.087,-0.81
Holy See,2000,1.217,15.217,369.71,1.62,1.7733,-0.0014,11.519,11.724,23.243,-0.917,-0.075,-0.992
Holy See,2001,1.583,15.583,371.32,1.62,1.7713,-0.0007,11.622,11.628,23.25,-0.814,-0.172,-0.986
Holy See,2002,0.854,14.854,373.45,2.51,1.7727,0.0032,11.385,11.176,22.561,-1.052,-0.623,-1.675
Holy See,2003,1.615,15.615,375.98,2.26,1.7773,0.0048,11.419,11.924,23.343,-1.017,0.125,-0.892
Holy See,2004,0.601,14.601,377.7,1.59,1.777,-0.0048,11.251,11.938,23.189,-1.186,0.139,-1.047
Holy See,2005,0.539,14.539,379.98,2.57,1.7742,0.0003,10.928,11.648,22.575,-1.509,-0.152,-1.661
Holy See,2006,0.718,14.718,382.09,1.69,1.775,0.0019,10.794,11.412,22.206,-1.642,-0.387,-2.03
Holy See,2007,1.433,15.433,384.02,2.31,1.7814,0.0078,10.498,11.637,22.135,-1.938,-0.162,-2.101
Holy See,2008,1.077,15.077,385.83,1.54,1.787,0.0065,10.99,12.213,23.203,-1.447,0.414,-1.032
Holy See,2009,1.141,15.141,387.64,2.0,1.7935,0.0047,10.956,11.999,22.955,-1.481,0.2,-1.281
Holy See,2010,0.861,14.861,390.1,2.3,1.7989,0.0051,10.734,12.058,22.792,-1.702,0.258,-1.444
Holy See,2011,1.117,15.117,391.85,1.92,1.8031,0.005,10.506,11.45,21.956,-1.931,-0.349,-2.28
Holy See,2012,1.61,15.61,394.06,2.65,1.8081,0.005,10.42,11.981,22.401,-2.017,0.182,-1.835
Holy See,2013,0.976,14.976,396.74,1.99,1.8134,0.0057,10.919,12.474,23.393,-1.517,0.675,-0.842
Holy See,2014,1.459,15.459,398.81,2.17,1.8226,0.0127,10.812,12.727,23.539,-1.624,0.928,-0.697
Holy See,2015,1.614,15.614,401.01,2.95,1.8342,0.01,10.589,12.366,22.955,-1.848,0.567,-1.281
Holy See,2016,1.688,15.688,404.41,3.03,1.8431,0.007,10.176,11.178,21.353,-2.261,-0.622,-2.882
Holy See,2017,1.383,15.383,406.76,1.9,1.8496,0.0069,10.415,10.702,21.118,-2.022,-1.097,-3.118
Holy See,2018,1.935,15.935,408.72,2.85,1.8573,0.0088,10.378,10.952,21.33,-2.058,-0.847,-2.906
Holy See,2019,1.654,15.654,411.65,2.49,1.8666,0.0096,10.225,10.83,21.055,-2.212,-0.969,-3.181
Holy See,2020,1.629,15.629,414.21,2.3,1.8787,0.0148,10.164,11.578,21.742,-2.272,-0.222,-2.494
Honduras,1979,0.398,14.398,336.84,1.83,1.5305,0.0166,12.35,11.656,24.006,-0.087,-0.143,-0.23
Honduras,1980,0.425,14.425,338.76,1.68,1.5471,0.0169,12.348,11.206,23.554,-0.088,-0.593,-0.682
Honduras,1981,0.077,14.077,340.12,1.43,1.564,0.0169,12.147,11.387,23.533,-0.29,-0.413,-0.702
Honduras,1982,0.465,14.465,341.48,0.86,1.5809,0.0333,12.468,11.595,24.062,0.031,-0.204,-0.173
Honduras,1983,0.593,14.593,343.15,2.36,1.6142,0.0306,12.353,11.344,23.698,-0.083,-0.455,-0.538
Honduras,1984,0.084,14.084,344.87,1.51,1.6448,0.0129,11.92,11.428,23.348,-0.517,-0.371,-0.887
Honduras,1985,0.147,14.147,346.35,1.21,1.6573,0.0122,12.016,11.569,23.585,-0.421,-0.23,-0.651
Honduras,1986,0.126,14.126,347.61,1.47,1.6701,0.0129,12.224,11.044,23.268,-0.212,-0.755,-0.967
Honduras,1987,0.375,14.375,349.31,2.06,1.6827,0.0114,12.268,11.405,23.673,-0.169,-0.394,-0.562
Honduras,1988,0.545,14.545,351.69,2.24,1.6931,0.0107,12.19,11.497,23.687,-0.247,-0.302,-0.549
Honduras,1989,0.229,14.229,353.2,1.24,1.7045,0.0112,11.987,11.381,23.368,-0.45,-0.418,-0.868
Honduras,1990,0.33,14.33,354.45,1.2,1.7144,0.0086,11.718,11.365,23.082,-0.719,-0.434,-1.153
Honduras,1991,0.507,14.507,355.7,1.05,1.7248,0.0141,11.77,11.498,23.268,-0.667,-0.301,-0.967
Honduras,1992,0.501,14.501,356.54,0.49,1.7355,0.0024,12.122,11.374,23.496,-0.315,-0.425,-0.74
Honduras,1993,0.212,14.212,357.21,1.36,1.7365,0.0039,11.947,11.37,23.317,-0.49,-0.429,-0.919
Honduras,1994,0.781,14.781,358.96,1.96,1.7421,0.0073,12.032,11.728,23.76,-0.404,-0.072,-0.476
Honduras,1995,0.9,14.9,360.97,2.01,1.7489,0.0038,11.438,11.748,23.187,-0.998,-0.051,-1.049
Honduras,1996,0.12,14.12,362.74,1.24,1.7513,0.0025,11.848,11.743,23.592,-0.588,-0.056,-0.644
Honduras,1997,0.86,14.86,363.88,1.91,1.7545,0.0064,11.692,11.341,23.032,-0.745,-0.458,-1.203
Honduras,1998,1.091,15.091,366.84,2.97,1.7655,0.0121,11.782,11.689,23.471,-0.655,-0.11,-0.765
Honduras,1999,0.451,14.451,368.54,0.92,1.7723,0.0024,11.713,11.712,23.426,-0.723,-0.087,-0.81
Honduras,2000,0.13,14.13,369.71,1.62,1.7733,-0.0014,11.519,11.724,23.243,-0.917,-0.075,-0.992
Honduras,2001,0.39,14.39,371.32,1.62,1.7713,-0.0007,11.622,11.628,23.25,-0.814,-0.172,-0.986
Honduras,2002,0.804,14.804,373.45,2.51,1.7727,0.0032,11.385,11.176,22.561,-1.052,-0.623,-1.675
Honduras,2003,0.763,14.763,375.98,2.26,1.7773,0.0048,11.419,11.924,23.343,-1.017,0.125,-0.892
Honduras,2004,0.65,14.65,377.7,1.59,1.777,-0.0048,11.251,11.938,23.189,-1.186,0.139,-1.047
Honduras,2005,1.127,15.127,379.98,2.57,1.7742,0.0003,10.928,11.648,22.575,-1.509,-0.152,-1.661
Honduras,2006,0.765,14.765,382.09,1.69,1.775,0.0019,10.794,11.412,22.206,-1.642,-0.387,-2.03
Honduras,2007,0.932,14.932,384.02,2.31,1.7814,0.0078,10.498,11.637,22.135,-1.938,-0.162,-2.101
Honduras,2008,0.709,14.709,385.83,1.54,1.787,0.0065,10.99,12.213,23.203,-1.447,0.414,-1.032
Honduras,2009,0.948,14.948,387.64,2.0,1.7935,0.0047,10.956,11.999,22.955,-1.481,0.2,-1.281
Honduras,2010,0.928,14.928,390.1,2.3,1.7989,0.0051,10.734,12.058,22.792,-1.702,0.258,-1.444
Honduras,2011,0.843,14.843,391.85,1.92,1.8031,0.005,10.506,11.45,21.956,-1.931,-0.349,-2.28
Honduras,2012,0.752,14.752,394.06,2.65,1.8081,0.005,10.42,11.981,22.401,-2.017,0.182,-1.835
Honduras,2013,1.022,15.022,396.74,1.99,1.8134,0.0057,10.919,12.474,23.393,-1.517,0.675,-0.842
Honduras,2014,0.778,14.778,398.81,2.17,1.8226,0.0127,10.812,12.727,23.539,-1.624,0.928,-0.697
Honduras,2015,1.223,15.223,401.01,2.95,1.8342,0.01,10.589,12.366,22.955,-1.848,0.567,-1.281
Honduras,2016,1.449,15.449,404.41,3.03,1.8431,0.007,10.176,11.178,21.353,-2.261,-0.622,-2.882
Honduras,2017,1.095,15.095,406.76,1.9,1.8496,0.0069,10.415,10.702,21.118,-2.022,-1.097,-3.118
Honduras,2018,0.819,14.819,408.72,2.85,1.8573,0.0088,10.378,10.952,21.33,-2.058,-0.847,-2.906
Honduras,2019,1.252,15.252,411.65,2.49,1.8666,0.0096,10.225,10.83,21.055,-2.212,-0.969,-3.181
Honduras,2020,1.853,15.853,414.21,2.3,1.8787,0.0148,10.164,11.578,21.742,-2.272,-0.222,-2.494
Hungary,1979,0.054,14.054,336.84,1.83,1.5305,0.0166,12.35,11.656,24.006,-0.087,-0.143,-0.23
Hungary,1980,-0.611,13.389,338.76,1.68,1.5471,0.0169,12.348,11.206,23.554,-0.088,-0.593,-0.682
Hungary,1981,0.158,14.158,340.12,1.43,1.564,0.0169,12.147,11.387,23.533,-0.29,-0.413,-0.702
Hungary,1982,0.116,14.116,341.48,0.86,1.5809,0.0333,12.468,11.595,24.062,0.031,-0.204,-0.173
Hungary,1983,1.004,15.004,343.15,2.36,1.6142,0.0306,12.353,11.344,23.698,-0.083,-0.455,-0.538
Hungary,1984,-0.14,13.86,344.87,1.51,1.6448,0.0129,11.92,11.428,23.348,-0.517,-0.371,-0.887
Hungary,1985,-1.054,12.946,346.35,1.21,1.6573,0.0122,12.016,11.569,23.585,-0.421,-0.23,-0.651
Hungary,1986,0.374,14.374,347.61,1.47,1.6701,0.0129,12.224,11.044,23.268,-0.212,-0.755,-0.967
Hungary,1987,-0.527,13.473,349.31,2.06,1.6827,0.0114,12.268,11.405,23.673,-0.169,-0.394,-0.562
Hungary,1988,0.405,14.405,351.69,2.24,1.6931,0.0107,12.19,11.497,23.687,-0.247,-0.302,-0.549
Hungary,1989,0.885,14.885,353.2,1.24,1.7045,0.0112,11.987,11.381,23.368,-0.45,-0.418,-0.868
Hungary,1990,1.093,15.093,354.45,1.2,1.7144,0.0086,11.718,11.365,23.082,-0.719,-0.434,-1.153
Hungary,1991,-0.033,13.967,355.7,1.05,1.7248,0.0141,11.77,11.498,23.268,-0.667,-0.301,-0.967
Hungary,1992,0.924,14.924,356.54,0.49,1.7355,0.0024,12.122,11.374,23.496,-0.315,-0.425,-0.74
Hungary,1993,0.086,14.086,357.21,1.36,1.7365,0.0039,11.947,11.37,23.317,-0.49,-0.429,-0.919
Hungary,1994,1.761,15.761,358.96,1.96,1.7421,0.0073,12.032,11.728,23.76,-0.404,-0.072,-0.476
Hungary,1995,0.65,14.65,360.97,2.01,1.7489,0.0038,11.438,11.748,23.187,-0.998,-0.051,-1.049
Hungary,1996,-0.316,13.684,362.74,1.24,1.7513,0.0025,11.848,11.743,23.592,-0.588,-0.056,-0.644
Hungary,1997,-0.125,13.875,363.88,1.91,1.7545,0.0064,11.692,11.341,23.032,-0.745,-0.458,-1.203
Hungary,1998,1.102,15.102,366.84,2.97,1.7655,0.0121,11.782,11.689,23.471,-0.655,-0.11,-0.765
Hungary,1999,0.626,14.626,368.54,0.92,1.7723,0.0024,11.713,11.712,23.426,-0.723,-0.087,-0.81
Hungary,2000,1.764,15.764,369.71,1.62,1.7733,-0.0014,11.519,11.724,23.243,-0.917,-0.075,-0.992
Hungary,2001,1.42,15.42,371.32,1.62,1.7713,-0.0007,11.622,11.628,23.25,-0.814,-0.172,-0.986
Hungary,2002,1.453,15.453,373.45,2.51,1.7727,0.0032,11.385,11.176,22.561,-1.052,-0.623,-1.675
Hungary,2003,0.74,14.74,375.98,2.26,1.7773,0.0048,11.419,11.924,23.343,-1.017,0.125,-0.892
Hungary,2004,0.582,14.582,377.7,1.59,1.777,-0.0048,11.251,11.938,23.189,-1.186,0.139,-1.047
Hungary,2005,0.268,14.268,379.98,2.57,1.7742,0.0003,10.928,11.648,22.575,-1.509,-0.152,-1.661
Hungary,2006,0.723,14.723,382.09,1.69,1.775,0.0019,10.794,11.412,22.206,-1.642,-0.387,-2.03
Hungary,2007,2.166,16.166,384.02,2.31,1.7814,0.0078,10.498,11.637,22.135,-1.938,-0.162,-2.101
Hungary,2008,1.518,15.518,385.83,1.54,1.787,0.0065,10.99,12.213,23.203,-1.447,0.414,-1.032
Hungary,2009,1.637,15.637,387.64,2.0,1.7935,0.0047,10.956,11.999,22.955,-1.481,0.2,-1.281
Hungary,2010,0.831,14.831,390.1,2.3,1.7989,0.0051,10.734,12.058,22.792,-1.702,0.258,-1.444
Hungary,2011,0.915,14.915,391.85,1.92,1.8031,0.005,10.506,11.45,21.956,-1.931,-0.349,-2.28
Hungary,2012,1.755,15.755,394.06,2.65,1.8081,0.005,10.42,11.981,22.401,-2.017,0.182,-1.835
Hungary,2013,1.185,15.185,396.74,1.99,1.8134,0.0057,10.919,12.474,23.393,-1.517,0.675,-0.842
Hungary,2014,2.248,16.248,398.81,2.17,1.8226,0.0127,10.812,12.727,23.539,-1.624,0.928,-0.697
Hungary,2015,2.103,16.103,401.01,2.95,1.8342,0.01,10.589,12.366,22.955,-1.848,0.567,-1.281
Hungary,2016,1.929,15.929,404.41,3.03,1.8431,0.007,10.176,11.178,21.353,-2.261,-0.622,-2.882
Hungary,2017,1.383,15.383,406.76,1.9,1.8496,0.0069,10.415,10.702,21.118,-2.022,-1.097,-3.118
Hungary,2018,2.579,16.579,408.72,2.85,1.8573,0.0088,10.378,10.952,21.33,-2.058,-0.847,-2.906
Hungary,2019,2.411,16.411,411.65,2.49,1.8666,0.0096,10.225,10.83,21.055,-2.212,-0.969,-3.181
Hungary,2020,2.048,16.048,414.21,2.3,1.8787,0.0148,10.164,11.578,21.742,-2.272,-0.222,-2.494
Iceland,1979,-1.321,12.679,336.84,1.83,1.5305,0.0166,12.35,11.656,24.006,-0.087,-0.143,-0.23
Iceland,1980,0.3,14.3,338.76,1.68,1.5471,0.0169,12.348,11.206,23.554,-0.088,-0.593,-0.682
Iceland,1981,-1.006,12.994,340.12,1.43,1.564,0.0169,12.147,11.387,23.533,-0.29,-0.413,-0.702
Iceland,1982,-0.349,13.651,341.48,0.86,1.5809,0.0333,12.468,11.595,24.062,0.031,-0.204,-0.173
Iceland,1983,-0.922,13.078,343.15,2.36,1.6142,0.0306,12.353,11.344,23.698,-0.083,-0.455,-0.538
Iceland,1984,0.154,14.154,344.87,1.51,1.6448,0.0129,11.92,11.428,23.348,-0.517,-0.371,-0.887
Iceland,1985,0.125,14.125,346.35,1.21,1.6573,0.0122,12.016,11.569,23.585,-0.421,-0.23,-0.651
Iceland,1986,-0.117,13.883,347.61,1.47,1.6701,0.0129,12.224,11.044,23.268,-0.212,-0.755,-0.967
Iceland,1987,0.666,14.666,349.31,2.06,1.6827,0.0114,12.268,11.405,23.673,-0.169,-0.394,-0.562
Iceland,1988,-0.109,13.891,351.69,2.24,1.6931,0.0107,12.19,11.497,23.687,-0.247,-0.302,-0.549
Iceland,1989,-0.201,13.799,353.2,1.24,1.7045,0.0112,11.987,11.381,23.368,-0.45,-0.418,-0.868
Iceland,1990,0.148,14.148,354.45,1.2,1.7144,0.0086,11.718,11.365,23.082,-0.719,-0.434,-1.153
Iceland,1991,0.757,14.757,355.7,1.05,1.7248,0.0141,11.77,11.498,23.268,-0.667,-0.301,-0.967
Iceland,1992,0.215,14.215,356.54,0.49,1.7355,0.0024,12.122,11.374,23.496,-0.315,-0.425,-0.74
Iceland,1993,0.206,14.206,357.21,1.36,1.7365,0.0039,11.947,11.37,23.317,-0.49,-0.429,-0.919
Iceland,1994,-0.115,13.885,358.96,1.96,1.7421,0.0073,12.032,11.728,23.76,-0.404,-0.072,-0.476
Iceland,1995,-0.349,13.651,360.97,2.01,1.7489,0.0038,11.438,11.748,23.187,-0.998,-0.051,-1.049
Iceland,1996,0.545,14.545,362.74,1.24,1.7513,0.0025,11.848,11.743,23.592,-0.588,-0.056,-0.644
Iceland,1997,0.417,14.417,363.88,1.91,1.7545,0.0064,11.692,11.341,23.032,-0.745,-0.458,-1.203
Iceland,1998,0.223,14.223,366.84,2.97,1.7655,0.0121,11.782,11.689,23.471,-0.655,-0.11,-0.765
Iceland,1999,0.489,14.489,368.54,0.92,1.7723,0.0024,11.713,11.712,23.426,-0.723,-0.087,-0.81
Iceland,2000,0.316,14.316,369.71,1.62,1.7733,-0.0014,11.519,11.724,23.243,-0.917,-0.075,-0.992
Iceland,2001,0.623,14.623,371.32,1.62,1.7713,-0.0007,11.622,11.628,23.25,-0.814,-0.172,-0.986
Iceland,2002,0.834,14.834,373.45,2.51,1.7727,0.0032,11.385,11.176,22.561,-1.052,-0.623,-1.675
Iceland,2003,1.855,15.855,375.98,2.26,1.7773,0.0048,11.419,11.924,23.343,-1.017,0.125,-0.892
Iceland,2004,1.305,15.305,377.7,1.59,1.777,-0.0048,11.251,11.938,23.189,-1.186,0.139,-1.047
Iceland,2005,0.518,14.518,379.98,2.57,1.7742,0.0003,10.928,11.648,22.575,-1.509,-0.152,-1.661
Iceland,2006,1.103,15.103,382.09,1.69,1.775,0.0019,10.794,11.412,22.206,-1.642,-0.387,-2.03
Iceland,2007,1.169,15.169,384.02,2.31,1.7814,0.0078,10.498,11.637,22.135,-1.938,-0.162,-2.101
Iceland,2008,0.821,14.821,385.83,1.54,1.787,0.0065,10.99,12.213,23.203,-1.447,0.414,-1.032
Iceland,2009,0.98,14.98,387.64,2.0,1.7935,0.0047,10.956,11.999,22.955,-1.481,0.2,-1.281
Iceland,2010,1.233,15.233,390.1,2.3,1.7989,0.0051,10.734,12.058,22.792,-1.702,0.258,-1.444
Iceland,2011,1.041,15.041,391.85,1.92,1.8031,0.005,10.506,11.45,21.956,-1.931,-0.349,-2.28
Iceland,2012,0.763,14.763,394.06,2.65,1.8081,0.005,10.42,11.981,22.401,-2.017,0.182,-1.835
Iceland,2013,0.776,14.776,396.74,1.99,1.8134,0.0057,10.919,12.474,23.393,-1.517,0.675,-0.842
Iceland,2014,1.706,15.706,398.81,2.17,1.8226,0.0127,10.812,12.727,23.539,-1.624,0.928,-0.697
Iceland,2015,0.462,14.462,401.01,2.95,1.8342,0.01,10.589,12.366,22.955,-1.848,0.567,-1.281
Iceland,2016,1.453,15.453,404.41,3.03,1.8431,0.007,10.176,11.178,21.353,-2.261,-0.622,-2.882
Iceland,2017,1.736,15.736,406.76,1.9,1.8496,0.0069,10.415,10.702,21.118,-2.022,-1.097,-3.118
Iceland,2018,0.859,14.859,408.72,2.85,1.8573,0.0088,10.378,10.952,21.33,-2.058,-0.847,-2.906
Iceland,2019,1.366,15.366,411.65,2.49,1.8666,0.0096,10.225,10.83,21.055,-2.212,-0.969,-3.181
Iceland,2020,0.798,14.798,414.21,2.3,1.8787,0.0148,10.164,11.578,21.742,-2.272,-0.222,-2.494
India,1979,0.321,14.321,336.84,1.83,1.5305,0.0166,12.35,11.656,24.006,-0.087,-0.143,-0.23
India,1980,0.429,14.429,338.76,1.68,1.5471,0.0169,12.348,11.206,23.554,-0.088,-0.593,-0.682
India,1981,0.081,14.081,340.12,1.43,1.564,0.0169,12.147,11.387,23.533,-0.29,-0.413,-0.702
India,1982,-0.009,13.991,341.48,0.86,1.5809,0.0333,12.468,11.595,24.062,0.031,-0.204,-0.173
India,1983,-0.144,13.856,343.15,2.36,1.6142,0.0306,12.353,11.344,23.698,-0.083,-0.455,-0.538
India,1984,-0.116,13.884,344.87,1.51,1.6448,0.0129,11.92,11.428,23.348,-0.517,-0.371,-0.887
India,1985,0.185,14.185,346.35,1.21,1.6573,0.0122,12.016,11.569,23.585,-0.421,-0.23,-0.651
India,1986,0.176,14.176,347.61,1.47,1.6701,0.0129,12.224,11.044,23.268,-0.212,-0.755,-0.967
India,1987,0.567,14.567,349.31,2.06,1.6827,0.0114,12.268,11.405,23.673,-0.169,-0.394,-0.562
India,1988,0.499,14.499,351.69,2.24,1.6931,0.0107,12.19,11.497,23.687,-0.247,-0.302,-0.549
India,1989,-0.008,13.992,353.2,1.24,1.7045,0.0112,11.987,11.381,23.368,-0.45,-0.418,-0.868
India,1990,-0.074,13.926,354.45,1.2,1.7144,0.0086,11.718,11.365,23.082,-0.719,-0.434,-1.153
India,1991,0.185,14.185,355.7,1.05,1.7248,0.0141,11.77,11.498,23.268,-0.667,-0.301,-0.967
India,1992,0.031,14.031,356.54,0.49,1.7355,0.0024,12.122,11.374,23.496,-0.315,-0.425,-0.74
India,1993,0.214,14.214,357.21,1.36,1.7365,0.0039,11.947,11.37,23.317,-0.49,-0.429,-0.919
India,1994,0.09,14.09,358.96,1.96,1.7421,0.0073,12.032,11.728,23.76,-0.404,-0.072,-0.476
India,1995,0.208,14.208,360.97,2.01,1.7489,0.0038,11.438,11.748,23.187,-0.998,-0.051,-1.049
India,1996,0.319,14.319,362.74,1.24,1.7513,0.0025,11.848,11.743,23.592,-0.588,-0.056,-0.644
India,1997,-0.083,13.917,363.88,1.91,1.7545,0.0064,11.692,11.341,23.032,-0.745,-0.458,-1.203
India,1998,0.569,14.569,366.84,2.97,1.7655,0.0121,11.782,11.689,23.471,-0.655,-0.11,-0.765
India,1999,0.448,14.448,368.54,0.92,1.7723,0.0024,11.713,11.712,23.426,-0.723,-0.087,-0.81
India,2000,0.339,14.339,369.71,1.62,1.7733,-0.0014,11.519,11.724,23.243,-0.917,-0.075,-0.992
India,2001,0.472,14.472,371.32,1.62,1.7713,-0.0007,11.622,11.628,23.25,-0.814,-0.172,-0.986
India,2002,0.832,14.832,373.45,2.51,1.7727,0.0032,11.385,11.176,22.561,-1.052,-0.623,-1.675
India,2003,0.675,14.675,375.98,2.26,1.7773,0.0048,11.419,11.924,23.343,-1.017,0.125,-0.892
India,2004,0.563,14.563,377.7,1.59,1.777,-0.0048,11.251,11.938,23.189,-1.186,0.139,-1.047
India,2005,0.58,14.58,379.98,2.57,1.7742,0.0003,10.928,11.648,22.575,-1.509,-0.152,-1.661
India,2006,0.643,14.643,382.09,1.69,1.775,0.0019,10.794,11.412,22.206,-1.642,-0.387,-2.03
India,2007,0.604,14.604,384.02,2.31,1.7814,0.0078,10.498,11.637,22.135,-1.938,-0.162,-2.101
India,2008,0.248,14.248,385.83,1.54,1.787,0.0065,10.99,12.213,23.203,-1.447,0.414,-1.032
India,2009,1.118,15.118,387.64,2.0,1.7935,0.0047,10.956,11.999,22.955,-1.481,0.2,-1.281
India,2010,1.101,15.101,390.1,2.3,1.7989,0.0051,10.734,12.058,22.792,-1.702,0.258,-1.444
India,2011,0.323,14.323,391.85,1.92,1.8031,0.005,10.506,11.45,21.956,-1.931,-0.349,-2.28
India,2012,0.451,14.451,394.06,2.65,1.8081,0.005,10.42,11.981,22.401,-2.017,0.182,-1.835
India,2013,0.397,14.397,396.74,1.99,1.8134,0.0057,10.919,12.474,23.393,-1.517,0.675,-0.842
India,2014,0.492,14.492,398.81,2.17,1.8226,0.0127,10.812,12.727,23.539,-1.624,0.928,-0.697
India,2015,0.653,14.653,401.01,2.95,1.8342,0.01,10.589,12.366,22.955,-1.848,0.567,-1.281
India,2016,1.048,15.048,404.41,3.03,1.8431,0.007,10.176,11.178,21.353,-2.261,-0.622,-2.882
India,2017,0.949,14.949,406.76,1.9,1.8496,0.0069,10.415,10.702,21.118,-2.022,-1.097,-3.118
India,2018,0.855,14.855,408.72,2.85,1.8573,0.0088,10.378,10.952,21.33,-2.058,-0.847,-2.906
India,2019,0.772,14.772,411.65,2.49,1.8666,0.0096,10.225,10.83,21.055,-2.212,-0.969,-3.181
India,2020,0.461,14.461,414.21,2.3,1.8787,0.0148,10.164,11.578,21.742,-2.272,-0.222,-2.494
Indonesia,1979,0.183,14.183,336.84,1.83,1.5305,0.0166,12.35,11.656,24.006,-0.087,-0.143,-0.23
Indonesia,1980,0.233,14.233,338.76,1.68,1.5471,0.0169,12.348,11.206,23.554,-0.088,-0.593,-0.682
Indonesia,1981,0.167,14.167,340.12,1.43,1.564,0.0169,12.147,11.387,23.533,-0.29,-0.413,-0.702
Indonesia,1982,-0.001,13.999,341.48,0.86,1.5809,0.0333,12.468,11.595,24.062,0.031,-0.204,-0.173
Indonesia,1983,0.383,14.383,343.15,2.36,1.6142,0.0306,12.353,11.344,23.698,-0.083,-0.455,-0.538
Indonesia,1984,-0.183,13.817,344.87,1.51,1.6448,0.0129,11.92,11.428,23.348,-0.517,-0.371,-0.887
Indonesia,1985,0.073,14.073,346.35,1.21,1.6573,0.0122,12.016,11.569,23.585,-0.421,-0.23,-0.651
Indonesia,1986,0.044,14.044,347.61,1.47,1.6701,0.0129,12.224,11.044,23.268,-0.212,-0.755,-0.967
Indonesia,1987,0.449,14.449,349.31,2.06,1.6827,0.0114,12.268,11.405,23.673,-0.169,-0.394,-0.562
Indonesia,1988,0.369,14.369,351.69,2.24,1.6931,0.0107,12.19,11.497,23.687,-0.247,-0.302,-0.549
Indonesia,1989,0.07,14.07,353.2,1.24,1.7045,0.0112,11.987,11.381,23.368,-0.45,-0.418,-0.868
Indonesia,1990,0.12,14.12,354.45,1.2,1.7144,0.0086,11.718,11.365,23.082,-0.719,-0.434,-1.153
Indonesia,1991,0.203,14.203,355.7,1.05,1.7248,0.0141,11.77,11.498,23.268,-0.667,-0.301,-0.967
Indonesia,1992,0.264,14.264,356.54,0.49,1.7355,0.0024,12.122,11.374,23.496,-0.315,-0.425,-0.74
Indonesia,1993,0.206,14.206,357.21,1.36,1.7365,0.0039,11.947,11.37,23.317,-0.49,-0.429,-0.919
Indonesia,1994,0.267,14.267,358.96,1.96,1.7421,0.0073,12.032,11.728,23.76,-0.404,-0.072,-0.476
Indonesia,1995,0.344,14.344,360.97,2.01,1.7489,0.0038,11.438,11.748,23.187,-0.998,-0.051,-1.049
Indonesia,1996,0.387,14.387,362.74,1.24,1.7513,0.0025,11.848,11.743,23.592,-0.588,-0.056,-0.644
Indonesia,1997,0.397,14.397,363.88,1.91,1.7545,0.0064,11.692,11.341,23.032,-0.745,-0.458,-1.203
Indonesia,1998,0.997,14.997,366.84,2.97,1.7655,0.0121,11.782,11.689,23.471,-0.655,-0.11,-0.765
Indonesia,1999,0.265,14.265,368.54,0.92,1.7723,0.0024,11.713,11.712,23.426,-0.723,-0.087,-0.81
Indonesia,2000,0.271,14.271,369.71,1.62,1.7733,-0.0014,11.519,11.724,23.243,-0.917,-0.075,-0.992
Indonesia,2001,0.515,14.515,371.32,1.62,1.7713,-0.0007,11.622,11.628,23.25,-0.814,-0.172,-0.986
Indonesia,2002,0.608,14.608,373.45,2.51,1.7727,0.0032,11.385,11.176,22.561,-1.052,-0.623,-1.675
Indonesia,2003,0.567,14.567,375.98,2.26,1.7773,0.0048,11.419,11.924,23.343,-1.017,0.125,-0.892
Indonesia,2004,0.524,14.524,377.7,1.59,1.777,-0.0048,11.251,11.938,23.189,-1.186,0.139,-1.047
Indonesia,2005,0.702,14.702,379.98,2.57,1.7742,0.0003,10.928,11.648,22.575,-1.509,-0.152,-1.661
Indonesia,2006,0.416,14.416,382.09,1.69,1.775,0.0019,10.794,11.412,22.206,-1.642,-0.387,-2.03
Indonesia,2007,0.485,14.485,384.02,2.31,1.7814,0.0078,10.498,11.637,22.135,-1.938,-0.162,-2.101
Indonesia,2008,0.278,14.278,385.83,1.54,1.787,0.0065,10.99,12.213,23.203,-1.447,0.414,-1.032
Indonesia,2009,0.586,14.586,387.64,2.0,1.7935,0.0047,10.956,11.999,22.955,-1.481,0.2,-1.281
Indonesia,2010,0.797,14.797,390.1,2.3,1.7989,0.0051,10.734,12.058,22.792,-1.702,0.258,-1.444
Indonesia,2011,0.349,14.349,391.85,1.92,1.8031,0.005,10.506,11.45,21.956,-1.931,-0.349,-2.28
Indonesia,2012,0.443,14.443,394.06,2.65,1.8081,0.005,10.42,11.981,22.401,-2.017,0.182,-1.835
Indonesia,2013,0.782,14.782,396.74,1.99,1.8134,0.0057,10.919,12.474,23.393,-1.517,0.675,-0.842
Indonesia,2014,0.768,14.768,398.81,2.17,1.8226,0.0127,10.812,12.727,23.539,-1.624,0.928,-0.697
Indonesia,2015,0.789,14.789,401.01,2.95,1.8342,0.01,10.589,12.366,22.955,-1.848,0.567,-1.281
Indonesia,2016,1.455,15.455,404.41,3.03,1.8431,0.007,10.176,11.178,21.353,-2.261,-0.622,-2.882
Indonesia,2017,0.968,14.968,406.76,1.9,1.8496,0.0069,10.415,10.702,21.118,-2.022,-1.097,-3.118
Indonesia,2018,0.881,14.881,408.72,2.85,1.8573,0.0088,10.378,10.952,21.33,-2.058,-0.847,-2.906
Indonesia,2019,1.056,15.056,411.65,2.49,1.8666,0.0096,10.225,10.83,21.055,-2.212,-0.969,-3.181
Indonesia,2020,1.259,15.259,414.21,2.3,1.8787,0.0148,10.164,11.578,21.742,-2.272,-0.222,-2.494
Iran (Islamic Republic of),1979,0.697,14.697,336.84,1.83,1.5305,0.0166,12.35,11.656,24.006,-0.087,-0.143,-0.23
Iran (Islamic Republic of),1980,0.551,14.551,338.76,1.68,1.5471,0.0169,12.348,11.206,23.554,-0.088,-0.593,-0.682
Iran (Islamic Republic of),1981,0.683,14.683,340.12,1.43,1.564,0.0169,12.147,11.387,23.533,-0.29,-0.413,-0.702
Iran (Islamic Republic of),1982,-0.106,13.894,341.48,0.86,1.5809,0.0333,12.468,11.595,24.062,0.031,-0.204,-0.173
Iran (Islamic Republic of),1983,-0.093,13.907,343.15,2.36,1.6142,0.0306,12.353,11.344,23.698,-0.083,-0.455,-0.538
Iran (Islamic Republic of),1984,0.144,14.144,344.87,1.51,1.6448,0.0129,11.92,11.428,23.348,-0.517,-0.371,-0.887
Iran (Islamic Republic of),1985,0.233,14.233,346.35,1.21,1.6573,0.0122,12.016,11.569,23.585,-0.421,-0.23,-0.651
Iran (Islamic Republic of),1986,0.212,14.212,347.61,1.47,1.6701,0.0129,12.224,11.044,23.268,-0.212,-0.755,-0.967
Iran (Islamic Republic of),1987,0.525,14.525,349.31,2.06,1.6827,0.0114,12.268,11.405,23.673,-0.169,-0.394,-0.562
Iran (Islamic Republic of),1988,0.701,14.701,351.69,2.24,1.6931,0.0107,12.19,11.497,23.687,-0.247,-0.302,-0.549
Iran (Islamic Republic of),1989,0.219,14.219,353.2,1.24,1.7045,0.0112,11.987,11.381,23.368,-0.45,-0.418,-0.868
Iran (Islamic Republic of),1990,0.726,14.726,354.45,1.2,1.7144,0.0086,11.718,11.365,23.082,-0.719,-0.434,-1.153
Iran (Islamic Republic of),1991,0.386,14.386,355.7,1.05,1.7248,0.0141,11.77,11.498,23.268,-0.667,-0.301,-0.967
Iran (Islamic Republic of),1992,-0.774,13.226,356.54,0.49,1.7355,0.0024,12.122,11.374,23.496,-0.315,-0.425,-0.74
Iran (Islamic Republic of),1993,-0.029,13.971,357.21,1.36,1.7365,0.0039,11.947,11.37,23.317,-0.49,-0.429,-0.919
Iran (Islamic Republic of),1994,0.804,14.804,358.96,1.96,1.7421,0.0073,12.032,11.728,23.76,-0.404,-0.072,-0.476
Iran (Islamic Republic of),1995,0.692,14.692,360.97,2.01,1.7489,0.0038,11.438,11.748,23.187,-0.998,-0.051,-1.049
Iran (Islamic Republic of),1996,0.238,14.238,362.74,1.24,1.7513,0.0025,11.848,11.743,23.592,-0.588,-0.056,-0.644
Iran (Islamic Republic of),1997,0.647,14.647,363.88,1.91,1.7545,0.0064,11.692,11.341,23.032,-0.745,-0.458,-1.203
Iran (Islamic Republic of),1998,1.157,15.157,366.84,2.97,1.7655,0.0121,11.782,11.689,23.471,-0.655,-0.11,-0.765
Iran (Islamic Republic of),1999,1.634,15.634,368.54,0.92,1.7723,0.0024,11.713,11.712,23.426,-0.723,-0.087,-0.81
Iran (Islamic Republic of),2000,1.188,15.188,369.71,1.62,1.7733,-0.0014,11.519,11.724,23.243,-0.917,-0.075,-0.992
Iran (Islamic Republic of),2001,1.491,15.491,371.32,1.62,1.7713,-0.0007,11.622,11.628,23.25,-0.814,-0.172,-0.986
Iran (Islamic Republic of),2002,1.666,15.666,373.45,2.51,1.7727,0.0032,11.385,11.176,22.561,-1.052,-0.623,-1.675
Iran (Islamic Republic of),2003,0.883,14.883,375.98,2.26,1.7773,0.0048,11.419,11.924,23.343,-1.017,0.125,-0.892
Iran (Islamic Republic of),2004,1.463,15.463,377.7,1.59,1.777,-0.0048,11.251,11.938,23.189,-1.186,0.139,-1.047
Iran (Islamic Republic of),2005,0.807,14.807,379.98,2.57,1.7742,0.0003,10.928,11.648,22.575,-1.509,-0.152,-1.661
Iran (Islamic Republic of),2006,1.822,15.822,382.09,1.69,1.775,0.0019,10.794,11.412,22.206,-1.642,-0.387,-2.03
Iran (Islamic Republic of),2007,0.857,14.857,384.02,2.31,1.7814,0.0078,10.498,11.637,22.135,-1.938,-0.162,-2.101
Iran (Islamic Republic of),2008,1.135,15.135,385.83,1.54,1.787,0.0065,10.99,12.213,23.203,-1.447,0.414,-1.032
Iran (Islamic Republic of),2009,1.166,15.166,387.64,2.0,1.7935,0.0047,10.956,11.999,22.955,-1.481,0.2,-1.281
Iran (Islamic Republic of),2010,2.2,16.2,390.1,2.3,1.7989,0.0051,10.734,12.058,22.792,-1.702,0.258,-1.444
Iran (Islamic Republic of),2011,1.335,15.335,391.85,1.92,1.8031,0.005,10.506,11.45,21.956,-1.931,-0.349,-2.28
Iran (Islamic Republic of),2012,1.09,15.09,394.06,2.65,1.8081,0.005,10.42,11.981,22.401,-2.017,0.182,-1.835
Iran (Islamic Republic of),2013,1.638,15.638,396.74,1.99,1.8134,0.0057,10.919,12.474,23.393,-1.517,0.675,-0.842
Iran (Islamic Republic of),2014,1.063,15.063,398.81,2.17,1.8226,0.0127,10.812,12.727,23.539,-1.624,0.928,-0.697
Iran (Islamic Republic of),2015,1.835,15.835,401.01,2.95,1.8342,0.01,10.589,12.366,22.955,-1.848,0.567,-1.281
Iran (Islamic Republic of),2016,1.64,15.64,404.41,3.03,1.8431,0.007,10.176,11.178,21.353,-2.261,-0.622,-2.882
Iran (Islamic Republic of),2017,1.746,15.746,406.76,1.9,1.8496,0.0069,10.415,10.702,21.118,-2.022,-1.097,-3.118
Iran (Islamic Republic of),2018,2.036,16.036,408.72,2.85,1.8573,0.0088,10.378,10.952,21.33,-2.058,-0.847,-2.906
Iran (Islamic Republic of),2019,1.616,15.616,411.65,2.49,1.8666,0.0096,10.225,10.83,21.055,-2.212,-0.969,-3.181
Iran (Islamic Republic of),2020,1.36,15.36,414.21,2.3,1.8787,0.0148,10.164,11.578,21.742,-2.272,-0.222,-2.494
Iraq,1979,1.22,15.22,336.84,1.83,1.5305,0.0166,12.35,11.656,24.006,-0.087,-0.143,-0.23
Iraq,1980,-0.002,13.998,338.76,1.68,1.5471,0.0169,12.348,11.206,23.554,-0.088,-0.593,-0.682
Iraq,1981,0.183,14.183,340.12,1.43,1.564,0.0169,12.147,11.387,23.533,-0.29,-0.413,-0.702
Iraq,1982,-0.495,13.505,341.48,0.86,1.5809,0.0333,12.468,11.595,24.062,0.031,-0.204,-0.173
Iraq,1983,-0.901,13.099,343.15,2.36,1.6142,0.0306,12.353,11.344,23.698,-0.083,-0.455,-0.538
Iraq,1984,-0.072,13.928,344.87,1.51,1.6448,0.0129,11.92,11.428,23.348,-0.517,-0.371,-0.887
Iraq,1985,-0.06,13.94,346.35,1.21,1.6573,0.0122,12.016,11.569,23.585,-0.421,-0.23,-0.651
Iraq,1986,0.297,14.297,347.61,1.47,1.6701,0.0129,12.224,11.044,23.268,-0.212,-0.755,-0.967
Iraq,1987,0.27,14.27,349.31,2.06,1.6827,0.0114,12.268,11.405,23.673,-0.169,-0.394,-0.562
Iraq,1988,-0.014,13.986,351.69,2.24,1.6931,0.0107,12.19,11.497,23.687,-0.247,-0.302,-0.549
Iraq,1989,0.069,14.069,353.2,1.24,1.7045,0.0112,11.987,11.381,23.368,-0.45,-0.418,-0.868
Iraq,1990,0.243,14.243,354.45,1.2,1.7144,0.0086,11.718,11.365,23.082,-0.719,-0.434,-1.153
Iraq,1991,0.533,14.533,355.7,1.05,1.7248,0.0141,11.77,11.498,23.268,-0.667,-0.301,-0.967
Iraq,1992,-1.253,12.747,356.54,0.49,1.7355,0.0024,12.122,11.374,23.496,-0.315,-0.425,-0.74
Iraq,1993,-0.549,13.451,357.21,1.36,1.7365,0.0039,11.947,11.37,23.317,-0.49,-0.429,-0.919
Iraq,1994,0.92,14.92,358.96,1.96,1.7421,0.0073,12.032,11.728,23.76,-0.404,-0.072,-0.476
Iraq,1995,0.276,14.276,360.97,2.01,1.7489,0.0038,11.438,11.748,23.187,-0.998,-0.051,-1.049
Iraq,1996,0.718,14.718,362.74,1.24,1.7513,0.0025,11.848,11.743,23.592,-0.588,-0.056,-0.644
Iraq,1997,0.212,14.212,363.88,1.91,1.7545,0.0064,11.692,11.341,23.032,-0.745,-0.458,-1.203
Iraq,1998,1.187,15.187,366.84,2.97,1.7655,0.0121,11.782,11.689,23.471,-0.655,-0.11,-0.765
Iraq,1999,1.805,15.805,368.54,0.92,1.7723,0.0024,11.713,11.712,23.426,-0.723,-0.087,-0.81
Iraq,2000,0.87,14.87,369.71,1.62,1.7733,-0.0014,11.519,11.724,23.243,-0.917,-0.075,-0.992
Iraq,2001,1.171,15.171,371.32,1.62,1.7713,-0.0007,11.622,11.628,23.25,-0.814,-0.172,-0.986
Iraq,2002,1.048,15.048,373.45,2.51,1.7727,0.0032,11.385,11.176,22.561,-1.052,-0.623,-1.675
Iraq,2003,0.848,14.848,375.98,2.26,1.7773,0.0048,11.419,11.924,23.343,-1.017,0.125,-0.892
Iraq,2004,0.954,14.954,377.7,1.59,1.777,-0.0048,11.251,11.938,23.189,-1.186,0.139,-1.047
Iraq,2005,0.404,14.404,379.98,2.57,1.7742,0.0003,10.928,11.648,22.575,-1.509,-0.152,-1.661
Iraq,2006,1.5,15.5,382.09,1.69,1.775,0.0019,10.794,11.412,22.206,-1.642,-0.387,-2.03
Iraq,2007,0.854,14.854,384.02,2.31,1.7814,0.0078,10.498,11.637,22.135,-1.938,-0.162,-2.101
Iraq,2008,1.033,15.033,385.83,1.54,1.787,0.0065,10.99,12.213,23.203,-1.447,0.414,-1.032
Iraq,2009,0.72,14.72,387.64,2.0,1.7935,0.0047,10.956,11.999,22.955,-1.481,0.2,-1.281
Iraq,2010,2.536,16.536,390.1,2.3,1.7989,0.0051,10.734,12.058,22.792,-1.702,0.258,-1.444
Iraq,2011,0.749,14.749,391.85,1.92,1.8031,0.005,10.506,11.45,21.956,-1.931,-0.349,-2.28
Iraq,2012,1.145,15.145,394.06,2.65,1.8081,0.005,10.42,11.981,22.401,-2.017,0.182,-1.835
Iraq,2013,1.139,15.139,396.74,1.99,1.8134,0.0057,10.919,12.474,23.393,-1.517,0.675,-0.842
Iraq,2014,1.075,15.075,398.81,2.17,1.8226,0.0127,10.812,12.727,23.539,-1.624,0.928,-0.697
Iraq,2015,1.808,15.808,401.01,2.95,1.8342,0.01,10.589,12.366,22.955,-1.848,0.567,-1.281
Iraq,2016,1.513,15.513,404.41,3.03,1.8431,0.007,10.176,11.178,21.353,-2.261,-0.622,-2.882
Iraq,2017,1.452,15.452,406.76,1.9,1.8496,0.0069,10.415,10.702,21.118,-2.022,-1.097,-3.118
Iraq,2018,2.303,16.303,408.72,2.85,1.8573,0.0088,10.378,10.952,21.33,-2.058,-0.847,-2.906
Iraq,2019,1.639,15.639,411.65,2.49,1.8666,0.0096,10.225,10.83,21.055,-2.212,-0.969,-3.181
Iraq,2020,1.781,15.781,414.21,2.3,1.8787,0.0148,10.164,11.578,21.742,-2.272,-0.222,-2.494
Ireland,1979,-0.705,13.295,336.84,1.83,1.5305,0.0166,12.35,11.656,24.006,-0.087,-0.143,-0.23
Ireland,1980,-0.076,13.924,338.76,1.68,1.5471,0.0169,12.348,11.206,23.554,-0.088,-0.593,-0.682
Ireland,1981,0.355,14.355,340.12,1.43,1.564,0.0169,12.147,11.387,23.533,-0.29,-0.413,-0.702
Ireland,1982,0.131,14.131,341.48,0.86,1.5809,0.0333,12.468,11.595,24.062,0.031,-0.204,-0.173
Ireland,1983,0.382,14.382,343.15,2.36,1.6142,0.0306,12.353,11.344,23.698,-0.083,-0.455,-0.538
Ireland,1984,0.306,14.306,344.87,1.51,1.6448,0.0129,11.92,11.428,23.348,-0.517,-0.371,-0.887
Ireland,1985,-0.47,13.53,346.35,1.21,1.6573,0.0122,12.016,11.569,23.585,-0.421,-0.23,-0.651
Ireland,1986,-0.757,13.243,347.61,1.47,1.6701,0.0129,12.224,11.044,23.268,-0.212,-0.755,-0.967
Ireland,1987,-0.177,13.823,349.31,2.06,1.6827,0.0114,12.268,11.405,23.673,-0.169,-0.394,-0.562
Ireland,1988,0.215,14.215,351.69,2.24,1.6931,0.0107,12.19,11.497,23.687,-0.247,-0.302,-0.549
Ireland,1989,1.018,15.018,353.2,1.24,1.7045,0.0112,11.987,11.381,23.368,-0.45,-0.418,-0.868
Ireland,1990,0.789,14.789,354.45,1.2,1.7144,0.0086,11.718,11.365,23.082,-0.719,-0.434,-1.153
Ireland,1991,0.176,14.176,355.7,1.05,1.7248,0.0141,11.77,11.498,23.268,-0.667,-0.301,-0.967
Ireland,1992,0.425,14.425,356.54,0.49,1.7355,0.0024,12.122,11.374,23.496,-0.315,-0.425,-0.74
Ireland,1993,0.045,14.045,357.21,1.36,1.7365,0.0039,11.947,11.37,23.317,-0.49,-0.429,-0.919
Ireland,1994,0.267,14.267,358.96,1.96,1.7421,0.0073,12.032,11.728,23.76,-0.404,-0.072,-0.476
Ireland,1995,1.182,15.182,360.97,2.01,1.7489,0.0038,11.438,11.748,23.187,-0.998,-0.051,-1.049
Ireland,1996,-0.02,13.98,362.74,1.24,1.7513,0.0025,11.848,11.743,23.592,-0.588,-0.056,-0.644
Ireland,1997,0.966,14.966,363.88,1.91,1.7545,0.0064,11.692,11.341,23.032,-0.745,-0.458,-1.203
Ireland,1998,0.927,14.927,366.84,2.97,1.7655,0.0121,11.782,11.689,23.471,-0.655,-0.11,-0.765
Ireland,1999,1.062,15.062,368.54,0.92,1.7723,0.0024,11.713,11.712,23.426,-0.723,-0.087,-0.81
Ireland,2000,0.555,14.555,369.71,1.62,1.7733,-0.0014,11.519,11.724,23.243,-0.917,-0.075,-0.992
Ireland,2001,0.538,14.538,371.32,1.62,1.7713,-0.0007,11.622,11.628,23.25,-0.814,-0.172,-0.986
Ireland,2002,0.821,14.821,373.45,2.51,1.7727,0.0032,11.385,11.176,22.561,-1.052,-0.623,-1.675
Ireland,2003,1.015,15.015,375.98,2.26,1.7773,0.0048,11.419,11.924,23.343,-1.017,0.125,-0.892
Ireland,2004,0.887,14.887,377.7,1.59,1.777,-0.0048,11.251,11.938,23.189,-1.186,0.139,-1.047
Ireland,2005,1.164,15.164,379.98,2.57,1.7742,0.0003,10.928,11.648,22.575,-1.509,-0.152,-1.661
Ireland,2006,1.148,15.148,382.09,1.69,1.775,0.0019,10.794,11.412,22.206,-1.642,-0.387,-2.03
Ireland,2007,1.346,15.346,384.02,2.31,1.7814,0.0078,10.498,11.637,22.135,-1.938,-0.162,-2.101
Ireland,2008,0.846,14.846,385.83,1.54,1.787,0.0065,10.99,12.213,23.203,-1.447,0.414,-1.032
Ireland,2009,0.814,14.814,387.64,2.0,1.7935,0.0047,10.956,11.999,22.955,-1.481,0.2,-1.281
Ireland,2010,-0.092,13.908,390.1,2.3,1.7989,0.0051,10.734,12.058,22.792,-1.702,0.258,-1.444
Ireland,2011,0.574,14.574,391.85,1.92,1.8031,0.005,10.506,11.45,21.956,-1.931,-0.349,-2.28
Ireland,2012,0.727,14.727,394.06,2.65,1.8081,0.005,10.42,11.981,22.401,-2.017,0.182,-1.835
Ireland,2013,0.611,14.611,396.74,1.99,1.8134,0.0057,10.919,12.474,23.393,-1.517,0.675,-0.842
Ireland,2014,1.362,15.362,398.81,2.17,1.8226,0.0127,10.812,12.727,23.539,-1.624,0.928,-0.697
Ireland,2015,0.437,14.437,401.01,2.95,1.8342,0.01,10.589,12.366,22.955,-1.848,0.567,-1.281
Ireland,2016,1.047,15.047,404.41,3.03,1.8431,0.007,10.176,11.178,21.353,-2.261,-0.622,-2.882
Ireland,2017,1.281,15.281,406.76,1.9,1.8496,0.0069,10.415,10.702,21.118,-2.022,-1.097,-3.118
Ireland,2018,0.801,14.801,408.72,2.85,1.8573,0.0088,10.378,10.952,21.33,-2.058,-0.847,-2.906
Ireland,2019,1.222,15.222,411.65,2.49,1.8666,0.0096,10.225,10.83,21.055,-2.212,-0.969,-3.181
Ireland,2020,1.103,15.103,414.21,2.3,1.8787,0.0148,10.164,11.578,21.742,-2.272,-0.222,-2.494
Isle of Man,1979,-0.789,13.211,336.84,1.83,1.5305,0.0166,12.35,11.656,24.006,-0.087,-0.143,-0.23
Isle of Man,1980,-0.044,13.956,338.76,1.68,1.5471,0.0169,12.348,11.206,23.554,-0.088,-0.593,-0.682
Isle of Man,1981,0.275,14.275,340.12,1.43,1.564,0.0169,12.147,11.387,23.533,-0.29,-0.413,-0.702
Isle of Man,1982,0.059,14.059,341.48,0.86,1.5809,0.0333,12.468,11.595,24.062,0.031,-0.204,-0.173
Isle of Man,1983,0.364,14.364,343.15,2.36,1.6142,0.0306,12.353,11.344,23.698,-0.083,-0.455,-0.538
Isle of Man,1984,0.335,14.335,344.87,1.51,1.6448,0.0129,11.92,11.428,23.348,-0.517,-0.371,-0.887
Isle of Man,1985,-0.51,13.49,346.35,1.21,1.6573,0.0122,12.016,11.569,23.585,-0.421,-0.23,-0.651
Isle of Man,1986,-0.704,13.296,347.61,1.47,1.6701,0.0129,12.224,11.044,23.268,-0.212,-0.755,-0.967
Isle of Man,1987,-0.245,13.755,349.31,2.06,1.6827,0.0114,12.268,11.405,23.673,-0.169,-0.394,-0.562
Isle of Man,1988,0.25,14.25,351.69,2.24,1.6931,0.0107,12.19,11.497,23.687,-0.247,-0.302,-0.549
Isle of Man,1989,1.078,15.078,353.2,1.24,1.7045,0.0112,11.987,11.381,23.368,-0.45,-0.418,-0.868
Isle of Man,1990,0.879,14.879,354.45,1.2,1.7144,0.0086,11.718,11.365,23.082,-0.719,-0.434,-1.153
Isle of Man,1991,0.156,14.156,355.7,1.05,1.7248,0.0141,11.77,11.498,23.268,-0.667,-0.301,-0.967
Isle of Man,1992,0.44,14.44,356.54,0.49,1.7355,0.0024,12.122,11.374,23.496,-0.315,-0.425,-0.74
Isle of Man,1993,-0.054,13.946,357.21,1.36,1.7365,0.0039,11.947,11.37,23.317,-0.49,-0.429,-0.919
Isle of Man,1994,0.257,14.257,358.96,1.96,1.7421,0.0073,12.032,11.728,23.76,-0.404,-0.072,-0.476
Isle of Man,1995,1.153,15.153,360.97,2.01,1.7489,0.0038,11.438,11.748,23.187,-0.998,-0.051,-1.049
Isle of Man,1996,-0.121,13.879,362.74,1.24,1.7513,0.0025,11.848,11.743,23.592,-0.588,-0.056,-0.644
Isle of Man,1997,0.916,14.916,363.88,1.91,1.7545,0.0064,11.692,11.341,23.032,-0.745,-0.458,-1.203
Isle of Man,1998,0.921,14.921,366.84,2.97,1.7655,0.0121,11.782,11.689,23.471,-0.655,-0.11,-0.765
Isle of Man,1999,1.103,15.103,368.54,0.92,1.7723,0.0024,11.713,11.712,23.426,-0.723,-0.087,-0.81
Isle of Man,2000,0.619,14.619,369.71,1.62,1.7733,-0.0014,11.519,11.724,23.243,-0.917,-0.075,-0.992
Isle of Man,2001,0.51,14.51,371.32,1.62,1.7713,-0.0007,11.622,11.628,23.25,-0.814,-0.172,-0.986
Isle of Man,2002,0.889,14.889,373.45,2.51,1.7727,0.0032,11.385,11.176,22.561,-1.052,-0.623,-1.675
Isle of Man,2003,1.048,15.048,375.98,2.26,1.7773,0.0048,11.419,11.924,23.343,-1.017,0.125,-0.892
Isle of Man,2004,0.948,14.948,377.7,1.59,1.777,-0.0048,11.251,11.938,23.189,-1.186,0.139,-1.047
Isle of Man,2005,1.164,15.164,379.98,2.57,1.7742,0.0003,10.928,11.648,22.575,-1.509,-0.152,-1.661
Isle of Man,2006,1.222,15.222,382.09,1.69,1.775,0.0019,10.794,11.412,22.206,-1.642,-0.387,-2.03
Isle of Man,2007,1.309,15.309,384.02,2.31,1.7814,0.0078,10.498,11.637,22.135,-1.938,-0.162,-2.101
Isle of Man,2008,0.812,14.812,385.83,1.54,1.787,0.0065,10.99,12.213,23.203,-1.447,0.414,-1.032
Isle of Man,2009,0.857,14.857,387.64,2.0,1.7935,0.0047,10.956,11.999,22.955,-1.481,0.2,-1.281
Isle of Man,2010,-0.123,13.877,390.1,2.3,1.7989,0.0051,10.734,12.058,22.792,-1.702,0.258,-1.444
Isle of Man,2011,0.672,14.672,391.85,1.92,1.8031,0.005,10.506,11.45,21.956,-1.931,-0.349,-2.28
Isle of Man,2012,0.611,14.611,394.06,2.65,1.8081,0.005,10.42,11.981,22.401,-2.017,0.182,-1.835
Isle of Man,2013,0.453,14.453,396.74,1.99,1.8134,0.0057,10.919,12.474,23.393,-1.517,0.675,-0.842
Isle of Man,2014,1.507,15.507,398.81,2.17,1.8226,0.0127,10.812,12.727,23.539,-1.624,0.928,-0.697
Isle of Man,2015,0.402,14.402,401.01,2.95,1.8342,0.01,10.589,12.366,22.955,-1.848,0.567,-1.281
Isle of Man,2016,1.11,15.11,404.41,3.03,1.8431,0.007,10.176,11.178,21.353,-2.261,-0.622,-2.882
Isle of Man,2017,1.374,15.374,406.76,1.9,1.8496,0.0069,10.415,10.702,21.118,-2.022,-1.097,-3.118
Isle of Man,2018,0.886,14.886,408.72,2.85,1.8573,0.0088,10.378,10.952,21.33,-2.058,-0.847,-2.906
Isle of Man,2019,1.184,15.184,411.65,2.49,1.8666,0.0096,10.225,10.83,21.055,-2.212,-0.969,-3.181
Isle of Man,2020,1.211,15.211,414.21,2.3,1.8787,0.0148,10.164,11.578,21.742,-2.272,-0.222,-2.494
Israel,1979,0.582,14.582,336.84,1.83,1.5305,0.0166,12.35,11.656,24.006,-0.087,-0.143,-0.23
Israel,1980,-0.229,13.771,338.76,1.68,1.5471,0.0169,12.348,11.206,23.554,-0.088,-0.593,-0.682
Israel,1981,-0.245,13.755,340.12,1.43,1.564,0.0169,12.147,11.387,23.533,-0.29,-0.413,-0.702
Israel,1982,-0.595,13.405,341.48,0.86,1.5809,0.0333,12.468,11.595,24.062,0.031,-0.204,-0.173
Israel,1983,-1.099,12.901,343.15,2.36,1.6142,0.0306,12.353,11.344,23.698,-0.083,-0.455,-0.538
Israel,1984,-0.246,13.754,344.87,1.51,1.6448,0.0129,11.92,11.428,23.348,-0.517,-0.371,-0.887
Israel,1985,-0.021,13.979,346.35,1.21,1.6573,0.0122,12.016,11.569,23.585,-0.421,-0.23,-0.651
Israel,1986,0.01,14.01,347.61,1.47,1.6701,0.0129,12.224,11.044,23.268,-0.212,-0.755,-0.967
Israel,1987,-0.364,13.636,349.31,2.06,1.6827,0.0114,12.268,11.405,23.673,-0.169,-0.394,-0.562
Israel,1988,-0.046,13.954,351.69,2.24,1.6931,0.0107,12.19,11.497,23.687,-0.247,-0.302,-0.549
Israel,1989,-0.239,13.761,353.2,1.24,1.7045,0.0112,11.987,11.381,23.368,-0.45,-0.418,-0.868
Israel,1990,-0.178,13.822,354.45,1.2,1.7144,0.0086,11.718,11.365,23.082,-0.719,-0.434,-1.153
Israel,1991,0.323,14.323,355.7,1.05,1.7248,0.0141,11.77,11.498,23.268,-0.667,-0.301,-0.967
Israel,1992,-1.111,12.889,356.54,0.49,1.7355,0.0024,12.122,11.374,23.496,-0.315,-0.425,-0.74
Israel,1993,-0.445,13.555,357.21,1.36,1.7365,0.0039,11.947,11.37,23.317,-0.49,-0.429,-0.919
Israel,1994,0.721,14.721,358.96,1.96,1.7421,0.0073,12.032,11.728,23.76,-0.404,-0.072,-0.476
Israel,1995,-0.23,13.77,360.97,2.01,1.7489,0.0038,11.438,11.748,23.187,-0.998,-0.051,-1.049
Israel,1996,0.258,14.258,362.74,1.24,1.7513,0.0025,11.848,11.743,23.592,-0.588,-0.056,-0.644
Israel,1997,-0.22,13.78,363.88,1.91,1.7545,0.0064,11.692,11.341,23.032,-0.745,-0.458,-1.203
Israel,1998,0.779,14.779,366.84,2.97,1.7655,0.0121,11.782,11.689,23.471,-0.655,-0.11,-0.765
Israel,1999,0.773,14.773,368.54,0.92,1.7723,0.0024,11.713,11.712,23.426,-0.723,-0.087,-0.81
Israel,2000,0.157,14.157,369.71,1.62,1.7733,-0.0014,11.519,11.724,23.243,-0.917,-0.075,-0.992
Israel,2001,0.769,14.769,371.32,1.62,1.7713,-0.0007,11.622,11.628,23.25,-0.814,-0.172,-0.986
Israel,2002,0.647,14.647,373.45,2.51,1.7727,0.0032,11.385,11.176,22.561,-1.052,-0.623,-1.675
Israel,2003,0.477,14.477,375.98,2.26,1.7773,0.0048,11.419,11.924,23.343,-1.017,0.125,-0.892
Israel,2004,0.477,14.477,377.7,1.59,1.777,-0.0048,11.251,11.938,23.189,-1.186,0.139,-1.047
Israel,2005,0.115,14.115,379.98,2.57,1.7742,0.0003,10.928,11.648,22.575,-1.509,-0.152,-1.661
Israel,2006,0.501,14.501,382.09,1.69,1.775,0.0019,10.794,11.412,22.206,-1.642,-0.387,-2.03
Israel,2007,0.433,14.433,384.02,2.31,1.7814,0.0078,10.498,11.637,22.135,-1.938,-0.162,-2.101
Israel,2008,0.637,14.637,385.83,1.54,1.787,0.0065,10.99,12.213,23.203,-1.447,0.414,-1.032
Israel,2009,0.733,14.733,387.64,2.0,1.7935,0.0047,10.956,11.999,22.955,-1.481,0.2,-1.281
Israel,2010,2.226,16.226,390.1,2.3,1.7989,0.0051,10.734,12.058,22.792,-1.702,0.258,-1.444
Israel,2011,0.473,14.473,391.85,1.92,1.8031,0.005,10.506,11.45,21.956,-1.931,-0.349,-2.28
Israel,2012,0.926,14.926,394.06,2.65,1.8081,0.005,10.42,11.981,22.401,-2.017,0.182,-1.835
Israel,2013,1.014,15.014,396.74,1.99,1.8134,0.0057,10.919,12.474,23.393,-1.517,0.675,-0.842
Israel,2014,0.767,14.767,398.81,2.17,1.8226,0.0127,10.812,12.727,23.539,-1.624,0.928,-0.697
Israel,2015,1.237,15.237,401.01,2.95,1.8342,0.01,10.589,12.366,22.955,-1.848,0.567,-1.281
Israel,2016,1.527,15.527,404.41,3.03,1.8431,0.007,10.176,11.178,21.353,-2.261,-0.622,-2.882
Israel,2017,0.647,14.647,406.76,1.9,1.8496,0.0069,10.415,10.702,21.118,-2.022,-1.097,-3.118
Israel,2018,1.881,15.881,408.72,2.85,1.8573,0.0088,10.378,10.952,21.33,-2.058,-0.847,-2.906
Israel,2019,1.071,15.071,411.65,2.49,1.8666,0.0096,10.225,10.83,21.055,-2.212,-0.969,-3.181
Israel,2020,1.309,15.309,414.21,2.3,1.8787,0.0148,10.164,11.578,21.742,-2.272,-0.222,-2.494
Italy,1979,0.034,14.034,336.84,1.83,1.5305,0.0166,12.35,11.656,24.006,-0.087,-0.143,-0.23
Italy,1980,-0.414,13.586,338.76,1.68,1.5471,0.0169,12.348,11.206,23.554,-0.088,-0.593,-0.682
Italy,1981,-0.271,13.729,340.12,1.43,1.564,0.0169,12.147,11.387,23.533,-0.29,-0.413,-0.702
Italy,1982,0.516,14.516,341.48,0.86,1.5809,0.0333,12.468,11.595,24.062,0.031,-0.204,-0.173
Italy,1983,0.387,14.387,343.15,2.36,1.6142,0.0306,12.353,11.344,23.698,-0.083,-0.455,-0.538
Italy,1984,-0.449,13.551,344.87,1.51,1.6448,0.0129,11.92,11.428,23.348,-0.517,-0.371,-0.887
Italy,1985,0.135,14.135,346.35,1.21,1.6573,0.0122,12.016,11.569,23.585,-0.421,-0.23,-0.651
Italy,1986,0.457,14.457,347.61,1.47,1.6701,0.0129,12.224,11.044,23.268,-0.212,-0.755,-0.967
Italy,1987,0.197,14.197,349.31,2.06,1.6827,0.0114,12.268,11.405,23.673,-0.169,-0.394,-0.562
Italy,1988,0.84,14.84,351.69,2.24,1.6931,0.0107,12.19,11.497,23.687,-0.247,-0.302,-0.549
Italy,1989,0.422,14.422,353.2,1.24,1.7045,0.0112,11.987,11.381,23.368,-0.45,-0.418,-0.868
Italy,1990,1.14,15.14,354.45,1.2,1.7144,0.0086,11.718,11.365,23.082,-0.719,-0.434,-1.153
Italy,1991,0.039,14.039,355.7,1.05,1.7248,0.0141,11.77,11.498,23.268,-0.667,-0.301,-0.967
Italy,1992,0.546,14.546,356.54,0.49,1.7355,0.0024,12.122,11.374,23.496,-0.315,-0.425,-0.74
Italy,1993,0.533,14.533,357.21,1.36,1.7365,0.0039,11.947,11.37,23.317,-0.49,-0.429,-0.919
Italy,1994,1.528,15.528,358.96,1.96,1.7421,0.0073,12.032,11.728,23.76,-0.404,-0.072,-0.476
Italy,1995,0.436,14.436,360.97,2.01,1.7489,0.0038,11.438,11.748,23.187,-0.998,-0.051,-1.049
Italy,1996,0.252,14.252,362.74,1.24,1.7513,0.0025,11.848,11.743,23.592,-0.588,-0.056,-0.644
Italy,1997,0.943,14.943,363.88,1.91,1.7545,0.0064,11.692,11.341,23.032,-0.745,-0.458,-1.203
Italy,1998,0.966,14.966,366.84,2.97,1.7655,0.0121,11.782,11.689,23.471,-0.655,-0.11,-0.765
Italy,1999,0.92,14.92,368.54,0.92,1.7723,0.0024,11.713,11.712,23.426,-0.723,-0.087,-0.81
Italy,2000,1.254,15.254,369.71,1.62,1.7733,-0.0014,11.519,11.724,23.243,-0.917,-0.075,-0.992
Italy,2001,1.553,15.553,371.32,1.62,1.7713,-0.0007,11.622,11.628,23.25,-0.814,-0.172,-0.986
Italy,2002,0.938,14.938,373.45,2.51,1.7727,0.0032,11.385,11.176,22.561,-1.052,-0.623,-1.675
Italy,2003,1.54,15.54,375.98,2.26,1.7773,0.0048,11.419,11.924,23.343,-1.017,0.125,-0.892
Italy,2004,0.769,14.769,377.7,1.59,1.777,-0.0048,11.251,11.938,23.189,-1.186,0.139,-1.047
Italy,2005,0.587,14.587,379.98,2.57,1.7742,0.0003,10.928,11.648,22.575,-1.509,-0.152,-1.661
Italy,2006,0.865,14.865,382.09,1.69,1.775,0.0019,10.794,11.412,22.206,-1.642,-0.387,-2.03
Italy,2007,1.576,15.576,384.02,2.31,1.7814,0.0078,10.498,11.637,22.135,-1.938,-0.162,-2.101
Italy,2008,1.149,15.149,385.83,1.54,1.787,0.0065,10.99,12.213,23.203,-1.447,0.414,-1.032
Italy,2009,1.24,15.24,387.64,2.0,1.7935,0.0047,10.956,11.999,22.955,-1.481,0.2,-1.281
Italy,2010,0.745,14.745,390.1,2.3,1.7989,0.0051,10.734,12.058,22.792,-1.702,0.258,-1.444
Italy,2011,1.242,15.242,391.85,1.92,1.8031,0.005,10.506,11.45,21.956,-1.931,-0.349,-2.28
Italy,2012,1.54,15.54,394.06,2.65,1.8081,0.005,10.42,11.981,22.401,-2.017,0.182,-1.835
Italy,2013,1.009,15.009,396.74,1.99,1.8134,0.0057,10.919,12.474,23.393,-1.517,0.675,-0.842
Italy,2014,1.642,15.642,398.81,2.17,1.8226,0.0127,10.812,12.727,23.539,-1.624,0.928,-0.697
Italy,2015,1.74,15.74,401.01,2.95,1.8342,0.01,10.589,12.366,22.955,-1.848,0.567,-1.281
Italy,2016,1.739,15.739,404.41,3.03,1.8431,0.007,10.176,11.178,21.353,-2.261,-0.622,-2.882
Italy,2017,1.618,15.618,406.76,1.9,1.8496,0.0069,10.415,10.702,21.118,-2.022,-1.097,-3.118
Italy,2018,1.873,15.873,408.72,2.85,1.8573,0.0088,10.378,10.952,21.33,-2.058,-0.847,-2.906
Italy,2019,1.709,15.709,411.65,2.49,1.8666,0.0096,10.225,10.83,21.055,-2.212,-0.969,-3.181
Italy,2020,1.903,15.903,414.21,2.3,1.8787,0.0148,10.164,11.578,21.742,-2.272,-0.222,-2.494
Jamaica,1979,0.4348,14.4348,336.84,1.83,1.5305,0.0166,12.35,11.656,24.006,-0.087,-0.143,-0.23
Jamaica,1980,0.672,14.672,338.76,1.68,1.5471,0.0169,12.348,11.206,23.554,-0.088,-0.593,-0.682
Jamaica,1981,0.92,14.92,340.12,1.43,1.564,0.0169,12.147,11.387,23.533,-0.29,-0.413,-0.702
Jamaica,1982,0.413,14.413,341.48,0.86,1.5809,0.0333,12.468,11.595,24.062,0.031,-0.204,-0.173
Jamaica,1983,0.72,14.72,343.15,2.36,1.6142,0.0306,12.353,11.344,23.698,-0.083,-0.455,-0.538
Jamaica,1984,0.271,14.271,344.87,1.51,1.6448,0.0129,11.92,11.428,23.348,-0.517,-0.371,-0.887
Jamaica,1985,0.299,14.299,346.35,1.21,1.6573,0.0122,12.016,11.569,23.585,-0.421,-0.23,-0.651
Jamaica,1986,0.318,14.318,347.61,1.47,1.6701,0.0129,12.224,11.044,23.268,-0.212,-0.755,-0.967
Jamaica,1987,1.179,15.179,349.31,2.06,1.6827,0.0114,12.268,11.405,23.673,-0.169,-0.394,-0.562
Jamaica,1988,1.019,15.019,351.69,2.24,1.6931,0.0107,12.19,11.497,23.687,-0.247,-0.302,-0.549
Jamaica,1989,0.584,14.584,353.2,1.24,1.7045,0.0112,11.987,11.381,23.368,-0.45,-0.418,-0.868
Jamaica,1990,0.61,14.61,354.45,1.2,1.7144,0.0086,11.718,11.365,23.082,-0.719,-0.434,-1.153
Jamaica,1991,0.675,14.675,355.7,1.05,1.7248,0.0141,11.77,11.498,23.268,-0.667,-0.301,-0.967
Jamaica,1992,0.856,14.856,356.54,0.49,1.7355,0.0024,12.122,11.374,23.496,-0.315,-0.425,-0.74
Jamaica,1993,0.475,14.475,357.21,1.36,1.7365,0.0039,11.947,11.37,23.317,-0.49,-0.429,-0.919
Jamaica,1994,0.968,14.968,358.96,1.96,1.7421,0.0073,12.032,11.728,23.76,-0.404,-0.072,-0.476
Jamaica,1995,0.932,14.932,360.97,2.01,1.7489,0.0038,11.438,11.748,23.187,-0.998,-0.051,-1.049
Jamaica,1996,0.252,14.252,362.74,1.24,1.7513,0.0025,11.848,11.743,23.592,-0.588,-0.056,-0.644
Jamaica,1997,0.768,14.768,363.88,1.91,1.7545,0.0064,11.692,11.341,23.032,-0.745,-0.458,-1.203
Jamaica,1998,1.246,15.246,366.84,2.97,1.7655,0.0121,11.782,11.689,23.471,-0.655,-0.11,-0.765
Jamaica,1999,0.603,14.603,368.54,0.92,1.7723,0.0024,11.713,11.712,23.426,-0.723,-0.087,-0.81
Jamaica,2000,0.292,14.292,369.71,1.62,1.7733,-0.0014,11.519,11.724,23.243,-0.917,-0.075,-0.992
Jamaica,2001,0.549,14.549,371.32,1.62,1.7713,-0.0007,11.622,11.628,23.25,-0.814,-0.172,-0.986
Jamaica,2002,0.794,14.794,373.45,2.51,1.7727,0.0032,11.385,11.176,22.561,-1.052,-0.623,-1.675
Jamaica,2003,0.961,14.961,375.98,2.26,1.7773,0.0048,11.419,11.924,23.343,-1.017,0.125,-0.892
Jamaica,2004,0.791,14.791,377.7,1.59,1.777,-0.0048,11.251,11.938,23.189,-1.186,0.139,-1.047
Jamaica,2005,0.881,14.881,379.98,2.57,1.7742,0.0003,10.928,11.648,22.575,-1.509,-0.152,-1.661
Jamaica,2006,0.877,14.877,382.09,1.69,1.775,0.0019,10.794,11.412,22.206,-1.642,-0.387,-2.03
Jamaica,2007,0.825,14.825,384.02,2.31,1.7814,0.0078,10.498,11.637,22.135,-1.938,-0.162,-2.101
Jamaica,2008,0.438,14.438,385.83,1.54,1.787,0.0065,10.99,12.213,23.203,-1.447,0.414,-1.032
Jamaica,2009,0.703,14.703,387.64,2.0,1.7935,0.0047,10.956,11.999,22.955,-1.481,0.2,-1.281
Jamaica,2010,1.225,15.225,390.1,2.3,1.7989,0.0051,10.734,12.058,22.792,-1.702,0.258,-1.444
Jamaica,2011,0.476,14.476,391.85,1.92,1.8031,0.005,10.506,11.45,21.956,-1.931,-0.349,-2.28
Jamaica,2012,0.603,14.603,394.06,2.65,1.8081,0.005,10.42,11.981,22.401,-2.017,0.182,-1.835
Jamaica,2013,0.87,14.87,396.74,1.99,1.8134,0.0057,10.919,12.474,23.393,-1.517,0.675,-0.842
Jamaica,2014,1.091,15.091,398.81,2.17,1.8226,0.0127,10.812,12.727,23.539,-1.624,0.928,-0.697
Jamaica,2015,1.15,15.15,401.01,2.95,1.8342,0.01,10.589,12.366,22.955,-1.848,0.567,-1.281
Jamaica,2016,1.291,15.291,404.41,3.03,1.8431,0.007,10.176,11.178,21.353,-2.261,-0.622,-2.882
Jamaica,2017,1.074,15.074,406.76,1.9,1.8496,0.0069,10.415,10.702,21.118,-2.022,-1.097,-3.118
Jamaica,2018,1.543,15.543,408.72,2.85,1.8573,0.0088,10.378,10.952,21.33,-2.058,-0.847,-2.906
Jamaica,2019,1.46,15.46,411.65,2.49,1.8666,0.0096,10.225,10.83,21.055,-2.212,-0.969,-3.181
Jamaica,2020,1.558,15.558,414.21,2.3,1.8787,0.0148,10.164,11.578,21.742,-2.272,-0.222,-2.494
Japan,1979,0.454,14.454,336.84,1.83,1.5305,0.0166,12.35,11.656,24.006,-0.087,-0.143,-0.23
Japan,1980,-0.21,13.79,338.76,1.68,1.5471,0.0169,12.348,11.206,23.554,-0.088,-0.593,-0.682
Japan,1981,-0.643,13.357,340.12,1.43,1.564,0.0169,12.147,11.387,23.533,-0.29,-0.413,-0.702
Japan,1982,-0.057,13.943,341.48,0.86,1.5809,0.0333,12.468,11.595,24.062,0.031,-0.204,-0.173
Japan,1983,0.087,14.087,343.15,2.36,1.6142,0.0306,12.353,11.344,23.698,-0.083,-0.455,-0.538
Japan,1984,-0.628,13.372,344.87,1.51,1.6448,0.0129,11.92,11.428,23.348,-0.517,-0.371,-0.887
Japan,1985,0.11,14.11,346.35,1.21,1.6573,0.0122,12.016,11.569,23.585,-0.421,-0.23,-0.651
Japan,1986,-0.702,13.298,347.61,1.47,1.6701,0.0129,12.224,11.044,23.268,-0.212,-0.755,-0.967
Japan,1987,0.309,14.309,349.31,2.06,1.6827,0.0114,12.268,11.405,23.673,-0.169,-0.394,-0.562
Japan,1988,-0.166,13.834,351.69,2.24,1.6931,0.0107,12.19,11.497,23.687,-0.247,-0.302,-0.549
Japan,1989,0.541,14.541,353.2,1.24,1.7045,0.0112,11.987,11.381,23.368,-0.45,-0.418,-0.868
Japan,1990,1.117,15.117,354.45,1.2,1.7144,0.0086,11.718,11.365,23.082,-0.719,-0.434,-1.153
Japan,1991,0.704,14.704,355.7,1.05,1.7248,0.0141,11.77,11.498,23.268,-0.667,-0.301,-0.967
Japan,1992,0.309,14.309,356.54,0.49,1.7355,0.0024,12.122,11.374,23.496,-0.315,-0.425,-0.74
Japan,1993,-0.011,13.989,357.21,1.36,1.7365,0.0039,11.947,11.37,23.317,-0.49,-0.429,-0.919
Japan,1994,0.947,14.947,358.96,1.96,1.7421,0.0073,12.032,11.728,23.76,-0.404,-0.072,-0.476
Japan,1995,0.323,14.323,360.97,2.01,1.7489,0.0038,11.438,11.748,23.187,-0.998,-0.051,-1.049
Japan,1996,-0.154,13.846,362.74,1.24,1.7513,0.0025,11.848,11.743,23.592,-0.588,-0.056,-0.644
Japan,1997,0.425,14.425,363.88,1.91,1.7545,0.0064,11.692,11.341,23.032,-0.745,-0.458,-1.203
Japan,1998,1.173,15.173,366.84,2.97,1.7655,0.0121,11.782,11.689,23.471,-0.655,-0.11,-0.765
Japan,1999,0.919,14.919,368.54,0.92,1.7723,0.0024,11.713,11.712,23.426,-0.723,-0.087,-0.81
Japan,2000,0.6,14.6,369.71,1.62,1.7733,-0.0014,11.519,11.724,23.243,-0.917,-0.075,-0.992
Japan,2001,0.383,14.383,371.32,1.62,1.7713,-0.0007,11.622,11.628,23.25,-0.814,-0.172,-0.986
Japan,2002,0.599,14.599,373.45,2.51,1.7727,0.0032,11.385,11.176,22.561,-1.052,-0.623,-1.675
Japan,2003,0.293,14.293,375.98,2.26,1.7773,0.0048,11.419,11.924,23.343,-1.017,0.125,-0.892
Japan,2004,1.089,15.089,377.7,1.59,1.777,-0.0048,11.251,11.938,23.189,-1.186,0.139,-1.047
Japan,2005,0.706,14.706,379.98,2.57,1.7742,0.0003,10.928,11.648,22.575,-1.509,-0.152,-1.661
Japan,2006,0.357,14.357,382.09,1.69,1.775,0.0019,10.794,11.412,22.206,-1.642,-0.387,-2.03
Japan,2007,0.97,14.97,384.02,2.31,1.7814,0.0078,10.498,11.637,22.135,-1.938,-0.162,-2.101
Japan,2008,0.642,14.642,385.83,1.54,1.787,0.0065,10.99,12.213,23.203,-1.447,0.414,-1.032
Japan,2009,0.778,14.778,387.64,2.0,1.7935,0.0047,10.956,11.999,22.955,-1.481,0.2,-1.281
Japan,2010,0.899,14.899,390.1,2.3,1.7989,0.0051,10.734,12.058,22.792,-1.702,0.258,-1.444
Japan,2011,0.578,14.578,391.85,1.92,1.8031,0.005,10.506,11.45,21.956,-1.931,-0.349,-2.28
Japan,2012,0.369,14.369,394.06,2.65,1.8081,0.005,10.42,11.981,22.401,-2.017,0.182,-1.835
Japan,2013,0.596,14.596,396.74,1.99,1.8134,0.0057,10.919,12.474,23.393,-1.517,0.675,-0.842
Japan,2014,0.53,14.53,398.81,2.17,1.8226,0.0127,10.812,12.727,23.539,-1.624,0.928,-0.697
Japan,2015,0.815,14.815,401.01,2.95,1.8342,0.01,10.589,12.366,22.955,-1.848,0.567,-1.281
Japan,2016,1.304,15.304,404.41,3.03,1.8431,0.007,10.176,11.178,21.353,-2.261,-0.622,-2.882
Japan,2017,0.774,14.774,406.76,1.9,1.8496,0.0069,10.415,10.702,21.118,-2.022,-1.097,-3.118
Japan,2018,0.899,14.899,408.72,2.85,1.8573,0.0088,10.378,10.952,21.33,-2.058,-0.847,-2.906
Japan,2019,1.247,15.247,411.65,2.49,1.8666,0.0096,10.225,10.83,21.055,-2.212,-0.969,-3.181
Japan,2020,1.413,15.413,414.21,2.3,1.8787,0.0148,10.164,11.578,21.742,-2.272,-0.222,-2.494
Jordan,1979,0.693,14.693,336.84,1.83,1.5305,0.0166,12.35,11.656,24.006,-0.087,-0.143,-0.23
Jordan,1980,-0.2,13.8,338.76,1.68,1.5471,0.0169,12.348,11.206,23.554,-0.088,-0.593,-0.682
Jordan,1981,-0.256,13.744,340.12,1.43,1.564,0.0169,12.147,11.387,23.533,-0.29,-0.413,-0.702
Jordan,1982,-0.736,13.264,341.48,0.86,1.5809,0.0333,12.468,11.595,24.062,0.031,-0.204,-0.173
Jordan,1983,-1.119,12.881,343.15,2.36,1.6142,0.0306,12.353,11.344,23.698,-0.083,-0.455,-0.538
Jordan,1984,-0.303,13.697,344.87,1.51,1.6448,0.0129,11.92,11.428,23.348,-0.517,-0.371,-0.887
Jordan,1985,-0.082,13.918,346.35,1.21,1.6573,0.0122,12.016,11.569,23.585,-0.421,-0.23,-0.651
Jordan,1986,0.007,14.007,347.61,1.47,1.6701,0.0129,12.224,11.044,23.268,-0.212,-0.755,-0.967
Jordan,1987,-0.222,13.778,349.31,2.06,1.6827,0.0114,12.268,11.405,23.673,-0.169,-0.394,-0.562
Jordan,1988,-0.104,13.896,351.69,2.24,1.6931,0.0107,12.19,11.497,23.687,-0.247,-0.302,-0.549
Jordan,1989,-0.157,13.843,353.2,1.24,1.7045,0.0112,11.987,11.381,23.368,-0.45,-0.418,-0.868
Jordan,1990,-0.151,13.849,354.45,1.2,1.7144,0.0086,11.718,11.365,23.082,-0.719,-0.434,-1.153
Jordan,1991,0.415,14.415,355.7,1.05,1.7248,0.0141,11.77,11.498,23.268,-0.667,-0.301,-0.967
Jordan,1992,-1.219,12.781,356.54,0.49,1.7355,0.0024,12.122,11.374,23.496,-0.315,-0.425,-0.74
Jordan,1993,-0.612,13.388,357.21,1.36,1.7365,0.0039,11.947,11.37,23.317,-0.49,-0.429,-0.919
Jordan,1994,0.836,14.836,358.96,1.96,1.7421,0.0073,12.032,11.728,23.76,-0.404,-0.072,-0.476
Jordan,1995,-0.154,13.846,360.97,2.01,1.7489,0.0038,11.438,11.748,23.187,-0.998,-0.051,-1.049
Jordan,1996,0.377,14.377,362.74,1.24,1.7513,0.0025,11.848,11.743,23.592,-0.588,-0.056,-0.644
Jordan,1997,-0.286,13.714,363.88,1.91,1.7545,0.0064,11.692,11.341,23.032,-0.745,-0.458,-1.203
Jordan,1998,0.893,14.893,366.84,2.97,1.7655,0.0121,11.782,11.689,23.471,-0.655,-0.11,-0.765
Jordan,1999,0.925,14.925,368.54,0.92,1.7723,0.0024,11.713,11.712,23.426,-0.723,-0.087,-0.81
Jordan,2000,0.255,14.255,369.71,1.62,1.7733,-0.0014,11.519,11.724,23.243,-0.917,-0.075,-0.992
Jordan,2001,0.864,14.864,371.32,1.62,1.7713,-0.0007,11.622,11.628,23.25,-0.814,-0.172,-0.986
Jordan,2002,0.547,14.547,373.45,2.51,1.7727,0.0032,11.385,11.176,22.561,-1.052,-0.623,-1.675
Jordan,2003,0.38,14.38,375.98,2.26,1.7773,0.0048,11.419,11.924,23.343,-1.017,0.125,-0.892
Jordan,2004,0.5,14.5,377.7,1.59,1.777,-0.0048,11.251,11.938,23.189,-1.186,0.139,-1.047
Jordan,2005,-0.02,13.98,379.98,2.57,1.7742,0.0003,10.928,11.648,22.575,-1.509,-0.152,-1.661
Jordan,2006,0.628,14.628,382.09,1.69,1.775,0.0019,10.794,11.412,22.206,-1.642,-0.387,-2.03
Jordan,2007,0.394,14.394,384.02,2.31,1.7814,0.0078,10.498,11.637,22.135,-1.938,-0.162,-2.101
Jordan,2008,0.582,14.582,385.83,1.54,1.787,0.0065,10.99,12.213,23.203,-1.447,0.414,-1.032
Jordan,2009,0.427,14.427,387.64,2.0,1.7935,0.0047,10.956,11.999,22.955,-1.481,0.2,-1.281
Jordan,2010,2.484,16.484,390.1,2.3,1.7989,0.0051,10.734,12.058,22.792,-1.702,0.258,-1.444
Jordan,2011,0.362,14.362,391.85,1.92,1.8031,0.005,10.506,11.45,21.956,-1.931,-0.349,-2.28
Jordan,2012,0.922,14.922,394.06,2.65,1.8081,0.005,10.42,11.981,22.401,-2.017,0.182,-1.835
Jordan,2013,0.893,14.893,396.74,1.99,1.8134,0.0057,10.919,12.474,23.393,-1.517,0.675,-0.842
Jordan,2014,0.69,14.69,398.81,2.17,1.8226,0.0127,10.812,12.727,23.539,-1.624,0.928,-0.697
Jordan,2015,1.345,15.345,401.01,2.95,1.8342,0.01,10.589,12.366,22.955,-1.848,0.567,-1.281
Jordan,2016,1.573,15.573,404.41,3.03,1.8431,0.007,10.176,11.178,21.353,-2.261,-0.622,-2.882
Jordan,2017,0.871,14.871,406.76,1.9,1.8496,0.0069,10.415,10.702,21.118,-2.022,-1.097,-3.118
Jordan,2018,1.899,15.899,408.72,2.85,1.8573,0.0088,10.378,10.952,21.33,-2.058,-0.847,-2.906
Jordan,2019,1.222,15.222,411.65,2.49,1.8666,0.0096,10.225,10.83,21.055,-2.212,-0.969,-3.181
Jordan,2020,1.569,15.569,414.21,2.3,1.8787,0.0148,10.164,11.578,21.742,-2.272,-0.222,-2.494
Kenya,1979,0.026,14.026,336.84,1.83,1.5305,0.0166,12.35,11.656,24.006,-0.087,-0.143,-0.23
Kenya,1980,0.558,14.558,338.76,1.68,1.5471,0.0169,12.348,11.206,23.554,-0.088,-0.593,-0.682
Kenya,1981,0.157,14.157,340.12,1.43,1.564,0.0169,12.147,11.387,23.533,-0.29,-0.413,-0.702
Kenya,1982,0.263,14.263,341.48,0.86,1.5809,0.0333,12.468,11.595,24.062,0.031,-0.204,-0.173
Kenya,1983,0.579,14.579,343.15,2.36,1.6142,0.0306,12.353,11.344,23.698,-0.083,-0.455,-0.538
Kenya,1984,0.145,14.145,344.87,1.51,1.6448,0.0129,11.92,11.428,23.348,-0.517,-0.371,-0.887
Kenya,1985,-0.07,13.93,346.35,1.21,1.6573,0.0122,12.016,11.569,23.585,-0.421,-0.23,-0.651
Kenya,1986,0.121,14.121,347.61,1.47,1.6701,0.0129,12.224,11.044,23.268,-0.212,-0.755,-0.967
Kenya,1987,0.717,14.717,349.31,2.06,1.6827,0.0114,12.268,11.405,23.673,-0.169,-0.394,-0.562
Kenya,1988,0.611,14.611,351.69,2.24,1.6931,0.0107,12.19,11.497,23.687,-0.247,-0.302,-0.549
Kenya,1989,-0.186,13.814,353.2,1.24,1.7045,0.0112,11.987,11.381,23.368,-0.45,-0.418,-0.868
Kenya,1990,-0.025,13.975,354.45,1.2,1.7144,0.0086,11.718,11.365,23.082,-0.719,-0.434,-1.153
Kenya,1991,0.264,14.264,355.7,1.05,1.7248,0.0141,11.77,11.498,23.268,-0.667,-0.301,-0.967
Kenya,1992,0.418,14.418,356.54,0.49,1.7355,0.0024,12.122,11.374,23.496,-0.315,-0.425,-0.74
Kenya,1993,0.067,14.067,357.21,1.36,1.7365,0.0039,11.947,11.37,23.317,-0.49,-0.429,-0.919
Kenya,1994,0.502,14.502,358.96,1.96,1.7421,0.0073,12.032,11.728,23.76,-0.404,-0.072,-0.476
Kenya,1995,0.376,14.376,360.97,2.01,1.7489,0.0038,11.438,11.748,23.187,-0.998,-0.051,-1.049
Kenya,1996,0.424,14.424,362.74,1.24,1.7513,0.0025,11.848,11.743,23.592,-0.588,-0.056,-0.644
Kenya,1997,0.495,14.495,363.88,1.91,1.7545,0.0064,11.692,11.341,23.032,-0.745,-0.458,-1.203
Kenya,1998,0.228,14.228,366.84,2.97,1.7655,0.0121,11.782,11.689,23.471,-0.655,-0.11,-0.765
Kenya,1999,0.218,14.218,368.54,0.92,1.7723,0.0024,11.713,11.712,23.426,-0.723,-0.087,-0.81
Kenya,2000,0.504,14.504,369.71,1.62,1.7733,-0.0014,11.519,11.724,23.243,-0.917,-0.075,-0.992
Kenya,2001,0.59,14.59,371.32,1.62,1.7713,-0.0007,11.622,11.628,23.25,-0.814,-0.172,-0.986
Kenya,2002,0.72,14.72,373.45,2.51,1.7727,0.0032,11.385,11.176,22.561,-1.052,-0.623,-1.675
Kenya,2003,0.868,14.868,375.98,2.26,1.7773,0.0048,11.419,11.924,23.343,-1.017,0.125,-0.892
Kenya,2004,0.673,14.673,377.7,1.59,1.777,-0.0048,11.251,11.938,23.189,-1.186,0.139,-1.047
Kenya,2005,0.794,14.794,379.98,2.57,1.7742,0.0003,10.928,11.648,22.575,-1.509,-0.152,-1.661
Kenya,2006,0.799,14.799,382.09,1.69,1.775,0.0019,10.794,11.412,22.206,-1.642,-0.387,-2.03
Kenya,2007,0.505,14.505,384.02,2.31,1.7814,0.0078,10.498,11.637,22.135,-1.938,-0.162,-2.101
Kenya,2008,0.685,14.685,385.83,1.54,1.787,0.0065,10.99,12.213,23.203,-1.447,0.414,-1.032
Kenya,2009,1.289,15.289,387.64,2.0,1.7935,0.0047,10.956,11.999,22.955,-1.481,0.2,-1.281
Kenya,2010,1.104,15.104,390.1,2.3,1.7989,0.0051,10.734,12.058,22.792,-1.702,0.258,-1.444
Kenya,2011,1.05,15.05,391.85,1.92,1.8031,0.005,10.506,11.45,21.956,-1.931,-0.349,-2.28
Kenya,2012,0.945,14.945,394.06,2.65,1.8081,0.005,10.42,11.981,22.401,-2.017,0.182,-1.835
Kenya,2013,0.87,14.87,396.74,1.99,1.8134,0.0057,10.919,12.474,23.393,-1.517,0.675,-0.842
Kenya,2014,0.956,14.956,398.81,2.17,1.8226,0.0127,10.812,12.727,23.539,-1.624,0.928,-0.697
Kenya,2015,1.16,15.16,401.01,2.95,1.8342,0.01,10.589,12.366,22.955,-1.848,0.567,-1.281
Kenya,2016,1.259,15.259,404.41,3.03,1.8431,0.007,10.176,11.178,21.353,-2.261,-0.622,-2.882
Kenya,2017,1.512,15.512,406.76,1.9,1.8496,0.0069,10.415,10.702,21.118,-2.022,-1.097,-3.118
Kenya,2018,0.635,14.635,408.72,2.85,1.8573,0.0088,10.378,10.952,21.33,-2.058,-0.847,-2.906
Kenya,2019,1.611,15.611,411.65,2.49,1.8666,0.0096,10.225,10.83,21.055,-2.212,-0.969,-3.181
Kenya,2020,1.332,15.332,414.21,2.3,1.8787,0.0148,10.164,11.578,21.742,-2.272,-0.222,-2.494
Kiribati,1979,0.151,14.151,336.84,1.83,1.5305,0.0166,12.35,11.656,24.006,-0.087,-0.143,-0.23
Kiribati,1980,0.194,14.194,338.76,1.68,1.5471,0.0169,12.348,11.206,23.554,-0.088,-0.593,-0.682
Kiribati,1981,0.229,14.229,340.12,1.43,1.564,0.0169,12.147,11.387,23.533,-0.29,-0.413,-0.702
Kiribati,1982,0.148,14.148,341.48,0.86,1.5809,0.0333,12.468,11.595,24.062,0.031,-0.204,-0.173
Kiribati,1983,0.096,14.096,343.15,2.36,1.6142,0.0306,12.353,11.344,23.698,-0.083,-0.455,-0.538
Kiribati,1984,-0.17,13.83,344.87,1.51,1.6448,0.0129,11.92,11.428,23.348,-0.517,-0.371,-0.887
Kiribati,1985,0.028,14.028,346.35,1.21,1.6573,0.0122,12.016,11.569,23.585,-0.421,-0.23,-0.651
Kiribati,1986,0.301,14.301,347.61,1.47,1.6701,0.0129,12.224,11.044,23.268,-0.212,-0.755,-0.967
Kiribati,1987,0.086,14.086,349.31,2.06,1.6827,0.0114,12.268,11.405,23.673,-0.169,-0.394,-0.562
Kiribati,1988,0.057,14.057,351.69,2.24,1.6931,0.0107,12.19,11.497,23.687,-0.247,-0.302,-0.549
Kiribati,1989,-0.225,13.775,353.2,1.24,1.7045,0.0112,11.987,11.381,23.368,-0.45,-0.418,-0.868
Kiribati,1990,0.205,14.205,354.45,1.2,1.7144,0.0086,11.718,11.365,23.082,-0.719,-0.434,-1.153
Kiribati,1991,0.189,14.189,355.7,1.05,1.7248,0.0141,11.77,11.498,23.268,-0.667,-0.301,-0.967
Kiribati,1992,0.099,14.099,356.54,0.49,1.7355,0.0024,12.122,11.374,23.496,-0.315,-0.425,-0.74
Kiribati,1993,-0.228,13.772,357.21,1.36,1.7365,0.0039,11.947,11.37,23.317,-0.49,-0.429,-0.919
Kiribati,1994,0.065,14.065,358.96,1.96,1.7421,0.0073,12.032,11.728,23.76,-0.404,-0.072,-0.476
Kiribati,1995,0.355,14.355,360.97,2.01,1.7489,0.0038,11.438,11.748,23.187,-0.998,-0.051,-1.049
Kiribati,1996,0.258,14.258,362.74,1.24,1.7513,0.0025,11.848,11.743,23.592,-0.588,-0.056,-0.644
Kiribati,1997,0.052,14.052,363.88,1.91,1.7545,0.0064,11.692,11.341,23.032,-0.745,-0.458,-1.203
Kiribati,1998,0.46,14.46,366.84,2.97,1.7655,0.0121,11.782,11.689,23.471,-0.655,-0.11,-0.765
Kiribati,1999,-0.196,13.804,368.54,0.92,1.7723,0.0024,11.713,11.712,23.426,-0.723,-0.087,-0.81
Kiribati,2000,0.071,14.071,369.71,1.62,1.7733,-0.0014,11.519,11.724,23.243,-0.917,-0.075,-0.992
Kiribati,2001,0.353,14.353,371.32,1.62,1.7713,-0.0007,11.622,11.628,23.25,-0.814,-0.172,-0.986
Kiribati,2002,0.454,14.454,373.45,2.51,1.7727,0.0032,11.385,11.176,22.561,-1.052,-0.623,-1.675
Kiribati,2003,0.537,14.537,375.98,2.26,1.7773,0.0048,11.419,11.924,23.343,-1.017,0.125,-0.892
Kiribati,2004,0.5303,14.5303,377.7,1.59,1.777,-0.0048,11.251,11.938,23.189,-1.186,0.139,-1.047
Kiribati,2005,0.5237,14.5237,379.98,2.57,1.7742,0.0003,10.928,11.648,22.575,-1.509,-0.152,-1.661
Kiribati,2006,0.517,14.517,382.09,1.69,1.775,0.0019,10.794,11.412,22.206,-1.642,-0.387,-2.03
Kiribati,2007,0.563,14.563,384.02,2.31,1.7814,0.0078,10.498,11.637,22.135,-1.938,-0.162,-2.101
Kiribati,2008,0.327,14.327,385.83,1.54,1.787,0.0065,10.99,12.213,23.203,-1.447,0.414,-1.032
Kiribati,2009,0.669,14.669,387.64,2.0,1.7935,0.0047,10.956,11.999,22.955,-1.481,0.2,-1.281
Kiribati,2010,0.618,14.618,390.1,2.3,1.7989,0.0051,10.734,12.058,22.792,-1.702,0.258,-1.444
Kiribati,2011,0.634,14.634,391.85,1.92,1.8031,0.005,10.506,11.45,21.956,-1.931,-0.349,-2.28
Kiribati,2012,0.734,14.734,394.06,2.65,1.8081,0.005,10.42,11.981,22.401,-2.017,0.182,-1.835
Kiribati,2013,0.934,14.934,396.74,1.99,1.8134,0.0057,10.919,12.474,23.393,-1.517,0.675,-0.842
Kiribati,2014,1.073,15.073,398.81,2.17,1.8226,0.0127,10.812,12.727,23.539,-1.624,0.928,-0.697
Kiribati,2015,1.028,15.028,401.01,2.95,1.8342,0.01,10.589,12.366,22.955,-1.848,0.567,-1.281
Kiribati,2016,1.296,15.296,404.41,3.03,1.8431,0.007,10.176,11.178,21.353,-2.261,-0.622,-2.882
Kiribati,2017,1.107,15.107,406.76,1.9,1.8496,0.0069,10.415,10.702,21.118,-2.022,-1.097,-3.118
Kiribati,2018,1.014,15.014,408.72,2.85,1.8573,0.0088,10.378,10.952,21.33,-2.058,-0.847,-2.906
Kiribati,2019,1.015,15.015,411.65,2.49,1.8666,0.0096,10.225,10.83,21.055,-2.212,-0.969,-3.181
Kiribati,2020,1.307,15.307,414.21,2.3,1.8787,0.0148,10.164,11.578,21.742,-2.272,-0.222,-2.494
Kuwait,1979,1.248,15.248,336.84,1.83,1.5305,0.0166,12.35,11.656,24.006,-0.087,-0.143,-0.23
Kuwait,1980,0.413,14.413,338.76,1.68,1.5471,0.0169,12.348,11.206,23.554,-0.088,-0.593,-0.682
Kuwait,1981,0.329,14.329,340.12,1.43,1.564,0.0169,12.147,11.387,23.533,-0.29,-0.413,-0.702
Kuwait,1982,-0.234,13.766,341.48,0.86,1.5809,0.0333,12.468,11.595,24.062,0.031,-0.204,-0.173
Kuwait,1983,-0.715,13.285,343.15,2.36,1.6142,0.0306,12.353,11.344,23.698,-0.083,-0.455,-0.538
Kuwait,1984,0.202,14.202,344.87,1.51,1.6448,0.0129,11.92,11.428,23.348,-0.517,-0.371,-0.887
Kuwait,1985,-0.045,13.955,346.35,1.21,1.6573,0.0122,12.016,11.569,23.585,-0.421,-0.23,-0.651
Kuwait,1986,0.421,14.421,347.61,1.47,1.6701,0.0129,12.224,11.044,23.268,-0.212,-0.755,-0.967
Kuwait,1987,0.661,14.661,349.31,2.06,1.6827,0.0114,12.268,11.405,23.673,-0.169,-0.394,-0.562
Kuwait,1988,0.389,14.389,351.69,2.24,1.6931,0.0107,12.19,11.497,23.687,-0.247,-0.302,-0.549
Kuwait,1989,0.083,14.083,353.2,1.24,1.7045,0.0112,11.987,11.381,23.368,-0.45,-0.418,-0.868
Kuwait,1990,0.33,14.33,354.45,1.2,1.7144,0.0086,11.718,11.365,23.082,-0.719,-0.434,-1.153
Kuwait,1991,0.478,14.478,355.7,1.05,1.7248,0.0141,11.77,11.498,23.268,-0.667,-0.301,-0.967
Kuwait,1992,-0.565,13.435,356.54,0.49,1.7355,0.0024,12.122,11.374,23.496,-0.315,-0.425,-0.74
Kuwait,1993,-0.125,13.875,357.21,1.36,1.7365,0.0039,11.947,11.37,23.317,-0.49,-0.429,-0.919
Kuwait,1994,0.952,14.952,358.96,1.96,1.7421,0.0073,12.032,11.728,23.76,-0.404,-0.072,-0.476
Kuwait,1995,0.192,14.192,360.97,2.01,1.7489,0.0038,11.438,11.748,23.187,-0.998,-0.051,-1.049
Kuwait,1996,0.908,14.908,362.74,1.24,1.7513,0.0025,11.848,11.743,23.592,-0.588,-0.056,-0.644
Kuwait,1997,0.519,14.519,363.88,1.91,1.7545,0.0064,11.692,11.341,23.032,-0.745,-0.458,-1.203
Kuwait,1998,1.345,15.345,366.84,2.97,1.7655,0.0121,11.782,11.689,23.471,-0.655,-0.11,-0.765
Kuwait,1999,2.075,16.075,368.54,0.92,1.7723,0.0024,11.713,11.712,23.426,-0.723,-0.087,-0.81
Kuwait,2000,1.177,15.177,369.71,1.62,1.7733,-0.0014,11.519,11.724,23.243,-0.917,-0.075,-0.992
Kuwait,2001,1.301,15.301,371.32,1.62,1.7713,-0.0007,11.622,11.628,23.25,-0.814,-0.172,-0.986
Kuwait,2002,1.631,15.631,373.45,2.51,1.7727,0.0032,11.385,11.176,22.561,-1.052,-0.623,-1.675
Kuwait,2003,1.584,15.584,375.98,2.26,1.7773,0.0048,11.419,11.924,23.343,-1.017,0.125,-0.892
Kuwait,2004,1.54,15.54,377.7,1.59,1.777,-0.0048,11.251,11.938,23.189,-1.186,0.139,-1.047
Kuwait,2005,0.751,14.751,379.98,2.57,1.7742,0.0003,10.928,11.648,22.575,-1.509,-0.152,-1.661
Kuwait,2006,1.93,15.93,382.09,1.69,1.775,0.0019,10.794,11.412,22.206,-1.642,-0.387,-2.03
Kuwait,2007,1.113,15.113,384.02,2.31,1.7814,0.0078,10.498,11.637,22.135,-1.938,-0.162,-2.101
Kuwait,2008,1.431,15.431,385.83,1.54,1.787,0.0065,10.99,12.213,23.203,-1.447,0.414,-1.032
Kuwait,2009,1.258,15.258,387.64,2.0,1.7935,0.0047,10.956,11.999,22.955,-1.481,0.2,-1.281
Kuwait,2010,2.546,16.546,390.1,2.3,1.7989,0.0051,10.734,12.058,22.792,-1.702,0.258,-1.444
Kuwait,2011,1.329,15.329,391.85,1.92,1.8031,0.005,10.506,11.45,21.956,-1.931,-0.349,-2.28
Kuwait,2012,1.538,15.538,394.06,2.65,1.8081,0.005,10.42,11.981,22.401,-2.017,0.182,-1.835
Kuwait,2013,1.433,15.433,396.74,1.99,1.8134,0.0057,10.919,12.474,23.393,-1.517,0.675,-0.842
Kuwait,2014,1.505,15.505,398.81,2.17,1.8226,0.0127,10.812,12.727,23.539,-1.624,0.928,-0.697
Kuwait,2015,2.083,16.083,401.01,2.95,1.8342,0.01,10.589,12.366,22.955,-1.848,0.567,-1.281
Kuwait,2016,1.586,15.586,404.41,3.03,1.8431,0.007,10.176,11.178,21.353,-2.261,-0.622,-2.882
Kuwait,2017,1.925,15.925,406.76,1.9,1.8496,0.0069,10.415,10.702,21.118,-2.022,-1.097,-3.118
Kuwait,2018,2.315,16.315,408.72,2.85,1.8573,0.0088,10.378,10.952,21.33,-2.058,-0.847,-2.906
Kuwait,2019,1.834,15.834,411.65,2.49,1.8666,0.0096,10.225,10.83,21.055,-2.212,-0.969,-3.181
Kuwait,2020,1.911,15.911,414.21,2.3,1.8787,0.0148,10.164,11.578,21.742,-2.272,-0.222,-2.494
Lao People's Democratic Republic,1979,0.458,14.458,336.84,1.83,1.5305,0.0166,12.35,11.656,24.006,-0.087,-0.143,-0.23
Lao People's Democratic Republic,1980,0.452,14.452,338.76,1.68,1.5471,0.0169,12.348,11.206,23.554,-0.088,-0.593,-0.682
Lao People's Democratic Republic,1981,0.433,14.433,340.12,1.43,1.564,0.0169,12.147,11.387,23.533,-0.29,-0.413,-0.702
Lao People's Democratic Republic,1982,0.168,14.168,341.48,0.86,1.5809,0.0333,12.468,11.595,24.062,0.031,-0.204,-0.173
Lao People's Democratic Republic,1983,0.259,14.259,343.15,2.36,1.6142,0.0306,12.353,11.344,23.698,-0.083,-0.455,-0.538
Lao People's Democratic Republic,1984,0.073,14.073,344.87,1.51,1.6448,0.0129,11.92,11.428,23.348,-0.517,-0.371,-0.887
Lao People's Democratic Republic,1985,0.257,14.257,346.35,1.21,1.6573,0.0122,12.016,11.569,23.585,-0.421,-0.23,-0.651
Lao People's Democratic Republic,1986,0.015,14.015,347.61,1.47,1.6701,0.0129,12.224,11.044,23.268,-0.212,-0.755,-0.967
Lao People's Democratic Republic,1987,0.94,14.94,349.31,2.06,1.6827,0.0114,12.268,11.405,23.673,-0.169,-0.394,-0.562
Lao People's Democratic Republic,1988,0.3,14.3,351.69,2.24,1.6931,0.0107,12.19,11.497,23.687,-0.247,-0.302,-0.549
Lao People's Democratic Republic,1989,0.26,14.26,353.2,1.24,1.7045,0.0112,11.987,11.381,23.368,-0.45,-0.418,-0.868
Lao People's Democratic Republic,1990,0.419,14.419,354.45,1.2,1.7144,0.0086,11.718,11.365,23.082,-0.719,-0.434,-1.153
Lao People's Democratic Republic,1991,0.688,14.688,355.7,1.05,1.7248,0.0141,11.77,11.498,23.268,-0.667,-0.301,-0.967
Lao People's Democratic Republic,1992,0.199,14.199,356.54,0.49,1.7355,0.0024,12.122,11.374,23.496,-0.315,-0.425,-0.74
Lao People's Democratic Republic,1993,0.302,14.302,357.21,1.36,1.7365,0.0039,11.947,11.37,23.317,-0.49,-0.429,-0.919
Lao People's Democratic Republic,1994,0.394,14.394,358.96,1.96,1.7421,0.0073,12.032,11.728,23.76,-0.404,-0.072,-0.476
Lao People's Democratic Republic,1995,0.623,14.623,360.97,2.01,1.7489,0.0038,11.438,11.748,23.187,-0.998,-0.051,-1.049
Lao People's Democratic Republic,1996,0.143,14.143,362.74,1.24,1.7513,0.0025,11.848,11.743,23.592,-0.588,-0.056,-0.644
Lao People's Democratic Republic,1997,0.333,14.333,363.88,1.91,1.7545,0.0064,11.692,11.341,23.032,-0.745,-0.458,-1.203
Lao People's Democratic Republic,1998,1.432,15.432,366.84,2.97,1.7655,0.0121,11.782,11.689,23.471,-0.655,-0.11,-0.765
Lao People's Democratic Republic,1999,0.663,14.663,368.54,0.92,1.7723,0.0024,11.713,11.712,23.426,-0.723,-0.087,-0.81
Lao People's Democratic Republic,2000,0.039,14.039,369.71,1.62,1.7733,-0.0014,11.519,11.724,23.243,-0.917,-0.075,-0.992
Lao People's Democratic Republic,2001,0.721,14.721,371.32,1.62,1.7713,-0.0007,11.622,11.628,23.25,-0.814,-0.172,-0.986
Lao People's Democratic Republic,2002,0.601,14.601,373.45,2.51,1.7727,0.0032,11.385,11.176,22.561,-1.052,-0.623,-1.675
Lao People's Democratic Republic,2003,0.977,14.977,375.98,2.26,1.7773,0.0048,11.419,11.924,23.343,-1.017,0.125,-0.892
Lao People's Democratic Republic,2004,0.401,14.401,377.7,1.59,1.777,-0.0048,11.251,11.938,23.189,-1.186,0.139,-1.047
Lao People's Democratic Republic,2005,0.878,14.878,379.98,2.57,1.7742,0.0003,10.928,11.648,22.575,-1.509,-0.152,-1.661
Lao People's Democratic Republic,2006,0.834,14.834,382.09,1.69,1.775,0.0019,10.794,11.412,22.206,-1.642,-0.387,-2.03
Lao People's Democratic Republic,2007,0.556,14.556,384.02,2.31,1.7814,0.0078,10.498,11.637,22.135,-1.938,-0.162,-2.101
Lao People's Democratic Republic,2008,0.244,14.244,385.83,1.54,1.787,0.0065,10.99,12.213,23.203,-1.447,0.414,-1.032
Lao People's Democratic Republic,2009,0.612,14.612,387.64,2.0,1.7935,0.0047,10.956,11.999,22.955,-1.481,0.2,-1.281
Lao People's Democratic Republic,2010,1.322,15.322,390.1,2.3,1.7989,0.0051,10.734,12.058,22.792,-1.702,0.258,-1.444
Lao People's Democratic Republic,2011,0.092,14.092,391.85,1.92,1.8031,0.005,10.506,11.45,21.956,-1.931,-0.349,-2.28
Lao People's Democratic Republic,2012,0.92,14.92,394.06,2.65,1.8081,0.005,10.42,11.981,22.401,-2.017,0.182,-1.835
Lao People's Democratic Republic,2013,1.085,15.085,396.74,1.99,1.8134,0.0057,10.919,12.474,23.393,-1.517,0.675,-0.842
Lao People's Democratic Republic,2014,0.66,14.66,398.81,2.17,1.8226,0.0127,10.812,12.727,23.539,-1.624,0.928,-0.697
Lao People's Democratic Republic,2015,1.314,15.314,401.01,2.95,1.8342,0.01,10.589,12.366,22.955,-1.848,0.567,-1.281
Lao People's Democratic Republic,2016,1.324,15.324,404.41,3.03,1.8431,0.007,10.176,11.178,21.353,-2.261,-0.622,-2.882
Lao People's Democratic Republic,2017,1.071,15.071,406.76,1.9,1.8496,0.0069,10.415,10.702,21.118,-2.022,-1.097,-3.118
Lao People's Democratic Republic,2018,0.814,14.814,408.72,2.85,1.8573,0.0088,10.378,10.952,21.33,-2.058,-0.847,-2.906
Lao People's Democratic Republic,2019,2.053,16.053,411.65,2.49,1.8666,0.0096,10.225,10.83,21.055,-2.212,-0.969,-3.181
Lao People's Democratic Republic,2020,1.605,15.605,414.21,2.3,1.8787,0.0148,10.164,11.578,21.742,-2.272,-0.222,-2.494
Lebanon,1979,0.681,14.681,336.84,1.83,1.5305,0.0166,12.35,11.656,24.006,-0.087,-0.143,-0.23
Lebanon,1980,-0.245,13.755,338.76,1.68,1.5471,0.0169,12.348,11.206,23.554,-0.088,-0.593,-0.682
Lebanon,1981,-0.009,13.991,340.12,1.43,1.564,0.0169,12.147,11.387,23.533,-0.29,-0.413,-0.702
Lebanon,1982,-0.523,13.477,341.48,0.86,1.5809,0.0333,12.468,11.595,24.062,0.031,-0.204,-0.173
Lebanon,1983,-0.986,13.014,343.15,2.36,1.6142,0.0306,12.353,11.344,23.698,-0.083,-0.455,-0.538
Lebanon,1984,-0.115,13.885,344.87,1.51,1.6448,0.0129,11.92,11.428,23.348,-0.517,-0.371,-0.887
Lebanon,1985,-0.046,13.954,346.35,1.21,1.6573,0.0122,12.016,11.569,23.585,-0.421,-0.23,-0.651
Lebanon,1986,0.194,14.194,347.61,1.47,1.6701,0.0129,12.224,11.044,23.268,-0.212,-0.755,-0.967
Lebanon,1987,-0.291,13.709,349.31,2.06,1.6827,0.0114,12.268,11.405,23.673,-0.169,-0.394,-0.562
Lebanon,1988,-0.043,13.957,351.69,2.24,1.6931,0.0107,12.19,11.497,23.687,-0.247,-0.302,-0.549
Lebanon,1989,0.079,14.079,353.2,1.24,1.7045,0.0112,11.987,11.381,23.368,-0.45,-0.418,-0.868
Lebanon,1990,0.007,14.007,354.45,1.2,1.7144,0.0086,11.718,11.365,23.082,-0.719,-0.434,-1.153
Lebanon,1991,0.356,14.356,355.7,1.05,1.7248,0.0141,11.77,11.498,23.268,-0.667,-0.301,-0.967
Lebanon,1992,-1.074,12.926,356.54,0.49,1.7355,0.0024,12.122,11.374,23.496,-0.315,-0.425,-0.74
Lebanon,1993,-0.492,13.508,357.21,1.36,1.7365,0.0039,11.947,11.37,23.317,-0.49,-0.429,-0.919
Lebanon,1994,1.005,15.005,358.96,1.96,1.7421,0.0073,12.032,11.728,23.76,-0.404,-0.072,-0.476
Lebanon,1995,0.011,14.011,360.97,2.01,1.7489,0.0038,11.438,11.748,23.187,-0.998,-0.051,-1.049
Lebanon,1996,0.363,14.363,362.74,1.24,1.7513,0.0025,11.848,11.743,23.592,-0.588,-0.056,-0.644
Lebanon,1997,-0.143,13.857,363.88,1.91,1.7545,0.0064,11.692,11.341,23.032,-0.745,-0.458,-1.203
Lebanon,1998,0.95,14.95,366.84,2.97,1.7655,0.0121,11.782,11.689,23.471,-0.655,-0.11,-0.765
Lebanon,1999,1.043,15.043,368.54,0.92,1.7723,0.0024,11.713,11.712,23.426,-0.723,-0.087,-0.81
Lebanon,2000,0.502,14.502,369.71,1.62,1.7733,-0.0014,11.519,11.724,23.243,-0.917,-0.075,-0.992
Lebanon,2001,1.105,15.105,371.32,1.62,1.7713,-0.0007,11.622,11.628,23.25,-0.814,-0.172,-0.986
Lebanon,2002,0.792,14.792,373.45,2.51,1.7727,0.0032,11.385,11.176,22.561,-1.052,-0.623,-1.675
Lebanon,2003,0.604,14.604,375.98,2.26,1.7773,0.0048,11.419,11.924,23.343,-1.017,0.125,-0.892
Lebanon,2004,0.629,14.629,377.7,1.59,1.777,-0.0048,11.251,11.938,23.189,-1.186,0.139,-1.047
Lebanon,2005,0.265,14.265,379.98,2.57,1.7742,0.0003,10.928,11.648,22.575,-1.509,-0.152,-1.661
Lebanon,2006,0.696,14.696,382.09,1.69,1.775,0.0019,10.794,11.412,22.206,-1.642,-0.387,-2.03
Lebanon,2007,0.693,14.693,384.02,2.31,1.7814,0.0078,10.498,11.637,22.135,-1.938,-0.162,-2.101
Lebanon,2008,0.957,14.957,385.83,1.54,1.787,0.0065,10.99,12.213,23.203,-1.447,0.414,-1.032
Lebanon,2009,0.829,14.829,387.64,2.0,1.7935,0.0047,10.956,11.999,22.955,-1.481,0.2,-1.281
Lebanon,2010,2.308,16.308,390.1,2.3,1.7989,0.0051,10.734,12.058,22.792,-1.702,0.258,-1.444
Lebanon,2011,0.609,14.609,391.85,1.92,1.8031,0.005,10.506,11.45,21.956,-1.931,-0.349,-2.28
Lebanon,2012,0.977,14.977,394.06,2.65,1.8081,0.005,10.42,11.981,22.401,-2.017,0.182,-1.835
Lebanon,2013,1.183,15.183,396.74,1.99,1.8134,0.0057,10.919,12.474,23.393,-1.517,0.675,-0.842
Lebanon,2014,1.01,15.01,398.81,2.17,1.8226,0.0127,10.812,12.727,23.539,-1.624,0.928,-0.697
Lebanon,2015,1.413,15.413,401.01,2.95,1.8342,0.01,10.589,12.366,22.955,-1.848,0.567,-1.281
Lebanon,2016,1.695,15.695,404.41,3.03,1.8431,0.007,10.176,11.178,21.353,-2.261,-0.622,-2.882
Lebanon,2017,1.107,15.107,406.76,1.9,1.8496,0.0069,10.415,10.702,21.118,-2.022,-1.097,-3.118
Lebanon,2018,2.202,16.202,408.72,2.85,1.8573,0.0088,10.378,10.952,21.33,-2.058,-0.847,-2.906
Lebanon,2019,1.467,15.467,411.65,2.49,1.8666,0.0096,10.225,10.83,21.055,-2.212,-0.969,-3.181
Lebanon,2020,1.711,15.711,414.21,2.3,1.8787,0.0148,10.164,11.578,21.742,-2.272,-0.222,-2.494
Lesotho,1979,0.346,14.346,336.84,1.83,1.5305,0.0166,12.35,11.656,24.006,-0.087,-0.143,-0.23
Lesotho,1980,0.209,14.209,338.76,1.68,1.5471,0.0169,12.348,11.206,23.554,-0.088,-0.593,-0.682
Lesotho,1981,-0.267,13.733,340.12,1.43,1.564,0.0169,12.147,11.387,23.533,-0.29,-0.413,-0.702
Lesotho,1982,0.313,14.313,341.48,0.86,1.5809,0.0333,12.468,11.595,24.062,0.031,-0.204,-0.173
Lesotho,1983,1.045,15.045,343.15,2.36,1.6142,0.0306,12.353,11.344,23.698,-0.083,-0.455,-0.538
Lesotho,1984,0.38,14.38,344.87,1.51,1.6448,0.0129,11.92,11.428,23.348,-0.517,-0.371,-0.887
Lesotho,1985,0.821,14.821,346.35,1.21,1.6573,0.0122,12.016,11.569,23.585,-0.421,-0.23,-0.651
Lesotho,1986,0.529,14.529,347.61,1.47,1.6701,0.0129,12.224,11.044,23.268,-0.212,-0.755,-0.967
Lesotho,1987,0.618,14.618,349.31,2.06,1.6827,0.0114,12.268,11.405,23.673,-0.169,-0.394,-0.562
Lesotho,1988,0.494,14.494,351.69,2.24,1.6931,0.0107,12.19,11.497,23.687,-0.247,-0.302,-0.549
Lesotho,1989,0.022,14.022,353.2,1.24,1.7045,0.0112,11.987,11.381,23.368,-0.45,-0.418,-0.868
Lesotho,1990,0.364,14.364,354.45,1.2,1.7144,0.0086,11.718,11.365,23.082,-0.719,-0.434,-1.153
Lesotho,1991,0.524,14.524,355.7,1.05,1.7248,0.0141,11.77,11.498,23.268,-0.667,-0.301,-0.967
Lesotho,1992,0.969,14.969,356.54,0.49,1.7355,0.0024,12.122,11.374,23.496,-0.315,-0.425,-0.74
Lesotho,1993,1.016,15.016,357.21,1.36,1.7365,0.0039,11.947,11.37,23.317,-0.49,-0.429,-0.919
Lesotho,1994,0.09,14.09,358.96,1.96,1.7421,0.0073,12.032,11.728,23.76,-0.404,-0.072,-0.476
Lesotho,1995,0.709,14.709,360.97,2.01,1.7489,0.0038,11.438,11.748,23.187,-0.998,-0.051,-1.049
Lesotho,1996,-0.233,13.767,362.74,1.24,1.7513,0.0025,11.848,11.743,23.592,-0.588,-0.056,-0.644
Lesotho,1997,0.214,14.214,363.88,1.91,1.7545,0.0064,11.692,11.341,23.032,-0.745,-0.458,-1.203
Lesotho,1998,0.887,14.887,366.84,2.97,1.7655,0.0121,11.782,11.689,23.471,-0.655,-0.11,-0.765
Lesotho,1999,1.208,15.208,368.54,0.92,1.7723,0.0024,11.713,11.712,23.426,-0.723,-0.087,-0.81
Lesotho,2000,0.305,14.305,369.71,1.62,1.7733,-0.0014,11.519,11.724,23.243,-0.917,-0.075,-0.992
Lesotho,2001,0.558,14.558,371.32,1.62,1.7713,-0.0007,11.622,11.628,23.25,-0.814,-0.172,-0.986
Lesotho,2002,0.485,14.485,373.45,2.51,1.7727,0.0032,11.385,11.176,22.561,-1.052,-0.623,-1.675
Lesotho,2003,0.662,14.662,375.98,2.26,1.7773,0.0048,11.419,11.924,23.343,-1.017,0.125,-0.892
Lesotho,2004,0.707,14.707,377.7,1.59,1.777,-0.0048,11.251,11.938,23.189,-1.186,0.139,-1.047
Lesotho,2005,0.75,14.75,379.98,2.57,1.7742,0.0003,10.928,11.648,22.575,-1.509,-0.152,-1.661
Lesotho,2006,0.023,14.023,382.09,1.69,1.775,0.0019,10.794,11.412,22.206,-1.642,-0.387,-2.03
Lesotho,2007,0.574,14.574,384.02,2.31,1.7814,0.0078,10.498,11.637,22.135,-1.938,-0.162,-2.101
Lesotho,2008,0.31,14.31,385.83,1.54,1.787,0.0065,10.99,12.213,23.203,-1.447,0.414,-1.032
Lesotho,2009,0.316,14.316,387.64,2.0,1.7935,0.0047,10.956,11.999,22.955,-1.481,0.2,-1.281
Lesotho,2010,1.06,15.06,390.1,2.3,1.7989,0.0051,10.734,12.058,22.792,-1.702,0.258,-1.444
Lesotho,2011,0.185,14.185,391.85,1.92,1.8031,0.005,10.506,11.45,21.956,-1.931,-0.349,-2.28
Lesotho,2012,0.559,14.559,394.06,2.65,1.8081,0.005,10.42,11.981,22.401,-2.017,0.182,-1.835
Lesotho,2013,0.557,14.557,396.74,1.99,1.8134,0.0057,10.919,12.474,23.393,-1.517,0.675,-0.842
Lesotho,2014,0.635,14.635,398.81,2.17,1.8226,0.0127,10.812,12.727,23.539,-1.624,0.928,-0.697
Lesotho,2015,1.135,15.135,401.01,2.95,1.8342,0.01,10.589,12.366,22.955,-1.848,0.567,-1.281
Lesotho,2016,1.792,15.792,404.41,3.03,1.8431,0.007,10.176,11.178,21.353,-2.261,-0.622,-2.882
Lesotho,2017,0.826,14.826,406.76,1.9,1.8496,0.0069,10.415,10.702,21.118,-2.022,-1.097,-3.118
Lesotho,2018,0.717,14.717,408.72,2.85,1.8573,0.0088,10.378,10.952,21.33,-2.058,-0.847,-2.906
Lesotho,2019,1.557,15.557,411.65,2.49,1.8666,0.0096,10.225,10.83,21.055,-2.212,-0.969,-3.181
Lesotho,2020,0.667,14.667,414.21,2.3,1.8787,0.0148,10.164,11.578,21.742,-2.272,-0.222,-2.494
Liberia,1979,0.556,14.556,336.84,1.83,1.5305,0.0166,12.35,11.656,24.006,-0.087,-0.143,-0.23
Liberia,1980,0.421,14.421,338.76,1.68,1.5471,0.0169,12.348,11.206,23.554,-0.088,-0.593,-0.682
Liberia,1981,0.175,14.175,340.12,1.43,1.564,0.0169,12.147,11.387,23.533,-0.29,-0.413,-0.702
Liberia,1982,0.241,14.241,341.48,0.86,1.5809,0.0333,12.468,11.595,24.062,0.031,-0.204,-0.173
Liberia,1983,0.504,14.504,343.15,2.36,1.6142,0.0306,12.353,11.344,23.698,-0.083,-0.455,-0.538
Liberia,1984,0.373,14.373,344.87,1.51,1.6448,0.0129,11.92,11.428,23.348,-0.517,-0.371,-0.887
Liberia,1985,0.293,14.293,346.35,1.21,1.6573,0.0122,12.016,11.569,23.585,-0.421,-0.23,-0.651
Liberia,1986,0.182,14.182,347.61,1.47,1.6701,0.0129,12.224,11.044,23.268,-0.212,-0.755,-0.967
Liberia,1987,0.959,14.959,349.31,2.06,1.6827,0.0114,12.268,11.405,23.673,-0.169,-0.394,-0.562
Liberia,1988,0.835,14.835,351.69,2.24,1.6931,0.0107,12.19,11.497,23.687,-0.247,-0.302,-0.549
Liberia,1989,0.372,14.372,353.2,1.24,1.7045,0.0112,11.987,11.381,23.368,-0.45,-0.418,-0.868
Liberia,1990,0.591,14.591,354.45,1.2,1.7144,0.0086,11.718,11.365,23.082,-0.719,-0.434,-1.153
Liberia,1991,0.531,14.531,355.7,1.05,1.7248,0.0141,11.77,11.498,23.268,-0.667,-0.301,-0.967
Liberia,1992,0.264,14.264,356.54,0.49,1.7355,0.0024,12.122,11.374,23.496,-0.315,-0.425,-0.74
Liberia,1993,0.542,14.542,357.21,1.36,1.7365,0.0039,11.947,11.37,23.317,-0.49,-0.429,-0.919
Liberia,1994,0.592,14.592,358.96,1.96,1.7421,0.0073,12.032,11.728,23.76,-0.404,-0.072,-0.476
Liberia,1995,0.75,14.75,360.97,2.01,1.7489,0.0038,11.438,11.748,23.187,-0.998,-0.051,-1.049
Liberia,1996,0.677,14.677,362.74,1.24,1.7513,0.0025,11.848,11.743,23.592,-0.588,-0.056,-0.644
Liberia,1997,0.985,14.985,363.88,1.91,1.7545,0.0064,11.692,11.341,23.032,-0.745,-0.458,-1.203
Liberia,1998,1.26,15.26,366.84,2.97,1.7655,0.0121,11.782,11.689,23.471,-0.655,-0.11,-0.765
Liberia,1999,0.747,14.747,368.54,0.92,1.7723,0.0024,11.713,11.712,23.426,-0.723,-0.087,-0.81
Liberia,2000,0.505,14.505,369.71,1.62,1.7733,-0.0014,11.519,11.724,23.243,-0.917,-0.075,-0.992
Liberia,2001,0.691,14.691,371.32,1.62,1.7713,-0.0007,11.622,11.628,23.25,-0.814,-0.172,-0.986
Liberia,2002,1.033,15.033,373.45,2.51,1.7727,0.0032,11.385,11.176,22.561,-1.052,-0.623,-1.675
Liberia,2003,1.056,15.056,375.98,2.26,1.7773,0.0048,11.419,11.924,23.343,-1.017,0.125,-0.892
Liberia,2004,0.921,14.921,377.7,1.59,1.777,-0.0048,11.251,11.938,23.189,-1.186,0.139,-1.047
Liberia,2005,1.127,15.127,379.98,2.57,1.7742,0.0003,10.928,11.648,22.575,-1.509,-0.152,-1.661
Liberia,2006,1.149,15.149,382.09,1.69,1.775,0.0019,10.794,11.412,22.206,-1.642,-0.387,-2.03
Liberia,2007,1.071,15.071,384.02,2.31,1.7814,0.0078,10.498,11.637,22.135,-1.938,-0.162,-2.101
Liberia,2008,1.226,15.226,385.83,1.54,1.787,0.0065,10.99,12.213,23.203,-1.447,0.414,-1.032
Liberia,2009,1.418,15.418,387.64,2.0,1.7935,0.0047,10.956,11.999,22.955,-1.481,0.2,-1.281
Liberia,2010,1.447,15.447,390.1,2.3,1.7989,0.0051,10.734,12.058,22.792,-1.702,0.258,-1.444
Liberia,2011,1.119,15.119,391.85,1.92,1.8031,0.005,10.506,11.45,21.956,-1.931,-0.349,-2.28
Liberia,2012,0.894,14.894,394.06,2.65,1.8081,0.005,10.42,11.981,22.401,-2.017,0.182,-1.835
Liberia,2013,1.008,15.008,396.74,1.99,1.8134,0.0057,10.919,12.474,23.393,-1.517,0.675,-0.842
Liberia,2014,0.963,14.963,398.81,2.17,1.8226,0.0127,10.812,12.727,23.539,-1.624,0.928,-0.697
Liberia,2015,1.33,15.33,401.01,2.95,1.8342,0.01,10.589,12.366,22.955,-1.848,0.567,-1.281
Liberia,2016,1.523,15.523,404.41,3.03,1.8431,0.007,10.176,11.178,21.353,-2.261,-0.622,-2.882
Liberia,2017,1.538,15.538,406.76,1.9,1.8496,0.0069,10.415,10.702,21.118,-2.022,-1.097,-3.118
Liberia,2018,1.367,15.367,408.72,2.85,1.8573,0.0088,10.378,10.952,21.33,-2.058,-0.847,-2.906
Liberia,2019,1.552,15.552,411.65,2.49,1.8666,0.0096,10.225,10.83,21.055,-2.212,-0.969,-3.181
Liberia,2020,1.63,15.63,414.21,2.3,1.8787,0.0148,10.164,11.578,21.742,-2.272,-0.222,-2.494
Libya,1979,0.267,14.267,336.84,1.83,1.5305,0.0166,12.35,11.656,24.006,-0.087,-0.143,-0.23
Libya,1980,-0.038,13.962,338.76,1.68,1.5471,0.0169,12.348,11.206,23.554,-0.088,-0.593,-0.682
Libya,1981,0.039,14.039,340.12,1.43,1.564,0.0169,12.147,11.387,23.533,-0.29,-0.413,-0.702
Libya,1982,0.062,14.062,341.48,0.86,1.5809,0.0333,12.468,11.595,24.062,0.031,-0.204,-0.173
Libya,1983,-0.392,13.608,343.15,2.36,1.6142,0.0306,12.353,11.344,23.698,-0.083,-0.455,-0.538
Libya,1984,-0.143,13.857,344.87,1.51,1.6448,0.0129,11.92,11.428,23.348,-0.517,-0.371,-0.887
Libya,1985,0.016,14.016,346.35,1.21,1.6573,0.0122,12.016,11.569,23.585,-0.421,-0.23,-0.651
Libya,1986,0.147,14.147,347.61,1.47,1.6701,0.0129,12.224,11.044,23.268,-0.212,-0.755,-0.967
Libya,1987,-0.059,13.941,349.31,2.06,1.6827,0.0114,12.268,11.405,23.673,-0.169,-0.394,-0.562
Libya,1988,0.933,14.933,351.69,2.24,1.6931,0.0107,12.19,11.497,23.687,-0.247,-0.302,-0.549
Libya,1989,-0.08,13.92,353.2,1.24,1.7045,0.0112,11.987,11.381,23.368,-0.45,-0.418,-0.868
Libya,1990,0.543,14.543,354.45,1.2,1.7144,0.0086,11.718,11.365,23.082,-0.719,-0.434,-1.153
Libya,1991,0.226,14.226,355.7,1.05,1.7248,0.0141,11.77,11.498,23.268,-0.667,-0.301,-0.967
Libya,1992,-0.41,13.59,356.54,0.49,1.7355,0.0024,12.122,11.374,23.496,-0.315,-0.425,-0.74
Libya,1993,0.279,14.279,357.21,1.36,1.7365,0.0039,11.947,11.37,23.317,-0.49,-0.429,-0.919
Libya,1994,0.415,14.415,358.96,1.96,1.7421,0.0073,12.032,11.728,23.76,-0.404,-0.072,-0.476
Libya,1995,0.26,14.26,360.97,2.01,1.7489,0.0038,11.438,11.748,23.187,-0.998,-0.051,-1.049
Libya,1996,0.448,14.448,362.74,1.24,1.7513,0.0025,11.848,11.743,23.592,-0.588,-0.056,-0.644
Libya,1997,0.401,14.401,363.88,1.91,1.7545,0.0064,11.692,11.341,23.032,-0.745,-0.458,-1.203
Libya,1998,0.693,14.693,366.84,2.97,1.7655,0.0121,11.782,11.689,23.471,-0.655,-0.11,-0.765
Libya,1999,1.184,15.184,368.54,0.92,1.7723,0.0024,11.713,11.712,23.426,-0.723,-0.087,-0.81
Libya,2000,0.237,14.237,369.71,1.62,1.7733,-0.0014,11.519,11.724,23.243,-0.917,-0.075,-0.992
Libya,2001,1.218,15.218,371.32,1.62,1.7713,-0.0007,11.622,11.628,23.25,-0.814,-0.172,-0.986
Libya,2002,0.825,14.825,373.45,2.51,1.7727,0.0032,11.385,11.176,22.561,-1.052,-0.623,-1.675
Libya,2003,0.859,14.859,375.98,2.26,1.7773,0.0048,11.419,11.924,23.343,-1.017,0.125,-0.892
Libya,2004,0.654,14.654,377.7,1.59,1.777,-0.0048,11.251,11.938,23.189,-1.186,0.139,-1.047
Libya,2005,0.63,14.63,379.98,2.57,1.7742,0.0003,10.928,11.648,22.575,-1.509,-0.152,-1.661
Libya,2006,0.72,14.72,382.09,1.69,1.775,0.0019,10.794,11.412,22.206,-1.642,-0.387,-2.03
Libya,2007,0.842,14.842,384.02,2.31,1.7814,0.0078,10.498,11.637,22.135,-1.938,-0.162,-2.101
Libya,2008,0.87,14.87,385.83,1.54,1.787,0.0065,10.99,12.213,23.203,-1.447,0.414,-1.032
Libya,2009,0.756,14.756,387.64,2.0,1.7935,0.0047,10.956,11.999,22.955,-1.481,0.2,-1.281
Libya,2010,2.068,16.068,390.1,2.3,1.7989,0.0051,10.734,12.058,22.792,-1.702,0.258,-1.444
Libya,2011,0.752,14.752,391.85,1.92,1.8031,0.005,10.506,11.45,21.956,-1.931,-0.349,-2.28
Libya,2012,0.677,14.677,394.06,2.65,1.8081,0.005,10.42,11.981,22.401,-2.017,0.182,-1.835
Libya,2013,1.122,15.122,396.74,1.99,1.8134,0.0057,10.919,12.474,23.393,-1.517,0.675,-0.842
Libya,2014,1.202,15.202,398.81,2.17,1.8226,0.0127,10.812,12.727,23.539,-1.624,0.928,-0.697
Libya,2015,0.692,14.692,401.01,2.95,1.8342,0.01,10.589,12.366,22.955,-1.848,0.567,-1.281
Libya,2016,1.504,15.504,404.41,3.03,1.8431,0.007,10.176,11.178,21.353,-2.261,-0.622,-2.882
Libya,2017,0.471,14.471,406.76,1.9,1.8496,0.0069,10.415,10.702,21.118,-2.022,-1.097,-3.118
Libya,2018,1.695,15.695,408.72,2.85,1.8573,0.0088,10.378,10.952,21.33,-2.058,-0.847,-2.906
Libya,2019,0.968,14.968,411.65,2.49,1.8666,0.0096,10.225,10.83,21.055,-2.212,-0.969,-3.181
Libya,2020,1.28,15.28,414.21,2.3,1.8787,0.0148,10.164,11.578,21.742,-2.272,-0.222,-2.494
Liechtenstein,1979,-0.079,13.921,336.84,1.83,1.5305,0.0166,12.35,11.656,24.006,-0.087,-0.143,-0.23
Liechtenstein,1980,-0.163,13.837,338.76,1.68,1.5471,0.0169,12.348,11.206,23.554,-0.088,-0.593,-0.682
Liechtenstein,1981,0.045,14.045,340.12,1.43,1.564,0.0169,12.147,11.387,23.533,-0.29,-0.413,-0.702
Liechtenstein,1982,0.546,14.546,341.48,0.86,1.5809,0.0333,12.468,11.595,24.062,0.031,-0.204,-0.173
Liechtenstein,1983,0.945,14.945,343.15,2.36,1.6142,0.0306,12.353,11.344,23.698,-0.083,-0.455,-0.538
Liechtenstein,1984,-0.366,13.634,344.87,1.51,1.6448,0.0129,11.92,11.428,23.348,-0.517,-0.371,-0.887
Liechtenstein,1985,-0.33,13.67,346.35,1.21,1.6573,0.0122,12.016,11.569,23.585,-0.421,-0.23,-0.651
Liechtenstein,1986,0.392,14.392,347.61,1.47,1.6701,0.0129,12.224,11.044,23.268,-0.212,-0.755,-0.967
Liechtenstein,1987,-0.034,13.966,349.31,2.06,1.6827,0.0114,12.268,11.405,23.673,-0.169,-0.394,-0.562
Liechtenstein,1988,0.942,14.942,351.69,2.24,1.6931,0.0107,12.19,11.497,23.687,-0.247,-0.302,-0.549
Liechtenstein,1989,1.101,15.101,353.2,1.24,1.7045,0.0112,11.987,11.381,23.368,-0.45,-0.418,-0.868
Liechtenstein,1990,1.322,15.322,354.45,1.2,1.7144,0.0086,11.718,11.365,23.082,-0.719,-0.434,-1.153
Liechtenstein,1991,0.197,14.197,355.7,1.05,1.7248,0.0141,11.77,11.498,23.268,-0.667,-0.301,-0.967
Liechtenstein,1992,1.101,15.101,356.54,0.49,1.7355,0.0024,12.122,11.374,23.496,-0.315,-0.425,-0.74
Liechtenstein,1993,0.647,14.647,357.21,1.36,1.7365,0.0039,11.947,11.37,23.317,-0.49,-0.429,-0.919
Liechtenstein,1994,1.939,15.939,358.96,1.96,1.7421,0.0073,12.032,11.728,23.76,-0.404,-0.072,-0.476
Liechtenstein,1995,0.911,14.911,360.97,2.01,1.7489,0.0038,11.438,11.748,23.187,-0.998,-0.051,-1.049
Liechtenstein,1996,-0.022,13.978,362.74,1.24,1.7513,0.0025,11.848,11.743,23.592,-0.588,-0.056,-0.644
Liechtenstein,1997,0.954,14.954,363.88,1.91,1.7545,0.0064,11.692,11.341,23.032,-0.745,-0.458,-1.203
Liechtenstein,1998,1.212,15.212,366.84,2.97,1.7655,0.0121,11.782,11.689,23.471,-0.655,-0.11,-0.765
Liechtenstein,1999,0.977,14.977,368.54,0.92,1.7723,0.0024,11.713,11.712,23.426,-0.723,-0.087,-0.81
Liechtenstein,2000,1.462,15.462,369.71,1.62,1.7733,-0.0014,11.519,11.724,23.243,-0.917,-0.075,-0.992
Liechtenstein,2001,1.445,15.445,371.32,1.62,1.7713,-0.0007,11.622,11.628,23.25,-0.814,-0.172,-0.986
Liechtenstein,2002,1.395,15.395,373.45,2.51,1.7727,0.0032,11.385,11.176,22.561,-1.052,-0.623,-1.675
Liechtenstein,2003,1.686,15.686,375.98,2.26,1.7773,0.0048,11.419,11.924,23.343,-1.017,0.125,-0.892
Liechtenstein,2004,0.921,14.921,377.7,1.59,1.777,-0.0048,11.251,11.938,23.189,-1.186,0.139,-1.047
Liechtenstein,2005,0.69,14.69,379.98,2.57,1.7742,0.0003,10.928,11.648,22.575,-1.509,-0.152,-1.661
Liechtenstein,2006,0.987,14.987,382.09,1.69,1.775,0.0019,10.794,11.412,22.206,-1.642,-0.387,-2.03
Liechtenstein,2007,1.964,15.964,384.02,2.31,1.7814,0.0078,10.498,11.637,22.135,-1.938,-0.162,-2.101
Liechtenstein,2008,1.421,15.421,385.83,1.54,1.787,0.0065,10.99,12.213,23.203,-1.447,0.414,-1.032
Liechtenstein,2009,1.435,15.435,387.64,2.0,1.7935,0.0047,10.956,11.999,22.955,-1.481,0.2,-1.281
Liechtenstein,2010,0.507,14.507,390.1,2.3,1.7989,0.0051,10.734,12.058,22.792,-1.702,0.258,-1.444
Liechtenstein,2011,1.677,15.677,391.85,1.92,1.8031,0.005,10.506,11.45,21.956,-1.931,-0.349,-2.28
Liechtenstein,2012,1.635,15.635,394.06,2.65,1.8081,0.005,10.42,11.981,22.401,-2.017,0.182,-1.835
Liechtenstein,2013,0.952,14.952,396.74,1.99,1.8134,0.0057,10.919,12.474,23.393,-1.517,0.675,-0.842
Liechtenstein,2014,2.254,16.254,398.81,2.17,1.8226,0.0127,10.812,12.727,23.539,-1.624,0.928,-0.697
Liechtenstein,2015,2.073,16.073,401.01,2.95,1.8342,0.01,10.589,12.366,22.955,-1.848,0.567,-1.281
Liechtenstein,2016,2.057,16.057,404.41,3.03,1.8431,0.007,10.176,11.178,21.353,-2.261,-0.622,-2.882
Liechtenstein,2017,1.829,15.829,406.76,1.9,1.8496,0.0069,10.415,10.702,21.118,-2.022,-1.097,-3.118
Liechtenstein,2018,2.333,16.333,408.72,2.85,1.8573,0.0088,10.378,10.952,21.33,-2.058,-0.847,-2.906
Liechtenstein,2019,2.148,16.148,411.65,2.49,1.8666,0.0096,10.225,10.83,21.055,-2.212,-0.969,-3.181
Liechtenstein,2020,2.423,16.423,414.21,2.3,1.8787,0.0148,10.164,11.578,21.742,-2.272,-0.222,-2.494
Madagascar,1979,0.222,14.222,336.84,1.83,1.5305,0.0166,12.35,11.656,24.006,-0.087,-0.143,-0.23
Madagascar,1980,0.288,14.288,338.76,1.68,1.5471,0.0169,12.348,11.206,23.554,-0.088,-0.593,-0.682
Madagascar,1981,0.059,14.059,340.12,1.43,1.564,0.0169,12.147,11.387,23.533,-0.29,-0.413,-0.702
Madagascar,1982,0.259,14.259,341.48,0.86,1.5809,0.0333,12.468,11.595,24.062,0.031,-0.204,-0.173
Madagascar,1983,0.387,14.387,343.15,2.36,1.6142,0.0306,12.353,11.344,23.698,-0.083,-0.455,-0.538
Madagascar,1984,-0.133,13.867,344.87,1.51,1.6448,0.0129,11.92,11.428,23.348,-0.517,-0.371,-0.887
Madagascar,1985,0.054,14.054,346.35,1.21,1.6573,0.0122,12.016,11.569,23.585,-0.421,-0.23,-0.651
Madagascar,1986,-0.079,13.921,347.61,1.47,1.6701,0.0129,12.224,11.044,23.268,-0.212,-0.755,-0.967
Madagascar,1987,0.482,14.482,349.31,2.06,1.6827,0.0114,12.268,11.405,23.673,-0.169,-0.394,-0.562
Madagascar,1988,0.538,14.538,351.69,2.24,1.6931,0.0107,12.19,11.497,23.687,-0.247,-0.302,-0.549
Madagascar,1989,0.01,14.01,353.2,1.24,1.7045,0.0112,11.987,11.381,23.368,-0.45,-0.418,-0.868
Madagascar,1990,0.056,14.056,354.45,1.2,1.7144,0.0086,11.718,11.365,23.082,-0.719,-0.434,-1.153
Madagascar,1991,0.311,14.311,355.7,1.05,1.7248,0.0141,11.77,11.498,23.268,-0.667,-0.301,-0.967
Madagascar,1992,0.369,14.369,356.54,0.49,1.7355,0.0024,12.122,11.374,23.496,-0.315,-0.425,-0.74
Madagascar,1993,0.204,14.204,357.21,1.36,1.7365,0.0039,11.947,11.37,23.317,-0.49,-0.429,-0.919
Madagascar,1994,0.323,14.323,358.96,1.96,1.7421,0.0073,12.032,11.728,23.76,-0.404,-0.072,-0.476
Madagascar,1995,0.347,14.347,360.97,2.01,1.7489,0.0038,11.438,11.748,23.187,-0.998,-0.051,-1.049
Madagascar,1996,0.128,14.128,362.74,1.24,1.7513,0.0025,11.848,11.743,23.592,-0.588,-0.056,-0.644
Madagascar,1997,0.607,14.607,363.88,1.91,1.7545,0.0064,11.692,11.341,23.032,-0.745,-0.458,-1.203
Madagascar,1998,0.778,14.778,366.84,2.97,1.7655,0.0121,11.782,11.689,23.471,-0.655,-0.11,-0.765
Madagascar,1999,0.425,14.425,368.54,0.92,1.7723,0.0024,11.713,11.712,23.426,-0.723,-0.087,-0.81
Madagascar,2000,0.429,14.429,369.71,1.62,1.7733,-0.0014,11.519,11.724,23.243,-0.917,-0.075,-0.992
Madagascar,2001,0.593,14.593,371.32,1.62,1.7713,-0.0007,11.622,11.628,23.25,-0.814,-0.172,-0.986
Madagascar,2002,0.569,14.569,373.45,2.51,1.7727,0.0032,11.385,11.176,22.561,-1.052,-0.623,-1.675
Madagascar,2003,0.628,14.628,375.98,2.26,1.7773,0.0048,11.419,11.924,23.343,-1.017,0.125,-0.892
Madagascar,2004,0.384,14.384,377.7,1.59,1.777,-0.0048,11.251,11.938,23.189,-1.186,0.139,-1.047
Madagascar,2005,0.634,14.634,379.98,2.57,1.7742,0.0003,10.928,11.648,22.575,-1.509,-0.152,-1.661
Madagascar,2006,0.806,14.806,382.09,1.69,1.775,0.0019,10.794,11.412,22.206,-1.642,-0.387,-2.03
Madagascar,2007,0.707,14.707,384.02,2.31,1.7814,0.0078,10.498,11.637,22.135,-1.938,-0.162,-2.101
Madagascar,2008,0.527,14.527,385.83,1.54,1.787,0.0065,10.99,12.213,23.203,-1.447,0.414,-1.032
Madagascar,2009,0.919,14.919,387.64,2.0,1.7935,0.0047,10.956,11.999,22.955,-1.481,0.2,-1.281
Madagascar,2010,1.198,15.198,390.1,2.3,1.7989,0.0051,10.734,12.058,22.792,-1.702,0.258,-1.444
Madagascar,2011,1.166,15.166,391.85,1.92,1.8031,0.005,10.506,11.45,21.956,-1.931,-0.349,-2.28
Madagascar,2012,0.841,14.841,394.06,2.65,1.8081,0.005,10.42,11.981,22.401,-2.017,0.182,-1.835
Madagascar,2013,0.696,14.696,396.74,1.99,1.8134,0.0057,10.919,12.474,23.393,-1.517,0.675,-0.842
Madagascar,2014,0.821,14.821,398.81,2.17,1.8226,0.0127,10.812,12.727,23.539,-1.624,0.928,-0.697
Madagascar,2015,1.171,15.171,401.01,2.95,1.8342,0.01,10.589,12.366,22.955,-1.848,0.567,-1.281
Madagascar,2016,1.12,15.12,404.41,3.03,1.8431,0.007,10.176,11.178,21.353,-2.261,-0.622,-2.882
Madagascar,2017,1.442,15.442,406.76,1.9,1.8496,0.0069,10.415,10.702,21.118,-2.022,-1.097,-3.118
Madagascar,2018,1.115,15.115,408.72,2.85,1.8573,0.0088,10.378,10.952,21.33,-2.058,-0.847,-2.906
Madagascar,2019,1.696,15.696,411.65,2.49,1.8666,0.0096,10.225,10.83,21.055,-2.212,-0.969,-3.181
Madagascar,2020,1.359,15.359,414.21,2.3,1.8787,0.0148,10.164,11.578,21.742,-2.272,-0.222,-2.494
Malawi,1979,0.124,14.124,336.84,1.83,1.5305,0.0166,12.35,11.656,24.006,-0.087,-0.143,-0.23
Malawi,1980,0.221,14.221,338.76,1.68,1.5471,0.0169,12.348,11.206,23.554,-0.088,-0.593,-0.682
Malawi,1981,-0.227,13.773,340.12,1.43,1.564,0.0169,12.147,11.387,23.533,-0.29,-0.413,-0.702
Malawi,1982,-0.116,13.884,341.48,0.86,1.5809,0.0333,12.468,11.595,24.062,0.031,-0.204,-0.173
Malawi,1983,0.85,14.85,343.15,2.36,1.6142,0.0306,12.353,11.344,23.698,-0.083,-0.455,-0.538
Malawi,1984,0.228,14.228,344.87,1.51,1.6448,0.0129,11.92,11.428,23.348,-0.517,-0.371,-0.887
Malawi,1985,-0.077,13.923,346.35,1.21,1.6573,0.0122,12.016,11.569,23.585,-0.421,-0.23,-0.651
Malawi,1986,-0.006,13.994,347.61,1.47,1.6701,0.0129,12.224,11.044,23.268,-0.212,-0.755,-0.967
Malawi,1987,0.519,14.519,349.31,2.06,1.6827,0.0114,12.268,11.405,23.673,-0.169,-0.394,-0.562
Malawi,1988,0.599,14.599,351.69,2.24,1.6931,0.0107,12.19,11.497,23.687,-0.247,-0.302,-0.549
Malawi,1989,0.073,14.073,353.2,1.24,1.7045,0.0112,11.987,11.381,23.368,-0.45,-0.418,-0.868
Malawi,1990,0.546,14.546,354.45,1.2,1.7144,0.0086,11.718,11.365,23.082,-0.719,-0.434,-1.153
Malawi,1991,0.091,14.091,355.7,1.05,1.7248,0.0141,11.77,11.498,23.268,-0.667,-0.301,-0.967
Malawi,1992,0.653,14.653,356.54,0.49,1.7355,0.0024,12.122,11.374,23.496,-0.315,-0.425,-0.74
Malawi,1993,0.005,14.005,357.21,1.36,1.7365,0.0039,11.947,11.37,23.317,-0.49,-0.429,-0.919
Malawi,1994,0.215,14.215,358.96,1.96,1.7421,0.0073,12.032,11.728,23.76,-0.404,-0.072,-0.476
Malawi,1995,0.74,14.74,360.97,2.01,1.7489,0.0038,11.438,11.748,23.187,-0.998,-0.051,-1.049
Malawi,1996,0.496,14.496,362.74,1.24,1.7513,0.0025,11.848,11.743,23.592,-0.588,-0.056,-0.644
Malawi,1997,0.656,14.656,363.88,1.91,1.7545,0.0064,11.692,11.341,23.032,-0.745,-0.458,-1.203
Malawi,1998,0.937,14.937,366.84,2.97,1.7655,0.0121,11.782,11.689,23.471,-0.655,-0.11,-0.765
Malawi,1999,0.163,14.163,368.54,0.92,1.7723,0.0024,11.713,11.712,23.426,-0.723,-0.087,-0.81
Malawi,2000,0.697,14.697,369.71,1.62,1.7733,-0.0014,11.519,11.724,23.243,-0.917,-0.075,-0.992
Malawi,2001,0.587,14.587,371.32,1.62,1.7713,-0.0007,11.622,11.628,23.25,-0.814,-0.172,-0.986
Malawi,2002,0.684,14.684,373.45,2.51,1.7727,0.0032,11.385,11.176,22.561,-1.052,-0.623,-1.675
Malawi,2003,0.937,14.937,375.98,2.26,1.7773,0.0048,11.419,11.924,23.343,-1.017,0.125,-0.892
Malawi,2004,0.871,14.871,377.7,1.59,1.777,-0.0048,11.251,11.938,23.189,-1.186,0.139,-1.047
Malawi,2005,1.34,15.34,379.98,2.57,1.7742,0.0003,10.928,11.648,22.575,-1.509,-0.152,-1.661
Malawi,2006,1.05,15.05,382.09,1.69,1.775,0.0019,10.794,11.412,22.206,-1.642,-0.387,-2.03
Malawi,2007,1.054,15.054,384.02,2.31,1.7814,0.0078,10.498,11.637,22.135,-1.938,-0.162,-2.101
Malawi,2008,0.482,14.482,385.83,1.54,1.787,0.0065,10.99,12.213,23.203,-1.447,0.414,-1.032
Malawi,2009,0.696,14.696,387.64,2.0,1.7935,0.0047,10.956,11.999,22.955,-1.481,0.2,-1.281
Malawi,2010,0.966,14.966,390.1,2.3,1.7989,0.0051,10.734,12.058,22.792,-1.702,0.258,-1.444
Malawi,2011,0.629,14.629,391.85,1.92,1.8031,0.005,10.506,11.45,21.956,-1.931,-0.349,-2.28
Malawi,2012,0.865,14.865,394.06,2.65,1.8081,0.005,10.42,11.981,22.401,-2.017,0.182,-1.835
Malawi,2013,0.788,14.788,396.74,1.99,1.8134,0.0057,10.919,12.474,23.393,-1.517,0.675,-0.842
Malawi,2014,1.055,15.055,398.81,2.17,1.8226,0.0127,10.812,12.727,23.539,-1.624,0.928,-0.697
Malawi,2015,0.991,14.991,401.01,2.95,1.8342,0.01,10.589,12.366,22.955,-1.848,0.567,-1.281
Malawi,2016,1.31,15.31,404.41,3.03,1.8431,0.007,10.176,11.178,21.353,-2.261,-0.622,-2.882
Malawi,2017,1.22,15.22,406.76,1.9,1.8496,0.0069,10.415,10.702,21.118,-2.022,-1.097,-3.118
Malawi,2018,1.039,15.039,408.72,2.85,1.8573,0.0088,10.378,10.952,21.33,-2.058,-0.847,-2.906
Malawi,2019,1.225,15.225,411.65,2.49,1.8666,0.0096,10.225,10.83,21.055,-2.212,-0.969,-3.181
Malawi,2020,1.361,15.361,414.21,2.3,1.8787,0.0148,10.164,11.578,21.742,-2.272,-0.222,-2.494
Malaysia,1979,0.351,14.351,336.84,1.83,1.5305,0.0166,12.35,11.656,24.006,-0.087,-0.143,-0.23
Malaysia,1980,0.276,14.276,338.76,1.68,1.5471,0.0169,12.348,11.206,23.554,-0.088,-0.593,-0.682
Malaysia,1981,0.214,14.214,340.12,1.43,1.564,0.0169,12.147,11.387,23.533,-0.29,-0.413,-0.702
Malaysia,1982,0.213,14.213,341.48,0.86,1.5809,0.0333,12.468,11.595,24.062,0.031,-0.204,-0.173
Malaysia,1983,0.559,14.559,343.15,2.36,1.6142,0.0306,12.353,11.344,23.698,-0.083,-0.455,-0.538
Malaysia,1984,-0.058,13.942,344.87,1.51,1.6448,0.0129,11.92,11.428,23.348,-0.517,-0.371,-0.887
Malaysia,1985,0.137,14.137,346.35,1.21,1.6573,0.0122,12.016,11.569,23.585,-0.421,-0.23,-0.651
Malaysia,1986,0.164,14.164,347.61,1.47,1.6701,0.0129,12.224,11.044,23.268,-0.212,-0.755,-0.967
Malaysia,1987,0.485,14.485,349.31,2.06,1.6827,0.0114,12.268,11.405,23.673,-0.169,-0.394,-0.562
Malaysia,1988,0.448,14.448,351.69,2.24,1.6931,0.0107,12.19,11.497,23.687,-0.247,-0.302,-0.549
Malaysia,1989,0.093,14.093,353.2,1.24,1.7045,0.0112,11.987,11.381,23.368,-0.45,-0.418,-0.868
Malaysia,1990,0.497,14.497,354.45,1.2,1.7144,0.0086,11.718,11.365,23.082,-0.719,-0.434,-1.153
Malaysia,1991,0.368,14.368,355.7,1.05,1.7248,0.0141,11.77,11.498,23.268,-0.667,-0.301,-0.967
Malaysia,1992,0.349,14.349,356.54,0.49,1.7355,0.0024,12.122,11.374,23.496,-0.315,-0.425,-0.74
Malaysia,1993,0.167,14.167,357.21,1.36,1.7365,0.0039,11.947,11.37,23.317,-0.49,-0.429,-0.919
Malaysia,1994,0.308,14.308,358.96,1.96,1.7421,0.0073,12.032,11.728,23.76,-0.404,-0.072,-0.476
Malaysia,1995,0.431,14.431,360.97,2.01,1.7489,0.0038,11.438,11.748,23.187,-0.998,-0.051,-1.049
Malaysia,1996,0.325,14.325,362.74,1.24,1.7513,0.0025,11.848,11.743,23.592,-0.588,-0.056,-0.644
Malaysia,1997,0.588,14.588,363.88,1.91,1.7545,0.0064,11.692,11.341,23.032,-0.745,-0.458,-1.203
Malaysia,1998,1.138,15.138,366.84,2.97,1.7655,0.0121,11.782,11.689,23.471,-0.655,-0.11,-0.765
Malaysia,1999,0.385,14.385,368.54,0.92,1.7723,0.0024,11.713,11.712,23.426,-0.723,-0.087,-0.81
Malaysia,2000,0.361,14.361,369.71,1.62,1.7733,-0.0014,11.519,11.724,23.243,-0.917,-0.075,-0.992
Malaysia,2001,0.575,14.575,371.32,1.62,1.7713,-0.0007,11.622,11.628,23.25,-0.814,-0.172,-0.986
Malaysia,2002,0.674,14.674,373.45,2.51,1.7727,0.0032,11.385,11.176,22.561,-1.052,-0.623,-1.675
Malaysia,2003,0.693,14.693,375.98,2.26,1.7773,0.0048,11.419,11.924,23.343,-1.017,0.125,-0.892
Malaysia,2004,0.658,14.658,377.7,1.59,1.777,-0.0048,11.251,11.938,23.189,-1.186,0.139,-1.047
Malaysia,2005,0.867,14.867,379.98,2.57,1.7742,0.0003,10.928,11.648,22.575,-1.509,-0.152,-1.661
Malaysia,2006,0.605,14.605,382.09,1.69,1.775,0.0019,10.794,11.412,22.206,-1.642,-0.387,-2.03
Malaysia,2007,0.652,14.652,384.02,2.31,1.7814,0.0078,10.498,11.637,22.135,-1.938,-0.162,-2.101
Malaysia,2008,0.534,14.534,385.83,1.54,1.787,0.0065,10.99,12.213,23.203,-1.447,0.414,-1.032
Malaysia,2009,0.754,14.754,387.64,2.0,1.7935,0.0047,10.956,11.999,22.955,-1.481,0.2,-1.281
Malaysia,2010,0.977,14.977,390.1,2.3,1.7989,0.0051,10.734,12.058,22.792,-1.702,0.258,-1.444
Malaysia,2011,0.603,14.603,391.85,1.92,1.8031,0.005,10.506,11.45,21.956,-1.931,-0.349,-2.28
Malaysia,2012,0.773,14.773,394.06,2.65,1.8081,0.005,10.42,11.981,22.401,-2.017,0.182,-1.835
Malaysia,2013,0.957,14.957,396.74,1.99,1.8134,0.0057,10.919,12.474,23.393,-1.517,0.675,-0.842
Malaysia,2014,0.976,14.976,398.81,2.17,1.8226,0.0127,10.812,12.727,23.539,-1.624,0.928,-0.697
Malaysia,2015,1.13,15.13,401.01,2.95,1.8342,0.01,10.589,12.366,22.955,-1.848,0.567,-1.281
Malaysia,2016,1.577,15.577,404.41,3.03,1.8431,0.007,10.176,11.178,21.353,-2.261,-0.622,-2.882
Malaysia,2017,1.109,15.109,406.76,1.9,1.8496,0.0069,10.415,10.702,21.118,-2.022,-1.097,-3.118
Malaysia,2018,1.172,15.172,408.72,2.85,1.8573,0.0088,10.378,10.952,21.33,-2.058,-0.847,-2.906
Malaysia,2019,1.428,15.428,411.65,2.49,1.8666,0.0096,10.225,10.83,21.055,-2.212,-0.969,-3.181
Malaysia,2020,1.358,15.358,414.21,2.3,1.8787,0.0148,10.164,11.578,21.742,-2.272,-0.222,-2.494
Maldives,1979,0.082,14.082,336.84,1.83,1.5305,0.0166,12.35,11.656,24.006,-0.087,-0.143,-0.23
Maldives,1980,0.183,14.183,338.76,1.68,1.5471,0.0169,12.348,11.206,23.554,-0.088,-0.593,-0.682
Maldives,1981,0.132,14.132,340.12,1.43,1.564,0.0169,12.147,11.387,23.533,-0.29,-0.413,-0.702
Maldives,1982,0.319,14.319,341.48,0.86,1.5809,0.0333,12.468,11.595,24.062,0.031,-0.204,-0.173
Maldives,1983,0.476,14.476,343.15,2.36,1.6142,0.0306,12.353,11.344,23.698,-0.083,-0.455,-0.538
Maldives,1984,0.206,14.206,344.87,1.51,1.6448,0.0129,11.92,11.428,23.348,-0.517,-0.371,-0.887
Maldives,1985,0.068,14.068,346.35,1.21,1.6573,0.0122,12.016,11.569,23.585,-0.421,-0.23,-0.651
Maldives,1986,0.242,14.242,347.61,1.47,1.6701,0.0129,12.224,11.044,23.268,-0.212,-0.755,-0.967
Maldives,1987,0.493,14.493,349.31,2.06,1.6827,0.0114,12.268,11.405,23.673,-0.169,-0.394,-0.562
Maldives,1988,0.809,14.809,351.69,2.24,1.6931,0.0107,12.19,11.497,23.687,-0.247,-0.302,-0.549
Maldives,1989,-0.011,13.989,353.2,1.24,1.7045,0.0112,11.987,11.381,23.368,-0.45,-0.418,-0.868
Maldives,1990,0.579,14.579,354.45,1.2,1.7144,0.0086,11.718,11.365,23.082,-0.719,-0.434,-1.153
Maldives,1991,0.615,14.615,355.7,1.05,1.7248,0.0141,11.77,11.498,23.268,-0.667,-0.301,-0.967
Maldives,1992,0.225,14.225,356.54,0.49,1.7355,0.0024,12.122,11.374,23.496,-0.315,-0.425,-0.74
Maldives,1993,0.241,14.241,357.21,1.36,1.7365,0.0039,11.947,11.37,23.317,-0.49,-0.429,-0.919
Maldives,1994,0.44,14.44,358.96,1.96,1.7421,0.0073,12.032,11.728,23.76,-0.404,-0.072,-0.476
Maldives,1995,0.707,14.707,360.97,2.01,1.7489,0.0038,11.438,11.748,23.187,-0.998,-0.051,-1.049
Maldives,1996,0.453,14.453,362.74,1.24,1.7513,0.0025,11.848,11.743,23.592,-0.588,-0.056,-0.644
Maldives,1997,0.58,14.58,363.88,1.91,1.7545,0.0064,11.692,11.341,23.032,-0.745,-0.458,-1.203
Maldives,1998,0.919,14.919,366.84,2.97,1.7655,0.0121,11.782,11.689,23.471,-0.655,-0.11,-0.765
Maldives,1999,0.311,14.311,368.54,0.92,1.7723,0.0024,11.713,11.712,23.426,-0.723,-0.087,-0.81
Maldives,2000,0.277,14.277,369.71,1.62,1.7733,-0.0014,11.519,11.724,23.243,-0.917,-0.075,-0.992
Maldives,2001,0.475,14.475,371.32,1.62,1.7713,-0.0007,11.622,11.628,23.25,-0.814,-0.172,-0.986
Maldives,2002,0.634,14.634,373.45,2.51,1.7727,0.0032,11.385,11.176,22.561,-1.052,-0.623,-1.675
Maldives,2003,0.535,14.535,375.98,2.26,1.7773,0.0048,11.419,11.924,23.343,-1.017,0.125,-0.892
Maldives,2004,0.404,14.404,377.7,1.59,1.777,-0.0048,11.251,11.938,23.189,-1.186,0.139,-1.047
Maldives,2005,0.859,14.859,379.98,2.57,1.7742,0.0003,10.928,11.648,22.575,-1.509,-0.152,-1.661
Maldives,2006,0.402,14.402,382.09,1.69,1.775,0.0019,10.794,11.412,22.206,-1.642,-0.387,-2.03
Maldives,2007,0.45,14.45,384.02,2.31,1.7814,0.0078,10.498,11.637,22.135,-1.938,-0.162,-2.101
Maldives,2008,0.225,14.225,385.83,1.54,1.787,0.0065,10.99,12.213,23.203,-1.447,0.414,-1.032
Maldives,2009,0.556,14.556,387.64,2.0,1.7935,0.0047,10.956,11.999,22.955,-1.481,0.2,-1.281
Maldives,2010,0.683,14.683,390.1,2.3,1.7989,0.0051,10.734,12.058,22.792,-1.702,0.258,-1.444
Maldives,2011,0.538,14.538,391.85,1.92,1.8031,0.005,10.506,11.45,21.956,-1.931,-0.349,-2.28
Maldives,2012,0.526,14.526,394.06,2.65,1.8081,0.005,10.42,11.981,22.401,-2.017,0.182,-1.835
Maldives,2013,0.592,14.592,396.74,1.99,1.8134,0.0057,10.919,12.474,23.393,-1.517,0.675,-0.842
Maldives,2014,0.672,14.672,398.81,2.17,1.8226,0.0127,10.812,12.727,23.539,-1.624,0.928,-0.697
Maldives,2015,0.806,14.806,401.01,2.95,1.8342,0.01,10.589,12.366,22.955,-1.848,0.567,-1.281
Maldives,2016,0.846,14.846,404.41,3.03,1.8431,0.007,10.176,11.178,21.353,-2.261,-0.622,-2.882
Maldives,2017,0.707,14.707,406.76,1.9,1.8496,0.0069,10.415,10.702,21.118,-2.022,-1.097,-3.118
Maldives,2018,0.65,14.65,408.72,2.85,1.8573,0.0088,10.378,10.952,21.33,-2.058,-0.847,-2.906
Maldives,2019,0.918,14.918,411.65,2.49,1.8666,0.0096,10.225,10.83,21.055,-2.212,-0.969,-3.181
Maldives,2020,0.933,14.933,414.21,2.3,1.8787,0.0148,10.164,11.578,21.742,-2.272,-0.222,-2.494
Mali,1979,0.673,14.673,336.84,1.83,1.5305,0.0166,12.35,11.656,24.006,-0.087,-0.143,-0.23
Mali,1980,0.996,14.996,338.76,1.68,1.5471,0.0169,12.348,11.206,23.554,-0.088,-0.593,-0.682
Mali,1981,0.419,14.419,340.12,1.43,1.564,0.0169,12.147,11.387,23.533,-0.29,-0.413,-0.702
Mali,1982,0.295,14.295,341.48,0.86,1.5809,0.0333,12.468,11.595,24.062,0.031,-0.204,-0.173
Mali,1983,0.849,14.849,343.15,2.36,1.6142,0.0306,12.353,11.344,23.698,-0.083,-0.455,-0.538
Mali,1984,0.632,14.632,344.87,1.51,1.6448,0.0129,11.92,11.428,23.348,-0.517,-0.371,-0.887
Mali,1985,0.558,14.558,346.35,1.21,1.6573,0.0122,12.016,11.569,23.585,-0.421,-0.23,-0.651
Mali,1986,0.335,14.335,347.61,1.47,1.6701,0.0129,12.224,11.044,23.268,-0.212,-0.755,-0.967
Mali,1987,1.122,15.122,349.31,2.06,1.6827,0.0114,12.268,11.405,23.673,-0.169,-0.394,-0.562
Mali,1988,0.822,14.822,351.69,2.24,1.6931,0.0107,12.19,11.497,23.687,-0.247,-0.302,-0.549
Mali,1989,0.143,14.143,353.2,1.24,1.7045,0.0112,11.987,11.381,23.368,-0.45,-0.418,-0.868
Mali,1990,0.956,14.956,354.45,1.2,1.7144,0.0086,11.718,11.365,23.082,-0.719,-0.434,-1.153
Mali,1991,0.757,14.757,355.7,1.05,1.7248,0.0141,11.77,11.498,23.268,-0.667,-0.301,-0.967
Mali,1992,0.266,14.266,356.54,0.49,1.7355,0.0024,12.122,11.374,23.496,-0.315,-0.425,-0.74
Mali,1993,1.081,15.081,357.21,1.36,1.7365,0.0039,11.947,11.37,23.317,-0.49,-0.429,-0.919
Mali,1994,0.27,14.27,358.96,1.96,1.7421,0.0073,12.032,11.728,23.76,-0.404,-0.072,-0.476
Mali,1995,0.647,14.647,360.97,2.01,1.7489,0.0038,11.438,11.748,23.187,-0.998,-0.051,-1.049
Mali,1996,1.225,15.225,362.74,1.24,1.7513,0.0025,11.848,11.743,23.592,-0.588,-0.056,-0.644
Mali,1997,0.915,14.915,363.88,1.91,1.7545,0.0064,11.692,11.341,23.032,-0.745,-0.458,-1.203
Mali,1998,1.238,15.238,366.84,2.97,1.7655,0.0121,11.782,11.689,23.471,-0.655,-0.11,-0.765
Mali,1999,0.414,14.414,368.54,0.92,1.7723,0.0024,11.713,11.712,23.426,-0.723,-0.087,-0.81
Mali,2000,0.721,14.721,369.71,1.62,1.7733,-0.0014,11.519,11.724,23.243,-0.917,-0.075,-0.992
Mali,2001,0.641,14.641,371.32,1.62,1.7713,-0.0007,11.622,11.628,23.25,-0.814,-0.172,-0.986
Mali,2002,1.286,15.286,373.45,2.51,1.7727,0.0032,11.385,11.176,22.561,-1.052,-0.623,-1.675
Mali,2003,1.31,15.31,375.98,2.26,1.7773,0.0048,11.419,11.924,23.343,-1.017,0.125,-0.892
Mali,2004,1.247,15.247,377.7,1.59,1.777,-0.0048,11.251,11.938,23.189,-1.186,0.139,-1.047
Mali,2005,1.426,15.426,379.98,2.57,1.7742,0.0003,10.928,11.648,22.575,-1.509,-0.152,-1.661
Mali,2006,1.145,15.145,382.09,1.69,1.775,0.0019,10.794,11.412,22.206,-1.642,-0.387,-2.03
Mali,2007,0.979,14.979,384.02,2.31,1.7814,0.0078,10.498,11.637,22.135,-1.938,-0.162,-2.101
Mali,2008,0.585,14.585,385.83,1.54,1.787,0.0065,10.99,12.213,23.203,-1.447,0.414,-1.032
Mali,2009,1.038,15.038,387.64,2.0,1.7935,0.0047,10.956,11.999,22.955,-1.481,0.2,-1.281
Mali,2010,1.723,15.723,390.1,2.3,1.7989,0.0051,10.734,12.058,22.792,-1.702,0.258,-1.444
Mali,2011,1.296,15.296,391.85,1.92,1.8031,0.005,10.506,11.45,21.956,-1.931,-0.349,-2.28
Mali,2012,0.438,14.438,394.06,2.65,1.8081,0.005,10.42,11.981,22.401,-2.017,0.182,-1.835
Mali,2013,0.99,14.99,396.74,1.99,1.8134,0.0057,10.919,12.474,23.393,-1.517,0.675,-0.842
Mali,2014,0.852,14.852,398.81,2.17,1.8226,0.0127,10.812,12.727,23.539,-1.624,0.928,-0.697
Mali,2015,1.094,15.094,401.01,2.95,1.8342,0.01,10.589,12.366,22.955,-1.848,0.567,-1.281
Mali,2016,1.161,15.161,404.41,3.03,1.8431,0.007,10.176,11.178,21.353,-2.261,-0.622,-2.882
Mali,2017,1.406,15.406,406.76,1.9,1.8496,0.0069,10.415,10.702,21.118,-2.022,-1.097,-3.118
Mali,2018,1.179,15.179,408.72,2.85,1.8573,0.0088,10.378,10.952,21.33,-2.058,-0.847,-2.906
Mali,2019,1.242,15.242,411.65,2.49,1.8666,0.0096,10.225,10.83,21.055,-2.212,-0.969,-3.181
Mali,2020,1.171,15.171,414.21,2.3,1.8787,0.0148,10.164,11.578,21.742,-2.272,-0.222,-2.494
Malta,1979,0.099,14.099,336.84,1.83,1.5305,0.0166,12.35,11.656,24.006,-0.087,-0.143,-0.23
Malta,1980,-0.459,13.541,338.76,1.68,1.5471,0.0169,12.348,11.206,23.554,-0.088,-0.593,-0.682
Malta,1981,-0.317,13.683,340.12,1.43,1.564,0.0169,12.147,11.387,23.533,-0.29,-0.413,-0.702
Malta,1982,0.645,14.645,341.48,0.86,1.5809,0.0333,12.468,11.595,24.062,0.031,-0.204,-0.173
Malta,1983,0.071,14.071,343.15,2.36,1.6142,0.0306,12.353,11.344,23.698,-0.083,-0.455,-0.538
Malta,1984,-0.244,13.756,344.87,1.51,1.6448,0.0129,11.92,11.428,23.348,-0.517,-0.371,-0.887
Malta,1985,0.443,14.443,346.35,1.21,1.6573,0.0122,12.016,11.569,23.585,-0.421,-0.23,-0.651
Malta,1986,0.398,14.398,347.61,1.47,1.6701,0.0129,12.224,11.044,23.268,-0.212,-0.755,-0.967
Malta,1987,0.503,14.503,349.31,2.06,1.6827,0.0114,12.268,11.405,23.673,-0.169,-0.394,-0.562
Malta,1988,1.156,15.156,351.69,2.24,1.6931,0.0107,12.19,11.497,23.687,-0.247,-0.302,-0.549
Malta,1989,0.184,14.184,353.2,1.24,1.7045,0.0112,11.987,11.381,23.368,-0.45,-0.418,-0.868
Malta,1990,1.211,15.211,354.45,1.2,1.7144,0.0086,11.718,11.365,23.082,-0.719,-0.434,-1.153
Malta,1991,0.12,14.12,355.7,1.05,1.7248,0.0141,11.77,11.498,23.268,-0.667,-0.301,-0.967
Malta,1992,0.245,14.245,356.54,0.49,1.7355,0.0024,12.122,11.374,23.496,-0.315,-0.425,-0.74
Malta,1993,0.588,14.588,357.21,1.36,1.7365,0.0039,11.947,11.37,23.317,-0.49,-0.429,-0.919
Malta,1994,1.377,15.377,358.96,1.96,1.7421,0.0073,12.032,11.728,23.76,-0.404,-0.072,-0.476
Malta,1995,0.42,14.42,360.97,2.01,1.7489,0.0038,11.438,11.748,23.187,-0.998,-0.051,-1.049
Malta,1996,0.6,14.6,362.74,1.24,1.7513,0.0025,11.848,11.743,23.592,-0.588,-0.056,-0.644
Malta,1997,1.016,15.016,363.88,1.91,1.7545,0.0064,11.692,11.341,23.032,-0.745,-0.458,-1.203
Malta,1998,0.84,14.84,366.84,2.97,1.7655,0.0121,11.782,11.689,23.471,-0.655,-0.11,-0.765
Malta,1999,1.25,15.25,368.54,0.92,1.7723,0.0024,11.713,11.712,23.426,-0.723,-0.087,-0.81
Malta,2000,1.067,15.067,369.71,1.62,1.7733,-0.0014,11.519,11.724,23.243,-0.917,-0.075,-0.992
Malta,2001,1.677,15.677,371.32,1.62,1.7713,-0.0007,11.622,11.628,23.25,-0.814,-0.172,-0.986
Malta,2002,0.934,14.934,373.45,2.51,1.7727,0.0032,11.385,11.176,22.561,-1.052,-0.623,-1.675
Malta,2003,1.353,15.353,375.98,2.26,1.7773,0.0048,11.419,11.924,23.343,-1.017,0.125,-0.892
Malta,2004,0.649,14.649,377.7,1.59,1.777,-0.0048,11.251,11.938,23.189,-1.186,0.139,-1.047
Malta,2005,0.612,14.612,379.98,2.57,1.7742,0.0003,10.928,11.648,22.575,-1.509,-0.152,-1.661
Malta,2006,0.909,14.909,382.09,1.69,1.775,0.0019,10.794,11.412,22.206,-1.642,-0.387,-2.03
Malta,2007,1.314,15.314,384.02,2.31,1.7814,0.0078,10.498,11.637,22.135,-1.938,-0.162,-2.101
Malta,2008,1.148,15.148,385.83,1.54,1.787,0.0065,10.99,12.213,23.203,-1.447,0.414,-1.032
Malta,2009,0.884,14.884,387.64,2.0,1.7935,0.0047,10.956,11.999,22.955,-1.481,0.2,-1.281
Malta,2010,1.073,15.073,390.1,2.3,1.7989,0.0051,10.734,12.058,22.792,-1.702,0.258,-1.444
Malta,2011,0.831,14.831,391.85,1.92,1.8031,0.005,10.506,11.45,21.956,-1.931,-0.349,-2.28
Malta,2012,1.289,15.289,394.06,2.65,1.8081,0.005,10.42,11.981,22.401,-2.017,0.182,-1.835
Malta,2013,1.222,15.222,396.74,1.99,1.8134,0.0057,10.919,12.474,23.393,-1.517,0.675,-0.842
Malta,2014,1.419,15.419,398.81,2.17,1.8226,0.0127,10.812,12.727,23.539,-1.624,0.928,-0.697
Malta,2015,1.429,15.429,401.01,2.95,1.8342,0.01,10.589,12.366,22.955,-1.848,0.567,-1.281
Malta,2016,1.682,15.682,404.41,3.03,1.8431,0.007,10.176,11.178,21.353,-2.261,-0.622,-2.882
Malta,2017,1.142,15.142,406.76,1.9,1.8496,0.0069,10.415,10.702,21.118,-2.022,-1.097,-3.118
Malta,2018,1.344,15.344,408.72,2.85,1.8573,0.0088,10.378,10.952,21.33,-2.058,-0.847,-2.906
Malta,2019,0.949,14.949,411.65,2.49,1.8666,0.0096,10.225,10.83,21.055,-2.212,-0.969,-3.181
Malta,2020,1.238,15.238,414.21,2.3,1.8787,0.0148,10.164,11.578,21.742,-2.272,-0.222,-2.494
Martinique,1979,0.218,14.218,336.84,1.83,1.5305,0.0166,12.35,11.656,24.006,-0.087,-0.143,-0.23
Martinique,1980,0.386,14.386,338.76,1.68,1.5471,0.0169,12.348,11.206,23.554,-0.088,-0.593,-0.682
Martinique,1981,0.424,14.424,340.12,1.43,1.564,0.0169,12.147,11.387,23.533,-0.29,-0.413,-0.702
Martinique,1982,0.119,14.119,341.48,0.86,1.5809,0.0333,12.468,11.595,24.062,0.031,-0.204,-0.173
Martinique,1983,0.444,14.444,343.15,2.36,1.6142,0.0306,12.353,11.344,23.698,-0.083,-0.455,-0.538
Martinique,1984,-0.026,13.974,344.87,1.51,1.6448,0.0129,11.92,11.428,23.348,-0.517,-0.371,-0.887
Martinique,1985,-0.065,13.935,346.35,1.21,1.6573,0.0122,12.016,11.569,23.585,-0.421,-0.23,-0.651
Martinique,1986,-0.005,13.995,347.61,1.47,1.6701,0.0129,12.224,11.044,23.268,-0.212,-0.755,-0.967
Martinique,1987,0.562,14.562,349.31,2.06,1.6827,0.0114,12.268,11.405,23.673,-0.169,-0.394,-0.562
Martinique,1988,0.372,14.372,351.69,2.24,1.6931,0.0107,12.19,11.497,23.687,-0.247,-0.302,-0.549
Martinique,1989,-0.078,13.922,353.2,1.24,1.7045,0.0112,11.987,11.381,23.368,-0.45,-0.418,-0.868
Martinique,1990,0.258,14.258,354.45,1.2,1.7144,0.0086,11.718,11.365,23.082,-0.719,-0.434,-1.153
Martinique,1991,0.33,14.33,355.7,1.05,1.7248,0.0141,11.77,11.498,23.268,-0.667,-0.301,-0.967
Martinique,1992,0.258,14.258,356.54,0.49,1.7355,0.0024,12.122,11.374,23.496,-0.315,-0.425,-0.74
Martinique,1993,0.381,14.381,357.21,1.36,1.7365,0.0039,11.947,11.37,23.317,-0.49,-0.429,-0.919
Martinique,1994,0.493,14.493,358.96,1.96,1.7421,0.0073,12.032,11.728,23.76,-0.404,-0.072,-0.476
Martinique,1995,0.586,14.586,360.97,2.01,1.7489,0.0038,11.438,11.748,23.187,-0.998,-0.051,-1.049
Martinique,1996,0.376,14.376,362.74,1.24,1.7513,0.0025,11.848,11.743,23.592,-0.588,-0.056,-0.644
Martinique,1997,0.557,14.557,363.88,1.91,1.7545,0.0064,11.692,11.341,23.032,-0.745,-0.458,-1.203
Martinique,1998,0.981,14.981,366.84,2.97,1.7655,0.0121,11.782,11.689,23.471,-0.655,-0.11,-0.765
Martinique,1999,0.409,14.409,368.54,0.92,1.7723,0.0024,11.713,11.712,23.426,-0.723,-0.087,-0.81
Martinique,2000,0.14,14.14,369.71,1.62,1.7733,-0.0014,11.519,11.724,23.243,-0.917,-0.075,-0.992
Martinique,2001,0.39,14.39,371.32,1.62,1.7713,-0.0007,11.622,11.628,23.25,-0.814,-0.172,-0.986
Martinique,2002,0.535,14.535,373.45,2.51,1.7727,0.0032,11.385,11.176,22.561,-1.052,-0.623,-1.675
Martinique,2003,0.644,14.644,375.98,2.26,1.7773,0.0048,11.419,11.924,23.343,-1.017,0.125,-0.892
Martinique,2004,0.355,14.355,377.7,1.59,1.777,-0.0048,11.251,11.938,23.189,-1.186,0.139,-1.047
Martinique,2005,0.669,14.669,379.98,2.57,1.7742,0.0003,10.928,11.648,22.575,-1.509,-0.152,-1.661
Martinique,2006,0.567,14.567,382.09,1.69,1.775,0.0019,10.794,11.412,22.206,-1.642,-0.387,-2.03
Martinique,2007,0.65,14.65,384.02,2.31,1.7814,0.0078,10.498,11.637,22.135,-1.938,-0.162,-2.101
Martinique,2008,0.201,14.201,385.83,1.54,1.787,0.0065,10.99,12.213,23.203,-1.447,0.414,-1.032
Martinique,2009,0.391,14.391,387.64,2.0,1.7935,0.0047,10.956,11.999,22.955,-1.481,0.2,-1.281
Martinique,2010,1.031,15.031,390.1,2.3,1.7989,0.0051,10.734,12.058,22.792,-1.702,0.258,-1.444
Martinique,2011,0.446,14.446,391.85,1.92,1.8031,0.005,10.506,11.45,21.956,-1.931,-0.349,-2.28
Martinique,2012,0.538,14.538,394.06,2.65,1.8081,0.005,10.42,11.981,22.401,-2.017,0.182,-1.835
Martinique,2013,0.539,14.539,396.74,1.99,1.8134,0.0057,10.919,12.474,23.393,-1.517,0.675,-0.842
Martinique,2014,0.474,14.474,398.81,2.17,1.8226,0.0127,10.812,12.727,23.539,-1.624,0.928,-0.697
Martinique,2015,0.71,14.71,401.01,2.95,1.8342,0.01,10.589,12.366,22.955,-1.848,0.567,-1.281
Martinique,2016,0.87,14.87,404.41,3.03,1.8431,0.007,10.176,11.178,21.353,-2.261,-0.622,-2.882
Martinique,2017,0.625,14.625,406.76,1.9,1.8496,0.0069,10.415,10.702,21.118,-2.022,-1.097,-3.118
Martinique,2018,0.407,14.407,408.72,2.85,1.8573,0.0088,10.378,10.952,21.33,-2.058,-0.847,-2.906
Martinique,2019,0.576,14.576,411.65,2.49,1.8666,0.0096,10.225,10.83,21.055,-2.212,-0.969,-3.181
Martinique,2020,0.845,14.845,414.21,2.3,1.8787,0.0148,10.164,11.578,21.742,-2.272,-0.222,-2.494
Mauritania,1979,0.948,14.948,336.84,1.83,1.5305,0.0166,12.35,11.656,24.006,-0.087,-0.143,-0.23
Mauritania,1980,0.877,14.877,338.76,1.68,1.5471,0.0169,12.348,11.206,23.554,-0.088,-0.593,-0.682
Mauritania,1981,0.868,14.868,340.12,1.43,1.564,0.0169,12.147,11.387,23.533,-0.29,-0.413,-0.702
Mauritania,1982,0.546,14.546,341.48,0.86,1.5809,0.0333,12.468,11.595,24.062,0.031,-0.204,-0.173
Mauritania,1983,1.578,15.578,343.15,2.36,1.6142,0.0306,12.353,11.344,23.698,-0.083,-0.455,-0.538
Mauritania,1984,0.538,14.538,344.87,1.51,1.6448,0.0129,11.92,11.428,23.348,-0.517,-0.371,-0.887
Mauritania,1985,0.555,14.555,346.35,1.21,1.6573,0.0122,12.016,11.569,23.585,-0.421,-0.23,-0.651
Mauritania,1986,0.247,14.247,347.61,1.47,1.6701,0.0129,12.224,11.044,23.268,-0.212,-0.755,-0.967
Mauritania,1987,1.532,15.532,349.31,2.06,1.6827,0.0114,12.268,11.405,23.673,-0.169,-0.394,-0.562
Mauritania,1988,0.882,14.882,351.69,2.24,1.6931,0.0107,12.19,11.497,23.687,-0.247,-0.302,-0.549
Mauritania,1989,0.687,14.687,353.2,1.24,1.7045,0.0112,11.987,11.381,23.368,-0.45,-0.418,-0.868
Mauritania,1990,1.448,15.448,354.45,1.2,1.7144,0.0086,11.718,11.365,23.082,-0.719,-0.434,-1.153
Mauritania,1991,0.832,14.832,355.7,1.05,1.7248,0.0141,11.77,11.498,23.268,-0.667,-0.301,-0.967
Mauritania,1992,0.848,14.848,356.54,0.49,1.7355,0.0024,12.122,11.374,23.496,-0.315,-0.425,-0.74
Mauritania,1993,1.0,15.0,357.21,1.36,1.7365,0.0039,11.947,11.37,23.317,-0.49,-0.429,-0.919
Mauritania,1994,0.563,14.563,358.96,1.96,1.7421,0.0073,12.032,11.728,23.76,-0.404,-0.072,-0.476
Mauritania,1995,1.171,15.171,360.97,2.01,1.7489,0.0038,11.438,11.748,23.187,-0.998,-0.051,-1.049
Mauritania,1996,1.515,15.515,362.74,1.24,1.7513,0.0025,11.848,11.743,23.592,-0.588,-0.056,-0.644
Mauritania,1997,1.261,15.261,363.88,1.91,1.7545,0.0064,11.692,11.341,23.032,-0.745,-0.458,-1.203
Mauritania,1998,1.767,15.767,366.84,2.97,1.7655,0.0121,11.782,11.689,23.471,-0.655,-0.11,-0.765
Mauritania,1999,0.536,14.536,368.54,0.92,1.7723,0.0024,11.713,11.712,23.426,-0.723,-0.087,-0.81
Mauritania,2000,1.185,15.185,369.71,1.62,1.7733,-0.0014,11.519,11.724,23.243,-0.917,-0.075,-0.992
Mauritania,2001,1.342,15.342,371.32,1.62,1.7713,-0.0007,11.622,11.628,23.25,-0.814,-0.172,-0.986
Mauritania,2002,1.28,15.28,373.45,2.51,1.7727,0.0032,11.385,11.176,22.561,-1.052,-0.623,-1.675
Mauritania,2003,1.192,15.192,375.98,2.26,1.7773,0.0048,11.419,11.924,23.343,-1.017,0.125,-0.892
Mauritania,2004,1.283,15.283,377.7,1.59,1.777,-0.0048,11.251,11.938,23.189,-1.186,0.139,-1.047
Mauritania,2005,1.343,15.343,379.98,2.57,1.7742,0.0003,10.928,11.648,22.575,-1.509,-0.152,-1.661
Mauritania,2006,1.456,15.456,382.09,1.69,1.775,0.0019,10.794,11.412,22.206,-1.642,-0.387,-2.03
Mauritania,2007,1.05,15.05,384.02,2.31,1.7814,0.0078,10.498,11.637,22.135,-1.938,-0.162,-2.101
Mauritania,2008,1.332,15.332,385.83,1.54,1.787,0.0065,10.99,12.213,23.203,-1.447,0.414,-1.032
Mauritania,2009,0.971,14.971,387.64,2.0,1.7935,0.0047,10.956,11.999,22.955,-1.481,0.2,-1.281
Mauritania,2010,2.021,16.021,390.1,2.3,1.7989,0.0051,10.734,12.058,22.792,-1.702,0.258,-1.444
Mauritania,2011,1.661,15.661,391.85,1.92,1.8031,0.005,10.506,11.45,21.956,-1.931,-0.349,-2.28
Mauritania,2012,0.829,14.829,394.06,2.65,1.8081,0.005,10.42,11.981,22.401,-2.017,0.182,-1.835
Mauritania,2013,1.459,15.459,396.74,1.99,1.8134,0.0057,10.919,12.474,23.393,-1.517,0.675,-0.842
Mauritania,2014,1.357,15.357,398.81,2.17,1.8226,0.0127,10.812,12.727,23.539,-1.624,0.928,-0.697
Mauritania,2015,1.357,15.357,401.01,2.95,1.8342,0.01,10.589,12.366,22.955,-1.848,0.567,-1.281
Mauritania,2016,1.591,15.591,404.41,3.03,1.8431,0.007,10.176,11.178,21.353,-2.261,-0.622,-2.882
Mauritania,2017,1.911,15.911,406.76,1.9,1.8496,0.0069,10.415,10.702,21.118,-2.022,-1.097,-3.118
Mauritania,2018,1.008,15.008,408.72,2.85,1.8573,0.0088,10.378,10.952,21.33,-2.058,-0.847,-2.906
Mauritania,2019,1.426,15.426,411.65,2.49,1.8666,0.0096,10.225,10.83,21.055,-2.212,-0.969,-3.181
Mauritania,2020,1.815,15.815,414.21,2.3,1.8787,0.0148,10.164,11.578,21.742,-2.272,-0.222,-2.494
Mauritius,1979,0.435,14.435,336.84,1.83,1.5305,0.0166,12.35,11.656,24.006,-0.087,-0.143,-0.23
Mauritius,1980,0.477,14.477,338.76,1.68,1.5471,0.0169,12.348,11.206,23.554,-0.088,-0.593,-0.682
Mauritius,1981,0.263,14.263,340.12,1.43,1.564,0.0169,12.147,11.387,23.533,-0.29,-0.413,-0.702
Mauritius,1982,0.365,14.365,341.48,0.86,1.5809,0.0333,12.468,11.595,24.062,0.031,-0.204,-0.173
Mauritius,1983,0.4,14.4,343.15,2.36,1.6142,0.0306,12.353,11.344,23.698,-0.083,-0.455,-0.538
Mauritius,1984,-0.122,13.878,344.87,1.51,1.6448,0.0129,11.92,11.428,23.348,-0.517,-0.371,-0.887
Mauritius,1985,0.06,14.06,346.35,1.21,1.6573,0.0122,12.016,11.569,23.585,-0.421,-0.23,-0.651
Mauritius,1986,0.296,14.296,347.61,1.47,1.6701,0.0129,12.224,11.044,23.268,-0.212,-0.755,-0.967
Mauritius,1987,0.762,14.762,349.31,2.06,1.6827,0.0114,12.268,11.405,23.673,-0.169,-0.394,-0.562
Mauritius,1988,0.579,14.579,351.69,2.24,1.6931,0.0107,12.19,11.497,23.687,-0.247,-0.302,-0.549
Mauritius,1989,0.199,14.199,353.2,1.24,1.7045,0.0112,11.987,11.381,23.368,-0.45,-0.418,-0.868
Mauritius,1990,0.356,14.356,354.45,1.2,1.7144,0.0086,11.718,11.365,23.082,-0.719,-0.434,-1.153
Mauritius,1991,0.629,14.629,355.7,1.05,1.7248,0.0141,11.77,11.498,23.268,-0.667,-0.301,-0.967
Mauritius,1992,0.301,14.301,356.54,0.49,1.7355,0.0024,12.122,11.374,23.496,-0.315,-0.425,-0.74
Mauritius,1993,0.283,14.283,357.21,1.36,1.7365,0.0039,11.947,11.37,23.317,-0.49,-0.429,-0.919
Mauritius,1994,0.697,14.697,358.96,1.96,1.7421,0.0073,12.032,11.728,23.76,-0.404,-0.072,-0.476
Mauritius,1995,0.577,14.577,360.97,2.01,1.7489,0.0038,11.438,11.748,23.187,-0.998,-0.051,-1.049
Mauritius,1996,0.304,14.304,362.74,1.24,1.7513,0.0025,11.848,11.743,23.592,-0.588,-0.056,-0.644
Mauritius,1997,0.861,14.861,363.88,1.91,1.7545,0.0064,11.692,11.341,23.032,-0.745,-0.458,-1.203
Mauritius,1998,1.105,15.105,366.84,2.97,1.7655,0.0121,11.782,11.689,23.471,-0.655,-0.11,-0.765
Mauritius,1999,0.399,14.399,368.54,0.92,1.7723,0.0024,11.713,11.712,23.426,-0.723,-0.087,-0.81
Mauritius,2000,0.386,14.386,369.71,1.62,1.7733,-0.0014,11.519,11.724,23.243,-0.917,-0.075,-0.992
Mauritius,2001,0.77,14.77,371.32,1.62,1.7713,-0.0007,11.622,11.628,23.25,-0.814,-0.172,-0.986
Mauritius,2002,0.674,14.674,373.45,2.51,1.7727,0.0032,11.385,11.176,22.561,-1.052,-0.623,-1.675
Mauritius,2003,0.961,14.961,375.98,2.26,1.7773,0.0048,11.419,11.924,23.343,-1.017,0.125,-0.892
Mauritius,2004,0.575,14.575,377.7,1.59,1.777,-0.0048,11.251,11.938,23.189,-1.186,0.139,-1.047
Mauritius,2005,0.625,14.625,379.98,2.57,1.7742,0.0003,10.928,11.648,22.575,-1.509,-0.152,-1.661
Mauritius,2006,0.441,14.441,382.09,1.69,1.775,0.0019,10.794,11.412,22.206,-1.642,-0.387,-2.03
Mauritius,2007,0.77,14.77,384.02,2.31,1.7814,0.0078,10.498,11.637,22.135,-1.938,-0.162,-2.101
Mauritius,2008,0.57,14.57,385.83,1.54,1.787,0.0065,10.99,12.213,23.203,-1.447,0.414,-1.032
Mauritius,2009,1.193,15.193,387.64,2.0,1.7935,0.0047,10.956,11.999,22.955,-1.481,0.2,-1.281
Mauritius,2010,1.347,15.347,390.1,2.3,1.7989,0.0051,10.734,12.058,22.792,-1.702,0.258,-1.444
Mauritius,2011,1.178,15.178,391.85,1.92,1.8031,0.005,10.506,11.45,21.956,-1.931,-0.349,-2.28
Mauritius,2012,0.954,14.954,394.06,2.65,1.8081,0.005,10.42,11.981,22.401,-2.017,0.182,-1.835
Mauritius,2013,1.102,15.102,396.74,1.99,1.8134,0.0057,10.919,12.474,23.393,-1.517,0.675,-0.842
Mauritius,2014,1.051,15.051,398.81,2.17,1.8226,0.0127,10.812,12.727,23.539,-1.624,0.928,-0.697
Mauritius,2015,1.382,15.382,401.01,2.95,1.8342,0.01,10.589,12.366,22.955,-1.848,0.567,-1.281
Mauritius,2016,1.362,15.362,404.41,3.03,1.8431,0.007,10.176,11.178,21.353,-2.261,-0.622,-2.882
Mauritius,2017,1.562,15.562,406.76,1.9,1.8496,0.0069,10.415,10.702,21.118,-2.022,-1.097,-3.118
Mauritius,2018,1.299,15.299,408.72,2.85,1.8573,0.0088,10.378,10.952,21.33,-2.058,-0.847,-2.906
Mauritius,2019,1.762,15.762,411.65,2.49,1.8666,0.0096,10.225,10.83,21.055,-2.212,-0.969,-3.181
Mauritius,2020,1.467,15.467,414.21,2.3,1.8787,0.0148,10.164,11.578,21.742,-2.272,-0.222,-2.494
Mayotte,1979,0.061,14.061,336.84,1.83,1.5305,0.0166,12.35,11.656,24.006,-0.087,-0.143,-0.23
Mayotte,1980,0.229,14.229,338.76,1.68,1.5471,0.0169,12.348,11.206,23.554,-0.088,-0.593,-0.682
Mayotte,1981,0.153,14.153,340.12,1.43,1.564,0.0169,12.147,11.387,23.533,-0.29,-0.413,-0.702
Mayotte,1982,0.476,14.476,341.48,0.86,1.5809,0.0333,12.468,11.595,24.062,0.031,-0.204,-0.173
Mayotte,1983,0.235,14.235,343.15,2.36,1.6142,0.0306,12.353,11.344,23.698,-0.083,-0.455,-0.538
Mayotte,1984,-0.545,13.455,344.87,1.51,1.6448,0.0129,11.92,11.428,23.348,-0.517,-0.371,-0.887
Mayotte,1985,-0.25,13.75,346.35,1.21,1.6573,0.0122,12.016,11.569,23.585,-0.421,-0.23,-0.651
Mayotte,1986,-0.044,13.956,347.61,1.47,1.6701,0.0129,12.224,11.044,23.268,-0.212,-0.755,-0.967
Mayotte,1987,0.336,14.336,349.31,2.06,1.6827,0.0114,12.268,11.405,23.673,-0.169,-0.394,-0.562
Mayotte,1988,0.323,14.323,351.69,2.24,1.6931,0.0107,12.19,11.497,23.687,-0.247,-0.302,-0.549
Mayotte,1989,-0.297,13.703,353.2,1.24,1.7045,0.0112,11.987,11.381,23.368,-0.45,-0.418,-0.868
Mayotte,1990,0.093,14.093,354.45,1.2,1.7144,0.0086,11.718,11.365,23.082,-0.719,-0.434,-1.153
Mayotte,1991,0.236,14.236,355.7,1.05,1.7248,0.0141,11.77,11.498,23.268,-0.667,-0.301,-0.967
Mayotte,1992,0.083,14.083,356.54,0.49,1.7355,0.0024,12.122,11.374,23.496,-0.315,-0.425,-0.74
Mayotte,1993,0.193,14.193,357.21,1.36,1.7365,0.0039,11.947,11.37,23.317,-0.49,-0.429,-0.919
Mayotte,1994,0.494,14.494,358.96,1.96,1.7421,0.0073,12.032,11.728,23.76,-0.404,-0.072,-0.476
Mayotte,1995,0.314,14.314,360.97,2.01,1.7489,0.0038,11.438,11.748,23.187,-0.998,-0.051,-1.049
Mayotte,1996,-0.046,13.954,362.74,1.24,1.7513,0.0025,11.848,11.743,23.592,-0.588,-0.056,-0.644
Mayotte,1997,0.314,14.314,363.88,1.91,1.7545,0.0064,11.692,11.341,23.032,-0.745,-0.458,-1.203
Mayotte,1998,0.716,14.716,366.84,2.97,1.7655,0.0121,11.782,11.689,23.471,-0.655,-0.11,-0.765
Mayotte,1999,0.161,14.161,368.54,0.92,1.7723,0.0024,11.713,11.712,23.426,-0.723,-0.087,-0.81
Mayotte,2000,0.156,14.156,369.71,1.62,1.7733,-0.0014,11.519,11.724,23.243,-0.917,-0.075,-0.992
Mayotte,2001,0.318,14.318,371.32,1.62,1.7713,-0.0007,11.622,11.628,23.25,-0.814,-0.172,-0.986
Mayotte,2002,0.764,14.764,373.45,2.51,1.7727,0.0032,11.385,11.176,22.561,-1.052,-0.623,-1.675
Mayotte,2003,0.437,14.437,375.98,2.26,1.7773,0.0048,11.419,11.924,23.343,-1.017,0.125,-0.892
Mayotte,2004,0.343,14.343,377.7,1.59,1.777,-0.0048,11.251,11.938,23.189,-1.186,0.139,-1.047
Mayotte,2005,0.483,14.483,379.98,2.57,1.7742,0.0003,10.928,11.648,22.575,-1.509,-0.152,-1.661
Mayotte,2006,0.262,14.262,382.09,1.69,1.775,0.0019,10.794,11.412,22.206,-1.642,-0.387,-2.03
Mayotte,2007,0.717,14.717,384.02,2.31,1.7814,0.0078,10.498,11.637,22.135,-1.938,-0.162,-2.101
Mayotte,2008,0.532,14.532,385.83,1.54,1.787,0.0065,10.99,12.213,23.203,-1.447,0.414,-1.032
Mayotte,2009,0.891,14.891,387.64,2.0,1.7935,0.0047,10.956,11.999,22.955,-1.481,0.2,-1.281
Mayotte,2010,1.135,15.135,390.1,2.3,1.7989,0.0051,10.734,12.058,22.792,-1.702,0.258,-1.444
Mayotte,2011,0.877,14.877,391.85,1.92,1.8031,0.005,10.506,11.45,21.956,-1.931,-0.349,-2.28
Mayotte,2012,0.782,14.782,394.06,2.65,1.8081,0.005,10.42,11.981,22.401,-2.017,0.182,-1.835
Mayotte,2013,0.678,14.678,396.74,1.99,1.8134,0.0057,10.919,12.474,23.393,-1.517,0.675,-0.842
Mayotte,2014,0.872,14.872,398.81,2.17,1.8226,0.0127,10.812,12.727,23.539,-1.624,0.928,-0.697
Mayotte,2015,1.098,15.098,401.01,2.95,1.8342,0.01,10.589,12.366,22.955,-1.848,0.567,-1.281
Mayotte,2016,1.003,15.003,404.41,3.03,1.8431,0.007,10.176,11.178,21.353,-2.261,-0.622,-2.882
Mayotte,2017,1.239,15.239,406.76,1.9,1.8496,0.0069,10.415,10.702,21.118,-2.022,-1.097,-3.118
Mayotte,2018,1.028,15.028,408.72,2.85,1.8573,0.0088,10.378,10.952,21.33,-2.058,-0.847,-2.906
Mayotte,2019,1.588,15.588,411.65,2.49,1.8666,0.0096,10.225,10.83,21.055,-2.212,-0.969,-3.181
Mayotte,2020,1.336,15.336,414.21,2.3,1.8787,0.0148,10.164,11.578,21.742,-2.272,-0.222,-2.494
Mexico,1979,-0.07,13.93,336.84,1.83,1.5305,0.0166,12.35,11.656,24.006,-0.087,-0.143,-0.23
Mexico,1980,0.379,14.379,338.76,1.68,1.5471,0.0169,12.348,11.206,23.554,-0.088,-0.593,-0.682
Mexico,1981,0.15,14.15,340.12,1.43,1.564,0.0169,12.147,11.387,23.533,-0.29,-0.413,-0.702
Mexico,1982,0.561,14.561,341.48,0.86,1.5809,0.0333,12.468,11.595,24.062,0.031,-0.204,-0.173
Mexico,1983,0.009,14.009,343.15,2.36,1.6142,0.0306,12.353,11.344,23.698,-0.083,-0.455,-0.538
Mexico,1984,-0.119,13.881,344.87,1.51,1.6448,0.0129,11.92,11.428,23.348,-0.517,-0.371,-0.887
Mexico,1985,0.069,14.069,346.35,1.21,1.6573,0.0122,12.016,11.569,23.585,-0.421,-0.23,-0.651
Mexico,1986,0.268,14.268,347.61,1.47,1.6701,0.0129,12.224,11.044,23.268,-0.212,-0.755,-0.967
Mexico,1987,-0.156,13.844,349.31,2.06,1.6827,0.0114,12.268,11.405,23.673,-0.169,-0.394,-0.562
Mexico,1988,0.138,14.138,351.69,2.24,1.6931,0.0107,12.19,11.497,23.687,-0.247,-0.302,-0.549
Mexico,1989,0.444,14.444,353.2,1.24,1.7045,0.0112,11.987,11.381,23.368,-0.45,-0.418,-0.868
Mexico,1990,0.233,14.233,354.45,1.2,1.7144,0.0086,11.718,11.365,23.082,-0.719,-0.434,-1.153
Mexico,1991,0.218,14.218,355.7,1.05,1.7248,0.0141,11.77,11.498,23.268,-0.667,-0.301,-0.967
Mexico,1992,0.048,14.048,356.54,0.49,1.7355,0.0024,12.122,11.374,23.496,-0.315,-0.425,-0.74
Mexico,1993,0.291,14.291,357.21,1.36,1.7365,0.0039,11.947,11.37,23.317,-0.49,-0.429,-0.919
Mexico,1994,0.677,14.677,358.96,1.96,1.7421,0.0073,12.032,11.728,23.76,-0.404,-0.072,-0.476
Mexico,1995,0.77,14.77,360.97,2.01,1.7489,0.0038,11.438,11.748,23.187,-0.998,-0.051,-1.049
Mexico,1996,0.527,14.527,362.74,1.24,1.7513,0.0025,11.848,11.743,23.592,-0.588,-0.056,-0.644
Mexico,1997,0.447,14.447,363.88,1.91,1.7545,0.0064,11.692,11.341,23.032,-0.745,-0.458,-1.203
Mexico,1998,0.677,14.677,366.84,2.97,1.7655,0.0121,11.782,11.689,23.471,-0.655,-0.11,-0.765
Mexico,1999,0.585,14.585,368.54,0.92,1.7723,0.0024,11.713,11.712,23.426,-0.723,-0.087,-0.81
Mexico,2000,0.575,14.575,369.71,1.62,1.7733,-0.0014,11.519,11.724,23.243,-0.917,-0.075,-0.992
Mexico,2001,0.495,14.495,371.32,1.62,1.7713,-0.0007,11.622,11.628,23.25,-0.814,-0.172,-0.986
Mexico,2002,0.656,14.656,373.45,2.51,1.7727,0.0032,11.385,11.176,22.561,-1.052,-0.623,-1.675
Mexico,2003,0.806,14.806,375.98,2.26,1.7773,0.0048,11.419,11.924,23.343,-1.017,0.125,-0.892
Mexico,2004,0.289,14.289,377.7,1.59,1.777,-0.0048,11.251,11.938,23.189,-1.186,0.139,-1.047
Mexico,2005,0.727,14.727,379.98,2.57,1.7742,0.0003,10.928,11.648,22.575,-1.509,-0.152,-1.661
Mexico,2006,0.861,14.861,382.09,1.69,1.775,0.0019,10.794,11.412,22.206,-1.642,-0.387,-2.03
Mexico,2007,0.467,14.467,384.02,2.31,1.7814,0.0078,10.498,11.637,22.135,-1.938,-0.162,-2.101
Mexico,2008,0.524,14.524,385.83,1.54,1.787,0.0065,10.99,12.213,23.203,-1.447,0.414,-1.032
Mexico,2009,1.039,15.039,387.64,2.0,1.7935,0.0047,10.956,11.999,22.955,-1.481,0.2,-1.281
Mexico,2010,0.237,14.237,390.1,2.3,1.7989,0.0051,10.734,12.058,22.792,-1.702,0.258,-1.444
Mexico,2011,0.978,14.978,391.85,1.92,1.8031,0.005,10.506,11.45,21.956,-1.931,-0.349,-2.28
Mexico,2012,0.864,14.864,394.06,2.65,1.8081,0.005,10.42,11.981,22.401,-2.017,0.182,-1.835
Mexico,2013,0.698,14.698,396.74,1.99,1.8134,0.0057,10.919,12.474,23.393,-1.517,0.675,-0.842
Mexico,2014,0.797,14.797,398.81,2.17,1.8226,0.0127,10.812,12.727,23.539,-1.624,0.928,-0.697
Mexico,2015,1.048,15.048,401.01,2.95,1.8342,0.01,10.589,12.366,22.955,-1.848,0.567,-1.281
Mexico,2016,1.236,15.236,404.41,3.03,1.8431,0.007,10.176,11.178,21.353,-2.261,-0.622,-2.882
Mexico,2017,1.474,15.474,406.76,1.9,1.8496,0.0069,10.415,10.702,21.118,-2.022,-1.097,-3.118
Mexico,2018,1.105,15.105,408.72,2.85,1.8573,0.0088,10.378,10.952,21.33,-2.058,-0.847,-2.906
Mexico,2019,1.246,15.246,411.65,2.49,1.8666,0.0096,10.225,10.83,21.055,-2.212,-0.969,-3.181
Mexico,2020,1.571,15.571,414.21,2.3,1.8787,0.0148,10.164,11.578,21.742,-2.272,-0.222,-2.494
Midway Island,1979,-0.305,13.695,336.84,1.83,1.5305,0.0166,12.35,11.656,24.006,-0.087,-0.143,-0.23
Midway Island,1980,-0.444,13.556,338.76,1.68,1.5471,0.0169,12.348,11.206,23.554,-0.088,-0.593,-0.682
Midway Island,1981,-0.123,13.877,340.12,1.43,1.564,0.0169,12.147,11.387,23.533,-0.29,-0.413,-0.702
Midway Island,1982,-0.554,13.446,341.48,0.86,1.5809,0.0333,12.468,11.595,24.062,0.031,-0.204,-0.173
Midway Island,1983,-0.416,13.584,343.15,2.36,1.6142,0.0306,12.353,11.344,23.698,-0.083,-0.455,-0.538
Midway Island,1984,0.906,14.906,344.87,1.51,1.6448,0.0129,11.92,11.428,23.348,-0.517,-0.371,-0.887
Midway Island,1985,-0.471,13.529,346.35,1.21,1.6573,0.0122,12.016,11.569,23.585,-0.421,-0.23,-0.651
Midway Island,1986,-0.864,13.136,347.61,1.47,1.6701,0.0129,12.224,11.044,23.268,-0.212,-0.755,-0.967
Midway Island,1987,-0.274,13.726,349.31,2.06,1.6827,0.0114,12.268,11.405,23.673,-0.169,-0.394,-0.562
Midway Island,1988,0.167,14.167,351.69,2.24,1.6931,0.0107,12.19,11.497,23.687,-0.247,-0.302,-0.549
Midway Island,1989,-0.351,13.649,353.2,1.24,1.7045,0.0112,11.987,11.381,23.368,-0.45,-0.418,-0.868
Midway Island,1990,-0.686,13.314,354.45,1.2,1.7144,0.0086,11.718,11.365,23.082,-0.719,-0.434,-1.153
Midway Island,1991,-0.305,13.695,355.7,1.05,1.7248,0.0141,11.77,11.498,23.268,-0.667,-0.301,-0.967
Midway Island,1992,-0.2699,13.7301,356.54,0.49,1.7355,0.0024,12.122,11.374,23.496,-0.315,-0.425,-0.74
Midway Island,1993,-0.2348,13.7652,357.21,1.36,1.7365,0.0039,11.947,11.37,23.317,-0.49,-0.429,-0.919
Midway Island,1994,-0.1996,13.8004,358.96,1.96,1.7421,0.0073,12.032,11.728,23.76,-0.404,-0.072,-0.476
Midway Island,1995,-0.1645,13.8355,360.97,2.01,1.7489,0.0038,11.438,11.748,23.187,-0.998,-0.051,-1.049
Midway Island,1996,-0.1294,13.8706,362.74,1.24,1.7513,0.0025,11.848,11.743,23.592,-0.588,-0.056,-0.644
Midway Island,1997,-0.0943,13.9057,363.88,1.91,1.7545,0.0064,11.692,11.341,23.032,-0.745,-0.458,-1.203
Midway Island,1998,-0.0592,13.9408,366.84,2.97,1.7655,0.0121,11.782,11.689,23.471,-0.655,-0.11,-0.765
Midway Island,1999,-0.0241,13.9759,368.54,0.92,1.7723,0.0024,11.713,11.712,23.426,-0.723,-0.087,-0.81
Midway Island,2000,0.0111,14.0111,369.71,1.62,1.7733,-0.0014,11.519,11.724,23.243,-0.917,-0.075,-0.992
Midway Island,2001,0.0462,14.0462,371.32,1.62,1.7713,-0.0007,11.622,11.628,23.25,-0.814,-0.172,-0.986
Midway Island,2002,0.0813,14.0813,373.45,2.51,1.7727,0.0032,11.385,11.176,22.561,-1.052,-0.623,-1.675
Midway Island,2003,0.1164,14.1164,375.98,2.26,1.7773,0.0048,11.419,11.924,23.343,-1.017,0.125,-0.892
Midway Island,2004,0.1515,14.1515,377.7,1.59,1.777,-0.0048,11.251,11.938,23.189,-1.186,0.139,-1.047
Midway Island,2005,0.1866,14.1866,379.98,2.57,1.7742,0.0003,10.928,11.648,22.575,-1.509,-0.152,-1.661
Midway Island,2006,0.2218,14.2218,382.09,1.69,1.775,0.0019,10.794,11.412,22.206,-1.642,-0.387,-2.03
Midway Island,2007,0.2569,14.2569,384.02,2.31,1.7814,0.0078,10.498,11.637,22.135,-1.938,-0.162,-2.101
Midway Island,2008,0.292,14.292,385.83,1.54,1.787,0.0065,10.99,12.213,23.203,-1.447,0.414,-1.032
Midway Island,2009,-0.722,13.278,387.64,2.0,1.7935,0.0047,10.956,11.999,22.955,-1.481,0.2,-1.281
Midway Island,2010,-0.64,13.36,390.1,2.3,1.7989,0.0051,10.734,12.058,22.792,-1.702,0.258,-1.444
Midway Island,2011,0.183,14.183,391.85,1.92,1.8031,0.005,10.506,11.45,21.956,-1.931,-0.349,-2.28
Midway Island,2012,1.006,15.006,394.06,2.65,1.8081,0.005,10.42,11.981,22.401,-2.017,0.182,-1.835
Midway Island,2013,-0.255,13.745,396.74,1.99,1.8134,0.0057,10.919,12.474,23.393,-1.517,0.675,-0.842
Midway Island,2014,-0.255,13.745,398.81,2.17,1.8226,0.0127,10.812,12.727,23.539,-1.624,0.928,-0.697
Midway Island,2015,-0.255,13.745,401.01,2.95,1.8342,0.01,10.589,12.366,22.955,-1.848,0.567,-1.281
Midway Island,2016,-0.255,13.745,404.41,3.03,1.8431,0.007,10.176,11.178,21.353,-2.261,-0.622,-2.882
Midway Island,2017,-0.255,13.745,406.76,1.9,1.8496,0.0069,10.415,10.702,21.118,-2.022,-1.097,-3.118
Midway Island,2018,-0.255,13.745,408.72,2.85,1.8573,0.0088,10.378,10.952,21.33,-2.058,-0.847,-2.906
Midway Island,2019,-0.255,13.745,411.65,2.49,1.8666,0.0096,10.225,10.83,21.055,-2.212,-0.969,-3.181
Midway Island,2020,-0.255,13.745,414.21,2.3,1.8787,0.0148,10.164,11.578,21.742,-2.272,-0.222,-2.494
Monaco,1979,-0.005,13.995,336.84,1.83,1.5305,0.0166,12.35,11.656,24.006,-0.087,-0.143,-0.23
Monaco,1980,-0.335,13.665,338.76,1.68,1.5471,0.0169,12.348,11.206,23.554,-0.088,-0.593,-0.682
Monaco,1981,-0.058,13.942,340.12,1.43,1.564,0.0169,12.147,11.387,23.533,-0.29,-0.413,-0.702
Monaco,1982,0.566,14.566,341.48,0.86,1.5809,0.0333,12.468,11.595,24.062,0.031,-0.204,-0.173
Monaco,1983,0.497,14.497,343.15,2.36,1.6142,0.0306,12.353,11.344,23.698,-0.083,-0.455,-0.538
Monaco,1984,-0.608,13.392,344.87,1.51,1.6448,0.0129,11.92,11.428,23.348,-0.517,-0.371,-0.887
Monaco,1985,-0.117,13.883,346.35,1.21,1.6573,0.0122,12.016,11.569,23.585,-0.421,-0.23,-0.651
Monaco,1986,0.42,14.42,347.61,1.47,1.6701,0.0129,12.224,11.044,23.268,-0.212,-0.755,-0.967
Monaco,1987,0.184,14.184,349.31,2.06,1.6827,0.0114,12.268,11.405,23.673,-0.169,-0.394,-0.562
Monaco,1988,0.748,14.748,351.69,2.24,1.6931,0.0107,12.19,11.497,23.687,-0.247,-0.302,-0.549
Monaco,1989,0.9,14.9,353.2,1.24,1.7045,0.0112,11.987,11.381,23.368,-0.45,-0.418,-0.868
Monaco,1990,1.273,15.273,354.45,1.2,1.7144,0.0086,11.718,11.365,23.082,-0.719,-0.434,-1.153
Monaco,1991,0.09,14.09,355.7,1.05,1.7248,0.0141,11.77,11.498,23.268,-0.667,-0.301,-0.967
Monaco,1992,0.605,14.605,356.54,0.49,1.7355,0.0024,12.122,11.374,23.496,-0.315,-0.425,-0.74
Monaco,1993,0.434,14.434,357.21,1.36,1.7365,0.0039,11.947,11.37,23.317,-0.49,-0.429,-0.919
Monaco,1994,1.27,15.27,358.96,1.96,1.7421,0.0073,12.032,11.728,23.76,-0.404,-0.072,-0.476
Monaco,1995,0.665,14.665,360.97,2.01,1.7489,0.0038,11.438,11.748,23.187,-0.998,-0.051,-1.049
Monaco,1996,0.213,14.213,362.74,1.24,1.7513,0.0025,11.848,11.743,23.592,-0.588,-0.056,-0.644
Monaco,1997,1.299,15.299,363.88,1.91,1.7545,0.0064,11.692,11.341,23.032,-0.745,-0.458,-1.203
Monaco,1998,0.913,14.913,366.84,2.97,1.7655,0.0121,11.782,11.689,23.471,-0.655,-0.11,-0.765
Monaco,1999,0.913,14.913,368.54,0.92,1.7723,0.0024,11.713,11.712,23.426,-0.723,-0.087,-0.81
Monaco,2000,1.097,15.097,369.71,1.62,1.7733,-0.0014,11.519,11.724,23.243,-0.917,-0.075,-0.992
Monaco,2001,1.378,15.378,371.32,1.62,1.7713,-0.0007,11.622,11.628,23.25,-0.814,-0.172,-0.986
Monaco,2002,0.91,14.91,373.45,2.51,1.7727,0.0032,11.385,11.176,22.561,-1.052,-0.623,-1.675
Monaco,2003,1.643,15.643,375.98,2.26,1.7773,0.0048,11.419,11.924,23.343,-1.017,0.125,-0.892
Monaco,2004,0.854,14.854,377.7,1.59,1.777,-0.0048,11.251,11.938,23.189,-1.186,0.139,-1.047
Monaco,2005,0.786,14.786,379.98,2.57,1.7742,0.0003,10.928,11.648,22.575,-1.509,-0.152,-1.661
Monaco,2006,1.145,15.145,382.09,1.69,1.775,0.0019,10.794,11.412,22.206,-1.642,-0.387,-2.03
Monaco,2007,1.603,15.603,384.02,2.31,1.7814,0.0078,10.498,11.637,22.135,-1.938,-0.162,-2.101
Monaco,2008,1.054,15.054,385.83,1.54,1.787,0.0065,10.99,12.213,23.203,-1.447,0.414,-1.032
Monaco,2009,1.428,15.428,387.64,2.0,1.7935,0.0047,10.956,11.999,22.955,-1.481,0.2,-1.281
Monaco,2010,0.408,14.408,390.1,2.3,1.7989,0.0051,10.734,12.058,22.792,-1.702,0.258,-1.444
Monaco,2011,1.358,15.358,391.85,1.92,1.8031,0.005,10.506,11.45,21.956,-1.931,-0.349,-2.28
Monaco,2012,1.351,15.351,394.06,2.65,1.8081,0.005,10.42,11.981,22.401,-2.017,0.182,-1.835
Monaco,2013,0.678,14.678,396.74,1.99,1.8134,0.0057,10.919,12.474,23.393,-1.517,0.675,-0.842
Monaco,2014,1.768,15.768,398.81,2.17,1.8226,0.0127,10.812,12.727,23.539,-1.624,0.928,-0.697
Monaco,2015,1.863,15.863,401.01,2.95,1.8342,0.01,10.589,12.366,22.955,-1.848,0.567,-1.281
Monaco,2016,1.734,15.734,404.41,3.03,1.8431,0.007,10.176,11.178,21.353,-2.261,-0.622,-2.882
Monaco,2017,1.921,15.921,406.76,1.9,1.8496,0.0069,10.415,10.702,21.118,-2.022,-1.097,-3.118
Monaco,2018,1.886,15.886,408.72,2.85,1.8573,0.0088,10.378,10.952,21.33,-2.058,-0.847,-2.906
Monaco,2019,1.858,15.858,411.65,2.49,1.8666,0.0096,10.225,10.83,21.055,-2.212,-0.969,-3.181
Monaco,2020,2.143,16.143,414.21,2.3,1.8787,0.0148,10.164,11.578,21.742,-2.272,-0.222,-2.494
Mongolia,1979,0.962,14.962,336.84,1.83,1.5305,0.0166,12.35,11.656,24.006,-0.087,-0.143,-0.23
Mongolia,1980,0.461,14.461,338.76,1.68,1.5471,0.0169,12.348,11.206,23.554,-0.088,-0.593,-0.682
Mongolia,1981,0.217,14.217,340.12,1.43,1.564,0.0169,12.147,11.387,23.533,-0.29,-0.413,-0.702
Mongolia,1982,1.146,15.146,341.48,0.86,1.5809,0.0333,12.468,11.595,24.062,0.031,-0.204,-0.173
Mongolia,1983,0.629,14.629,343.15,2.36,1.6142,0.0306,12.353,11.344,23.698,-0.083,-0.455,-0.538
Mongolia,1984,-0.309,13.691,344.87,1.51,1.6448,0.0129,11.92,11.428,23.348,-0.517,-0.371,-0.887
Mongolia,1985,-0.413,13.587,346.35,1.21,1.6573,0.0122,12.016,11.569,23.585,-0.421,-0.23,-0.651
Mongolia,1986,0.385,14.385,347.61,1.47,1.6701,0.0129,12.224,11.044,23.268,-0.212,-0.755,-0.967
Mongolia,1987,0.188,14.188,349.31,2.06,1.6827,0.0114,12.268,11.405,23.673,-0.169,-0.394,-0.562
Mongolia,1988,0.641,14.641,351.69,2.24,1.6931,0.0107,12.19,11.497,23.687,-0.247,-0.302,-0.549
Mongolia,1989,1.349,15.349,353.2,1.24,1.7045,0.0112,11.987,11.381,23.368,-0.45,-0.418,-0.868
Mongolia,1990,1.555,15.555,354.45,1.2,1.7144,0.0086,11.718,11.365,23.082,-0.719,-0.434,-1.153
Mongolia,1991,1.096,15.096,355.7,1.05,1.7248,0.0141,11.77,11.498,23.268,-0.667,-0.301,-0.967
Mongolia,1992,0.835,14.835,356.54,0.49,1.7355,0.0024,12.122,11.374,23.496,-0.315,-0.425,-0.74
Mongolia,1993,0.476,14.476,357.21,1.36,1.7365,0.0039,11.947,11.37,23.317,-0.49,-0.429,-0.919
Mongolia,1994,1.352,15.352,358.96,1.96,1.7421,0.0073,12.032,11.728,23.76,-0.404,-0.072,-0.476
Mongolia,1995,1.293,15.293,360.97,2.01,1.7489,0.0038,11.438,11.748,23.187,-0.998,-0.051,-1.049
Mongolia,1996,0.434,14.434,362.74,1.24,1.7513,0.0025,11.848,11.743,23.592,-0.588,-0.056,-0.644
Mongolia,1997,1.968,15.968,363.88,1.91,1.7545,0.0064,11.692,11.341,23.032,-0.745,-0.458,-1.203
Mongolia,1998,2.153,16.153,366.84,2.97,1.7655,0.0121,11.782,11.689,23.471,-0.655,-0.11,-0.765
Mongolia,1999,1.793,15.793,368.54,0.92,1.7723,0.0024,11.713,11.712,23.426,-0.723,-0.087,-0.81
Mongolia,2000,1.011,15.011,369.71,1.62,1.7733,-0.0014,11.519,11.724,23.243,-0.917,-0.075,-0.992
Mongolia,2001,1.718,15.718,371.32,1.62,1.7713,-0.0007,11.622,11.628,23.25,-0.814,-0.172,-0.986
Mongolia,2002,1.815,15.815,373.45,2.51,1.7727,0.0032,11.385,11.176,22.561,-1.052,-0.623,-1.675
Mongolia,2003,0.525,14.525,375.98,2.26,1.7773,0.0048,11.419,11.924,23.343,-1.017,0.125,-0.892
Mongolia,2004,1.764,15.764,377.7,1.59,1.777,-0.0048,11.251,11.938,23.189,-1.186,0.139,-1.047
Mongolia,2005,0.966,14.966,379.98,2.57,1.7742,0.0003,10.928,11.648,22.575,-1.509,-0.152,-1.661
Mongolia,2006,1.258,15.258,382.09,1.69,1.775,0.0019,10.794,11.412,22.206,-1.642,-0.387,-2.03
Mongolia,2007,2.767,16.767,384.02,2.31,1.7814,0.0078,10.498,11.637,22.135,-1.938,-0.162,-2.101
Mongolia,2008,1.8,15.8,385.83,1.54,1.787,0.0065,10.99,12.213,23.203,-1.447,0.414,-1.032
Mongolia,2009,1.434,15.434,387.64,2.0,1.7935,0.0047,10.956,11.999,22.955,-1.481,0.2,-1.281
Mongolia,2010,0.344,14.344,390.1,2.3,1.7989,0.0051,10.734,12.058,22.792,-1.702,0.258,-1.444
Mongolia,2011,0.796,14.796,391.85,1.92,1.8031,0.005,10.506,11.45,21.956,-1.931,-0.349,-2.28
Mongolia,2012,0.275,14.275,394.06,2.65,1.8081,0.005,10.42,11.981,22.401,-2.017,0.182,-1.835
Mongolia,2013,1.061,15.061,396.74,1.99,1.8134,0.0057,10.919,12.474,23.393,-1.517,0.675,-0.842
Mongolia,2014,1.913,15.913,398.81,2.17,1.8226,0.0127,10.812,12.727,23.539,-1.624,0.928,-0.697
Mongolia,2015,2.172,16.172,401.01,2.95,1.8342,0.01,10.589,12.366,22.955,-1.848,0.567,-1.281
Mongolia,2016,1.434,15.434,404.41,3.03,1.8431,0.007,10.176,11.178,21.353,-2.261,-0.622,-2.882
Mongolia,2017,2.515,16.515,406.76,1.9,1.8496,0.0069,10.415,10.702,21.118,-2.022,-1.097,-3.118
Mongolia,2018,2.235,16.235,408.72,2.85,1.8573,0.0088,10.378,10.952,21.33,-2.058,-0.847,-2.906
Mongolia,2019,1.856,15.856,411.65,2.49,1.8666,0.0096,10.225,10.83,21.055,-2.212,-0.969,-3.181
Mongolia,2020,2.36,16.36,414.21,2.3,1.8787,0.0148,10.164,11.578,21.742,-2.272,-0.222,-2.494
Montserrat,1979,0.128,14.128,336.84,1.83,1.5305,0.0166,12.35,11.656,24.006,-0.087,-0.143,-0.23
Montserrat,1980,0.663,14.663,338.76,1.68,1.5471,0.0169,12.348,11.206,23.554,-0.088,-0.593,-0.682
Montserrat,1981,0.567,14.567,340.12,1.43,1.564,0.0169,12.147,11.387,23.533,-0.29,-0.413,-0.702
Montserrat,1982,0.19,14.19,341.48,0.86,1.5809,0.0333,12.468,11.595,24.062,0.031,-0.204,-0.173
Montserrat,1983,0.474,14.474,343.15,2.36,1.6142,0.0306,12.353,11.344,23.698,-0.083,-0.455,-0.538
Montserrat,1984,-0.023,13.977,344.87,1.51,1.6448,0.0129,11.92,11.428,23.348,-0.517,-0.371,-0.887
Montserrat,1985,-0.089,13.911,346.35,1.21,1.6573,0.0122,12.016,11.569,23.585,-0.421,-0.23,-0.651
Montserrat,1986,-0.077,13.923,347.61,1.47,1.6701,0.0129,12.224,11.044,23.268,-0.212,-0.755,-0.967
Montserrat,1987,0.583,14.583,349.31,2.06,1.6827,0.0114,12.268,11.405,23.673,-0.169,-0.394,-0.562
Montserrat,1988,0.322,14.322,351.69,2.24,1.6931,0.0107,12.19,11.497,23.687,-0.247,-0.302,-0.549
Montserrat,1989,-0.177,13.823,353.2,1.24,1.7045,0.0112,11.987,11.381,23.368,-0.45,-0.418,-0.868
Montserrat,1990,0.241,14.241,354.45,1.2,1.7144,0.0086,11.718,11.365,23.082,-0.719,-0.434,-1.153
Montserrat,1991,0.318,14.318,355.7,1.05,1.7248,0.0141,11.77,11.498,23.268,-0.667,-0.301,-0.967
Montserrat,1992,0.276,14.276,356.54,0.49,1.7355,0.0024,12.122,11.374,23.496,-0.315,-0.425,-0.74
Montserrat,1993,0.364,14.364,357.21,1.36,1.7365,0.0039,11.947,11.37,23.317,-0.49,-0.429,-0.919
Montserrat,1994,0.373,14.373,358.96,1.96,1.7421,0.0073,12.032,11.728,23.76,-0.404,-0.072,-0.476
Montserrat,1995,0.522,14.522,360.97,2.01,1.7489,0.0038,11.438,11.748,23.187,-0.998,-0.051,-1.049
Montserrat,1996,0.274,14.274,362.74,1.24,1.7513,0.0025,11.848,11.743,23.592,-0.588,-0.056,-0.644
Montserrat,1997,0.431,14.431,363.88,1.91,1.7545,0.0064,11.692,11.341,23.032,-0.745,-0.458,-1.203
Montserrat,1998,0.992,14.992,366.84,2.97,1.7655,0.0121,11.782,11.689,23.471,-0.655,-0.11,-0.765
Montserrat,1999,0.439,14.439,368.54,0.92,1.7723,0.0024,11.713,11.712,23.426,-0.723,-0.087,-0.81
Montserrat,2000,0.186,14.186,369.71,1.62,1.7733,-0.0014,11.519,11.724,23.243,-0.917,-0.075,-0.992
Montserrat,2001,0.3425,14.3425,371.32,1.62,1.7713,-0.0007,11.622,11.628,23.25,-0.814,-0.172,-0.986
Montserrat,2002,0.499,14.499,373.45,2.51,1.7727,0.0032,11.385,11.176,22.561,-1.052,-0.623,-1.675
Montserrat,2003,0.65,14.65,375.98,2.26,1.7773,0.0048,11.419,11.924,23.343,-1.017,0.125,-0.892
Montserrat,2004,0.331,14.331,377.7,1.59,1.777,-0.0048,11.251,11.938,23.189,-1.186,0.139,-1.047
Montserrat,2005,0.651,14.651,379.98,2.57,1.7742,0.0003,10.928,11.648,22.575,-1.509,-0.152,-1.661
Montserrat,2006,0.382,14.382,382.09,1.69,1.775,0.0019,10.794,11.412,22.206,-1.642,-0.387,-2.03
Montserrat,2007,0.637,14.637,384.02,2.31,1.7814,0.0078,10.498,11.637,22.135,-1.938,-0.162,-2.101
Montserrat,2008,0.085,14.085,385.83,1.54,1.787,0.0065,10.99,12.213,23.203,-1.447,0.414,-1.032
Montserrat,2009,0.322,14.322,387.64,2.0,1.7935,0.0047,10.956,11.999,22.955,-1.481,0.2,-1.281
Montserrat,2010,0.961,14.961,390.1,2.3,1.7989,0.0051,10.734,12.058,22.792,-1.702,0.258,-1.444
Montserrat,2011,0.382,14.382,391.85,1.92,1.8031,0.005,10.506,11.45,21.956,-1.931,-0.349,-2.28
Montserrat,2012,0.484,14.484,394.06,2.65,1.8081,0.005,10.42,11.981,22.401,-2.017,0.182,-1.835
Montserrat,2013,0.556,14.556,396.74,1.99,1.8134,0.0057,10.919,12.474,23.393,-1.517,0.675,-0.842
Montserrat,2014,0.487,14.487,398.81,2.17,1.8226,0.0127,10.812,12.727,23.539,-1.624,0.928,-0.697
Montserrat,2015,0.811,14.811,401.01,2.95,1.8342,0.01,10.589,12.366,22.955,-1.848,0.567,-1.281
Montserrat,2016,0.889,14.889,404.41,3.03,1.8431,0.007,10.176,11.178,21.353,-2.261,-0.622,-2.882
Montserrat,2017,0.665,14.665,406.76,1.9,1.8496,0.0069,10.415,10.702,21.118,-2.022,-1.097,-3.118
Montserrat,2018,0.506,14.506,408.72,2.85,1.8573,0.0088,10.378,10.952,21.33,-2.058,-0.847,-2.906
Montserrat,2019,0.763,14.763,411.65,2.49,1.8666,0.0096,10.225,10.83,21.055,-2.212,-0.969,-3.181
Montserrat,2020,1.098,15.098,414.21,2.3,1.8787,0.0148,10.164,11.578,21.742,-2.272,-0.222,-2.494
Morocco,1979,0.456,14.456,336.84,1.83,1.5305,0.0166,12.35,11.656,24.006,-0.087,-0.143,-0.23
Morocco,1980,0.497,14.497,338.76,1.68,1.5471,0.0169,12.348,11.206,23.554,-0.088,-0.593,-0.682
Morocco,1981,0.428,14.428,340.12,1.43,1.564,0.0169,12.147,11.387,23.533,-0.29,-0.413,-0.702
Morocco,1982,0.425,14.425,341.48,0.86,1.5809,0.0333,12.468,11.595,24.062,0.031,-0.204,-0.173
Morocco,1983,0.699,14.699,343.15,2.36,1.6142,0.0306,12.353,11.344,23.698,-0.083,-0.455,-0.538
Morocco,1984,0.181,14.181,344.87,1.51,1.6448,0.0129,11.92,11.428,23.348,-0.517,-0.371,-0.887
Morocco,1985,0.753,14.753,346.35,1.21,1.6573,0.0122,12.016,11.569,23.585,-0.421,-0.23,-0.651
Morocco,1986,0.202,14.202,347.61,1.47,1.6701,0.0129,12.224,11.044,23.268,-0.212,-0.755,-0.967
Morocco,1987,1.009,15.009,349.31,2.06,1.6827,0.0114,12.268,11.405,23.673,-0.169,-0.394,-0.562
Morocco,1988,0.911,14.911,351.69,2.24,1.6931,0.0107,12.19,11.497,23.687,-0.247,-0.302,-0.549
Morocco,1989,0.597,14.597,353.2,1.24,1.7045,0.0112,11.987,11.381,23.368,-0.45,-0.418,-0.868
Morocco,1990,1.323,15.323,354.45,1.2,1.7144,0.0086,11.718,11.365,23.082,-0.719,-0.434,-1.153
Morocco,1991,0.057,14.057,355.7,1.05,1.7248,0.0141,11.77,11.498,23.268,-0.667,-0.301,-0.967
Morocco,1992,0.149,14.149,356.54,0.49,1.7355,0.0024,12.122,11.374,23.496,-0.315,-0.425,-0.74
Morocco,1993,0.199,14.199,357.21,1.36,1.7365,0.0039,11.947,11.37,23.317,-0.49,-0.429,-0.919
Morocco,1994,0.855,14.855,358.96,1.96,1.7421,0.0073,12.032,11.728,23.76,-0.404,-0.072,-0.476
Morocco,1995,1.121,15.121,360.97,2.01,1.7489,0.0038,11.438,11.748,23.187,-0.998,-0.051,-1.049
Morocco,1996,0.895,14.895,362.74,1.24,1.7513,0.0025,11.848,11.743,23.592,-0.588,-0.056,-0.644
Morocco,1997,1.207,15.207,363.88,1.91,1.7545,0.0064,11.692,11.341,23.032,-0.745,-0.458,-1.203
Morocco,1998,1.484,15.484,366.84,2.97,1.7655,0.0121,11.782,11.689,23.471,-0.655,-0.11,-0.765
Morocco,1999,1.028,15.028,368.54,0.92,1.7723,0.0024,11.713,11.712,23.426,-0.723,-0.087,-0.81
Morocco,2000,0.909,14.909,369.71,1.62,1.7733,-0.0014,11.519,11.724,23.243,-0.917,-0.075,-0.992
Morocco,2001,1.812,15.812,371.32,1.62,1.7713,-0.0007,11.622,11.628,23.25,-0.814,-0.172,-0.986
Morocco,2002,1.199,15.199,373.45,2.51,1.7727,0.0032,11.385,11.176,22.561,-1.052,-0.623,-1.675
Morocco,2003,1.69,15.69,375.98,2.26,1.7773,0.0048,11.419,11.924,23.343,-1.017,0.125,-0.892
Morocco,2004,1.133,15.133,377.7,1.59,1.777,-0.0048,11.251,11.938,23.189,-1.186,0.139,-1.047
Morocco,2005,1.284,15.284,379.98,2.57,1.7742,0.0003,10.928,11.648,22.575,-1.509,-0.152,-1.661
Morocco,2006,1.49,15.49,382.09,1.69,1.775,0.0019,10.794,11.412,22.206,-1.642,-0.387,-2.03
Morocco,2007,1.032,15.032,384.02,2.31,1.7814,0.0078,10.498,11.637,22.135,-1.938,-0.162,-2.101
Morocco,2008,1.18,15.18,385.83,1.54,1.787,0.0065,10.99,12.213,23.203,-1.447,0.414,-1.032
Morocco,2009,1.274,15.274,387.64,2.0,1.7935,0.0047,10.956,11.999,22.955,-1.481,0.2,-1.281
Morocco,2010,2.145,16.145,390.1,2.3,1.7989,0.0051,10.734,12.058,22.792,-1.702,0.258,-1.444
Morocco,2011,1.835,15.835,391.85,1.92,1.8031,0.005,10.506,11.45,21.956,-1.931,-0.349,-2.28
Morocco,2012,1.445,15.445,394.06,2.65,1.8081,0.005,10.42,11.981,22.401,-2.017,0.182,-1.835
Morocco,2013,1.362,15.362,396.74,1.99,1.8134,0.0057,10.919,12.474,23.393,-1.517,0.675,-0.842
Morocco,2014,1.751,15.751,398.81,2.17,1.8226,0.0127,10.812,12.727,23.539,-1.624,0.928,-0.697
Morocco,2015,1.256,15.256,401.01,2.95,1.8342,0.01,10.589,12.366,22.955,-1.848,0.567,-1.281
Morocco,2016,1.948,15.948,404.41,3.03,1.8431,0.007,10.176,11.178,21.353,-2.261,-0.622,-2.882
Morocco,2017,2.232,16.232,406.76,1.9,1.8496,0.0069,10.415,10.702,21.118,-2.022,-1.097,-3.118
Morocco,2018,0.638,14.638,408.72,2.85,1.8573,0.0088,10.378,10.952,21.33,-2.058,-0.847,-2.906
Morocco,2019,1.579,15.579,411.65,2.49,1.8666,0.0096,10.225,10.83,21.055,-2.212,-0.969,-3.181
Morocco,2020,2.172,16.172,414.21,2.3,1.8787,0.0148,10.164,11.578,21.742,-2.272,-0.222,-2.494
Mozambique,1979,0.097,14.097,336.84,1.83,1.5305,0.0166,12.35,11.656,24.006,-0.087,-0.143,-0.23
Mozambique,1980,0.046,14.046,338.76,1.68,1.5471,0.0169,12.348,11.206,23.554,-0.088,-0.593,-0.682
Mozambique,1981,-0.232,13.768,340.12,1.43,1.564,0.0169,12.147,11.387,23.533,-0.29,-0.413,-0.702
Mozambique,1982,-0.084,13.916,341.48,0.86,1.5809,0.0333,12.468,11.595,24.062,0.031,-0.204,-0.173
Mozambique,1983,0.853,14.853,343.15,2.36,1.6142,0.0306,12.353,11.344,23.698,-0.083,-0.455,-0.538
Mozambique,1984,0.191,14.191,344.87,1.51,1.6448,0.0129,11.92,11.428,23.348,-0.517,-0.371,-0.887
Mozambique,1985,-0.069,13.931,346.35,1.21,1.6573,0.0122,12.016,11.569,23.585,-0.421,-0.23,-0.651
Mozambique,1986,0.001,14.001,347.61,1.47,1.6701,0.0129,12.224,11.044,23.268,-0.212,-0.755,-0.967
Mozambique,1987,0.59,14.59,349.31,2.06,1.6827,0.0114,12.268,11.405,23.673,-0.169,-0.394,-0.562
Mozambique,1988,0.49,14.49,351.69,2.24,1.6931,0.0107,12.19,11.497,23.687,-0.247,-0.302,-0.549
Mozambique,1989,0.048,14.048,353.2,1.24,1.7045,0.0112,11.987,11.381,23.368,-0.45,-0.418,-0.868
Mozambique,1990,0.3,14.3,354.45,1.2,1.7144,0.0086,11.718,11.365,23.082,-0.719,-0.434,-1.153
Mozambique,1991,0.108,14.108,355.7,1.05,1.7248,0.0141,11.77,11.498,23.268,-0.667,-0.301,-0.967
Mozambique,1992,0.773,14.773,356.54,0.49,1.7355,0.0024,12.122,11.374,23.496,-0.315,-0.425,-0.74
Mozambique,1993,0.299,14.299,357.21,1.36,1.7365,0.0039,11.947,11.37,23.317,-0.49,-0.429,-0.919
Mozambique,1994,0.116,14.116,358.96,1.96,1.7421,0.0073,12.032,11.728,23.76,-0.404,-0.072,-0.476
Mozambique,1995,0.564,14.564,360.97,2.01,1.7489,0.0038,11.438,11.748,23.187,-0.998,-0.051,-1.049
Mozambique,1996,0.091,14.091,362.74,1.24,1.7513,0.0025,11.848,11.743,23.592,-0.588,-0.056,-0.644
Mozambique,1997,0.214,14.214,363.88,1.91,1.7545,0.0064,11.692,11.341,23.032,-0.745,-0.458,-1.203
Mozambique,1998,0.887,14.887,366.84,2.97,1.7655,0.0121,11.782,11.689,23.471,-0.655,-0.11,-0.765
Mozambique,1999,0.234,14.234,368.54,0.92,1.7723,0.0024,11.713,11.712,23.426,-0.723,-0.087,-0.81
Mozambique,2000,0.23,14.23,369.71,1.62,1.7733,-0.0014,11.519,11.724,23.243,-0.917,-0.075,-0.992
Mozambique,2001,0.422,14.422,371.32,1.62,1.7713,-0.0007,11.622,11.628,23.25,-0.814,-0.172,-0.986
Mozambique,2002,0.503,14.503,373.45,2.51,1.7727,0.0032,11.385,11.176,22.561,-1.052,-0.623,-1.675
Mozambique,2003,0.541,14.541,375.98,2.26,1.7773,0.0048,11.419,11.924,23.343,-1.017,0.125,-0.892
Mozambique,2004,0.39,14.39,377.7,1.59,1.777,-0.0048,11.251,11.938,23.189,-1.186,0.139,-1.047
Mozambique,2005,1.076,15.076,379.98,2.57,1.7742,0.0003,10.928,11.648,22.575,-1.509,-0.152,-1.661
Mozambique,2006,0.528,14.528,382.09,1.69,1.775,0.0019,10.794,11.412,22.206,-1.642,-0.387,-2.03
Mozambique,2007,0.66,14.66,384.02,2.31,1.7814,0.0078,10.498,11.637,22.135,-1.938,-0.162,-2.101
Mozambique,2008,0.263,14.263,385.83,1.54,1.787,0.0065,10.99,12.213,23.203,-1.447,0.414,-1.032
Mozambique,2009,0.487,14.487,387.64,2.0,1.7935,0.0047,10.956,11.999,22.955,-1.481,0.2,-1.281
Mozambique,2010,0.895,14.895,390.1,2.3,1.7989,0.0051,10.734,12.058,22.792,-1.702,0.258,-1.444
Mozambique,2011,0.728,14.728,391.85,1.92,1.8031,0.005,10.506,11.45,21.956,-1.931,-0.349,-2.28
Mozambique,2012,0.647,14.647,394.06,2.65,1.8081,0.005,10.42,11.981,22.401,-2.017,0.182,-1.835
Mozambique,2013,0.42,14.42,396.74,1.99,1.8134,0.0057,10.919,12.474,23.393,-1.517,0.675,-0.842
Mozambique,2014,0.671,14.671,398.81,2.17,1.8226,0.0127,10.812,12.727,23.539,-1.624,0.928,-0.697
Mozambique,2015,0.967,14.967,401.01,2.95,1.8342,0.01,10.589,12.366,22.955,-1.848,0.567,-1.281
Mozambique,2016,1.189,15.189,404.41,3.03,1.8431,0.007,10.176,11.178,21.353,-2.261,-0.622,-2.882
Mozambique,2017,0.915,14.915,406.76,1.9,1.8496,0.0069,10.415,10.702,21.118,-2.022,-1.097,-3.118
Mozambique,2018,0.836,14.836,408.72,2.85,1.8573,0.0088,10.378,10.952,21.33,-2.058,-0.847,-2.906
Mozambique,2019,1.185,15.185,411.65,2.49,1.8666,0.0096,10.225,10.83,21.055,-2.212,-0.969,-3.181
Mozambique,2020,0.968,14.968,414.21,2.3,1.8787,0.0148,10.164,11.578,21.742,-2.272,-0.222,-2.494
Myanmar,1979,0.491,14.491,336.84,1.83,1.5305,0.0166,12.35,11.656,24.006,-0.087,-0.143,-0.23
Myanmar,1980,0.284,14.284,338.76,1.68,1.5471,0.0169,12.348,11.206,23.554,-0.088,-0.593,-0.682
Myanmar,1981,0.277,14.277,340.12,1.43,1.564,0.0169,12.147,11.387,23.533,-0.29,-0.413,-0.702
Myanmar,1982,0.048,14.048,341.48,0.86,1.5809,0.0333,12.468,11.595,24.062,0.031,-0.204,-0.173
Myanmar,1983,0.112,14.112,343.15,2.36,1.6142,0.0306,12.353,11.344,23.698,-0.083,-0.455,-0.538
Myanmar,1984,0.037,14.037,344.87,1.51,1.6448,0.0129,11.92,11.428,23.348,-0.517,-0.371,-0.887
Myanmar,1985,0.141,14.141,346.35,1.21,1.6573,0.0122,12.016,11.569,23.585,-0.421,-0.23,-0.651
Myanmar,1986,0.045,14.045,347.61,1.47,1.6701,0.0129,12.224,11.044,23.268,-0.212,-0.755,-0.967
Myanmar,1987,0.523,14.523,349.31,2.06,1.6827,0.0114,12.268,11.405,23.673,-0.169,-0.394,-0.562
Myanmar,1988,0.386,14.386,351.69,2.24,1.6931,0.0107,12.19,11.497,23.687,-0.247,-0.302,-0.549
Myanmar,1989,0.352,14.352,353.2,1.24,1.7045,0.0112,11.987,11.381,23.368,-0.45,-0.418,-0.868
Myanmar,1990,0.221,14.221,354.45,1.2,1.7144,0.0086,11.718,11.365,23.082,-0.719,-0.434,-1.153
Myanmar,1991,0.546,14.546,355.7,1.05,1.7248,0.0141,11.77,11.498,23.268,-0.667,-0.301,-0.967
Myanmar,1992,0.09,14.09,356.54,0.49,1.7355,0.0024,12.122,11.374,23.496,-0.315,-0.425,-0.74
Myanmar,1993,0.115,14.115,357.21,1.36,1.7365,0.0039,11.947,11.37,23.317,-0.49,-0.429,-0.919
Myanmar,1994,0.477,14.477,358.96,1.96,1.7421,0.0073,12.032,11.728,23.76,-0.404,-0.072,-0.476
Myanmar,1995,0.661,14.661,360.97,2.01,1.7489,0.0038,11.438,11.748,23.187,-0.998,-0.051,-1.049
Myanmar,1996,0.39,14.39,362.74,1.24,1.7513,0.0025,11.848,11.743,23.592,-0.588,-0.056,-0.644
Myanmar,1997,0.274,14.274,363.88,1.91,1.7545,0.0064,11.692,11.341,23.032,-0.745,-0.458,-1.203
Myanmar,1998,1.208,15.208,366.84,2.97,1.7655,0.0121,11.782,11.689,23.471,-0.655,-0.11,-0.765
Myanmar,1999,0.927,14.927,368.54,0.92,1.7723,0.0024,11.713,11.712,23.426,-0.723,-0.087,-0.81
Myanmar,2000,0.236,14.236,369.71,1.62,1.7733,-0.0014,11.519,11.724,23.243,-0.917,-0.075,-0.992
Myanmar,2001,0.691,14.691,371.32,1.62,1.7713,-0.0007,11.622,11.628,23.25,-0.814,-0.172,-0.986
Myanmar,2002,0.734,14.734,373.45,2.51,1.7727,0.0032,11.385,11.176,22.561,-1.052,-0.623,-1.675
Myanmar,2003,0.719,14.719,375.98,2.26,1.7773,0.0048,11.419,11.924,23.343,-1.017,0.125,-0.892
Myanmar,2004,0.673,14.673,377.7,1.59,1.777,-0.0048,11.251,11.938,23.189,-1.186,0.139,-1.047
Myanmar,2005,1.004,15.004,379.98,2.57,1.7742,0.0003,10.928,11.648,22.575,-1.509,-0.152,-1.661
Myanmar,2006,0.893,14.893,382.09,1.69,1.775,0.0019,10.794,11.412,22.206,-1.642,-0.387,-2.03
Myanmar,2007,0.583,14.583,384.02,2.31,1.7814,0.0078,10.498,11.637,22.135,-1.938,-0.162,-2.101
Myanmar,2008,0.586,14.586,385.83,1.54,1.787,0.0065,10.99,12.213,23.203,-1.447,0.414,-1.032
Myanmar,2009,1.028,15.028,387.64,2.0,1.7935,0.0047,10.956,11.999,22.955,-1.481,0.2,-1.281
Myanmar,2010,1.326,15.326,390.1,2.3,1.7989,0.0051,10.734,12.058,22.792,-1.702,0.258,-1.444
Myanmar,2011,0.651,14.651,391.85,1.92,1.8031,0.005,10.506,11.45,21.956,-1.931,-0.349,-2.28
Myanmar,2012,1.044,15.044,394.06,2.65,1.8081,0.005,10.42,11.981,22.401,-2.017,0.182,-1.835
Myanmar,2013,1.109,15.109,396.74,1.99,1.8134,0.0057,10.919,12.474,23.393,-1.517,0.675,-0.842
Myanmar,2014,1.009,15.009,398.81,2.17,1.8226,0.0127,10.812,12.727,23.539,-1.624,0.928,-0.697
Myanmar,2015,1.308,15.308,401.01,2.95,1.8342,0.01,10.589,12.366,22.955,-1.848,0.567,-1.281
Myanmar,2016,1.539,15.539,404.41,3.03,1.8431,0.007,10.176,11.178,21.353,-2.261,-0.622,-2.882
Myanmar,2017,1.434,15.434,406.76,1.9,1.8496,0.0069,10.415,10.702,21.118,-2.022,-1.097,-3.118
Myanmar,2018,1.181,15.181,408.72,2.85,1.8573,0.0088,10.378,10.952,21.33,-2.058,-0.847,-2.906
Myanmar,2019,1.879,15.879,411.65,2.49,1.8666,0.0096,10.225,10.83,21.055,-2.212,-0.969,-3.181
Myanmar,2020,1.869,15.869,414.21,2.3,1.8787,0.0148,10.164,11.578,21.742,-2.272,-0.222,-2.494
Namibia,1979,0.32,14.32,336.84,1.83,1.5305,0.0166,12.35,11.656,24.006,-0.087,-0.143,-0.23
Namibia,1980,0.111,14.111,338.76,1.68,1.5471,0.0169,12.348,11.206,23.554,-0.088,-0.593,-0.682
Namibia,1981,-0.067,13.933,340.12,1.43,1.564,0.0169,12.147,11.387,23.533,-0.29,-0.413,-0.702
Namibia,1982,0.268,14.268,341.48,0.86,1.5809,0.0333,12.468,11.595,24.062,0.031,-0.204,-0.173
Namibia,1983,0.593,14.593,343.15,2.36,1.6142,0.0306,12.353,11.344,23.698,-0.083,-0.455,-0.538
Namibia,1984,0.667,14.667,344.87,1.51,1.6448,0.0129,11.92,11.428,23.348,-0.517,-0.371,-0.887
Namibia,1985,0.4,14.4,346.35,1.21,1.6573,0.0122,12.016,11.569,23.585,-0.421,-0.23,-0.651
Namibia,1986,0.177,14.177,347.61,1.47,1.6701,0.0129,12.224,11.044,23.268,-0.212,-0.755,-0.967
Namibia,1987,0.891,14.891,349.31,2.06,1.6827,0.0114,12.268,11.405,23.673,-0.169,-0.394,-0.562
Namibia,1988,0.254,14.254,351.69,2.24,1.6931,0.0107,12.19,11.497,23.687,-0.247,-0.302,-0.549
Namibia,1989,-0.524,13.476,353.2,1.24,1.7045,0.0112,11.987,11.381,23.368,-0.45,-0.418,-0.868
Namibia,1990,0.506,14.506,354.45,1.2,1.7144,0.0086,11.718,11.365,23.082,-0.719,-0.434,-1.153
Namibia,1991,-0.045,13.955,355.7,1.05,1.7248,0.0141,11.77,11.498,23.268,-0.667,-0.301,-0.967
Namibia,1992,0.409,14.409,356.54,0.49,1.7355,0.0024,12.122,11.374,23.496,-0.315,-0.425,-0.74
Namibia,1993,0.518,14.518,357.21,1.36,1.7365,0.0039,11.947,11.37,23.317,-0.49,-0.429,-0.919
Namibia,1994,-0.019,13.981,358.96,1.96,1.7421,0.0073,12.032,11.728,23.76,-0.404,-0.072,-0.476
Namibia,1995,0.752,14.752,360.97,2.01,1.7489,0.0038,11.438,11.748,23.187,-0.998,-0.051,-1.049
Namibia,1996,-0.094,13.906,362.74,1.24,1.7513,0.0025,11.848,11.743,23.592,-0.588,-0.056,-0.644
Namibia,1997,-0.132,13.868,363.88,1.91,1.7545,0.0064,11.692,11.341,23.032,-0.745,-0.458,-1.203
Namibia,1998,1.093,15.093,366.84,2.97,1.7655,0.0121,11.782,11.689,23.471,-0.655,-0.11,-0.765
Namibia,1999,0.646,14.646,368.54,0.92,1.7723,0.0024,11.713,11.712,23.426,-0.723,-0.087,-0.81
Namibia,2000,-0.227,13.773,369.71,1.62,1.7733,-0.0014,11.519,11.724,23.243,-0.917,-0.075,-0.992
Namibia,2001,0.182,14.182,371.32,1.62,1.7713,-0.0007,11.622,11.628,23.25,-0.814,-0.172,-0.986
Namibia,2002,0.583,14.583,373.45,2.51,1.7727,0.0032,11.385,11.176,22.561,-1.052,-0.623,-1.675
Namibia,2003,1.003,15.003,375.98,2.26,1.7773,0.0048,11.419,11.924,23.343,-1.017,0.125,-0.892
Namibia,2004,0.705,14.705,377.7,1.59,1.777,-0.0048,11.251,11.938,23.189,-1.186,0.139,-1.047
Namibia,2005,1.083,15.083,379.98,2.57,1.7742,0.0003,10.928,11.648,22.575,-1.509,-0.152,-1.661
Namibia,2006,-0.175,13.825,382.09,1.69,1.775,0.0019,10.794,11.412,22.206,-1.642,-0.387,-2.03
Namibia,2007,0.679,14.679,384.02,2.31,1.7814,0.0078,10.498,11.637,22.135,-1.938,-0.162,-2.101
Namibia,2008,0.653,14.653,385.83,1.54,1.787,0.0065,10.99,12.213,23.203,-1.447,0.414,-1.032
Namibia,2009,0.418,14.418,387.64,2.0,1.7935,0.0047,10.956,11.999,22.955,-1.481,0.2,-1.281
Namibia,2010,1.171,15.171,390.1,2.3,1.7989,0.0051,10.734,12.058,22.792,-1.702,0.258,-1.444
Namibia,2011,-0.499,13.501,391.85,1.92,1.8031,0.005,10.506,11.45,21.956,-1.931,-0.349,-2.28
Namibia,2012,-0.115,13.885,394.06,2.65,1.8081,0.005,10.42,11.981,22.401,-2.017,0.182,-1.835
Namibia,2013,0.728,14.728,396.74,1.99,1.8134,0.0057,10.919,12.474,23.393,-1.517,0.675,-0.842
Namibia,2014,0.412,14.412,398.81,2.17,1.8226,0.0127,10.812,12.727,23.539,-1.624,0.928,-0.697
Namibia,2015,1.089,15.089,401.01,2.95,1.8342,0.01,10.589,12.366,22.955,-1.848,0.567,-1.281
Namibia,2016,1.487,15.487,404.41,3.03,1.8431,0.007,10.176,11.178,21.353,-2.261,-0.622,-2.882
Namibia,2017,0.844,14.844,406.76,1.9,1.8496,0.0069,10.415,10.702,21.118,-2.022,-1.097,-3.118
Namibia,2018,1.231,15.231,408.72,2.85,1.8573,0.0088,10.378,10.952,21.33,-2.058,-0.847,-2.906
Namibia,2019,1.939,15.939,411.65,2.49,1.8666,0.0096,10.225,10.83,21.055,-2.212,-0.969,-3.181
Namibia,2020,0.609,14.609,414.21,2.3,1.8787,0.0148,10.164,11.578,21.742,-2.272,-0.222,-2.494
Nauru,1979,0.215,14.215,336.84,1.83,1.5305,0.0166,12.35,11.656,24.006,-0.087,-0.143,-0.23
Nauru,1980,-0.016,13.984,338.76,1.68,1.5471,0.0169,12.348,11.206,23.554,-0.088,-0.593,-0.682
Nauru,1981,0.124,14.124,340.12,1.43,1.564,0.0169,12.147,11.387,23.533,-0.29,-0.413,-0.702
Nauru,1982,-0.397,13.603,341.48,0.86,1.5809,0.0333,12.468,11.595,24.062,0.031,-0.204,-0.173
Nauru,1983,-0.336,13.664,343.15,2.36,1.6142,0.0306,12.353,11.344,23.698,-0.083,-0.455,-0.538
Nauru,1984,-0.275,13.725,344.87,1.51,1.6448,0.0129,11.92,11.428,23.348,-0.517,-0.371,-0.887
Nauru,1985,-0.203,13.797,346.35,1.21,1.6573,0.0122,12.016,11.569,23.585,-0.421,-0.23,-0.651
Nauru,1986,-0.1588,13.8412,347.61,1.47,1.6701,0.0129,12.224,11.044,23.268,-0.212,-0.755,-0.967
Nauru,1987,-0.1145,13.8855,349.31,2.06,1.6827,0.0114,12.268,11.405,23.673,-0.169,-0.394,-0.562
Nauru,1988,-0.0703,13.9297,351.69,2.24,1.6931,0.0107,12.19,11.497,23.687,-0.247,-0.302,-0.549
Nauru,1989,-0.026,13.974,353.2,1.24,1.7045,0.0112,11.987,11.381,23.368,-0.45,-0.418,-0.868
Nauru,1990,-0.405,13.595,354.45,1.2,1.7144,0.0086,11.718,11.365,23.082,-0.719,-0.434,-1.153
Nauru,1991,-0.23,13.77,355.7,1.05,1.7248,0.0141,11.77,11.498,23.268,-0.667,-0.301,-0.967
Nauru,1992,-0.658,13.342,356.54,0.49,1.7355,0.0024,12.122,11.374,23.496,-0.315,-0.425,-0.74
Nauru,1993,-0.658,13.342,357.21,1.36,1.7365,0.0039,11.947,11.37,23.317,-0.49,-0.429,-0.919
Nauru,1994,-0.658,13.342,358.96,1.96,1.7421,0.0073,12.032,11.728,23.76,-0.404,-0.072,-0.476
Nauru,1995,-0.658,13.342,360.97,2.01,1.7489,0.0038,11.438,11.748,23.187,-0.998,-0.051,-1.049
Nauru,1996,-0.658,13.342,362.74,1.24,1.7513,0.0025,11.848,11.743,23.592,-0.588,-0.056,-0.644
Nauru,1997,-0.658,13.342,363.88,1.91,1.7545,0.0064,11.692,11.341,23.032,-0.745,-0.458,-1.203
Nauru,1998,-0.658,13.342,366.84,2.97,1.7655,0.0121,11.782,11.689,23.471,-0.655,-0.11,-0.765
Nauru,1999,-0.658,13.342,368.54,0.92,1.7723,0.0024,11.713,11.712,23.426,-0.723,-0.087,-0.81
Nauru,2000,-0.658,13.342,369.71,1.62,1.7733,-0.0014,11.519,11.724,23.243,-0.917,-0.075,-0.992
Nauru,2001,-0.658,13.342,371.32,1.62,1.7713,-0.0007,11.622,11.628,23.25,-0.814,-0.172,-0.986
Nauru,2002,-0.658,13.342,373.45,2.51,1.7727,0.0032,11.385,11.176,22.561,-1.052,-0.623,-1.675
Nauru,2003,-0.658,13.342,375.98,2.26,1.7773,0.0048,11.419,11.924,23.343,-1.017,0.125,-0.892
Nauru,2004,-0.658,13.342,377.7,1.59,1.777,-0.0048,11.251,11.938,23.189,-1.186,0.139,-1.047
Nauru,2005,-0.658,13.342,379.98,2.57,1.7742,0.0003,10.928,11.648,22.575,-1.509,-0.152,-1.661
Nauru,2006,-0.658,13.342,382.09,1.69,1.775,0.0019,10.794,11.412,22.206,-1.642,-0.387,-2.03
Nauru,2007,-0.658,13.342,384.02,2.31,1.7814,0.0078,10.498,11.637,22.135,-1.938,-0.162,-2.101
Nauru,2008,-0.658,13.342,385.83,1.54,1.787,0.0065,10.99,12.213,23.203,-1.447,0.414,-1.032
Nauru,2009,-0.658,13.342,387.64,2.0,1.7935,0.0047,10.956,11.999,22.955,-1.481,0.2,-1.281
Nauru,2010,-0.658,13.342,390.1,2.3,1.7989,0.0051,10.734,12.058,22.792,-1.702,0.258,-1.444
Nauru,2011,-0.658,13.342,391.85,1.92,1.8031,0.005,10.506,11.45,21.956,-1.931,-0.349,-2.28
Nauru,2012,-0.658,13.342,394.06,2.65,1.8081,0.005,10.42,11.981,22.401,-2.017,0.182,-1.835
Nauru,2013,-0.658,13.342,396.74,1.99,1.8134,0.0057,10.919,12.474,23.393,-1.517,0.675,-0.842
Nauru,2014,-0.658,13.342,398.81,2.17,1.8226,0.0127,10.812,12.727,23.539,-1.624,0.928,-0.697
Nauru,2015,-0.658,13.342,401.01,2.95,1.8342,0.01,10.589,12.366,22.955,-1.848,0.567,-1.281
Nauru,2016,-0.658,13.342,404.41,3.03,1.8431,0.007,10.176,11.178,21.353,-2.261,-0.622,-2.882
Nauru,2017,-0.658,13.342,406.76,1.9,1.8496,0.0069,10.415,10.702,21.118,-2.022,-1.097,-3.118
Nauru,2018,-0.658,13.342,408.72,2.85,1.8573,0.0088,10.378,10.952,21.33,-2.058,-0.847,-2.906
Nauru,2019,-0.658,13.342,411.65,2.49,1.8666,0.0096,10.225,10.83,21.055,-2.212,-0.969,-3.181
Nauru,2020,-0.658,13.342,414.21,2.3,1.8787,0.0148,10.164,11.578,21.742,-2.272,-0.222,-2.494
Nepal,1979,0.35,14.35,336.84,1.83,1.5305,0.0166,12.35,11.656,24.006,-0.087,-0.143,-0.23
Nepal,1980,0.19,14.19,338.76,1.68,1.5471,0.0169,12.348,11.206,23.554,-0.088,-0.593,-0.682
Nepal,1981,-0.025,13.975,340.12,1.43,1.564,0.0169,12.147,11.387,23.533,-0.29,-0.413,-0.702
Nepal,1982,-0.094,13.906,341.48,0.86,1.5809,0.0333,12.468,11.595,24.062,0.031,-0.204,-0.173
Nepal,1983,-0.355,13.645,343.15,2.36,1.6142,0.0306,12.353,11.344,23.698,-0.083,-0.455,-0.538
Nepal,1984,0.042,14.042,344.87,1.51,1.6448,0.0129,11.92,11.428,23.348,-0.517,-0.371,-0.887
Nepal,1985,0.388,14.388,346.35,1.21,1.6573,0.0122,12.016,11.569,23.585,-0.421,-0.23,-0.651
Nepal,1986,0.013,14.013,347.61,1.47,1.6701,0.0129,12.224,11.044,23.268,-0.212,-0.755,-0.967
Nepal,1987,0.432,14.432,349.31,2.06,1.6827,0.0114,12.268,11.405,23.673,-0.169,-0.394,-0.562
Nepal,1988,0.659,14.659,351.69,2.24,1.6931,0.0107,12.19,11.497,23.687,-0.247,-0.302,-0.549
Nepal,1989,0.165,14.165,353.2,1.24,1.7045,0.0112,11.987,11.381,23.368,-0.45,-0.418,-0.868
Nepal,1990,0.068,14.068,354.45,1.2,1.7144,0.0086,11.718,11.365,23.082,-0.719,-0.434,-1.153
Nepal,1991,0.148,14.148,355.7,1.05,1.7248,0.0141,11.77,11.498,23.268,-0.667,-0.301,-0.967
Nepal,1992,-0.002,13.998,356.54,0.49,1.7355,0.0024,12.122,11.374,23.496,-0.315,-0.425,-0.74
Nepal,1993,-0.108,13.892,357.21,1.36,1.7365,0.0039,11.947,11.37,23.317,-0.49,-0.429,-0.919
Nepal,1994,0.224,14.224,358.96,1.96,1.7421,0.0073,12.032,11.728,23.76,-0.404,-0.072,-0.476
Nepal,1995,0.354,14.354,360.97,2.01,1.7489,0.0038,11.438,11.748,23.187,-0.998,-0.051,-1.049
Nepal,1996,0.278,14.278,362.74,1.24,1.7513,0.0025,11.848,11.743,23.592,-0.588,-0.056,-0.644
Nepal,1997,-0.322,13.678,363.88,1.91,1.7545,0.0064,11.692,11.341,23.032,-0.745,-0.458,-1.203
Nepal,1998,0.405,14.405,366.84,2.97,1.7655,0.0121,11.782,11.689,23.471,-0.655,-0.11,-0.765
Nepal,1999,0.715,14.715,368.54,0.92,1.7723,0.0024,11.713,11.712,23.426,-0.723,-0.087,-0.81
Nepal,2000,0.168,14.168,369.71,1.62,1.7733,-0.0014,11.519,11.724,23.243,-0.917,-0.075,-0.992
Nepal,2001,0.534,14.534,371.32,1.62,1.7713,-0.0007,11.622,11.628,23.25,-0.814,-0.172,-0.986
Nepal,2002,0.633,14.633,373.45,2.51,1.7727,0.0032,11.385,11.176,22.561,-1.052,-0.623,-1.675
Nepal,2003,0.397,14.397,375.98,2.26,1.7773,0.0048,11.419,11.924,23.343,-1.017,0.125,-0.892
Nepal,2004,0.456,14.456,377.7,1.59,1.777,-0.0048,11.251,11.938,23.189,-1.186,0.139,-1.047
Nepal,2005,0.789,14.789,379.98,2.57,1.7742,0.0003,10.928,11.648,22.575,-1.509,-0.152,-1.661
Nepal,2006,0.919,14.919,382.09,1.69,1.775,0.0019,10.794,11.412,22.206,-1.642,-0.387,-2.03
Nepal,2007,0.602,14.602,384.02,2.31,1.7814,0.0078,10.498,11.637,22.135,-1.938,-0.162,-2.101
Nepal,2008,0.387,14.387,385.83,1.54,1.787,0.0065,10.99,12.213,23.203,-1.447,0.414,-1.032
Nepal,2009,1.252,15.252,387.64,2.0,1.7935,0.0047,10.956,11.999,22.955,-1.481,0.2,-1.281
Nepal,2010,1.282,15.282,390.1,2.3,1.7989,0.0051,10.734,12.058,22.792,-1.702,0.258,-1.444
Nepal,2011,0.374,14.374,391.85,1.92,1.8031,0.005,10.506,11.45,21.956,-1.931,-0.349,-2.28
Nepal,2012,0.526,14.526,394.06,2.65,1.8081,0.005,10.42,11.981,22.401,-2.017,0.182,-1.835
Nepal,2013,0.341,14.341,396.74,1.99,1.8134,0.0057,10.919,12.474,23.393,-1.517,0.675,-0.842
Nepal,2014,0.453,14.453,398.81,2.17,1.8226,0.0127,10.812,12.727,23.539,-1.624,0.928,-0.697
Nepal,2015,0.67,14.67,401.01,2.95,1.8342,0.01,10.589,12.366,22.955,-1.848,0.567,-1.281
Nepal,2016,1.192,15.192,404.41,3.03,1.8431,0.007,10.176,11.178,21.353,-2.261,-0.622,-2.882
Nepal,2017,1.123,15.123,406.76,1.9,1.8496,0.0069,10.415,10.702,21.118,-2.022,-1.097,-3.118
Nepal,2018,0.654,14.654,408.72,2.85,1.8573,0.0088,10.378,10.952,21.33,-2.058,-0.847,-2.906
Nepal,2019,0.67,14.67,411.65,2.49,1.8666,0.0096,10.225,10.83,21.055,-2.212,-0.969,-3.181
Nepal,2020,-0.02,13.98,414.21,2.3,1.8787,0.0148,10.164,11.578,21.742,-2.272,-0.222,-2.494
Netherlands,1979,-0.906,13.094,336.84,1.83,1.5305,0.0166,12.35,11.656,24.006,-0.087,-0.143,-0.23
Netherlands,1980,0.007,14.007,338.76,1.68,1.5471,0.0169,12.348,11.206,23.554,-0.088,-0.593,-0.682
Netherlands,1981,0.336,14.336,340.12,1.43,1.564,0.0169,12.147,11.387,23.533,-0.29,-0.413,-0.702
Netherlands,1982,0.464,14.464,341.48,0.86,1.5809,0.0333,12.468,11.595,24.062,0.031,-0.204,-0.173
Netherlands,1983,0.869,14.869,343.15,2.36,1.6142,0.0306,12.353,11.344,23.698,-0.083,-0.455,-0.538
Netherlands,1984,0.062,14.062,344.87,1.51,1.6448,0.0129,11.92,11.428,23.348,-0.517,-0.371,-0.887
Netherlands,1985,-0.849,13.151,346.35,1.21,1.6573,0.0122,12.016,11.569,23.585,-0.421,-0.23,-0.651
Netherlands,1986,-0.194,13.806,347.61,1.47,1.6701,0.0129,12.224,11.044,23.268,-0.212,-0.755,-0.967
Netherlands,1987,-0.498,13.502,349.31,2.06,1.6827,0.0114,12.268,11.405,23.673,-0.169,-0.394,-0.562
Netherlands,1988,0.799,14.799,351.69,2.24,1.6931,0.0107,12.19,11.497,23.687,-0.247,-0.302,-0.549
Netherlands,1989,1.544,15.544,353.2,1.24,1.7045,0.0112,11.987,11.381,23.368,-0.45,-0.418,-0.868
Netherlands,1990,1.57,15.57,354.45,1.2,1.7144,0.0086,11.718,11.365,23.082,-0.719,-0.434,-1.153
Netherlands,1991,0.268,14.268,355.7,1.05,1.7248,0.0141,11.77,11.498,23.268,-0.667,-0.301,-0.967
Netherlands,1992,1.186,15.186,356.54,0.49,1.7355,0.0024,12.122,11.374,23.496,-0.315,-0.425,-0.74
Netherlands,1993,0.252,14.252,357.21,1.36,1.7365,0.0039,11.947,11.37,23.317,-0.49,-0.429,-0.919
Netherlands,1994,1.37,15.37,358.96,1.96,1.7421,0.0073,12.032,11.728,23.76,-0.404,-0.072,-0.476
Netherlands,1995,1.548,15.548,360.97,2.01,1.7489,0.0038,11.438,11.748,23.187,-0.998,-0.051,-1.049
Netherlands,1996,-0.772,13.228,362.74,1.24,1.7513,0.0025,11.848,11.743,23.592,-0.588,-0.056,-0.644
Netherlands,1997,0.617,14.617,363.88,1.91,1.7545,0.0064,11.692,11.341,23.032,-0.745,-0.458,-1.203
Netherlands,1998,1.073,15.073,366.84,2.97,1.7655,0.0121,11.782,11.689,23.471,-0.655,-0.11,-0.765
Netherlands,1999,1.579,15.579,368.54,0.92,1.7723,0.0024,11.713,11.712,23.426,-0.723,-0.087,-0.81
Netherlands,2000,1.6,15.6,369.71,1.62,1.7733,-0.0014,11.519,11.724,23.243,-0.917,-0.075,-0.992
Netherlands,2001,1.274,15.274,371.32,1.62,1.7713,-0.0007,11.622,11.628,23.25,-0.814,-0.172,-0.986
Netherlands,2002,1.531,15.531,373.45,2.51,1.7727,0.0032,11.385,11.176,22.561,-1.052,-0.623,-1.675
Netherlands,2003,1.209,15.209,375.98,2.26,1.7773,0.0048,11.419,11.924,23.343,-1.017,0.125,-0.892
Netherlands,2004,1.16,15.16,377.7,1.59,1.777,-0.0048,11.251,11.938,23.189,-1.186,0.139,-1.047
Netherlands,2005,1.251,15.251,379.98,2.57,1.7742,0.0003,10.928,11.648,22.575,-1.509,-0.152,-1.661
Netherlands,2006,1.505,15.505,382.09,1.69,1.775,0.0019,10.794,11.412,22.206,-1.642,-0.387,-2.03
Netherlands,2007,2.068,16.068,384.02,2.31,1.7814,0.0078,10.498,11.637,22.135,-1.938,-0.162,-2.101
Netherlands,2008,1.425,15.425,385.83,1.54,1.787,0.0065,10.99,12.213,23.203,-1.447,0.414,-1.032
Netherlands,2009,1.219,15.219,387.64,2.0,1.7935,0.0047,10.956,11.999,22.955,-1.481,0.2,-1.281
Netherlands,2010,0.094,14.094,390.1,2.3,1.7989,0.0051,10.734,12.058,22.792,-1.702,0.258,-1.444
Netherlands,2011,1.061,15.061,391.85,1.92,1.8031,0.005,10.506,11.45,21.956,-1.931,-0.349,-2.28
Netherlands,2012,1.141,15.141,394.06,2.65,1.8081,0.005,10.42,11.981,22.401,-2.017,0.182,-1.835
Netherlands,2013,0.421,14.421,396.74,1.99,1.8134,0.0057,10.919,12.474,23.393,-1.517,0.675,-0.842
Netherlands,2014,2.555,16.555,398.81,2.17,1.8226,0.0127,10.812,12.727,23.539,-1.624,0.928,-0.697
Netherlands,2015,1.282,15.282,401.01,2.95,1.8342,0.01,10.589,12.366,22.955,-1.848,0.567,-1.281
Netherlands,2016,1.924,15.924,404.41,3.03,1.8431,0.007,10.176,11.178,21.353,-2.261,-0.622,-2.882
Netherlands,2017,1.723,15.723,406.76,1.9,1.8496,0.0069,10.415,10.702,21.118,-2.022,-1.097,-3.118
Netherlands,2018,2.127,16.127,408.72,2.85,1.8573,0.0088,10.378,10.952,21.33,-2.058,-0.847,-2.906
Netherlands,2019,2.136,16.136,411.65,2.49,1.8666,0.0096,10.225,10.83,21.055,-2.212,-0.969,-3.181
Netherlands,2020,2.482,16.482,414.21,2.3,1.8787,0.0148,10.164,11.578,21.742,-2.272,-0.222,-2.494
Netherlands Antilles (former),1979,0.121,14.121,336.84,1.83,1.5305,0.0166,12.35,11.656,24.006,-0.087,-0.143,-0.23
Netherlands Antilles (former),1980,0.542,14.542,338.76,1.68,1.5471,0.0169,12.348,11.206,23.554,-0.088,-0.593,-0.682
Netherlands Antilles (former),1981,0.489,14.489,340.12,1.43,1.564,0.0169,12.147,11.387,23.533,-0.29,-0.413,-0.702
Netherlands Antilles (former),1982,0.242,14.242,341.48,0.86,1.5809,0.0333,12.468,11.595,24.062,0.031,-0.204,-0.173
Netherlands Antilles (former),1983,0.651,14.651,343.15,2.36,1.6142,0.0306,12.353,11.344,23.698,-0.083,-0.455,-0.538
Netherlands Antilles (former),1984,0.055,14.055,344.87,1.51,1.6448,0.0129,11.92,11.428,23.348,-0.517,-0.371,-0.887
Netherlands Antilles (former),1985,-0.154,13.846,346.35,1.21,1.6573,0.0122,12.016,11.569,23.585,-0.421,-0.23,-0.651
Netherlands Antilles (former),1986,-0.079,13.921,347.61,1.47,1.6701,0.0129,12.224,11.044,23.268,-0.212,-0.755,-0.967
Netherlands Antilles (former),1987,0.587,14.587,349.31,2.06,1.6827,0.0114,12.268,11.405,23.673,-0.169,-0.394,-0.562
Netherlands Antilles (former),1988,0.292,14.292,351.69,2.24,1.6931,0.0107,12.19,11.497,23.687,-0.247,-0.302,-0.549
Netherlands Antilles (former),1989,-0.188,13.812,353.2,1.24,1.7045,0.0112,11.987,11.381,23.368,-0.45,-0.418,-0.868
Netherlands Antilles (former),1990,0.204,14.204,354.45,1.2,1.7144,0.0086,11.718,11.365,23.082,-0.719,-0.434,-1.153
Netherlands Antilles (former),1991,0.221,14.221,355.7,1.05,1.7248,0.0141,11.77,11.498,23.268,-0.667,-0.301,-0.967
Netherlands Antilles (former),1992,0.135,14.135,356.54,0.49,1.7355,0.0024,12.122,11.374,23.496,-0.315,-0.425,-0.74
Netherlands Antilles (former),1993,0.359,14.359,357.21,1.36,1.7365,0.0039,11.947,11.37,23.317,-0.49,-0.429,-0.919
Netherlands Antilles (former),1994,0.321,14.321,358.96,1.96,1.7421,0.0073,12.032,11.728,23.76,-0.404,-0.072,-0.476
Netherlands Antilles (former),1995,0.524,14.524,360.97,2.01,1.7489,0.0038,11.438,11.748,23.187,-0.998,-0.051,-1.049
Netherlands Antilles (former),1996,0.562,14.562,362.74,1.24,1.7513,0.0025,11.848,11.743,23.592,-0.588,-0.056,-0.644
Netherlands Antilles (former),1997,0.467,14.467,363.88,1.91,1.7545,0.0064,11.692,11.341,23.032,-0.745,-0.458,-1.203
Netherlands Antilles (former),1998,0.935,14.935,366.84,2.97,1.7655,0.0121,11.782,11.689,23.471,-0.655,-0.11,-0.765
Netherlands Antilles (former),1999,0.277,14.277,368.54,0.92,1.7723,0.0024,11.713,11.712,23.426,-0.723,-0.087,-0.81
Netherlands Antilles (former),2000,0.007,14.007,369.71,1.62,1.7733,-0.0014,11.519,11.724,23.243,-0.917,-0.075,-0.992
Netherlands Antilles (former),2001,0.468,14.468,371.32,1.62,1.7713,-0.0007,11.622,11.628,23.25,-0.814,-0.172,-0.986
Netherlands Antilles (former),2002,0.473,14.473,373.45,2.51,1.7727,0.0032,11.385,11.176,22.561,-1.052,-0.623,-1.675
Netherlands Antilles (former),2003,0.784,14.784,375.98,2.26,1.7773,0.0048,11.419,11.924,23.343,-1.017,0.125,-0.892
Netherlands Antilles (former),2004,0.428,14.428,377.7,1.59,1.777,-0.0048,11.251,11.938,23.189,-1.186,0.139,-1.047
Netherlands Antilles (former),2005,0.63,14.63,379.98,2.57,1.7742,0.0003,10.928,11.648,22.575,-1.509,-0.152,-1.661
Netherlands Antilles (former),2006,0.323,14.323,382.09,1.69,1.775,0.0019,10.794,11.412,22.206,-1.642,-0.387,-2.03
Netherlands Antilles (former),2007,0.709,14.709,384.02,2.31,1.7814,0.0078,10.498,11.637,22.135,-1.938,-0.162,-2.101
Netherlands Antilles (former),2008,0.269,14.269,385.83,1.54,1.787,0.0065,10.99,12.213,23.203,-1.447,0.414,-1.032
Netherlands Antilles (former),2009,0.595,14.595,387.64,2.0,1.7935,0.0047,10.956,11.999,22.955,-1.481,0.2,-1.281
Netherlands Antilles (former),2010,1.05,15.05,390.1,2.3,1.7989,0.0051,10.734,12.058,22.792,-1.702,0.258,-1.444
Netherlands Antilles (former),2011,0.306,14.306,391.85,1.92,1.8031,0.005,10.506,11.45,21.956,-1.931,-0.349,-2.28
Netherlands Antilles (former),2012,0.405,14.405,394.06,2.65,1.8081,0.005,10.42,11.981,22.401,-2.017,0.182,-1.835
Netherlands Antilles (former),2013,0.828,14.828,396.74,1.99,1.8134,0.0057,10.919,12.474,23.393,-1.517,0.675,-0.842
Netherlands Antilles (former),2014,0.798,14.798,398.81,2.17,1.8226,0.0127,10.812,12.727,23.539,-1.624,0.928,-0.697
Netherlands Antilles (former),2015,1.027,15.027,401.01,2.95,1.8342,0.01,10.589,12.366,22.955,-1.848,0.567,-1.281
Netherlands Antilles (former),2016,0.976,14.976,404.41,3.03,1.8431,0.007,10.176,11.178,21.353,-2.261,-0.622,-2.882
Netherlands Antilles (former),2017,1.032,15.032,406.76,1.9,1.8496,0.0069,10.415,10.702,21.118,-2.022,-1.097,-3.118
Netherlands Antilles (former),2018,0.551,14.551,408.72,2.85,1.8573,0.0088,10.378,10.952,21.33,-2.058,-0.847,-2.906
Netherlands Antilles (former),2019,0.806,14.806,411.65,2.49,1.8666,0.0096,10.225,10.83,21.055,-2.212,-0.969,-3.181
Netherlands Antilles (former),2020,1.062,15.062,414.21,2.3,1.8787,0.0148,10.164,11.578,21.742,-2.272,-0.222,-2.494
New Caledonia,1979,-0.101,13.899,336.84,1.83,1.5305,0.0166,12.35,11.656,24.006,-0.087,-0.143,-0.23
New Caledonia,1980,0.109,14.109,338.76,1.68,1.5471,0.0169,12.348,11.206,23.554,-0.088,-0.593,-0.682
New Caledonia,1981,0.084,14.084,340.12,1.43,1.564,0.0169,12.147,11.387,23.533,-0.29,-0.413,-0.702
New Caledonia,1982,-0.005,13.995,341.48,0.86,1.5809,0.0333,12.468,11.595,24.062,0.031,-0.204,-0.173
New Caledonia,1983,0.493,14.493,343.15,2.36,1.6142,0.0306,12.353,11.344,23.698,-0.083,-0.455,-0.538
New Caledonia,1984,0.119,14.119,344.87,1.51,1.6448,0.0129,11.92,11.428,23.348,-0.517,-0.371,-0.887
New Caledonia,1985,0.297,14.297,346.35,1.21,1.6573,0.0122,12.016,11.569,23.585,-0.421,-0.23,-0.651
New Caledonia,1986,0.157,14.157,347.61,1.47,1.6701,0.0129,12.224,11.044,23.268,-0.212,-0.755,-0.967
New Caledonia,1987,-0.142,13.858,349.31,2.06,1.6827,0.0114,12.268,11.405,23.673,-0.169,-0.394,-0.562
New Caledonia,1988,0.837,14.837,351.69,2.24,1.6931,0.0107,12.19,11.497,23.687,-0.247,-0.302,-0.549
New Caledonia,1989,0.265,14.265,353.2,1.24,1.7045,0.0112,11.987,11.381,23.368,-0.45,-0.418,-0.868
New Caledonia,1990,0.527,14.527,354.45,1.2,1.7144,0.0086,11.718,11.365,23.082,-0.719,-0.434,-1.153
New Caledonia,1991,0.004,14.004,355.7,1.05,1.7248,0.0141,11.77,11.498,23.268,-0.667,-0.301,-0.967
New Caledonia,1992,0.12,14.12,356.54,0.49,1.7355,0.0024,12.122,11.374,23.496,-0.315,-0.425,-0.74
New Caledonia,1993,-0.15,13.85,357.21,1.36,1.7365,0.0039,11.947,11.37,23.317,-0.49,-0.429,-0.919
New Caledonia,1994,-0.219,13.781,358.96,1.96,1.7421,0.0073,12.032,11.728,23.76,-0.404,-0.072,-0.476
New Caledonia,1995,0.448,14.448,360.97,2.01,1.7489,0.0038,11.438,11.748,23.187,-0.998,-0.051,-1.049
New Caledonia,1996,0.636,14.636,362.74,1.24,1.7513,0.0025,11.848,11.743,23.592,-0.588,-0.056,-0.644
New Caledonia,1997,0.175,14.175,363.88,1.91,1.7545,0.0064,11.692,11.341,23.032,-0.745,-0.458,-1.203
New Caledonia,1998,1.606,15.606,366.84,2.97,1.7655,0.0121,11.782,11.689,23.471,-0.655,-0.11,-0.765
New Caledonia,1999,0.827,14.827,368.54,0.92,1.7723,0.0024,11.713,11.712,23.426,-0.723,-0.087,-0.81
New Caledonia,2000,0.345,14.345,369.71,1.62,1.7733,-0.0014,11.519,11.724,23.243,-0.917,-0.075,-0.992
New Caledonia,2001,0.586,14.586,371.32,1.62,1.7713,-0.0007,11.622,11.628,23.25,-0.814,-0.172,-0.986
New Caledonia,2002,0.584,14.584,373.45,2.51,1.7727,0.0032,11.385,11.176,22.561,-1.052,-0.623,-1.675
New Caledonia,2003,0.399,14.399,375.98,2.26,1.7773,0.0048,11.419,11.924,23.343,-1.017,0.125,-0.892
New Caledonia,2004,0.518,14.518,377.7,1.59,1.777,-0.0048,11.251,11.938,23.189,-1.186,0.139,-1.047
New Caledonia,2005,0.377,14.377,379.98,2.57,1.7742,0.0003,10.928,11.648,22.575,-1.509,-0.152,-1.661
New Caledonia,2006,0.282,14.282,382.09,1.69,1.775,0.0019,10.794,11.412,22.206,-1.642,-0.387,-2.03
New Caledonia,2007,0.683,14.683,384.02,2.31,1.7814,0.0078,10.498,11.637,22.135,-1.938,-0.162,-2.101
New Caledonia,2008,0.608,14.608,385.83,1.54,1.787,0.0065,10.99,12.213,23.203,-1.447,0.414,-1.032
New Caledonia,2009,0.395,14.395,387.64,2.0,1.7935,0.0047,10.956,11.999,22.955,-1.481,0.2,-1.281
New Caledonia,2010,0.788,14.788,390.1,2.3,1.7989,0.0051,10.734,12.058,22.792,-1.702,0.258,-1.444
New Caledonia,2011,0.634,14.634,391.85,1.92,1.8031,0.005,10.506,11.45,21.956,-1.931,-0.349,-2.28
New Caledonia,2012,0.484,14.484,394.06,2.65,1.8081,0.005,10.42,11.981,22.401,-2.017,0.182,-1.835
New Caledonia,2013,0.597,14.597,396.74,1.99,1.8134,0.0057,10.919,12.474,23.393,-1.517,0.675,-0.842
New Caledonia,2014,0.605,14.605,398.81,2.17,1.8226,0.0127,10.812,12.727,23.539,-1.624,0.928,-0.697
New Caledonia,2015,0.818,14.818,401.01,2.95,1.8342,0.01,10.589,12.366,22.955,-1.848,0.567,-1.281
New Caledonia,2016,1.512,15.512,404.41,3.03,1.8431,0.007,10.176,11.178,21.353,-2.261,-0.622,-2.882
New Caledonia,2017,1.302,15.302,406.76,1.9,1.8496,0.0069,10.415,10.702,21.118,-2.022,-1.097,-3.118
New Caledonia,2018,0.937,14.937,408.72,2.85,1.8573,0.0088,10.378,10.952,21.33,-2.058,-0.847,-2.906
New Caledonia,2019,0.875,14.875,411.65,2.49,1.8666,0.0096,10.225,10.83,21.055,-2.212,-0.969,-3.181
New Caledonia,2020,1.366,15.366,414.21,2.3,1.8787,0.0148,10.164,11.578,21.742,-2.272,-0.222,-2.494
New Zealand,1979,0.314,14.314,336.84,1.83,1.5305,0.0166,12.35,11.656,24.006,-0.087,-0.143,-0.23
New Zealand,1980,0.002,14.002,338.76,1.68,1.5471,0.0169,12.348,11.206,23.554,-0.088,-0.593,-0.682
New Zealand,1981,0.418,14.418,340.12,1.43,1.564,0.0169,12.147,11.387,23.533,-0.29,-0.413,-0.702
New Zealand,1982,-0.075,13.925,341.48,0.86,1.5809,0.0333,12.468,11.595,24.062,0.031,-0.204,-0.173
New Zealand,1983,-0.311,13.689,343.15,2.36,1.6142,0.0306,12.353,11.344,23.698,-0.083,-0.455,-0.538
New Zealand,1984,0.167,14.167,344.87,1.51,1.6448,0.0129,11.92,11.428,23.348,-0.517,-0.371,-0.887
New Zealand,1985,0.394,14.394,346.35,1.21,1.6573,0.0122,12.016,11.569,23.585,-0.421,-0.23,-0.651
New Zealand,1986,0.376,14.376,347.61,1.47,1.6701,0.0129,12.224,11.044,23.268,-0.212,-0.755,-0.967
New Zealand,1987,0.405,14.405,349.31,2.06,1.6827,0.0114,12.268,11.405,23.673,-0.169,-0.394,-0.562
New Zealand,1988,0.532,14.532,351.69,2.24,1.6931,0.0107,12.19,11.497,23.687,-0.247,-0.302,-0.549
New Zealand,1989,0.763,14.763,353.2,1.24,1.7045,0.0112,11.987,11.381,23.368,-0.45,-0.418,-0.868
New Zealand,1990,0.602,14.602,354.45,1.2,1.7144,0.0086,11.718,11.365,23.082,-0.719,-0.434,-1.153
New Zealand,1991,-0.008,13.992,355.7,1.05,1.7248,0.0141,11.77,11.498,23.268,-0.667,-0.301,-0.967
New Zealand,1992,-0.704,13.296,356.54,0.49,1.7355,0.0024,12.122,11.374,23.496,-0.315,-0.425,-0.74
New Zealand,1993,-0.368,13.632,357.21,1.36,1.7365,0.0039,11.947,11.37,23.317,-0.49,-0.429,-0.919
New Zealand,1994,-0.069,13.931,358.96,1.96,1.7421,0.0073,12.032,11.728,23.76,-0.404,-0.072,-0.476
New Zealand,1995,0.095,14.095,360.97,2.01,1.7489,0.0038,11.438,11.748,23.187,-0.998,-0.051,-1.049
New Zealand,1996,0.234,14.234,362.74,1.24,1.7513,0.0025,11.848,11.743,23.592,-0.588,-0.056,-0.644
New Zealand,1997,-0.14,13.86,363.88,1.91,1.7545,0.0064,11.692,11.341,23.032,-0.745,-0.458,-1.203
New Zealand,1998,0.967,14.967,366.84,2.97,1.7655,0.0121,11.782,11.689,23.471,-0.655,-0.11,-0.765
New Zealand,1999,1.006,15.006,368.54,0.92,1.7723,0.0024,11.713,11.712,23.426,-0.723,-0.087,-0.81
New Zealand,2000,0.261,14.261,369.71,1.62,1.7733,-0.0014,11.519,11.724,23.243,-0.917,-0.075,-0.992
New Zealand,2001,0.565,14.565,371.32,1.62,1.7713,-0.0007,11.622,11.628,23.25,-0.814,-0.172,-0.986
New Zealand,2002,0.412,14.412,373.45,2.51,1.7727,0.0032,11.385,11.176,22.561,-1.052,-0.623,-1.675
New Zealand,2003,0.23,14.23,375.98,2.26,1.7773,0.0048,11.419,11.924,23.343,-1.017,0.125,-0.892
New Zealand,2004,0.025,14.025,377.7,1.59,1.777,-0.0048,11.251,11.938,23.189,-1.186,0.139,-1.047
New Zealand,2005,0.433,14.433,379.98,2.57,1.7742,0.0003,10.928,11.648,22.575,-1.509,-0.152,-1.661
New Zealand,2006,0.379,14.379,382.09,1.69,1.775,0.0019,10.794,11.412,22.206,-1.642,-0.387,-2.03
New Zealand,2007,0.221,14.221,384.02,2.31,1.7814,0.0078,10.498,11.637,22.135,-1.938,-0.162,-2.101
New Zealand,2008,0.545,14.545,385.83,1.54,1.787,0.0065,10.99,12.213,23.203,-1.447,0.414,-1.032
New Zealand,2009,0.02,14.02,387.64,2.0,1.7935,0.0047,10.956,11.999,22.955,-1.481,0.2,-1.281
New Zealand,2010,0.56,14.56,390.1,2.3,1.7989,0.0051,10.734,12.058,22.792,-1.702,0.258,-1.444
New Zealand,2011,0.635,14.635,391.85,1.92,1.8031,0.005,10.506,11.45,21.956,-1.931,-0.349,-2.28
New Zealand,2012,0.088,14.088,394.06,2.65,1.8081,0.005,10.42,11.981,22.401,-2.017,0.182,-1.835
New Zealand,2013,0.94,14.94,396.74,1.99,1.8134,0.0057,10.919,12.474,23.393,-1.517,0.675,-0.842
New Zealand,2014,0.509,14.509,398.81,2.17,1.8226,0.0127,10.812,12.727,23.539,-1.624,0.928,-0.697
New Zealand,2015,0.542,14.542,401.01,2.95,1.8342,0.01,10.589,12.366,22.955,-1.848,0.567,-1.281
New Zealand,2016,1.182,15.182,404.41,3.03,1.8431,0.007,10.176,11.178,21.353,-2.261,-0.622,-2.882
New Zealand,2017,0.606,14.606,406.76,1.9,1.8496,0.0069,10.415,10.702,21.118,-2.022,-1.097,-3.118
New Zealand,2018,1.157,15.157,408.72,2.85,1.8573,0.0088,10.378,10.952,21.33,-2.058,-0.847,-2.906
New Zealand,2019,1.107,15.107,411.65,2.49,1.8666,0.0096,10.225,10.83,21.055,-2.212,-0.969,-3.181
New Zealand,2020,0.905,14.905,414.21,2.3,1.8787,0.0148,10.164,11.578,21.742,-2.272,-0.222,-2.494
Nicaragua,1979,0.319,14.319,336.84,1.83,1.5305,0.0166,12.35,11.656,24.006,-0.087,-0.143,-0.23
Nicaragua,1980,0.655,14.655,338.76,1.68,1.5471,0.0169,12.348,11.206,23.554,-0.088,-0.593,-0.682
Nicaragua,1981,0.169,14.169,340.12,1.43,1.564,0.0169,12.147,11.387,23.533,-0.29,-0.413,-0.702
Nicaragua,1982,0.506,14.506,341.48,0.86,1.5809,0.0333,12.468,11.595,24.062,0.031,-0.204,-0.173
Nicaragua,1983,0.721,14.721,343.15,2.36,1.6142,0.0306,12.353,11.344,23.698,-0.083,-0.455,-0.538
Nicaragua,1984,-0.054,13.946,344.87,1.51,1.6448,0.0129,11.92,11.428,23.348,-0.517,-0.371,-0.887
Nicaragua,1985,0.028,14.028,346.35,1.21,1.6573,0.0122,12.016,11.569,23.585,-0.421,-0.23,-0.651
Nicaragua,1986,0.126,14.126,347.61,1.47,1.6701,0.0129,12.224,11.044,23.268,-0.212,-0.755,-0.967
Nicaragua,1987,0.335,14.335,349.31,2.06,1.6827,0.0114,12.268,11.405,23.673,-0.169,-0.394,-0.562
Nicaragua,1988,0.357,14.357,351.69,2.24,1.6931,0.0107,12.19,11.497,23.687,-0.247,-0.302,-0.549
Nicaragua,1989,0.058,14.058,353.2,1.24,1.7045,0.0112,11.987,11.381,23.368,-0.45,-0.418,-0.868
Nicaragua,1990,0.273,14.273,354.45,1.2,1.7144,0.0086,11.718,11.365,23.082,-0.719,-0.434,-1.153
Nicaragua,1991,0.437,14.437,355.7,1.05,1.7248,0.0141,11.77,11.498,23.268,-0.667,-0.301,-0.967
Nicaragua,1992,0.412,14.412,356.54,0.49,1.7355,0.0024,12.122,11.374,23.496,-0.315,-0.425,-0.74
Nicaragua,1993,0.253,14.253,357.21,1.36,1.7365,0.0039,11.947,11.37,23.317,-0.49,-0.429,-0.919
Nicaragua,1994,0.574,14.574,358.96,1.96,1.7421,0.0073,12.032,11.728,23.76,-0.404,-0.072,-0.476
Nicaragua,1995,0.756,14.756,360.97,2.01,1.7489,0.0038,11.438,11.748,23.187,-0.998,-0.051,-1.049
Nicaragua,1996,-0.049,13.951,362.74,1.24,1.7513,0.0025,11.848,11.743,23.592,-0.588,-0.056,-0.644
Nicaragua,1997,0.699,14.699,363.88,1.91,1.7545,0.0064,11.692,11.341,23.032,-0.745,-0.458,-1.203
Nicaragua,1998,0.975,14.975,366.84,2.97,1.7655,0.0121,11.782,11.689,23.471,-0.655,-0.11,-0.765
Nicaragua,1999,0.026,14.026,368.54,0.92,1.7723,0.0024,11.713,11.712,23.426,-0.723,-0.087,-0.81
Nicaragua,2000,0.085,14.085,369.71,1.62,1.7733,-0.0014,11.519,11.724,23.243,-0.917,-0.075,-0.992
Nicaragua,2001,0.47,14.47,371.32,1.62,1.7713,-0.0007,11.622,11.628,23.25,-0.814,-0.172,-0.986
Nicaragua,2002,0.613,14.613,373.45,2.51,1.7727,0.0032,11.385,11.176,22.561,-1.052,-0.623,-1.675
Nicaragua,2003,0.689,14.689,375.98,2.26,1.7773,0.0048,11.419,11.924,23.343,-1.017,0.125,-0.892
Nicaragua,2004,0.644,14.644,377.7,1.59,1.777,-0.0048,11.251,11.938,23.189,-1.186,0.139,-1.047
Nicaragua,2005,0.932,14.932,379.98,2.57,1.7742,0.0003,10.928,11.648,22.575,-1.509,-0.152,-1.661
Nicaragua,2006,0.636,14.636,382.09,1.69,1.775,0.0019,10.794,11.412,22.206,-1.642,-0.387,-2.03
Nicaragua,2007,0.91,14.91,384.02,2.31,1.7814,0.0078,10.498,11.637,22.135,-1.938,-0.162,-2.101
Nicaragua,2008,0.596,14.596,385.83,1.54,1.787,0.0065,10.99,12.213,23.203,-1.447,0.414,-1.032
Nicaragua,2009,0.874,14.874,387.64,2.0,1.7935,0.0047,10.956,11.999,22.955,-1.481,0.2,-1.281
Nicaragua,2010,0.901,14.901,390.1,2.3,1.7989,0.0051,10.734,12.058,22.792,-1.702,0.258,-1.444
Nicaragua,2011,0.665,14.665,391.85,1.92,1.8031,0.005,10.506,11.45,21.956,-1.931,-0.349,-2.28
Nicaragua,2012,0.628,14.628,394.06,2.65,1.8081,0.005,10.42,11.981,22.401,-2.017,0.182,-1.835
Nicaragua,2013,1.07,15.07,396.74,1.99,1.8134,0.0057,10.919,12.474,23.393,-1.517,0.675,-0.842
Nicaragua,2014,0.803,14.803,398.81,2.17,1.8226,0.0127,10.812,12.727,23.539,-1.624,0.928,-0.697
Nicaragua,2015,1.083,15.083,401.01,2.95,1.8342,0.01,10.589,12.366,22.955,-1.848,0.567,-1.281
Nicaragua,2016,1.267,15.267,404.41,3.03,1.8431,0.007,10.176,11.178,21.353,-2.261,-0.622,-2.882
Nicaragua,2017,0.975,14.975,406.76,1.9,1.8496,0.0069,10.415,10.702,21.118,-2.022,-1.097,-3.118
Nicaragua,2018,1.096,15.096,408.72,2.85,1.8573,0.0088,10.378,10.952,21.33,-2.058,-0.847,-2.906
Nicaragua,2019,1.362,15.362,411.65,2.49,1.8666,0.0096,10.225,10.83,21.055,-2.212,-0.969,-3.181
Nicaragua,2020,1.527,15.527,414.21,2.3,1.8787,0.0148,10.164,11.578,21.742,-2.272,-0.222,-2.494
Niger,1979,0.786,14.786,336.84,1.83,1.5305,0.0166,12.35,11.656,24.006,-0.087,-0.143,-0.23
Niger,1980,0.591,14.591,338.76,1.68,1.5471,0.0169,12.348,11.206,23.554,-0.088,-0.593,-0.682
Niger,1981,0.089,14.089,340.12,1.43,1.564,0.0169,12.147,11.387,23.533,-0.29,-0.413,-0.702
Niger,1982,0.431,14.431,341.48,0.86,1.5809,0.0333,12.468,11.595,24.062,0.031,-0.204,-0.173
Niger,1983,0.111,14.111,343.15,2.36,1.6142,0.0306,12.353,11.344,23.698,-0.083,-0.455,-0.538
Niger,1984,0.691,14.691,344.87,1.51,1.6448,0.0129,11.92,11.428,23.348,-0.517,-0.371,-0.887
Niger,1985,0.367,14.367,346.35,1.21,1.6573,0.0122,12.016,11.569,23.585,-0.421,-0.23,-0.651
Niger,1986,0.801,14.801,347.61,1.47,1.6701,0.0129,12.224,11.044,23.268,-0.212,-0.755,-0.967
Niger,1987,0.745,14.745,349.31,2.06,1.6827,0.0114,12.268,11.405,23.673,-0.169,-0.394,-0.562
Niger,1988,0.652,14.652,351.69,2.24,1.6931,0.0107,12.19,11.497,23.687,-0.247,-0.302,-0.549
Niger,1989,-0.324,13.676,353.2,1.24,1.7045,0.0112,11.987,11.381,23.368,-0.45,-0.418,-0.868
Niger,1990,0.584,14.584,354.45,1.2,1.7144,0.0086,11.718,11.365,23.082,-0.719,-0.434,-1.153
Niger,1991,0.963,14.963,355.7,1.05,1.7248,0.0141,11.77,11.498,23.268,-0.667,-0.301,-0.967
Niger,1992,-0.168,13.832,356.54,0.49,1.7355,0.0024,12.122,11.374,23.496,-0.315,-0.425,-0.74
Niger,1993,0.529,14.529,357.21,1.36,1.7365,0.0039,11.947,11.37,23.317,-0.49,-0.429,-0.919
Niger,1994,0.405,14.405,358.96,1.96,1.7421,0.0073,12.032,11.728,23.76,-0.404,-0.072,-0.476
Niger,1995,0.585,14.585,360.97,2.01,1.7489,0.0038,11.438,11.748,23.187,-0.998,-0.051,-1.049
Niger,1996,1.2,15.2,362.74,1.24,1.7513,0.0025,11.848,11.743,23.592,-0.588,-0.056,-0.644
Niger,1997,0.806,14.806,363.88,1.91,1.7545,0.0064,11.692,11.341,23.032,-0.745,-0.458,-1.203
Niger,1998,0.818,14.818,366.84,2.97,1.7655,0.0121,11.782,11.689,23.471,-0.655,-0.11,-0.765
Niger,1999,0.709,14.709,368.54,0.92,1.7723,0.0024,11.713,11.712,23.426,-0.723,-0.087,-0.81
Niger,2000,0.879,14.879,369.71,1.62,1.7733,-0.0014,11.519,11.724,23.243,-0.917,-0.075,-0.992
Niger,2001,0.373,14.373,371.32,1.62,1.7713,-0.0007,11.622,11.628,23.25,-0.814,-0.172,-0.986
Niger,2002,0.727,14.727,373.45,2.51,1.7727,0.0032,11.385,11.176,22.561,-1.052,-0.623,-1.675
Niger,2003,0.988,14.988,375.98,2.26,1.7773,0.0048,11.419,11.924,23.343,-1.017,0.125,-0.892
Niger,2004,0.723,14.723,377.7,1.59,1.777,-0.0048,11.251,11.938,23.189,-1.186,0.139,-1.047
Niger,2005,1.37,15.37,379.98,2.57,1.7742,0.0003,10.928,11.648,22.575,-1.509,-0.152,-1.661
Niger,2006,1.379,15.379,382.09,1.69,1.775,0.0019,10.794,11.412,22.206,-1.642,-0.387,-2.03
Niger,2007,1.087,15.087,384.02,2.31,1.7814,0.0078,10.498,11.637,22.135,-1.938,-0.162,-2.101
Niger,2008,0.529,14.529,385.83,1.54,1.787,0.0065,10.99,12.213,23.203,-1.447,0.414,-1.032
Niger,2009,1.618,15.618,387.64,2.0,1.7935,0.0047,10.956,11.999,22.955,-1.481,0.2,-1.281
Niger,2010,1.794,15.794,390.1,2.3,1.7989,0.0051,10.734,12.058,22.792,-1.702,0.258,-1.444
Niger,2011,1.218,15.218,391.85,1.92,1.8031,0.005,10.506,11.45,21.956,-1.931,-0.349,-2.28
Niger,2012,0.845,14.845,394.06,2.65,1.8081,0.005,10.42,11.981,22.401,-2.017,0.182,-1.835
Niger,2013,1.064,15.064,396.74,1.99,1.8134,0.0057,10.919,12.474,23.393,-1.517,0.675,-0.842
Niger,2014,1.248,15.248,398.81,2.17,1.8226,0.0127,10.812,12.727,23.539,-1.624,0.928,-0.697
Niger,2015,1.055,15.055,401.01,2.95,1.8342,0.01,10.589,12.366,22.955,-1.848,0.567,-1.281
Niger,2016,1.204,15.204,404.41,3.03,1.8431,0.007,10.176,11.178,21.353,-2.261,-0.622,-2.882
Niger,2017,1.026,15.026,406.76,1.9,1.8496,0.0069,10.415,10.702,21.118,-2.022,-1.097,-3.118
Niger,2018,1.196,15.196,408.72,2.85,1.8573,0.0088,10.378,10.952,21.33,-2.058,-0.847,-2.906
Niger,2019,1.104,15.104,411.65,2.49,1.8666,0.0096,10.225,10.83,21.055,-2.212,-0.969,-3.181
Niger,2020,0.925,14.925,414.21,2.3,1.8787,0.0148,10.164,11.578,21.742,-2.272,-0.222,-2.494
Nigeria,1979,0.562,14.562,336.84,1.83,1.5305,0.0166,12.35,11.656,24.006,-0.087,-0.143,-0.23
Nigeria,1980,0.424,14.424,338.76,1.68,1.5471,0.0169,12.348,11.206,23.554,-0.088,-0.593,-0.682
Nigeria,1981,0.195,14.195,340.12,1.43,1.564,0.0169,12.147,11.387,23.533,-0.29,-0.413,-0.702
Nigeria,1982,0.377,14.377,341.48,0.86,1.5809,0.0333,12.468,11.595,24.062,0.031,-0.204,-0.173
Nigeria,1983,0.279,14.279,343.15,2.36,1.6142,0.0306,12.353,11.344,23.698,-0.083,-0.455,-0.538
Nigeria,1984,0.82,14.82,344.87,1.51,1.6448,0.0129,11.92,11.428,23.348,-0.517,-0.371,-0.887
Nigeria,1985,0.416,14.416,346.35,1.21,1.6573,0.0122,12.016,11.569,23.585,-0.421,-0.23,-0.651
Nigeria,1986,0.552,14.552,347.61,1.47,1.6701,0.0129,12.224,11.044,23.268,-0.212,-0.755,-0.967
Nigeria,1987,0.855,14.855,349.31,2.06,1.6827,0.0114,12.268,11.405,23.673,-0.169,-0.394,-0.562
Nigeria,1988,0.538,14.538,351.69,2.24,1.6931,0.0107,12.19,11.497,23.687,-0.247,-0.302,-0.549
Nigeria,1989,-0.363,13.637,353.2,1.24,1.7045,0.0112,11.987,11.381,23.368,-0.45,-0.418,-0.868
Nigeria,1990,0.619,14.619,354.45,1.2,1.7144,0.0086,11.718,11.365,23.082,-0.719,-0.434,-1.153
Nigeria,1991,0.653,14.653,355.7,1.05,1.7248,0.0141,11.77,11.498,23.268,-0.667,-0.301,-0.967
Nigeria,1992,-0.085,13.915,356.54,0.49,1.7355,0.0024,12.122,11.374,23.496,-0.315,-0.425,-0.74
Nigeria,1993,0.545,14.545,357.21,1.36,1.7365,0.0039,11.947,11.37,23.317,-0.49,-0.429,-0.919
Nigeria,1994,0.471,14.471,358.96,1.96,1.7421,0.0073,12.032,11.728,23.76,-0.404,-0.072,-0.476
Nigeria,1995,0.448,14.448,360.97,2.01,1.7489,0.0038,11.438,11.748,23.187,-0.998,-0.051,-1.049
Nigeria,1996,0.789,14.789,362.74,1.24,1.7513,0.0025,11.848,11.743,23.592,-0.588,-0.056,-0.644
Nigeria,1997,0.71,14.71,363.88,1.91,1.7545,0.0064,11.692,11.341,23.032,-0.745,-0.458,-1.203
Nigeria,1998,1.078,15.078,366.84,2.97,1.7655,0.0121,11.782,11.689,23.471,-0.655,-0.11,-0.765
Nigeria,1999,0.812,14.812,368.54,0.92,1.7723,0.0024,11.713,11.712,23.426,-0.723,-0.087,-0.81
Nigeria,2000,0.565,14.565,369.71,1.62,1.7733,-0.0014,11.519,11.724,23.243,-0.917,-0.075,-0.992
Nigeria,2001,0.249,14.249,371.32,1.62,1.7713,-0.0007,11.622,11.628,23.25,-0.814,-0.172,-0.986
Nigeria,2002,0.779,14.779,373.45,2.51,1.7727,0.0032,11.385,11.176,22.561,-1.052,-0.623,-1.675
Nigeria,2003,0.838,14.838,375.98,2.26,1.7773,0.0048,11.419,11.924,23.343,-1.017,0.125,-0.892
Nigeria,2004,0.757,14.757,377.7,1.59,1.777,-0.0048,11.251,11.938,23.189,-1.186,0.139,-1.047
Nigeria,2005,1.255,15.255,379.98,2.57,1.7742,0.0003,10.928,11.648,22.575,-1.509,-0.152,-1.661
Nigeria,2006,1.283,15.283,382.09,1.69,1.775,0.0019,10.794,11.412,22.206,-1.642,-0.387,-2.03
Nigeria,2007,0.875,14.875,384.02,2.31,1.7814,0.0078,10.498,11.637,22.135,-1.938,-0.162,-2.101
Nigeria,2008,0.631,14.631,385.83,1.54,1.787,0.0065,10.99,12.213,23.203,-1.447,0.414,-1.032
Nigeria,2009,1.369,15.369,387.64,2.0,1.7935,0.0047,10.956,11.999,22.955,-1.481,0.2,-1.281
Nigeria,2010,1.492,15.492,390.1,2.3,1.7989,0.0051,10.734,12.058,22.792,-1.702,0.258,-1.444
Nigeria,2011,0.9,14.9,391.85,1.92,1.8031,0.005,10.506,11.45,21.956,-1.931,-0.349,-2.28
Nigeria,2012,0.577,14.577,394.06,2.65,1.8081,0.005,10.42,11.981,22.401,-2.017,0.182,-1.835
Nigeria,2013,0.964,14.964,396.74,1.99,1.8134,0.0057,10.919,12.474,23.393,-1.517,0.675,-0.842
Nigeria,2014,1.048,15.048,398.81,2.17,1.8226,0.0127,10.812,12.727,23.539,-1.624,0.928,-0.697
Nigeria,2015,1.228,15.228,401.01,2.95,1.8342,0.01,10.589,12.366,22.955,-1.848,0.567,-1.281
Nigeria,2016,1.214,15.214,404.41,3.03,1.8431,0.007,10.176,11.178,21.353,-2.261,-0.622,-2.882
Nigeria,2017,1.19,15.19,406.76,1.9,1.8496,0.0069,10.415,10.702,21.118,-2.022,-1.097,-3.118
Nigeria,2018,1.069,15.069,408.72,2.85,1.8573,0.0088,10.378,10.952,21.33,-2.058,-0.847,-2.906
Nigeria,2019,1.26,15.26,411.65,2.49,1.8666,0.0096,10.225,10.83,21.055,-2.212,-0.969,-3.181
Nigeria,2020,1.026,15.026,414.21,2.3,1.8787,0.0148,10.164,11.578,21.742,-2.272,-0.222,-2.494
Niue,1979,-0.045,13.955,336.84,1.83,1.5305,0.0166,12.35,11.656,24.006,-0.087,-0.143,-0.23
Niue,1980,-0.121,13.879,338.76,1.68,1.5471,0.0169,12.348,11.206,23.554,-0.088,-0.593,-0.682
Niue,1981,-0.321,13.679,340.12,1.43,1.564,0.0169,12.147,11.387,23.533,-0.29,-0.413,-0.702
Niue,1982,-0.109,13.891,341.48,0.86,1.5809,0.0333,12.468,11.595,24.062,0.031,-0.204,-0.173
Niue,1983,0.153,14.153,343.15,2.36,1.6142,0.0306,12.353,11.344,23.698,-0.083,-0.455,-0.538
Niue,1984,0.253,14.253,344.87,1.51,1.6448,0.0129,11.92,11.428,23.348,-0.517,-0.371,-0.887
Niue,1985,0.059,14.059,346.35,1.21,1.6573,0.0122,12.016,11.569,23.585,-0.421,-0.23,-0.651
Niue,1986,-0.059,13.941,347.61,1.47,1.6701,0.0129,12.224,11.044,23.268,-0.212,-0.755,-0.967
Niue,1987,0.051,14.051,349.31,2.06,1.6827,0.0114,12.268,11.405,23.673,-0.169,-0.394,-0.562
Niue,1988,0.737,14.737,351.69,2.24,1.6931,0.0107,12.19,11.497,23.687,-0.247,-0.302,-0.549
Niue,1989,0.342,14.342,353.2,1.24,1.7045,0.0112,11.987,11.381,23.368,-0.45,-0.418,-0.868
Niue,1990,0.36,14.36,354.45,1.2,1.7144,0.0086,11.718,11.365,23.082,-0.719,-0.434,-1.153
Niue,1991,0.554,14.554,355.7,1.05,1.7248,0.0141,11.77,11.498,23.268,-0.667,-0.301,-0.967
Niue,1992,0.185,14.185,356.54,0.49,1.7355,0.0024,12.122,11.374,23.496,-0.315,-0.425,-0.74
Niue,1993,0.185,14.185,357.21,1.36,1.7365,0.0039,11.947,11.37,23.317,-0.49,-0.429,-0.919
Niue,1994,0.185,14.185,358.96,1.96,1.7421,0.0073,12.032,11.728,23.76,-0.404,-0.072,-0.476
Niue,1995,0.185,14.185,360.97,2.01,1.7489,0.0038,11.438,11.748,23.187,-0.998,-0.051,-1.049
Niue,1996,0.185,14.185,362.74,1.24,1.7513,0.0025,11.848,11.743,23.592,-0.588,-0.056,-0.644
Niue,1997,0.185,14.185,363.88,1.91,1.7545,0.0064,11.692,11.341,23.032,-0.745,-0.458,-1.203
Niue,1998,0.185,14.185,366.84,2.97,1.7655,0.0121,11.782,11.689,23.471,-0.655,-0.11,-0.765
Niue,1999,0.185,14.185,368.54,0.92,1.7723,0.0024,11.713,11.712,23.426,-0.723,-0.087,-0.81
Niue,2000,0.185,14.185,369.71,1.62,1.7733,-0.0014,11.519,11.724,23.243,-0.917,-0.075,-0.992
Niue,2001,0.185,14.185,371.32,1.62,1.7713,-0.0007,11.622,11.628,23.25,-0.814,-0.172,-0.986
Niue,2002,0.185,14.185,373.45,2.51,1.7727,0.0032,11.385,11.176,22.561,-1.052,-0.623,-1.675
Niue,2003,0.185,14.185,375.98,2.26,1.7773,0.0048,11.419,11.924,23.343,-1.017,0.125,-0.892
Niue,2004,0.185,14.185,377.7,1.59,1.777,-0.0048,11.251,11.938,23.189,-1.186,0.139,-1.047
Niue,2005,0.185,14.185,379.98,2.57,1.7742,0.0003,10.928,11.648,22.575,-1.509,-0.152,-1.661
Niue,2006,0.185,14.185,382.09,1.69,1.775,0.0019,10.794,11.412,22.206,-1.642,-0.387,-2.03
Niue,2007,0.185,14.185,384.02,2.31,1.7814,0.0078,10.498,11.637,22.135,-1.938,-0.162,-2.101
Niue,2008,0.185,14.185,385.83,1.54,1.787,0.0065,10.99,12.213,23.203,-1.447,0.414,-1.032
Niue,2009,0.185,14.185,387.64,2.0,1.7935,0.0047,10.956,11.999,22.955,-1.481,0.2,-1.281
Niue,2010,0.185,14.185,390.1,2.3,1.7989,0.0051,10.734,12.058,22.792,-1.702,0.258,-1.444
Niue,2011,0.185,14.185,391.85,1.92,1.8031,0.005,10.506,11.45,21.956,-1.931,-0.349,-2.28
Niue,2012,0.185,14.185,394.06,2.65,1.8081,0.005,10.42,11.981,22.401,-2.017,0.182,-1.835
Niue,2013,0.185,14.185,396.74,1.99,1.8134,0.0057,10.919,12.474,23.393,-1.517,0.675,-0.842
Niue,2014,0.185,14.185,398.81,2.17,1.8226,0.0127,10.812,12.727,23.539,-1.624,0.928,-0.697
Niue,2015,0.185,14.185,401.01,2.95,1.8342,0.01,10.589,12.366,22.955,-1.848,0.567,-1.281
Niue,2016,0.185,14.185,404.41,3.03,1.8431,0.007,10.176,11.178,21.353,-2.261,-0.622,-2.882
Niue,2017,0.185,14.185,406.76,1.9,1.8496,0.0069,10.415,10.702,21.118,-2.022,-1.097,-3.118
Niue,2018,0.185,14.185,408.72,2.85,1.8573,0.0088,10.378,10.952,21.33,-2.058,-0.847,-2.906
Niue,2019,0.185,14.185,411.65,2.49,1.8666,0.0096,10.225,10.83,21.055,-2.212,-0.969,-3.181
Niue,2020,0.185,14.185,414.21,2.3,1.8787,0.0148,10.164,11.578,21.742,-2.272,-0.222,-2.494
Norfolk Island,1979,0.015,14.015,336.84,1.83,1.5305,0.0166,12.35,11.656,24.006,-0.087,-0.143,-0.23
Norfolk Island,1980,-0.032,13.968,338.76,1.68,1.5471,0.0169,12.348,11.206,23.554,-0.088,-0.593,-0.682
Norfolk Island,1981,0.195,14.195,340.12,1.43,1.564,0.0169,12.147,11.387,23.533,-0.29,-0.413,-0.702
Norfolk Island,1982,-0.042,13.958,341.48,0.86,1.5809,0.0333,12.468,11.595,24.062,0.031,-0.204,-0.173
Norfolk Island,1983,0.269,14.269,343.15,2.36,1.6142,0.0306,12.353,11.344,23.698,-0.083,-0.455,-0.538
Norfolk Island,1984,0.149,14.149,344.87,1.51,1.6448,0.0129,11.92,11.428,23.348,-0.517,-0.371,-0.887
Norfolk Island,1985,0.212,14.212,346.35,1.21,1.6573,0.0122,12.016,11.569,23.585,-0.421,-0.23,-0.651
Norfolk Island,1986,0.282,14.282,347.61,1.47,1.6701,0.0129,12.224,11.044,23.268,-0.212,-0.755,-0.967
Norfolk Island,1987,-0.015,13.985,349.31,2.06,1.6827,0.0114,12.268,11.405,23.673,-0.169,-0.394,-0.562
Norfolk Island,1988,0.8,14.8,351.69,2.24,1.6931,0.0107,12.19,11.497,23.687,-0.247,-0.302,-0.549
Norfolk Island,1989,0.516,14.516,353.2,1.24,1.7045,0.0112,11.987,11.381,23.368,-0.45,-0.418,-0.868
Norfolk Island,1990,0.486,14.486,354.45,1.2,1.7144,0.0086,11.718,11.365,23.082,-0.719,-0.434,-1.153
Norfolk Island,1991,0.131,14.131,355.7,1.05,1.7248,0.0141,11.77,11.498,23.268,-0.667,-0.301,-0.967
Norfolk Island,1992,-0.143,13.857,356.54,0.49,1.7355,0.0024,12.122,11.374,23.496,-0.315,-0.425,-0.74
Norfolk Island,1993,-0.107,13.893,357.21,1.36,1.7365,0.0039,11.947,11.37,23.317,-0.49,-0.429,-0.919
Norfolk Island,1994,-0.161,13.839,358.96,1.96,1.7421,0.0073,12.032,11.728,23.76,-0.404,-0.072,-0.476
Norfolk Island,1995,0.463,14.463,360.97,2.01,1.7489,0.0038,11.438,11.748,23.187,-0.998,-0.051,-1.049
Norfolk Island,1996,0.818,14.818,362.74,1.24,1.7513,0.0025,11.848,11.743,23.592,-0.588,-0.056,-0.644
Norfolk Island,1997,0.6842,14.6842,363.88,1.91,1.7545,0.0064,11.692,11.341,23.032,-0.745,-0.458,-1.203
Norfolk Island,1998,0.5505,14.5505,366.84,2.97,1.7655,0.0121,11.782,11.689,23.471,-0.655,-0.11,-0.765
Norfolk Island,1999,0.4168,14.4168,368.54,0.92,1.7723,0.0024,11.713,11.712,23.426,-0.723,-0.087,-0.81
Norfolk Island,2000,0.283,14.283,369.71,1.62,1.7733,-0.0014,11.519,11.724,23.243,-0.917,-0.075,-0.992
Norfolk Island,2001,0.76,14.76,371.32,1.62,1.7713,-0.0007,11.622,11.628,23.25,-0.814,-0.172,-0.986
Norfolk Island,2002,0.594,14.594,373.45,2.51,1.7727,0.0032,11.385,11.176,22.561,-1.052,-0.623,-1.675
Norfolk Island,2003,0.225,14.225,375.98,2.26,1.7773,0.0048,11.419,11.924,23.343,-1.017,0.125,-0.892
Norfolk Island,2004,0.474,14.474,377.7,1.59,1.777,-0.0048,11.251,11.938,23.189,-1.186,0.139,-1.047
Norfolk Island,2005,0.506,14.506,379.98,2.57,1.7742,0.0003,10.928,11.648,22.575,-1.509,-0.152,-1.661
Norfolk Island,2006,0.388,14.388,382.09,1.69,1.775,0.0019,10.794,11.412,22.206,-1.642,-0.387,-2.03
Norfolk Island,2007,0.474,14.474,384.02,2.31,1.7814,0.0078,10.498,11.637,22.135,-1.938,-0.162,-2.101
Norfolk Island,2008,0.363,14.363,385.83,1.54,1.787,0.0065,10.99,12.213,23.203,-1.447,0.414,-1.032
Norfolk Island,2009,0.5423,14.5423,387.64,2.0,1.7935,0.0047,10.956,11.999,22.955,-1.481,0.2,-1.281
Norfolk Island,2010,0.7217,14.7217,390.1,2.3,1.7989,0.0051,10.734,12.058,22.792,-1.702,0.258,-1.444
Norfolk Island,2011,0.901,14.901,391.85,1.92,1.8031,0.005,10.506,11.45,21.956,-1.931,-0.349,-2.28
Norfolk Island,2012,0.431,14.431,394.06,2.65,1.8081,0.005,10.42,11.981,22.401,-2.017,0.182,-1.835
Norfolk Island,2013,0.483,14.483,396.74,1.99,1.8134,0.0057,10.919,12.474,23.393,-1.517,0.675,-0.842
Norfolk Island,2014,0.325,14.325,398.81,2.17,1.8226,0.0127,10.812,12.727,23.539,-1.624,0.928,-0.697
Norfolk Island,2015,0.862,14.862,401.01,2.95,1.8342,0.01,10.589,12.366,22.955,-1.848,0.567,-1.281
Norfolk Island,2016,1.38,15.38,404.41,3.03,1.8431,0.007,10.176,11.178,21.353,-2.261,-0.622,-2.882
Norfolk Island,2017,1.047,15.047,406.76,1.9,1.8496,0.0069,10.415,10.702,21.118,-2.022,-1.097,-3.118
Norfolk Island,2018,1.03,15.03,408.72,2.85,1.8573,0.0088,10.378,10.952,21.33,-2.058,-0.847,-2.906
Norfolk Island,2019,0.997,14.997,411.65,2.49,1.8666,0.0096,10.225,10.83,21.055,-2.212,-0.969,-3.181
Norfolk Island,2020,1.034,15.034,414.21,2.3,1.8787,0.0148,10.164,11.578,21.742,-2.272,-0.222,-2.494
Norway,1979,-1.063,12.937,336.84,1.83,1.5305,0.0166,12.35,11.656,24.006,-0.087,-0.143,-0.23
Norway,1980,-0.305,13.695,338.76,1.68,1.5471,0.0169,12.348,11.206,23.554,-0.088,-0.593,-0.682
Norway,1981,-0.487,13.513,340.12,1.43,1.564,0.0169,12.147,11.387,23.533,-0.29,-0.413,-0.702
Norway,1982,-0.044,13.956,341.48,0.86,1.5809,0.0333,12.468,11.595,24.062,0.031,-0.204,-0.173
Norway,1983,0.642,14.642,343.15,2.36,1.6142,0.0306,12.353,11.344,23.698,-0.083,-0.455,-0.538
Norway,1984,0.543,14.543,344.87,1.51,1.6448,0.0129,11.92,11.428,23.348,-0.517,-0.371,-0.887
Norway,1985,-0.585,13.415,346.35,1.21,1.6573,0.0122,12.016,11.569,23.585,-0.421,-0.23,-0.651
Norway,1986,-0.421,13.579,347.61,1.47,1.6701,0.0129,12.224,11.044,23.268,-0.212,-0.755,-0.967
Norway,1987,-0.818,13.182,349.31,2.06,1.6827,0.0114,12.268,11.405,23.673,-0.169,-0.394,-0.562
Norway,1988,0.492,14.492,351.69,2.24,1.6931,0.0107,12.19,11.497,23.687,-0.247,-0.302,-0.549
Norway,1989,1.759,15.759,353.2,1.24,1.7045,0.0112,11.987,11.381,23.368,-0.45,-0.418,-0.868
Norway,1990,1.533,15.533,354.45,1.2,1.7144,0.0086,11.718,11.365,23.082,-0.719,-0.434,-1.153
Norway,1991,0.992,14.992,355.7,1.05,1.7248,0.0141,11.77,11.498,23.268,-0.667,-0.301,-0.967
Norway,1992,1.135,15.135,356.54,0.49,1.7355,0.0024,12.122,11.374,23.496,-0.315,-0.425,-0.74
Norway,1993,0.712,14.712,357.21,1.36,1.7365,0.0039,11.947,11.37,23.317,-0.49,-0.429,-0.919
Norway,1994,0.082,14.082,358.96,1.96,1.7421,0.0073,12.032,11.728,23.76,-0.404,-0.072,-0.476
Norway,1995,0.959,14.959,360.97,2.01,1.7489,0.0038,11.438,11.748,23.187,-0.998,-0.051,-1.049
Norway,1996,-0.044,13.956,362.74,1.24,1.7513,0.0025,11.848,11.743,23.592,-0.588,-0.056,-0.644
Norway,1997,0.779,14.779,363.88,1.91,1.7545,0.0064,11.692,11.341,23.032,-0.745,-0.458,-1.203
Norway,1998,0.401,14.401,366.84,2.97,1.7655,0.0121,11.782,11.689,23.471,-0.655,-0.11,-0.765
Norway,1999,1.276,15.276,368.54,0.92,1.7723,0.0024,11.713,11.712,23.426,-0.723,-0.087,-0.81
Norway,2000,1.446,15.446,369.71,1.62,1.7733,-0.0014,11.519,11.724,23.243,-0.917,-0.075,-0.992
Norway,2001,0.632,14.632,371.32,1.62,1.7713,-0.0007,11.622,11.628,23.25,-0.814,-0.172,-0.986
Norway,2002,1.404,15.404,373.45,2.51,1.7727,0.0032,11.385,11.176,22.561,-1.052,-0.623,-1.675
Norway,2003,1.116,15.116,375.98,2.26,1.7773,0.0048,11.419,11.924,23.343,-1.017,0.125,-0.892
Norway,2004,1.315,15.315,377.7,1.59,1.777,-0.0048,11.251,11.938,23.189,-1.186,0.139,-1.047
Norway,2005,1.782,15.782,379.98,2.57,1.7742,0.0003,10.928,11.648,22.575,-1.509,-0.152,-1.661
Norway,2006,1.521,15.521,382.09,1.69,1.775,0.0019,10.794,11.412,22.206,-1.642,-0.387,-2.03
Norway,2007,1.711,15.711,384.02,2.31,1.7814,0.0078,10.498,11.637,22.135,-1.938,-0.162,-2.101
Norway,2008,1.637,15.637,385.83,1.54,1.787,0.0065,10.99,12.213,23.203,-1.447,0.414,-1.032
Norway,2009,1.41,15.41,387.64,2.0,1.7935,0.0047,10.956,11.999,22.955,-1.481,0.2,-1.281
Norway,2010,-0.325,13.675,390.1,2.3,1.7989,0.0051,10.734,12.058,22.792,-1.702,0.258,-1.444
Norway,2011,1.421,15.421,391.85,1.92,1.8031,0.005,10.506,11.45,21.956,-1.931,-0.349,-2.28
Norway,2012,1.075,15.075,394.06,2.65,1.8081,0.005,10.42,11.981,22.401,-2.017,0.182,-1.835
Norway,2013,0.804,14.804,396.74,1.99,1.8134,0.0057,10.919,12.474,23.393,-1.517,0.675,-0.842
Norway,2014,2.43,16.43,398.81,2.17,1.8226,0.0127,10.812,12.727,23.539,-1.624,0.928,-0.697
Norway,2015,1.808,15.808,401.01,2.95,1.8342,0.01,10.589,12.366,22.955,-1.848,0.567,-1.281
Norway,2016,1.73,15.73,404.41,3.03,1.8431,0.007,10.176,11.178,21.353,-2.261,-0.622,-2.882
Norway,2017,1.559,15.559,406.76,1.9,1.8496,0.0069,10.415,10.702,21.118,-2.022,-1.097,-3.118
Norway,2018,1.491,15.491,408.72,2.85,1.8573,0.0088,10.378,10.952,21.33,-2.058,-0.847,-2.906
Norway,2019,1.208,15.208,411.65,2.49,1.8666,0.0096,10.225,10.83,21.055,-2.212,-0.969,-3.181
Norway,2020,2.395,16.395,414.21,2.3,1.8787,0.0148,10.164,11.578,21.742,-2.272,-0.222,-2.494
Oman,1979,0.329,14.329,336.84,1.83,1.5305,0.0166,12.35,11.656,24.006,-0.087,-0.143,-0.23
Oman,1980,0.181,14.181,338.76,1.68,1.5471,0.0169,12.348,11.206,23.554,-0.088,-0.593,-0.682
Oman,1981,0.424,14.424,340.12,1.43,1.564,0.0169,12.147,11.387,23.533,-0.29,-0.413,-0.702
Oman,1982,-0.358,13.642,341.48,0.86,1.5809,0.0333,12.468,11.595,24.062,0.031,-0.204,-0.173
Oman,1983,-0.455,13.545,343.15,2.36,1.6142,0.0306,12.353,11.344,23.698,-0.083,-0.455,-0.538
Oman,1984,-0.399,13.601,344.87,1.51,1.6448,0.0129,11.92,11.428,23.348,-0.517,-0.371,-0.887
Oman,1985,0.146,14.146,346.35,1.21,1.6573,0.0122,12.016,11.569,23.585,-0.421,-0.23,-0.651
Oman,1986,0.157,14.157,347.61,1.47,1.6701,0.0129,12.224,11.044,23.268,-0.212,-0.755,-0.967
Oman,1987,0.277,14.277,349.31,2.06,1.6827,0.0114,12.268,11.405,23.673,-0.169,-0.394,-0.562
Oman,1988,0.382,14.382,351.69,2.24,1.6931,0.0107,12.19,11.497,23.687,-0.247,-0.302,-0.549
Oman,1989,-0.198,13.802,353.2,1.24,1.7045,0.0112,11.987,11.381,23.368,-0.45,-0.418,-0.868
Oman,1990,0.219,14.219,354.45,1.2,1.7144,0.0086,11.718,11.365,23.082,-0.719,-0.434,-1.153
Oman,1991,-0.092,13.908,355.7,1.05,1.7248,0.0141,11.77,11.498,23.268,-0.667,-0.301,-0.967
Oman,1992,-0.398,13.602,356.54,0.49,1.7355,0.0024,12.122,11.374,23.496,-0.315,-0.425,-0.74
Oman,1993,0.543,14.543,357.21,1.36,1.7365,0.0039,11.947,11.37,23.317,-0.49,-0.429,-0.919
Oman,1994,0.482,14.482,358.96,1.96,1.7421,0.0073,12.032,11.728,23.76,-0.404,-0.072,-0.476
Oman,1995,0.321,14.321,360.97,2.01,1.7489,0.0038,11.438,11.748,23.187,-0.998,-0.051,-1.049
Oman,1996,0.24,14.24,362.74,1.24,1.7513,0.0025,11.848,11.743,23.592,-0.588,-0.056,-0.644
Oman,1997,0.05,14.05,363.88,1.91,1.7545,0.0064,11.692,11.341,23.032,-0.745,-0.458,-1.203
Oman,1998,0.996,14.996,366.84,2.97,1.7655,0.0121,11.782,11.689,23.471,-0.655,-0.11,-0.765
Oman,1999,0.823,14.823,368.54,0.92,1.7723,0.0024,11.713,11.712,23.426,-0.723,-0.087,-0.81
Oman,2000,0.781,14.781,369.71,1.62,1.7733,-0.0014,11.519,11.724,23.243,-0.917,-0.075,-0.992
Oman,2001,0.835,14.835,371.32,1.62,1.7713,-0.0007,11.622,11.628,23.25,-0.814,-0.172,-0.986
Oman,2002,0.956,14.956,373.45,2.51,1.7727,0.0032,11.385,11.176,22.561,-1.052,-0.623,-1.675
Oman,2003,0.951,14.951,375.98,2.26,1.7773,0.0048,11.419,11.924,23.343,-1.017,0.125,-0.892
Oman,2004,0.891,14.891,377.7,1.59,1.777,-0.0048,11.251,11.938,23.189,-1.186,0.139,-1.047
Oman,2005,0.937,14.937,379.98,2.57,1.7742,0.0003,10.928,11.648,22.575,-1.509,-0.152,-1.661
Oman,2006,0.99,14.99,382.09,1.69,1.775,0.0019,10.794,11.412,22.206,-1.642,-0.387,-2.03
Oman,2007,0.803,14.803,384.02,2.31,1.7814,0.0078,10.498,11.637,22.135,-1.938,-0.162,-2.101
Oman,2008,0.697,14.697,385.83,1.54,1.787,0.0065,10.99,12.213,23.203,-1.447,0.414,-1.032
Oman,2009,0.902,14.902,387.64,2.0,1.7935,0.0047,10.956,11.999,22.955,-1.481,0.2,-1.281
Oman,2010,1.282,15.282,390.1,2.3,1.7989,0.0051,10.734,12.058,22.792,-1.702,0.258,-1.444
Oman,2011,1.059,15.059,391.85,1.92,1.8031,0.005,10.506,11.45,21.956,-1.931,-0.349,-2.28
Oman,2012,0.991,14.991,394.06,2.65,1.8081,0.005,10.42,11.981,22.401,-2.017,0.182,-1.835
Oman,2013,0.724,14.724,396.74,1.99,1.8134,0.0057,10.919,12.474,23.393,-1.517,0.675,-0.842
Oman,2014,0.774,14.774,398.81,2.17,1.8226,0.0127,10.812,12.727,23.539,-1.624,0.928,-0.697
Oman,2015,1.446,15.446,401.01,2.95,1.8342,0.01,10.589,12.366,22.955,-1.848,0.567,-1.281
Oman,2016,1.137,15.137,404.41,3.03,1.8431,0.007,10.176,11.178,21.353,-2.261,-0.622,-2.882
Oman,2017,1.592,15.592,406.76,1.9,1.8496,0.0069,10.415,10.702,21.118,-2.022,-1.097,-3.118
Oman,2018,1.267,15.267,408.72,2.85,1.8573,0.0088,10.378,10.952,21.33,-2.058,-0.847,-2.906
Oman,2019,0.975,14.975,411.65,2.49,1.8666,0.0096,10.225,10.83,21.055,-2.212,-0.969,-3.181
Oman,2020,0.531,14.531,414.21,2.3,1.8787,0.0148,10.164,11.578,21.742,-2.272,-0.222,-2.494
Pakistan,1979,-0.019,13.981,336.84,1.83,1.5305,0.0166,12.35,11.656,24.006,-0.087,-0.143,-0.23
Pakistan,1980,0.471,14.471,338.76,1.68,1.5471,0.0169,12.348,11.206,23.554,-0.088,-0.593,-0.682
Pakistan,1981,0.283,14.283,340.12,1.43,1.564,0.0169,12.147,11.387,23.533,-0.29,-0.413,-0.702
Pakistan,1982,-0.404,13.596,341.48,0.86,1.5809,0.0333,12.468,11.595,24.062,0.031,-0.204,-0.173
Pakistan,1983,-0.425,13.575,343.15,2.36,1.6142,0.0306,12.353,11.344,23.698,-0.083,-0.455,-0.538
Pakistan,1984,-0.233,13.767,344.87,1.51,1.6448,0.0129,11.92,11.428,23.348,-0.517,-0.371,-0.887
Pakistan,1985,0.218,14.218,346.35,1.21,1.6573,0.0122,12.016,11.569,23.585,-0.421,-0.23,-0.651
Pakistan,1986,-0.286,13.714,347.61,1.47,1.6701,0.0129,12.224,11.044,23.268,-0.212,-0.755,-0.967
Pakistan,1987,0.176,14.176,349.31,2.06,1.6827,0.0114,12.268,11.405,23.673,-0.169,-0.394,-0.562
Pakistan,1988,0.743,14.743,351.69,2.24,1.6931,0.0107,12.19,11.497,23.687,-0.247,-0.302,-0.549
Pakistan,1989,-0.3,13.7,353.2,1.24,1.7045,0.0112,11.987,11.381,23.368,-0.45,-0.418,-0.868
Pakistan,1990,0.385,14.385,354.45,1.2,1.7144,0.0086,11.718,11.365,23.082,-0.719,-0.434,-1.153
Pakistan,1991,-0.258,13.742,355.7,1.05,1.7248,0.0141,11.77,11.498,23.268,-0.667,-0.301,-0.967
Pakistan,1992,-0.362,13.638,356.54,0.49,1.7355,0.0024,12.122,11.374,23.496,-0.315,-0.425,-0.74
Pakistan,1993,0.466,14.466,357.21,1.36,1.7365,0.0039,11.947,11.37,23.317,-0.49,-0.429,-0.919
Pakistan,1994,0.212,14.212,358.96,1.96,1.7421,0.0073,12.032,11.728,23.76,-0.404,-0.072,-0.476
Pakistan,1995,-0.051,13.949,360.97,2.01,1.7489,0.0038,11.438,11.748,23.187,-0.998,-0.051,-1.049
Pakistan,1996,-0.08,13.92,362.74,1.24,1.7513,0.0025,11.848,11.743,23.592,-0.588,-0.056,-0.644
Pakistan,1997,-0.364,13.636,363.88,1.91,1.7545,0.0064,11.692,11.341,23.032,-0.745,-0.458,-1.203
Pakistan,1998,0.454,14.454,366.84,2.97,1.7655,0.0121,11.782,11.689,23.471,-0.655,-0.11,-0.765
Pakistan,1999,0.847,14.847,368.54,0.92,1.7723,0.0024,11.713,11.712,23.426,-0.723,-0.087,-0.81
Pakistan,2000,0.714,14.714,369.71,1.62,1.7733,-0.0014,11.519,11.724,23.243,-0.917,-0.075,-0.992
Pakistan,2001,0.803,14.803,371.32,1.62,1.7713,-0.0007,11.622,11.628,23.25,-0.814,-0.172,-0.986
Pakistan,2002,1.019,15.019,373.45,2.51,1.7727,0.0032,11.385,11.176,22.561,-1.052,-0.623,-1.675
Pakistan,2003,0.534,14.534,375.98,2.26,1.7773,0.0048,11.419,11.924,23.343,-1.017,0.125,-0.892
Pakistan,2004,0.997,14.997,377.7,1.59,1.777,-0.0048,11.251,11.938,23.189,-1.186,0.139,-1.047
Pakistan,2005,0.174,14.174,379.98,2.57,1.7742,0.0003,10.928,11.648,22.575,-1.509,-0.152,-1.661
Pakistan,2006,0.955,14.955,382.09,1.69,1.775,0.0019,10.794,11.412,22.206,-1.642,-0.387,-2.03
Pakistan,2007,0.654,14.654,384.02,2.31,1.7814,0.0078,10.498,11.637,22.135,-1.938,-0.162,-2.101
Pakistan,2008,0.339,14.339,385.83,1.54,1.787,0.0065,10.99,12.213,23.203,-1.447,0.414,-1.032
Pakistan,2009,1.025,15.025,387.64,2.0,1.7935,0.0047,10.956,11.999,22.955,-1.481,0.2,-1.281
Pakistan,2010,1.28,15.28,390.1,2.3,1.7989,0.0051,10.734,12.058,22.792,-1.702,0.258,-1.444
Pakistan,2011,0.84,14.84,391.85,1.92,1.8031,0.005,10.506,11.45,21.956,-1.931,-0.349,-2.28
Pakistan,2012,0.276,14.276,394.06,2.65,1.8081,0.005,10.42,11.981,22.401,-2.017,0.182,-1.835
Pakistan,2013,0.845,14.845,396.74,1.99,1.8134,0.0057,10.919,12.474,23.393,-1.517,0.675,-0.842
Pakistan,2014,0.453,14.453,398.81,2.17,1.8226,0.0127,10.812,12.727,23.539,-1.624,0.928,-0.697
Pakistan,2015,0.606,14.606,401.01,2.95,1.8342,0.01,10.589,12.366,22.955,-1.848,0.567,-1.281
Pakistan,2016,1.226,15.226,404.41,3.03,1.8431,0.007,10.176,11.178,21.353,-2.261,-0.622,-2.882
Pakistan,2017,1.322,15.322,406.76,1.9,1.8496,0.0069,10.415,10.702,21.118,-2.022,-1.097,-3.118
Pakistan,2018,1.418,15.418,408.72,2.85,1.8573,0.0088,10.378,10.952,21.33,-2.058,-0.847,-2.906
Pakistan,2019,0.608,14.608,411.65,2.49,1.8666,0.0096,10.225,10.83,21.055,-2.212,-0.969,-3.181
Pakistan,2020,0.383,14.383,414.21,2.3,1.8787,0.0148,10.164,11.578,21.742,-2.272,-0.222,-2.494
Palestine,1979,0.578,14.578,336.84,1.83,1.5305,0.0166,12.35,11.656,24.006,-0.087,-0.143,-0.23
Palestine,1980,-0.233,13.767,338.76,1.68,1.5471,0.0169,12.348,11.206,23.554,-0.088,-0.593,-0.682
Palestine,1981,-0.25,13.75,340.12,1.43,1.564,0.0169,12.147,11.387,23.533,-0.29,-0.413,-0.702
Palestine,1982,-0.596,13.404,341.48,0.86,1.5809,0.0333,12.468,11.595,24.062,0.031,-0.204,-0.173
Palestine,1983,-1.105,12.895,343.15,2.36,1.6142,0.0306,12.353,11.344,23.698,-0.083,-0.455,-0.538
Palestine,1984,-0.243,13.757,344.87,1.51,1.6448,0.0129,11.92,11.428,23.348,-0.517,-0.371,-0.887
Palestine,1985,-0.018,13.982,346.35,1.21,1.6573,0.0122,12.016,11.569,23.585,-0.421,-0.23,-0.651
Palestine,1986,0.004,14.004,347.61,1.47,1.6701,0.0129,12.224,11.044,23.268,-0.212,-0.755,-0.967
Palestine,1987,-0.38,13.62,349.31,2.06,1.6827,0.0114,12.268,11.405,23.673,-0.169,-0.394,-0.562
Palestine,1988,-0.055,13.945,351.69,2.24,1.6931,0.0107,12.19,11.497,23.687,-0.247,-0.302,-0.549
Palestine,1989,-0.244,13.756,353.2,1.24,1.7045,0.0112,11.987,11.381,23.368,-0.45,-0.418,-0.868
Palestine,1990,-0.181,13.819,354.45,1.2,1.7144,0.0086,11.718,11.365,23.082,-0.719,-0.434,-1.153
Palestine,1991,0.325,14.325,355.7,1.05,1.7248,0.0141,11.77,11.498,23.268,-0.667,-0.301,-0.967
Palestine,1992,-1.121,12.879,356.54,0.49,1.7355,0.0024,12.122,11.374,23.496,-0.315,-0.425,-0.74
Palestine,1993,-0.446,13.554,357.21,1.36,1.7365,0.0039,11.947,11.37,23.317,-0.49,-0.429,-0.919
Palestine,1994,0.722,14.722,358.96,1.96,1.7421,0.0073,12.032,11.728,23.76,-0.404,-0.072,-0.476
Palestine,1995,-0.246,13.754,360.97,2.01,1.7489,0.0038,11.438,11.748,23.187,-0.998,-0.051,-1.049
Palestine,1996,0.252,14.252,362.74,1.24,1.7513,0.0025,11.848,11.743,23.592,-0.588,-0.056,-0.644
Palestine,1997,-0.227,13.773,363.88,1.91,1.7545,0.0064,11.692,11.341,23.032,-0.745,-0.458,-1.203
Palestine,1998,0.775,14.775,366.84,2.97,1.7655,0.0121,11.782,11.689,23.471,-0.655,-0.11,-0.765
Palestine,1999,0.773,14.773,368.54,0.92,1.7723,0.0024,11.713,11.712,23.426,-0.723,-0.087,-0.81
Palestine,2000,0.15,14.15,369.71,1.62,1.7733,-0.0014,11.519,11.724,23.243,-0.917,-0.075,-0.992
Palestine,2001,0.764,14.764,371.32,1.62,1.7713,-0.0007,11.622,11.628,23.25,-0.814,-0.172,-0.986
Palestine,2002,0.642,14.642,373.45,2.51,1.7727,0.0032,11.385,11.176,22.561,-1.052,-0.623,-1.675
Palestine,2003,0.472,14.472,375.98,2.26,1.7773,0.0048,11.419,11.924,23.343,-1.017,0.125,-0.892
Palestine,2004,0.47,14.47,377.7,1.59,1.777,-0.0048,11.251,11.938,23.189,-1.186,0.139,-1.047
Palestine,2005,0.107,14.107,379.98,2.57,1.7742,0.0003,10.928,11.648,22.575,-1.509,-0.152,-1.661
Palestine,2006,0.49,14.49,382.09,1.69,1.775,0.0019,10.794,11.412,22.206,-1.642,-0.387,-2.03
Palestine,2007,0.426,14.426,384.02,2.31,1.7814,0.0078,10.498,11.637,22.135,-1.938,-0.162,-2.101
Palestine,2008,0.629,14.629,385.83,1.54,1.787,0.0065,10.99,12.213,23.203,-1.447,0.414,-1.032
Palestine,2009,0.733,14.733,387.64,2.0,1.7935,0.0047,10.956,11.999,22.955,-1.481,0.2,-1.281
Palestine,2010,2.225,16.225,390.1,2.3,1.7989,0.0051,10.734,12.058,22.792,-1.702,0.258,-1.444
Palestine,2011,0.47,14.47,391.85,1.92,1.8031,0.005,10.506,11.45,21.956,-1.931,-0.349,-2.28
Palestine,2012,0.927,14.927,394.06,2.65,1.8081,0.005,10.42,11.981,22.401,-2.017,0.182,-1.835
Palestine,2013,1.013,15.013,396.74,1.99,1.8134,0.0057,10.919,12.474,23.393,-1.517,0.675,-0.842
Palestine,2014,0.754,14.754,398.81,2.17,1.8226,0.0127,10.812,12.727,23.539,-1.624,0.928,-0.697
Palestine,2015,1.226,15.226,401.01,2.95,1.8342,0.01,10.589,12.366,22.955,-1.848,0.567,-1.281
Palestine,2016,1.528,15.528,404.41,3.03,1.8431,0.007,10.176,11.178,21.353,-2.261,-0.622,-2.882
Palestine,2017,0.639,14.639,406.76,1.9,1.8496,0.0069,10.415,10.702,21.118,-2.022,-1.097,-3.118
Palestine,2018,1.875,15.875,408.72,2.85,1.8573,0.0088,10.378,10.952,21.33,-2.058,-0.847,-2.906
Palestine,2019,1.052,15.052,411.65,2.49,1.8666,0.0096,10.225,10.83,21.055,-2.212,-0.969,-3.181
Palestine,2020,1.302,15.302,414.21,2.3,1.8787,0.0148,10.164,11.578,21.742,-2.272,-0.222,-2.494
Panama,1979,0.114,14.114,336.84,1.83,1.5305,0.0166,12.35,11.656,24.006,-0.087,-0.143,-0.23
Panama,1980,0.399,14.399,338.76,1.68,1.5471,0.0169,12.348,11.206,23.554,-0.088,-0.593,-0.682
Panama,1981,0.184,14.184,340.12,1.43,1.564,0.0169,12.147,11.387,23.533,-0.29,-0.413,-0.702
Panama,1982,0.272,14.272,341.48,0.86,1.5809,0.0333,12.468,11.595,24.062,0.031,-0.204,-0.173
Panama,1983,0.818,14.818,343.15,2.36,1.6142,0.0306,12.353,11.344,23.698,-0.083,-0.455,-0.538
Panama,1984,-0.148,13.852,344.87,1.51,1.6448,0.0129,11.92,11.428,23.348,-0.517,-0.371,-0.887
Panama,1985,-0.299,13.701,346.35,1.21,1.6573,0.0122,12.016,11.569,23.585,-0.421,-0.23,-0.651
Panama,1986,-0.016,13.984,347.61,1.47,1.6701,0.0129,12.224,11.044,23.268,-0.212,-0.755,-0.967
Panama,1987,0.472,14.472,349.31,2.06,1.6827,0.0114,12.268,11.405,23.673,-0.169,-0.394,-0.562
Panama,1988,0.089,14.089,351.69,2.24,1.6931,0.0107,12.19,11.497,23.687,-0.247,-0.302,-0.549
Panama,1989,-0.089,13.911,353.2,1.24,1.7045,0.0112,11.987,11.381,23.368,-0.45,-0.418,-0.868
Panama,1990,0.267,14.267,354.45,1.2,1.7144,0.0086,11.718,11.365,23.082,-0.719,-0.434,-1.153
Panama,1991,0.421,14.421,355.7,1.05,1.7248,0.0141,11.77,11.498,23.268,-0.667,-0.301,-0.967
Panama,1992,0.255,14.255,356.54,0.49,1.7355,0.0024,12.122,11.374,23.496,-0.315,-0.425,-0.74
Panama,1993,0.343,14.343,357.21,1.36,1.7365,0.0039,11.947,11.37,23.317,-0.49,-0.429,-0.919
Panama,1994,0.249,14.249,358.96,1.96,1.7421,0.0073,12.032,11.728,23.76,-0.404,-0.072,-0.476
Panama,1995,0.19,14.19,360.97,2.01,1.7489,0.0038,11.438,11.748,23.187,-0.998,-0.051,-1.049
Panama,1996,0.026,14.026,362.74,1.24,1.7513,0.0025,11.848,11.743,23.592,-0.588,-0.056,-0.644
Panama,1997,0.458,14.458,363.88,1.91,1.7545,0.0064,11.692,11.341,23.032,-0.745,-0.458,-1.203
Panama,1998,0.786,14.786,366.84,2.97,1.7655,0.0121,11.782,11.689,23.471,-0.655,-0.11,-0.765
Panama,1999,-0.282,13.718,368.54,0.92,1.7723,0.0024,11.713,11.712,23.426,-0.723,-0.087,-0.81
Panama,2000,-0.046,13.954,369.71,1.62,1.7733,-0.0014,11.519,11.724,23.243,-0.917,-0.075,-0.992
Panama,2001,0.343,14.343,371.32,1.62,1.7713,-0.0007,11.622,11.628,23.25,-0.814,-0.172,-0.986
Panama,2002,0.509,14.509,373.45,2.51,1.7727,0.0032,11.385,11.176,22.561,-1.052,-0.623,-1.675
Panama,2003,0.687,14.687,375.98,2.26,1.7773,0.0048,11.419,11.924,23.343,-1.017,0.125,-0.892
Panama,2004,0.443,14.443,377.7,1.59,1.777,-0.0048,11.251,11.938,23.189,-1.186,0.139,-1.047
Panama,2005,0.574,14.574,379.98,2.57,1.7742,0.0003,10.928,11.648,22.575,-1.509,-0.152,-1.661
Panama,2006,0.543,14.543,382.09,1.69,1.775,0.0019,10.794,11.412,22.206,-1.642,-0.387,-2.03
Panama,2007,0.545,14.545,384.02,2.31,1.7814,0.0078,10.498,11.637,22.135,-1.938,-0.162,-2.101
Panama,2008,0.254,14.254,385.83,1.54,1.787,0.0065,10.99,12.213,23.203,-1.447,0.414,-1.032
Panama,2009,0.774,14.774,387.64,2.0,1.7935,0.0047,10.956,11.999,22.955,-1.481,0.2,-1.281
Panama,2010,0.859,14.859,390.1,2.3,1.7989,0.0051,10.734,12.058,22.792,-1.702,0.258,-1.444
Panama,2011,0.454,14.454,391.85,1.92,1.8031,0.005,10.506,11.45,21.956,-1.931,-0.349,-2.28
Panama,2012,0.386,14.386,394.06,2.65,1.8081,0.005,10.42,11.981,22.401,-2.017,0.182,-1.835
Panama,2013,0.693,14.693,396.74,1.99,1.8134,0.0057,10.919,12.474,23.393,-1.517,0.675,-0.842
Panama,2014,0.636,14.636,398.81,2.17,1.8226,0.0127,10.812,12.727,23.539,-1.624,0.928,-0.697
Panama,2015,0.923,14.923,401.01,2.95,1.8342,0.01,10.589,12.366,22.955,-1.848,0.567,-1.281
Panama,2016,0.831,14.831,404.41,3.03,1.8431,0.007,10.176,11.178,21.353,-2.261,-0.622,-2.882
Panama,2017,0.69,14.69,406.76,1.9,1.8496,0.0069,10.415,10.702,21.118,-2.022,-1.097,-3.118
Panama,2018,1.076,15.076,408.72,2.85,1.8573,0.0088,10.378,10.952,21.33,-2.058,-0.847,-2.906
Panama,2019,1.277,15.277,411.65,2.49,1.8666,0.0096,10.225,10.83,21.055,-2.212,-0.969,-3.181
Panama,2020,1.376,15.376,414.21,2.3,1.8787,0.0148,10.164,11.578,21.742,-2.272,-0.222,-2.494
Papua New Guinea,1979,0.045,14.045,336.84,1.83,1.5305,0.0166,12.35,11.656,24.006,-0.087,-0.143,-0.23
Papua New Guinea,1980,0.102,14.102,338.76,1.68,1.5471,0.0169,12.348,11.206,23.554,-0.088,-0.593,-0.682
Papua New Guinea,1981,0.228,14.228,340.12,1.43,1.564,0.0169,12.147,11.387,23.533,-0.29,-0.413,-0.702
Papua New Guinea,1982,-0.18,13.82,341.48,0.86,1.5809,0.0333,12.468,11.595,24.062,0.031,-0.204,-0.173
Papua New Guinea,1983,0.288,14.288,343.15,2.36,1.6142,0.0306,12.353,11.344,23.698,-0.083,-0.455,-0.538
Papua New Guinea,1984,0.239,14.239,344.87,1.51,1.6448,0.0129,11.92,11.428,23.348,-0.517,-0.371,-0.887
Papua New Guinea,1985,0.17,14.17,346.35,1.21,1.6573,0.0122,12.016,11.569,23.585,-0.421,-0.23,-0.651
Papua New Guinea,1986,0.287,14.287,347.61,1.47,1.6701,0.0129,12.224,11.044,23.268,-0.212,-0.755,-0.967
Papua New Guinea,1987,0.307,14.307,349.31,2.06,1.6827,0.0114,12.268,11.405,23.673,-0.169,-0.394,-0.562
Papua New Guinea,1988,0.617,14.617,351.69,2.24,1.6931,0.0107,12.19,11.497,23.687,-0.247,-0.302,-0.549
Papua New Guinea,1989,0.366,14.366,353.2,1.24,1.7045,0.0112,11.987,11.381,23.368,-0.45,-0.418,-0.868
Papua New Guinea,1990,0.334,14.334,354.45,1.2,1.7144,0.0086,11.718,11.365,23.082,-0.719,-0.434,-1.153
Papua New Guinea,1991,0.246,14.246,355.7,1.05,1.7248,0.0141,11.77,11.498,23.268,-0.667,-0.301,-0.967
Papua New Guinea,1992,0.537,14.537,356.54,0.49,1.7355,0.0024,12.122,11.374,23.496,-0.315,-0.425,-0.74
Papua New Guinea,1993,0.307,14.307,357.21,1.36,1.7365,0.0039,11.947,11.37,23.317,-0.49,-0.429,-0.919
Papua New Guinea,1994,0.291,14.291,358.96,1.96,1.7421,0.0073,12.032,11.728,23.76,-0.404,-0.072,-0.476
Papua New Guinea,1995,0.802,14.802,360.97,2.01,1.7489,0.0038,11.438,11.748,23.187,-0.998,-0.051,-1.049
Papua New Guinea,1996,0.572,14.572,362.74,1.24,1.7513,0.0025,11.848,11.743,23.592,-0.588,-0.056,-0.644
Papua New Guinea,1997,0.101,14.101,363.88,1.91,1.7545,0.0064,11.692,11.341,23.032,-0.745,-0.458,-1.203
Papua New Guinea,1998,1.243,15.243,366.84,2.97,1.7655,0.0121,11.782,11.689,23.471,-0.655,-0.11,-0.765
Papua New Guinea,1999,0.306,14.306,368.54,0.92,1.7723,0.0024,11.713,11.712,23.426,-0.723,-0.087,-0.81
Papua New Guinea,2000,0.286,14.286,369.71,1.62,1.7733,-0.0014,11.519,11.724,23.243,-0.917,-0.075,-0.992
Papua New Guinea,2001,0.449,14.449,371.32,1.62,1.7713,-0.0007,11.622,11.628,23.25,-0.814,-0.172,-0.986
Papua New Guinea,2002,0.737,14.737,373.45,2.51,1.7727,0.0032,11.385,11.176,22.561,-1.052,-0.623,-1.675
Papua New Guinea,2003,0.496,14.496,375.98,2.26,1.7773,0.0048,11.419,11.924,23.343,-1.017,0.125,-0.892
Papua New Guinea,2004,0.246,14.246,377.7,1.59,1.777,-0.0048,11.251,11.938,23.189,-1.186,0.139,-1.047
Papua New Guinea,2005,0.752,14.752,379.98,2.57,1.7742,0.0003,10.928,11.648,22.575,-1.509,-0.152,-1.661
Papua New Guinea,2006,0.323,14.323,382.09,1.69,1.775,0.0019,10.794,11.412,22.206,-1.642,-0.387,-2.03
Papua New Guinea,2007,0.461,14.461,384.02,2.31,1.7814,0.0078,10.498,11.637,22.135,-1.938,-0.162,-2.101
Papua New Guinea,2008,0.405,14.405,385.83,1.54,1.787,0.0065,10.99,12.213,23.203,-1.447,0.414,-1.032
Papua New Guinea,2009,0.405,14.405,387.64,2.0,1.7935,0.0047,10.956,11.999,22.955,-1.481,0.2,-1.281
Papua New Guinea,2010,1.054,15.054,390.1,2.3,1.7989,0.0051,10.734,12.058,22.792,-1.702,0.258,-1.444
Papua New Guinea,2011,0.423,14.423,391.85,1.92,1.8031,0.005,10.506,11.45,21.956,-1.931,-0.349,-2.28
Papua New Guinea,2012,0.313,14.313,394.06,2.65,1.8081,0.005,10.42,11.981,22.401,-2.017,0.182,-1.835
Papua New Guinea,2013,0.798,14.798,396.74,1.99,1.8134,0.0057,10.919,12.474,23.393,-1.517,0.675,-0.842
Papua New Guinea,2014,0.488,14.488,398.81,2.17,1.8226,0.0127,10.812,12.727,23.539,-1.624,0.928,-0.697
Papua New Guinea,2015,0.411,14.411,401.01,2.95,1.8342,0.01,10.589,12.366,22.955,-1.848,0.567,-1.281
Papua New Guinea,2016,1.373,15.373,404.41,3.03,1.8431,0.007,10.176,11.178,21.353,-2.261,-0.622,-2.882
Papua New Guinea,2017,0.997,14.997,406.76,1.9,1.8496,0.0069,10.415,10.702,21.118,-2.022,-1.097,-3.118
Papua New Guinea,2018,0.659,14.659,408.72,2.85,1.8573,0.0088,10.378,10.952,21.33,-2.058,-0.847,-2.906
Papua New Guinea,2019,0.656,14.656,411.65,2.49,1.8666,0.0096,10.225,10.83,21.055,-2.212,-0.969,-3.181
Papua New Guinea,2020,1.042,15.042,414.21,2.3,1.8787,0.0148,10.164,11.578,21.742,-2.272,-0.222,-2.494
Paraguay,1979,0.051,14.051,336.84,1.83,1.5305,0.0166,12.35,11.656,24.006,-0.087,-0.143,-0.23
Paraguay,1980,0.135,14.135,338.76,1.68,1.5471,0.0169,12.348,11.206,23.554,-0.088,-0.593,-0.682
Paraguay,1981,0.337,14.337,340.12,1.43,1.564,0.0169,12.147,11.387,23.533,-0.29,-0.413,-0.702
Paraguay,1982,0.307,14.307,341.48,0.86,1.5809,0.0333,12.468,11.595,24.062,0.031,-0.204,-0.173
Paraguay,1983,-0.35,13.65,343.15,2.36,1.6142,0.0306,12.353,11.344,23.698,-0.083,-0.455,-0.538
Paraguay,1984,0.459,14.459,344.87,1.51,1.6448,0.0129,11.92,11.428,23.348,-0.517,-0.371,-0.887
Paraguay,1985,0.353,14.353,346.35,1.21,1.6573,0.0122,12.016,11.569,23.585,-0.421,-0.23,-0.651
Paraguay,1986,0.832,14.832,347.61,1.47,1.6701,0.0129,12.224,11.044,23.268,-0.212,-0.755,-0.967
Paraguay,1987,0.175,14.175,349.31,2.06,1.6827,0.0114,12.268,11.405,23.673,-0.169,-0.394,-0.562
Paraguay,1988,-0.077,13.923,351.69,2.24,1.6931,0.0107,12.19,11.497,23.687,-0.247,-0.302,-0.549
Paraguay,1989,-0.126,13.874,353.2,1.24,1.7045,0.0112,11.987,11.381,23.368,-0.45,-0.418,-0.868
Paraguay,1990,0.014,14.014,354.45,1.2,1.7144,0.0086,11.718,11.365,23.082,-0.719,-0.434,-1.153
Paraguay,1991,0.621,14.621,355.7,1.05,1.7248,0.0141,11.77,11.498,23.268,-0.667,-0.301,-0.967
Paraguay,1992,-0.428,13.572,356.54,0.49,1.7355,0.0024,12.122,11.374,23.496,-0.315,-0.425,-0.74
Paraguay,1993,0.175,14.175,357.21,1.36,1.7365,0.0039,11.947,11.37,23.317,-0.49,-0.429,-0.919
Paraguay,1994,0.836,14.836,358.96,1.96,1.7421,0.0073,12.032,11.728,23.76,-0.404,-0.072,-0.476
Paraguay,1995,0.548,14.548,360.97,2.01,1.7489,0.0038,11.438,11.748,23.187,-0.998,-0.051,-1.049
Paraguay,1996,0.082,14.082,362.74,1.24,1.7513,0.0025,11.848,11.743,23.592,-0.588,-0.056,-0.644
Paraguay,1997,0.876,14.876,363.88,1.91,1.7545,0.0064,11.692,11.341,23.032,-0.745,-0.458,-1.203
Paraguay,1998,0.155,14.155,366.84,2.97,1.7655,0.0121,11.782,11.689,23.471,-0.655,-0.11,-0.765
Paraguay,1999,0.008,14.008,368.54,0.92,1.7723,0.0024,11.713,11.712,23.426,-0.723,-0.087,-0.81
Paraguay,2000,0.046,14.046,369.71,1.62,1.7733,-0.0014,11.519,11.724,23.243,-0.917,-0.075,-0.992
Paraguay,2001,0.579,14.579,371.32,1.62,1.7713,-0.0007,11.622,11.628,23.25,-0.814,-0.172,-0.986
Paraguay,2002,1.073,15.073,373.45,2.51,1.7727,0.0032,11.385,11.176,22.561,-1.052,-0.623,-1.675
Paraguay,2003,0.708,14.708,375.98,2.26,1.7773,0.0048,11.419,11.924,23.343,-1.017,0.125,-0.892
Paraguay,2004,0.369,14.369,377.7,1.59,1.777,-0.0048,11.251,11.938,23.189,-1.186,0.139,-1.047
Paraguay,2005,0.55,14.55,379.98,2.57,1.7742,0.0003,10.928,11.648,22.575,-1.509,-0.152,-1.661
Paraguay,2006,0.928,14.928,382.09,1.69,1.775,0.0019,10.794,11.412,22.206,-1.642,-0.387,-2.03
Paraguay,2007,0.277,14.277,384.02,2.31,1.7814,0.0078,10.498,11.637,22.135,-1.938,-0.162,-2.101
Paraguay,2008,0.29,14.29,385.83,1.54,1.787,0.0065,10.99,12.213,23.203,-1.447,0.414,-1.032
Paraguay,2009,0.898,14.898,387.64,2.0,1.7935,0.0047,10.956,11.999,22.955,-1.481,0.2,-1.281
Paraguay,2010,0.358,14.358,390.1,2.3,1.7989,0.0051,10.734,12.058,22.792,-1.702,0.258,-1.444
Paraguay,2011,0.647,14.647,391.85,1.92,1.8031,0.005,10.506,11.45,21.956,-1.931,-0.349,-2.28
Paraguay,2012,0.889,14.889,394.06,2.65,1.8081,0.005,10.42,11.981,22.401,-2.017,0.182,-1.835
Paraguay,2013,0.412,14.412,396.74,1.99,1.8134,0.0057,10.919,12.474,23.393,-1.517,0.675,-0.842
Paraguay,2014,1.186,15.186,398.81,2.17,1.8226,0.0127,10.812,12.727,23.539,-1.624,0.928,-0.697
Paraguay,2015,1.522,15.522,401.01,2.95,1.8342,0.01,10.589,12.366,22.955,-1.848,0.567,-1.281
Paraguay,2016,0.233,14.233,404.41,3.03,1.8431,0.007,10.176,11.178,21.353,-2.261,-0.622,-2.882
Paraguay,2017,1.155,15.155,406.76,1.9,1.8496,0.0069,10.415,10.702,21.118,-2.022,-1.097,-3.118
Paraguay,2018,0.549,14.549,408.72,2.85,1.8573,0.0088,10.378,10.952,21.33,-2.058,-0.847,-2.906
Paraguay,2019,1.363,15.363,411.65,2.49,1.8666,0.0096,10.225,10.83,21.055,-2.212,-0.969,-3.181
Paraguay,2020,1.558,15.558,414.21,2.3,1.8787,0.0148,10.164,11.578,21.742,-2.272,-0.222,-2.494
Peru,1979,0.368,14.368,336.84,1.83,1.5305,0.0166,12.35,11.656,24.006,-0.087,-0.143,-0.23
Peru,1980,0.497,14.497,338.76,1.68,1.5471,0.0169,12.348,11.206,23.554,-0.088,-0.593,-0.682
Peru,1981,0.173,14.173,340.12,1.43,1.564,0.0169,12.147,11.387,23.533,-0.29,-0.413,-0.702
Peru,1982,0.317,14.317,341.48,0.86,1.5809,0.0333,12.468,11.595,24.062,0.031,-0.204,-0.173
Peru,1983,1.409,15.409,343.15,2.36,1.6142,0.0306,12.353,11.344,23.698,-0.083,-0.455,-0.538
Peru,1984,0.302,14.302,344.87,1.51,1.6448,0.0129,11.92,11.428,23.348,-0.517,-0.371,-0.887
Peru,1985,0.154,14.154,346.35,1.21,1.6573,0.0122,12.016,11.569,23.585,-0.421,-0.23,-0.651
Peru,1986,0.184,14.184,347.61,1.47,1.6701,0.0129,12.224,11.044,23.268,-0.212,-0.755,-0.967
Peru,1987,0.928,14.928,349.31,2.06,1.6827,0.0114,12.268,11.405,23.673,-0.169,-0.394,-0.562
Peru,1988,0.559,14.559,351.69,2.24,1.6931,0.0107,12.19,11.497,23.687,-0.247,-0.302,-0.549
Peru,1989,0.1,14.1,353.2,1.24,1.7045,0.0112,11.987,11.381,23.368,-0.45,-0.418,-0.868
Peru,1990,0.39,14.39,354.45,1.2,1.7144,0.0086,11.718,11.365,23.082,-0.719,-0.434,-1.153
Peru,1991,0.531,14.531,355.7,1.05,1.7248,0.0141,11.77,11.498,23.268,-0.667,-0.301,-0.967
Peru,1992,0.895,14.895,356.54,0.49,1.7355,0.0024,12.122,11.374,23.496,-0.315,-0.425,-0.74
Peru,1993,0.576,14.576,357.21,1.36,1.7365,0.0039,11.947,11.37,23.317,-0.49,-0.429,-0.919
Peru,1994,0.59,14.59,358.96,1.96,1.7421,0.0073,12.032,11.728,23.76,-0.404,-0.072,-0.476
Peru,1995,0.881,14.881,360.97,2.01,1.7489,0.0038,11.438,11.748,23.187,-0.998,-0.051,-1.049
Peru,1996,0.221,14.221,362.74,1.24,1.7513,0.0025,11.848,11.743,23.592,-0.588,-0.056,-0.644
Peru,1997,0.899,14.899,363.88,1.91,1.7545,0.0064,11.692,11.341,23.032,-0.745,-0.458,-1.203
Peru,1998,1.288,15.288,366.84,2.97,1.7655,0.0121,11.782,11.689,23.471,-0.655,-0.11,-0.765
Peru,1999,0.31,14.31,368.54,0.92,1.7723,0.0024,11.713,11.712,23.426,-0.723,-0.087,-0.81
Peru,2000,0.378,14.378,369.71,1.62,1.7733,-0.0014,11.519,11.724,23.243,-0.917,-0.075,-0.992
Peru,2001,0.444,14.444,371.32,1.62,1.7713,-0.0007,11.622,11.628,23.25,-0.814,-0.172,-0.986
Peru,2002,0.756,14.756,373.45,2.51,1.7727,0.0032,11.385,11.176,22.561,-1.052,-0.623,-1.675
Peru,2003,0.744,14.744,375.98,2.26,1.7773,0.0048,11.419,11.924,23.343,-1.017,0.125,-0.892
Peru,2004,0.71,14.71,377.7,1.59,1.777,-0.0048,11.251,11.938,23.189,-1.186,0.139,-1.047
Peru,2005,0.819,14.819,379.98,2.57,1.7742,0.0003,10.928,11.648,22.575,-1.509,-0.152,-1.661
Peru,2006,0.786,14.786,382.09,1.69,1.775,0.0019,10.794,11.412,22.206,-1.642,-0.387,-2.03
Peru,2007,0.53,14.53,384.02,2.31,1.7814,0.0078,10.498,11.637,22.135,-1.938,-0.162,-2.101
Peru,2008,0.578,14.578,385.83,1.54,1.787,0.0065,10.99,12.213,23.203,-1.447,0.414,-1.032
Peru,2009,0.828,14.828,387.64,2.0,1.7935,0.0047,10.956,11.999,22.955,-1.481,0.2,-1.281
Peru,2010,0.996,14.996,390.1,2.3,1.7989,0.0051,10.734,12.058,22.792,-1.702,0.258,-1.444
Peru,2011,0.764,14.764,391.85,1.92,1.8031,0.005,10.506,11.45,21.956,-1.931,-0.349,-2.28
Peru,2012,0.853,14.853,394.06,2.65,1.8081,0.005,10.42,11.981,22.401,-2.017,0.182,-1.835
Peru,2013,0.649,14.649,396.74,1.99,1.8134,0.0057,10.919,12.474,23.393,-1.517,0.675,-0.842
Peru,2014,0.863,14.863,398.81,2.17,1.8226,0.0127,10.812,12.727,23.539,-1.624,0.928,-0.697
Peru,2015,1.245,15.245,401.01,2.95,1.8342,0.01,10.589,12.366,22.955,-1.848,0.567,-1.281
Peru,2016,1.383,15.383,404.41,3.03,1.8431,0.007,10.176,11.178,21.353,-2.261,-0.622,-2.882
Peru,2017,0.928,14.928,406.76,1.9,1.8496,0.0069,10.415,10.702,21.118,-2.022,-1.097,-3.118
Peru,2018,0.7,14.7,408.72,2.85,1.8573,0.0088,10.378,10.952,21.33,-2.058,-0.847,-2.906
Peru,2019,0.996,14.996,411.65,2.49,1.8666,0.0096,10.225,10.83,21.055,-2.212,-0.969,-3.181
Peru,2020,1.502,15.502,414.21,2.3,1.8787,0.0148,10.164,11.578,21.742,-2.272,-0.222,-2.494
Philippines,1979,0.34,14.34,336.84,1.83,1.5305,0.0166,12.35,11.656,24.006,-0.087,-0.143,-0.23
Philippines,1980,0.128,14.128,338.76,1.68,1.5471,0.0169,12.348,11.206,23.554,-0.088,-0.593,-0.682
Philippines,1981,0.253,14.253,340.12,1.43,1.564,0.0169,12.147,11.387,23.533,-0.29,-0.413,-0.702
Philippines,1982,0.126,14.126,341.48,0.86,1.5809,0.0333,12.468,11.595,24.062,0.031,-0.204,-0.173
Philippines,1983,0.567,14.567,343.15,2.36,1.6142,0.0306,12.353,11.344,23.698,-0.083,-0.455,-0.538
Philippines,1984,0.184,14.184,344.87,1.51,1.6448,0.0129,11.92,11.428,23.348,-0.517,-0.371,-0.887
Philippines,1985,0.383,14.383,346.35,1.21,1.6573,0.0122,12.016,11.569,23.585,-0.421,-0.23,-0.651
Philippines,1986,0.273,14.273,347.61,1.47,1.6701,0.0129,12.224,11.044,23.268,-0.212,-0.755,-0.967
Philippines,1987,0.51,14.51,349.31,2.06,1.6827,0.0114,12.268,11.405,23.673,-0.169,-0.394,-0.562
Philippines,1988,0.77,14.77,351.69,2.24,1.6931,0.0107,12.19,11.497,23.687,-0.247,-0.302,-0.549
Philippines,1989,0.264,14.264,353.2,1.24,1.7045,0.0112,11.987,11.381,23.368,-0.45,-0.418,-0.868
Philippines,1990,0.42,14.42,354.45,1.2,1.7144,0.0086,11.718,11.365,23.082,-0.719,-0.434,-1.153
Philippines,1991,0.378,14.378,355.7,1.05,1.7248,0.0141,11.77,11.498,23.268,-0.667,-0.301,-0.967
Philippines,1992,0.407,14.407,356.54,0.49,1.7355,0.0024,12.122,11.374,23.496,-0.315,-0.425,-0.74
Philippines,1993,0.375,14.375,357.21,1.36,1.7365,0.0039,11.947,11.37,23.317,-0.49,-0.429,-0.919
Philippines,1994,0.47,14.47,358.96,1.96,1.7421,0.0073,12.032,11.728,23.76,-0.404,-0.072,-0.476
Philippines,1995,0.492,14.492,360.97,2.01,1.7489,0.0038,11.438,11.748,23.187,-0.998,-0.051,-1.049
Philippines,1996,0.377,14.377,362.74,1.24,1.7513,0.0025,11.848,11.743,23.592,-0.588,-0.056,-0.644
Philippines,1997,0.461,14.461,363.88,1.91,1.7545,0.0064,11.692,11.341,23.032,-0.745,-0.458,-1.203
Philippines,1998,1.265,15.265,366.84,2.97,1.7655,0.0121,11.782,11.689,23.471,-0.655,-0.11,-0.765
Philippines,1999,0.508,14.508,368.54,0.92,1.7723,0.0024,11.713,11.712,23.426,-0.723,-0.087,-0.81
Philippines,2000,0.642,14.642,369.71,1.62,1.7733,-0.0014,11.519,11.724,23.243,-0.917,-0.075,-0.992
Philippines,2001,0.738,14.738,371.32,1.62,1.7713,-0.0007,11.622,11.628,23.25,-0.814,-0.172,-0.986
Philippines,2002,0.64,14.64,373.45,2.51,1.7727,0.0032,11.385,11.176,22.561,-1.052,-0.623,-1.675
Philippines,2003,0.688,14.688,375.98,2.26,1.7773,0.0048,11.419,11.924,23.343,-1.017,0.125,-0.892
Philippines,2004,0.59,14.59,377.7,1.59,1.777,-0.0048,11.251,11.938,23.189,-1.186,0.139,-1.047
Philippines,2005,0.681,14.681,379.98,2.57,1.7742,0.0003,10.928,11.648,22.575,-1.509,-0.152,-1.661
Philippines,2006,0.731,14.731,382.09,1.69,1.775,0.0019,10.794,11.412,22.206,-1.642,-0.387,-2.03
Philippines,2007,0.825,14.825,384.02,2.31,1.7814,0.0078,10.498,11.637,22.135,-1.938,-0.162,-2.101
Philippines,2008,0.509,14.509,385.83,1.54,1.787,0.0065,10.99,12.213,23.203,-1.447,0.414,-1.032
Philippines,2009,0.665,14.665,387.64,2.0,1.7935,0.0047,10.956,11.999,22.955,-1.481,0.2,-1.281
Philippines,2010,0.969,14.969,390.1,2.3,1.7989,0.0051,10.734,12.058,22.792,-1.702,0.258,-1.444
Philippines,2011,0.545,14.545,391.85,1.92,1.8031,0.005,10.506,11.45,21.956,-1.931,-0.349,-2.28
Philippines,2012,0.828,14.828,394.06,2.65,1.8081,0.005,10.42,11.981,22.401,-2.017,0.182,-1.835
Philippines,2013,0.904,14.904,396.74,1.99,1.8134,0.0057,10.919,12.474,23.393,-1.517,0.675,-0.842
Philippines,2014,0.783,14.783,398.81,2.17,1.8226,0.0127,10.812,12.727,23.539,-1.624,0.928,-0.697
Philippines,2015,1.056,15.056,401.01,2.95,1.8342,0.01,10.589,12.366,22.955,-1.848,0.567,-1.281
Philippines,2016,1.495,15.495,404.41,3.03,1.8431,0.007,10.176,11.178,21.353,-2.261,-0.622,-2.882
Philippines,2017,1.199,15.199,406.76,1.9,1.8496,0.0069,10.415,10.702,21.118,-2.022,-1.097,-3.118
Philippines,2018,1.22,15.22,408.72,2.85,1.8573,0.0088,10.378,10.952,21.33,-2.058,-0.847,-2.906
Philippines,2019,1.325,15.325,411.65,2.49,1.8666,0.0096,10.225,10.83,21.055,-2.212,-0.969,-3.181
Philippines,2020,1.458,15.458,414.21,2.3,1.8787,0.0148,10.164,11.578,21.742,-2.272,-0.222,-2.494
Pitcairn,1979,-0.612,13.388,336.84,1.83,1.5305,0.0166,12.35,11.656,24.006,-0.087,-0.143,-0.23
Pitcairn,1980,-0.272,13.728,338.76,1.68,1.5471,0.0169,12.348,11.206,23.554,-0.088,-0.593,-0.682
Pitcairn,1981,-0.21,13.79,340.12,1.43,1.564,0.0169,12.147,11.387,23.533,-0.29,-0.413,-0.702
Pitcairn,1982,-0.114,13.886,341.48,0.86,1.5809,0.0333,12.468,11.595,24.062,0.031,-0.204,-0.173
Pitcairn,1983,-0.769,13.231,343.15,2.36,1.6142,0.0306,12.353,11.344,23.698,-0.083,-0.455,-0.538
Pitcairn,1984,0.117,14.117,344.87,1.51,1.6448,0.0129,11.92,11.428,23.348,-0.517,-0.371,-0.887
Pitcairn,1985,0.314,14.314,346.35,1.21,1.6573,0.0122,12.016,11.569,23.585,-0.421,-0.23,-0.651
Pitcairn,1986,0.098,14.098,347.61,1.47,1.6701,0.0129,12.224,11.044,23.268,-0.212,-0.755,-0.967
Pitcairn,1987,-0.307,13.693,349.31,2.06,1.6827,0.0114,12.268,11.405,23.673,-0.169,-0.394,-0.562
Pitcairn,1988,-0.049,13.951,351.69,2.24,1.6931,0.0107,12.19,11.497,23.687,-0.247,-0.302,-0.549
Pitcairn,1989,0.264,14.264,353.2,1.24,1.7045,0.0112,11.987,11.381,23.368,-0.45,-0.418,-0.868
Pitcairn,1990,0.042,14.042,354.45,1.2,1.7144,0.0086,11.718,11.365,23.082,-0.719,-0.434,-1.153
Pitcairn,1991,-0.382,13.618,355.7,1.05,1.7248,0.0141,11.77,11.498,23.268,-0.667,-0.301,-0.967
Pitcairn,1992,-0.492,13.508,356.54,0.49,1.7355,0.0024,12.122,11.374,23.496,-0.315,-0.425,-0.74
Pitcairn,1993,-0.669,13.331,357.21,1.36,1.7365,0.0039,11.947,11.37,23.317,-0.49,-0.429,-0.919
Pitcairn,1994,-0.31,13.69,358.96,1.96,1.7421,0.0073,12.032,11.728,23.76,-0.404,-0.072,-0.476
Pitcairn,1995,-0.153,13.847,360.97,2.01,1.7489,0.0038,11.438,11.748,23.187,-0.998,-0.051,-1.049
Pitcairn,1996,-0.366,13.634,362.74,1.24,1.7513,0.0025,11.848,11.743,23.592,-0.588,-0.056,-0.644
Pitcairn,1997,-0.385,13.615,363.88,1.91,1.7545,0.0064,11.692,11.341,23.032,-0.745,-0.458,-1.203
Pitcairn,1998,-0.578,13.422,366.84,2.97,1.7655,0.0121,11.782,11.689,23.471,-0.655,-0.11,-0.765
Pitcairn,1999,-0.1085,13.8915,368.54,0.92,1.7723,0.0024,11.713,11.712,23.426,-0.723,-0.087,-0.81
Pitcairn,2000,0.361,14.361,369.71,1.62,1.7733,-0.0014,11.519,11.724,23.243,-0.917,-0.075,-0.992
Pitcairn,2001,0.118,14.118,371.32,1.62,1.7713,-0.0007,11.622,11.628,23.25,-0.814,-0.172,-0.986
Pitcairn,2002,0.458,14.458,373.45,2.51,1.7727,0.0032,11.385,11.176,22.561,-1.052,-0.623,-1.675
Pitcairn,2003,-0.196,13.804,375.98,2.26,1.7773,0.0048,11.419,11.924,23.343,-1.017,0.125,-0.892
Pitcairn,2004,-0.592,13.408,377.7,1.59,1.777,-0.0048,11.251,11.938,23.189,-1.186,0.139,-1.047
Pitcairn,2005,-0.363,13.637,379.98,2.57,1.7742,0.0003,10.928,11.648,22.575,-1.509,-0.152,-1.661
Pitcairn,2006,0.397,14.397,382.09,1.69,1.775,0.0019,10.794,11.412,22.206,-1.642,-0.387,-2.03
Pitcairn,2007,-0.028,13.972,384.02,2.31,1.7814,0.0078,10.498,11.637,22.135,-1.938,-0.162,-2.101
Pitcairn,2008,-0.109,13.891,385.83,1.54,1.787,0.0065,10.99,12.213,23.203,-1.447,0.414,-1.032
Pitcairn,2009,-0.273,13.727,387.64,2.0,1.7935,0.0047,10.956,11.999,22.955,-1.481,0.2,-1.281
Pitcairn,2010,-0.078,13.922,390.1,2.3,1.7989,0.0051,10.734,12.058,22.792,-1.702,0.258,-1.444
Pitcairn,2011,-0.078,13.922,391.85,1.92,1.8031,0.005,10.506,11.45,21.956,-1.931,-0.349,-2.28
Pitcairn,2012,-0.078,13.922,394.06,2.65,1.8081,0.005,10.42,11.981,22.401,-2.017,0.182,-1.835
Pitcairn,2013,-0.078,13.922,396.74,1.99,1.8134,0.0057,10.919,12.474,23.393,-1.517,0.675,-0.842
Pitcairn,2014,-0.078,13.922,398.81,2.17,1.8226,0.0127,10.812,12.727,23.539,-1.624,0.928,-0.697
Pitcairn,2015,-0.078,13.922,401.01,2.95,1.8342,0.01,10.589,12.366,22.955,-1.848,0.567,-1.281
Pitcairn,2016,-0.078,13.922,404.41,3.03,1.8431,0.007,10.176,11.178,21.353,-2.261,-0.622,-2.882
Pitcairn,2017,-0.078,13.922,406.76,1.9,1.8496,0.0069,10.415,10.702,21.118,-2.022,-1.097,-3.118
Pitcairn,2018,-0.078,13.922,408.72,2.85,1.8573,0.0088,10.378,10.952,21.33,-2.058,-0.847,-2.906
Pitcairn,2019,-0.078,13.922,411.65,2.49,1.8666,0.0096,10.225,10.83,21.055,-2.212,-0.969,-3.181
Pitcairn,2020,-0.078,13.922,414.21,2.3,1.8787,0.0148,10.164,11.578,21.742,-2.272,-0.222,-2.494
Poland,1979,-0.763,13.237,336.84,1.83,1.5305,0.0166,12.35,11.656,24.006,-0.087,-0.143,-0.23
Poland,1980,-0.745,13.255,338.76,1.68,1.5471,0.0169,12.348,11.206,23.554,-0.088,-0.593,-0.682
Poland,1981,0.448,14.448,340.12,1.43,1.564,0.0169,12.147,11.387,23.533,-0.29,-0.413,-0.702
Poland,1982,0.333,14.333,341.48,0.86,1.5809,0.0333,12.468,11.595,24.062,0.031,-0.204,-0.173
Poland,1983,1.459,15.459,343.15,2.36,1.6142,0.0306,12.353,11.344,23.698,-0.083,-0.455,-0.538
Poland,1984,0.246,14.246,344.87,1.51,1.6448,0.0129,11.92,11.428,23.348,-0.517,-0.371,-0.887
Poland,1985,-1.035,12.965,346.35,1.21,1.6573,0.0122,12.016,11.569,23.585,-0.421,-0.23,-0.651
Poland,1986,0.025,14.025,347.61,1.47,1.6701,0.0129,12.224,11.044,23.268,-0.212,-0.755,-0.967
Poland,1987,-1.071,12.929,349.31,2.06,1.6827,0.0114,12.268,11.405,23.673,-0.169,-0.394,-0.562
Poland,1988,0.69,14.69,351.69,2.24,1.6931,0.0107,12.19,11.497,23.687,-0.247,-0.302,-0.549
Poland,1989,1.703,15.703,353.2,1.24,1.7045,0.0112,11.987,11.381,23.368,-0.45,-0.418,-0.868
Poland,1990,1.717,15.717,354.45,1.2,1.7144,0.0086,11.718,11.365,23.082,-0.719,-0.434,-1.153
Poland,1991,0.413,14.413,355.7,1.05,1.7248,0.0141,11.77,11.498,23.268,-0.667,-0.301,-0.967
Poland,1992,1.148,15.148,356.54,0.49,1.7355,0.0024,12.122,11.374,23.496,-0.315,-0.425,-0.74
Poland,1993,0.072,14.072,357.21,1.36,1.7365,0.0039,11.947,11.37,23.317,-0.49,-0.429,-0.919
Poland,1994,1.374,15.374,358.96,1.96,1.7421,0.0073,12.032,11.728,23.76,-0.404,-0.072,-0.476
Poland,1995,1.114,15.114,360.97,2.01,1.7489,0.0038,11.438,11.748,23.187,-0.998,-0.051,-1.049
Poland,1996,-0.781,13.219,362.74,1.24,1.7513,0.0025,11.848,11.743,23.592,-0.588,-0.056,-0.644
Poland,1997,0.016,14.016,363.88,1.91,1.7545,0.0064,11.692,11.341,23.032,-0.745,-0.458,-1.203
Poland,1998,0.952,14.952,366.84,2.97,1.7655,0.0121,11.782,11.689,23.471,-0.655,-0.11,-0.765
Poland,1999,1.206,15.206,368.54,0.92,1.7723,0.0024,11.713,11.712,23.426,-0.723,-0.087,-0.81
Poland,2000,1.889,15.889,369.71,1.62,1.7733,-0.0014,11.519,11.724,23.243,-0.917,-0.075,-0.992
Poland,2001,1.287,15.287,371.32,1.62,1.7713,-0.0007,11.622,11.628,23.25,-0.814,-0.172,-0.986
Poland,2002,1.701,15.701,373.45,2.51,1.7727,0.0032,11.385,11.176,22.561,-1.052,-0.623,-1.675
Poland,2003,0.369,14.369,375.98,2.26,1.7773,0.0048,11.419,11.924,23.343,-1.017,0.125,-0.892
Poland,2004,0.786,14.786,377.7,1.59,1.777,-0.0048,11.251,11.938,23.189,-1.186,0.139,-1.047
Poland,2005,0.889,14.889,379.98,2.57,1.7742,0.0003,10.928,11.648,22.575,-1.509,-0.152,-1.661
Poland,2006,0.839,14.839,382.09,1.69,1.775,0.0019,10.794,11.412,22.206,-1.642,-0.387,-2.03
Poland,2007,2.15,16.15,384.02,2.31,1.7814,0.0078,10.498,11.637,22.135,-1.938,-0.162,-2.101
Poland,2008,1.756,15.756,385.83,1.54,1.787,0.0065,10.99,12.213,23.203,-1.447,0.414,-1.032
Poland,2009,1.274,15.274,387.64,2.0,1.7935,0.0047,10.956,11.999,22.955,-1.481,0.2,-1.281
Poland,2010,0.403,14.403,390.1,2.3,1.7989,0.0051,10.734,12.058,22.792,-1.702,0.258,-1.444
Poland,2011,0.764,14.764,391.85,1.92,1.8031,0.005,10.506,11.45,21.956,-1.931,-0.349,-2.28
Poland,2012,1.379,15.379,394.06,2.65,1.8081,0.005,10.42,11.981,22.401,-2.017,0.182,-1.835
Poland,2013,0.65,14.65,396.74,1.99,1.8134,0.0057,10.919,12.474,23.393,-1.517,0.675,-0.842
Poland,2014,2.349,16.349,398.81,2.17,1.8226,0.0127,10.812,12.727,23.539,-1.624,0.928,-0.697
Poland,2015,1.999,15.999,401.01,2.95,1.8342,0.01,10.589,12.366,22.955,-1.848,0.567,-1.281
Poland,2016,2.038,16.038,404.41,3.03,1.8431,0.007,10.176,11.178,21.353,-2.261,-0.622,-2.882
Poland,2017,1.461,15.461,406.76,1.9,1.8496,0.0069,10.415,10.702,21.118,-2.022,-1.097,-3.118
Poland,2018,2.418,16.418,408.72,2.85,1.8573,0.0088,10.378,10.952,21.33,-2.058,-0.847,-2.906
Poland,2019,2.64,16.64,411.65,2.49,1.8666,0.0096,10.225,10.83,21.055,-2.212,-0.969,-3.181
Poland,2020,2.651,16.651,414.21,2.3,1.8787,0.0148,10.164,11.578,21.742,-2.272,-0.222,-2.494
Portugal,1979,0.181,14.181,336.84,1.83,1.5305,0.0166,12.35,11.656,24.006,-0.087,-0.143,-0.23
Portugal,1980,0.295,14.295,338.76,1.68,1.5471,0.0169,12.348,11.206,23.554,-0.088,-0.593,-0.682
Portugal,1981,0.574,14.574,340.12,1.43,1.564,0.0169,12.147,11.387,23.533,-0.29,-0.413,-0.702
Portugal,1982,0.585,14.585,341.48,0.86,1.5809,0.0333,12.468,11.595,24.062,0.031,-0.204,-0.173
Portugal,1983,0.306,14.306,343.15,2.36,1.6142,0.0306,12.353,11.344,23.698,-0.083,-0.455,-0.538
Portugal,1984,-0.103,13.897,344.87,1.51,1.6448,0.0129,11.92,11.428,23.348,-0.517,-0.371,-0.887
Portugal,1985,0.546,14.546,346.35,1.21,1.6573,0.0122,12.016,11.569,23.585,-0.421,-0.23,-0.651
Portugal,1986,0.112,14.112,347.61,1.47,1.6701,0.0129,12.224,11.044,23.268,-0.212,-0.755,-0.967
Portugal,1987,0.76,14.76,349.31,2.06,1.6827,0.0114,12.268,11.405,23.673,-0.169,-0.394,-0.562
Portugal,1988,0.642,14.642,351.69,2.24,1.6931,0.0107,12.19,11.497,23.687,-0.247,-0.302,-0.549
Portugal,1989,1.133,15.133,353.2,1.24,1.7045,0.0112,11.987,11.381,23.368,-0.45,-0.418,-0.868
Portugal,1990,1.417,15.417,354.45,1.2,1.7144,0.0086,11.718,11.365,23.082,-0.719,-0.434,-1.153
Portugal,1991,0.454,14.454,355.7,1.05,1.7248,0.0141,11.77,11.498,23.268,-0.667,-0.301,-0.967
Portugal,1992,0.444,14.444,356.54,0.49,1.7355,0.0024,12.122,11.374,23.496,-0.315,-0.425,-0.74
Portugal,1993,-0.179,13.821,357.21,1.36,1.7365,0.0039,11.947,11.37,23.317,-0.49,-0.429,-0.919
Portugal,1994,0.692,14.692,358.96,1.96,1.7421,0.0073,12.032,11.728,23.76,-0.404,-0.072,-0.476
Portugal,1995,1.673,15.673,360.97,2.01,1.7489,0.0038,11.438,11.748,23.187,-0.998,-0.051,-1.049
Portugal,1996,0.757,14.757,362.74,1.24,1.7513,0.0025,11.848,11.743,23.592,-0.588,-0.056,-0.644
Portugal,1997,1.596,15.596,363.88,1.91,1.7545,0.0064,11.692,11.341,23.032,-0.745,-0.458,-1.203
Portugal,1998,1.212,15.212,366.84,2.97,1.7655,0.0121,11.782,11.689,23.471,-0.655,-0.11,-0.765
Portugal,1999,0.625,14.625,368.54,0.92,1.7723,0.0024,11.713,11.712,23.426,-0.723,-0.087,-0.81
Portugal,2000,0.658,14.658,369.71,1.62,1.7733,-0.0014,11.519,11.724,23.243,-0.917,-0.075,-0.992
Portugal,2001,1.166,15.166,371.32,1.62,1.7713,-0.0007,11.622,11.628,23.25,-0.814,-0.172,-0.986
Portugal,2002,0.671,14.671,373.45,2.51,1.7727,0.0032,11.385,11.176,22.561,-1.052,-0.623,-1.675
Portugal,2003,1.446,15.446,375.98,2.26,1.7773,0.0048,11.419,11.924,23.343,-1.017,0.125,-0.892
Portugal,2004,1.002,15.002,377.7,1.59,1.777,-0.0048,11.251,11.938,23.189,-1.186,0.139,-1.047
Portugal,2005,0.966,14.966,379.98,2.57,1.7742,0.0003,10.928,11.648,22.575,-1.509,-0.152,-1.661
Portugal,2006,1.536,15.536,382.09,1.69,1.775,0.0019,10.794,11.412,22.206,-1.642,-0.387,-2.03
Portugal,2007,0.759,14.759,384.02,2.31,1.7814,0.0078,10.498,11.637,22.135,-1.938,-0.162,-2.101
Portugal,2008,0.637,14.637,385.83,1.54,1.787,0.0065,10.99,12.213,23.203,-1.447,0.414,-1.032
Portugal,2009,1.407,15.407,387.64,2.0,1.7935,0.0047,10.956,11.999,22.955,-1.481,0.2,-1.281
Portugal,2010,1.13,15.13,390.1,2.3,1.7989,0.0051,10.734,12.058,22.792,-1.702,0.258,-1.444
Portugal,2011,1.619,15.619,391.85,1.92,1.8031,0.005,10.506,11.45,21.956,-1.931,-0.349,-2.28
Portugal,2012,0.791,14.791,394.06,2.65,1.8081,0.005,10.42,11.981,22.401,-2.017,0.182,-1.835
Portugal,2013,0.944,14.944,396.74,1.99,1.8134,0.0057,10.919,12.474,23.393,-1.517,0.675,-0.842
Portugal,2014,1.351,15.351,398.81,2.17,1.8226,0.0127,10.812,12.727,23.539,-1.624,0.928,-0.697
Portugal,2015,1.398,15.398,401.01,2.95,1.8342,0.01,10.589,12.366,22.955,-1.848,0.567,-1.281
Portugal,2016,1.681,15.681,404.41,3.03,1.8431,0.007,10.176,11.178,21.353,-2.261,-0.622,-2.882
Portugal,2017,2.125,16.125,406.76,1.9,1.8496,0.0069,10.415,10.702,21.118,-2.022,-1.097,-3.118
Portugal,2018,0.883,14.883,408.72,2.85,1.8573,0.0088,10.378,10.952,21.33,-2.058,-0.847,-2.906
Portugal,2019,1.258,15.258,411.65,2.49,1.8666,0.0096,10.225,10.83,21.055,-2.212,-0.969,-3.181
Portugal,2020,1.968,15.968,414.21,2.3,1.8787,0.0148,10.164,11.578,21.742,-2.272,-0.222,-2.494
Puerto Rico,1979,0.085,14.085,336.84,1.83,1.5305,0.0166,12.35,11.656,24.006,-0.087,-0.143,-0.23
Puerto Rico,1980,0.576,14.576,338.76,1.68,1.5471,0.0169,12.348,11.206,23.554,-0.088,-0.593,-0.682
Puerto Rico,1981,0.531,14.531,340.12,1.43,1.564,0.0169,12.147,11.387,23.533,-0.29,-0.413,-0.702
Puerto Rico,1982,0.134,14.134,341.48,0.86,1.5809,0.0333,12.468,11.595,24.062,0.031,-0.204,-0.173
Puerto Rico,1983,0.514,14.514,343.15,2.36,1.6142,0.0306,12.353,11.344,23.698,-0.083,-0.455,-0.538
Puerto Rico,1984,0.119,14.119,344.87,1.51,1.6448,0.0129,11.92,11.428,23.348,-0.517,-0.371,-0.887
Puerto Rico,1985,-0.072,13.928,346.35,1.21,1.6573,0.0122,12.016,11.569,23.585,-0.421,-0.23,-0.651
Puerto Rico,1986,0.058,14.058,347.61,1.47,1.6701,0.0129,12.224,11.044,23.268,-0.212,-0.755,-0.967
Puerto Rico,1987,0.576,14.576,349.31,2.06,1.6827,0.0114,12.268,11.405,23.673,-0.169,-0.394,-0.562
Puerto Rico,1988,0.464,14.464,351.69,2.24,1.6931,0.0107,12.19,11.497,23.687,-0.247,-0.302,-0.549
Puerto Rico,1989,-0.028,13.972,353.2,1.24,1.7045,0.0112,11.987,11.381,23.368,-0.45,-0.418,-0.868
Puerto Rico,1990,0.378,14.378,354.45,1.2,1.7144,0.0086,11.718,11.365,23.082,-0.719,-0.434,-1.153
Puerto Rico,1991,0.269,14.269,355.7,1.05,1.7248,0.0141,11.77,11.498,23.268,-0.667,-0.301,-0.967
Puerto Rico,1992,0.168,14.168,356.54,0.49,1.7355,0.0024,12.122,11.374,23.496,-0.315,-0.425,-0.74
Puerto Rico,1993,0.329,14.329,357.21,1.36,1.7365,0.0039,11.947,11.37,23.317,-0.49,-0.429,-0.919
Puerto Rico,1994,0.52,14.52,358.96,1.96,1.7421,0.0073,12.032,11.728,23.76,-0.404,-0.072,-0.476
Puerto Rico,1995,0.565,14.565,360.97,2.01,1.7489,0.0038,11.438,11.748,23.187,-0.998,-0.051,-1.049
Puerto Rico,1996,0.347,14.347,362.74,1.24,1.7513,0.0025,11.848,11.743,23.592,-0.588,-0.056,-0.644
Puerto Rico,1997,0.555,14.555,363.88,1.91,1.7545,0.0064,11.692,11.341,23.032,-0.745,-0.458,-1.203
Puerto Rico,1998,1.099,15.099,366.84,2.97,1.7655,0.0121,11.782,11.689,23.471,-0.655,-0.11,-0.765
Puerto Rico,1999,0.557,14.557,368.54,0.92,1.7723,0.0024,11.713,11.712,23.426,-0.723,-0.087,-0.81
Puerto Rico,2000,0.169,14.169,369.71,1.62,1.7733,-0.0014,11.519,11.724,23.243,-0.917,-0.075,-0.992
Puerto Rico,2001,0.651,14.651,371.32,1.62,1.7713,-0.0007,11.622,11.628,23.25,-0.814,-0.172,-0.986
Puerto Rico,2002,0.785,14.785,373.45,2.51,1.7727,0.0032,11.385,11.176,22.561,-1.052,-0.623,-1.675
Puerto Rico,2003,0.913,14.913,375.98,2.26,1.7773,0.0048,11.419,11.924,23.343,-1.017,0.125,-0.892
Puerto Rico,2004,0.452,14.452,377.7,1.59,1.777,-0.0048,11.251,11.938,23.189,-1.186,0.139,-1.047
Puerto Rico,2005,0.704,14.704,379.98,2.57,1.7742,0.0003,10.928,11.648,22.575,-1.509,-0.152,-1.661
Puerto Rico,2006,0.642,14.642,382.09,1.69,1.775,0.0019,10.794,11.412,22.206,-1.642,-0.387,-2.03
Puerto Rico,2007,0.868,14.868,384.02,2.31,1.7814,0.0078,10.498,11.637,22.135,-1.938,-0.162,-2.101
Puerto Rico,2008,0.319,14.319,385.83,1.54,1.787,0.0065,10.99,12.213,23.203,-1.447,0.414,-1.032
Puerto Rico,2009,0.55,14.55,387.64,2.0,1.7935,0.0047,10.956,11.999,22.955,-1.481,0.2,-1.281
Puerto Rico,2010,1.036,15.036,390.1,2.3,1.7989,0.0051,10.734,12.058,22.792,-1.702,0.258,-1.444
Puerto Rico,2011,0.449,14.449,391.85,1.92,1.8031,0.005,10.506,11.45,21.956,-1.931,-0.349,-2.28
Puerto Rico,2012,0.685,14.685,394.06,2.65,1.8081,0.005,10.42,11.981,22.401,-2.017,0.182,-1.835
Puerto Rico,2013,0.651,14.651,396.74,1.99,1.8134,0.0057,10.919,12.474,23.393,-1.517,0.675,-0.842
Puerto Rico,2014,0.767,14.767,398.81,2.17,1.8226,0.0127,10.812,12.727,23.539,-1.624,0.928,-0.697
Puerto Rico,2015,1.022,15.022,401.01,2.95,1.8342,0.01,10.589,12.366,22.955,-1.848,0.567,-1.281
Puerto Rico,2016,1.11,15.11,404.41,3.03,1.8431,0.007,10.176,11.178,21.353,-2.261,-0.622,-2.882
Puerto Rico,2017,0.834,14.834,406.76,1.9,1.8496,0.0069,10.415,10.702,21.118,-2.022,-1.097,-3.118
Puerto Rico,2018,0.66,14.66,408.72,2.85,1.8573,0.0088,10.378,10.952,21.33,-2.058,-0.847,-2.906
Puerto Rico,2019,0.82,14.82,411.65,2.49,1.8666,0.0096,10.225,10.83,21.055,-2.212,-0.969,-3.181
Puerto Rico,2020,1.248,15.248,414.21,2.3,1.8787,0.0148,10.164,11.578,21.742,-2.272,-0.222,-2.494
Qatar,1979,0.825,14.825,336.84,1.83,1.5305,0.0166,12.35,11.656,24.006,-0.087,-0.143,-0.23
Qatar,1980,0.466,14.466,338.76,1.68,1.5471,0.0169,12.348,11.206,23.554,-0.088,-0.593,-0.682
Qatar,1981,0.509,14.509,340.12,1.43,1.564,0.0169,12.147,11.387,23.533,-0.29,-0.413,-0.702
Qatar,1982,-0.08,13.92,341.48,0.86,1.5809,0.0333,12.468,11.595,24.062,0.031,-0.204,-0.173
Qatar,1983,-0.772,13.228,343.15,2.36,1.6142,0.0306,12.353,11.344,23.698,-0.083,-0.455,-0.538
Qatar,1984,0.11,14.11,344.87,1.51,1.6448,0.0129,11.92,11.428,23.348,-0.517,-0.371,-0.887
Qatar,1985,0.431,14.431,346.35,1.21,1.6573,0.0122,12.016,11.569,23.585,-0.421,-0.23,-0.651
Qatar,1986,0.589,14.589,347.61,1.47,1.6701,0.0129,12.224,11.044,23.268,-0.212,-0.755,-0.967
Qatar,1987,0.455,14.455,349.31,2.06,1.6827,0.0114,12.268,11.405,23.673,-0.169,-0.394,-0.562
Qatar,1988,0.566,14.566,351.69,2.24,1.6931,0.0107,12.19,11.497,23.687,-0.247,-0.302,-0.549
Qatar,1989,-0.001,13.999,353.2,1.24,1.7045,0.0112,11.987,11.381,23.368,-0.45,-0.418,-0.868
Qatar,1990,0.44,14.44,354.45,1.2,1.7144,0.0086,11.718,11.365,23.082,-0.719,-0.434,-1.153
Qatar,1991,-0.084,13.916,355.7,1.05,1.7248,0.0141,11.77,11.498,23.268,-0.667,-0.301,-0.967
Qatar,1992,-0.446,13.554,356.54,0.49,1.7355,0.0024,12.122,11.374,23.496,-0.315,-0.425,-0.74
Qatar,1993,0.108,14.108,357.21,1.36,1.7365,0.0039,11.947,11.37,23.317,-0.49,-0.429,-0.919
Qatar,1994,0.745,14.745,358.96,1.96,1.7421,0.0073,12.032,11.728,23.76,-0.404,-0.072,-0.476
Qatar,1995,0.145,14.145,360.97,2.01,1.7489,0.0038,11.438,11.748,23.187,-0.998,-0.051,-1.049
Qatar,1996,0.564,14.564,362.74,1.24,1.7513,0.0025,11.848,11.743,23.592,-0.588,-0.056,-0.644
Qatar,1997,0.13,14.13,363.88,1.91,1.7545,0.0064,11.692,11.341,23.032,-0.745,-0.458,-1.203
Qatar,1998,1.238,15.238,366.84,2.97,1.7655,0.0121,11.782,11.689,23.471,-0.655,-0.11,-0.765
Qatar,1999,1.802,15.802,368.54,0.92,1.7723,0.0024,11.713,11.712,23.426,-0.723,-0.087,-0.81
Qatar,2000,1.015,15.015,369.71,1.62,1.7733,-0.0014,11.519,11.724,23.243,-0.917,-0.075,-0.992
Qatar,2001,1.038,15.038,371.32,1.62,1.7713,-0.0007,11.622,11.628,23.25,-0.814,-0.172,-0.986
Qatar,2002,1.506,15.506,373.45,2.51,1.7727,0.0032,11.385,11.176,22.561,-1.052,-0.623,-1.675
Qatar,2003,1.24,15.24,375.98,2.26,1.7773,0.0048,11.419,11.924,23.343,-1.017,0.125,-0.892
Qatar,2004,1.285,15.285,377.7,1.59,1.777,-0.0048,11.251,11.938,23.189,-1.186,0.139,-1.047
Qatar,2005,0.902,14.902,379.98,2.57,1.7742,0.0003,10.928,11.648,22.575,-1.509,-0.152,-1.661
Qatar,2006,1.726,15.726,382.09,1.69,1.775,0.0019,10.794,11.412,22.206,-1.642,-0.387,-2.03
Qatar,2007,1.057,15.057,384.02,2.31,1.7814,0.0078,10.498,11.637,22.135,-1.938,-0.162,-2.101
Qatar,2008,1.229,15.229,385.83,1.54,1.787,0.0065,10.99,12.213,23.203,-1.447,0.414,-1.032
Qatar,2009,1.175,15.175,387.64,2.0,1.7935,0.0047,10.956,11.999,22.955,-1.481,0.2,-1.281
Qatar,2010,2.017,16.017,390.1,2.3,1.7989,0.0051,10.734,12.058,22.792,-1.702,0.258,-1.444
Qatar,2011,1.505,15.505,391.85,1.92,1.8031,0.005,10.506,11.45,21.956,-1.931,-0.349,-2.28
Qatar,2012,1.435,15.435,394.06,2.65,1.8081,0.005,10.42,11.981,22.401,-2.017,0.182,-1.835
Qatar,2013,1.285,15.285,396.74,1.99,1.8134,0.0057,10.919,12.474,23.393,-1.517,0.675,-0.842
Qatar,2014,1.664,15.664,398.81,2.17,1.8226,0.0127,10.812,12.727,23.539,-1.624,0.928,-0.697
Qatar,2015,2.092,16.092,401.01,2.95,1.8342,0.01,10.589,12.366,22.955,-1.848,0.567,-1.281
Qatar,2016,1.592,15.592,404.41,3.03,1.8431,0.007,10.176,11.178,21.353,-2.261,-0.622,-2.882
Qatar,2017,1.947,15.947,406.76,1.9,1.8496,0.0069,10.415,10.702,21.118,-2.022,-1.097,-3.118
Qatar,2018,2.102,16.102,408.72,2.85,1.8573,0.0088,10.378,10.952,21.33,-2.058,-0.847,-2.906
Qatar,2019,1.903,15.903,411.65,2.49,1.8666,0.0096,10.225,10.83,21.055,-2.212,-0.969,-3.181
Qatar,2020,1.799,15.799,414.21,2.3,1.8787,0.0148,10.164,11.578,21.742,-2.272,-0.222,-2.494
R?union,1979,0.475,14.475,336.84,1.83,1.5305,0.0166,12.35,11.656,24.006,-0.087,-0.143,-0.23
R?union,1980,0.167,14.167,338.76,1.68,1.5471,0.0169,12.348,11.206,23.554,-0.088,-0.593,-0.682
R?union,1981,0.145,14.145,340.12,1.43,1.564,0.0169,12.147,11.387,23.533,-0.29,-0.413,-0.702
R?union,1982,0.123,14.123,341.48,0.86,1.5809,0.0333,12.468,11.595,24.062,0.031,-0.204,-0.173
R?union,1983,0.312,14.312,343.15,2.36,1.6142,0.0306,12.353,11.344,23.698,-0.083,-0.455,-0.538
R?union,1984,-0.146,13.854,344.87,1.51,1.6448,0.0129,11.92,11.428,23.348,-0.517,-0.371,-0.887
R?union,1985,0.285,14.285,346.35,1.21,1.6573,0.0122,12.016,11.569,23.585,-0.421,-0.23,-0.651
R?union,1986,0.104,14.104,347.61,1.47,1.6701,0.0129,12.224,11.044,23.268,-0.212,-0.755,-0.967
R?union,1987,0.717,14.717,349.31,2.06,1.6827,0.0114,12.268,11.405,23.673,-0.169,-0.394,-0.562
R?union,1988,0.56,14.56,351.69,2.24,1.6931,0.0107,12.19,11.497,23.687,-0.247,-0.302,-0.549
R?union,1989,0.282,14.282,353.2,1.24,1.7045,0.0112,11.987,11.381,23.368,-0.45,-0.418,-0.868
R?union,1990,0.274,14.274,354.45,1.2,1.7144,0.0086,11.718,11.365,23.082,-0.719,-0.434,-1.153
R?union,1991,0.423,14.423,355.7,1.05,1.7248,0.0141,11.77,11.498,23.268,-0.667,-0.301,-0.967
R?union,1992,0.355,14.355,356.54,0.49,1.7355,0.0024,12.122,11.374,23.496,-0.315,-0.425,-0.74
R?union,1993,0.354,14.354,357.21,1.36,1.7365,0.0039,11.947,11.37,23.317,-0.49,-0.429,-0.919
R?union,1994,0.58,14.58,358.96,1.96,1.7421,0.0073,12.032,11.728,23.76,-0.404,-0.072,-0.476
R?union,1995,0.377,14.377,360.97,2.01,1.7489,0.0038,11.438,11.748,23.187,-0.998,-0.051,-1.049
R?union,1996,0.232,14.232,362.74,1.24,1.7513,0.0025,11.848,11.743,23.592,-0.588,-0.056,-0.644
R?union,1997,0.366,14.366,363.88,1.91,1.7545,0.0064,11.692,11.341,23.032,-0.745,-0.458,-1.203
R?union,1998,1.128,15.128,366.84,2.97,1.7655,0.0121,11.782,11.689,23.471,-0.655,-0.11,-0.765
R?union,1999,0.524,14.524,368.54,0.92,1.7723,0.0024,11.713,11.712,23.426,-0.723,-0.087,-0.81
R?union,2000,0.602,14.602,369.71,1.62,1.7733,-0.0014,11.519,11.724,23.243,-0.917,-0.075,-0.992
R?union,2001,1.07,15.07,371.32,1.62,1.7713,-0.0007,11.622,11.628,23.25,-0.814,-0.172,-0.986
R?union,2002,0.768,14.768,373.45,2.51,1.7727,0.0032,11.385,11.176,22.561,-1.052,-0.623,-1.675
R?union,2003,0.909,14.909,375.98,2.26,1.7773,0.0048,11.419,11.924,23.343,-1.017,0.125,-0.892
R?union,2004,0.934,14.934,377.7,1.59,1.777,-0.0048,11.251,11.938,23.189,-1.186,0.139,-1.047
R?union,2005,0.756,14.756,379.98,2.57,1.7742,0.0003,10.928,11.648,22.575,-1.509,-0.152,-1.661
R?union,2006,0.586,14.586,382.09,1.69,1.775,0.0019,10.794,11.412,22.206,-1.642,-0.387,-2.03
R?union,2007,0.801,14.801,384.02,2.31,1.7814,0.0078,10.498,11.637,22.135,-1.938,-0.162,-2.101
R?union,2008,0.652,14.652,385.83,1.54,1.787,0.0065,10.99,12.213,23.203,-1.447,0.414,-1.032
R?union,2009,1.201,15.201,387.64,2.0,1.7935,0.0047,10.956,11.999,22.955,-1.481,0.2,-1.281
R?union,2010,1.162,15.162,390.1,2.3,1.7989,0.0051,10.734,12.058,22.792,-1.702,0.258,-1.444
R?union,2011,1.002,15.002,391.85,1.92,1.8031,0.005,10.506,11.45,21.956,-1.931,-0.349,-2.28
R?union,2012,0.842,14.842,394.06,2.65,1.8081,0.005,10.42,11.981,22.401,-2.017,0.182,-1.835
R?union,2013,0.762,14.762,396.74,1.99,1.8134,0.0057,10.919,12.474,23.393,-1.517,0.675,-0.842
R?union,2014,1.149,15.149,398.81,2.17,1.8226,0.0127,10.812,12.727,23.539,-1.624,0.928,-0.697
R?union,2015,1.315,15.315,401.01,2.95,1.8342,0.01,10.589,12.366,22.955,-1.848,0.567,-1.281
R?union,2016,1.185,15.185,404.41,3.03,1.8431,0.007,10.176,11.178,21.353,-2.261,-0.622,-2.882
R?union,2017,1.521,15.521,406.76,1.9,1.8496,0.0069,10.415,10.702,21.118,-2.022,-1.097,-3.118
R?union,2018,1.395,15.395,408.72,2.85,1.8573,0.0088,10.378,10.952,21.33,-2.058,-0.847,-2.906
R?union,2019,1.835,15.835,411.65,2.49,1.8666,0.0096,10.225,10.83,21.055,-2.212,-0.969,-3.181
R?union,2020,1.216,15.216,414.21,2.3,1.8787,0.0148,10.164,11.578,21.742,-2.272,-0.222,-2.494
Republic of Korea,1979,0.623,14.623,336.84,1.83,1.5305,0.0166,12.35,11.656,24.006,-0.087,-0.143,-0.23
Republic of Korea,1980,-0.44,13.56,338.76,1.68,1.5471,0.0169,12.348,11.206,23.554,-0.088,-0.593,-0.682
Republic of Korea,1981,-0.747,13.253,340.12,1.43,1.564,0.0169,12.147,11.387,23.533,-0.29,-0.413,-0.702
Republic of Korea,1982,0.435,14.435,341.48,0.86,1.5809,0.0333,12.468,11.595,24.062,0.031,-0.204,-0.173
Republic of Korea,1983,0.464,14.464,343.15,2.36,1.6142,0.0306,12.353,11.344,23.698,-0.083,-0.455,-0.538
Republic of Korea,1984,-0.269,13.731,344.87,1.51,1.6448,0.0129,11.92,11.428,23.348,-0.517,-0.371,-0.887
Republic of Korea,1985,0.281,14.281,346.35,1.21,1.6573,0.0122,12.016,11.569,23.585,-0.421,-0.23,-0.651
Republic of Korea,1986,-0.743,13.257,347.61,1.47,1.6701,0.0129,12.224,11.044,23.268,-0.212,-0.755,-0.967
Republic of Korea,1987,0.397,14.397,349.31,2.06,1.6827,0.0114,12.268,11.405,23.673,-0.169,-0.394,-0.562
Republic of Korea,1988,0.278,14.278,351.69,2.24,1.6931,0.0107,12.19,11.497,23.687,-0.247,-0.302,-0.549
Republic of Korea,1989,0.8,14.8,353.2,1.24,1.7045,0.0112,11.987,11.381,23.368,-0.45,-0.418,-0.868
Republic of Korea,1990,1.248,15.248,354.45,1.2,1.7144,0.0086,11.718,11.365,23.082,-0.719,-0.434,-1.153
Republic of Korea,1991,0.297,14.297,355.7,1.05,1.7248,0.0141,11.77,11.498,23.268,-0.667,-0.301,-0.967
Republic of Korea,1992,0.632,14.632,356.54,0.49,1.7355,0.0024,12.122,11.374,23.496,-0.315,-0.425,-0.74
Republic of Korea,1993,0.05,14.05,357.21,1.36,1.7365,0.0039,11.947,11.37,23.317,-0.49,-0.429,-0.919
Republic of Korea,1994,1.276,15.276,358.96,1.96,1.7421,0.0073,12.032,11.728,23.76,-0.404,-0.072,-0.476
Republic of Korea,1995,0.446,14.446,360.97,2.01,1.7489,0.0038,11.438,11.748,23.187,-0.998,-0.051,-1.049
Republic of Korea,1996,-0.012,13.988,362.74,1.24,1.7513,0.0025,11.848,11.743,23.592,-0.588,-0.056,-0.644
Republic of Korea,1997,0.741,14.741,363.88,1.91,1.7545,0.0064,11.692,11.341,23.032,-0.745,-0.458,-1.203
Republic of Korea,1998,1.497,15.497,366.84,2.97,1.7655,0.0121,11.782,11.689,23.471,-0.655,-0.11,-0.765
Republic of Korea,1999,1.069,15.069,368.54,0.92,1.7723,0.0024,11.713,11.712,23.426,-0.723,-0.087,-0.81
Republic of Korea,2000,0.43,14.43,369.71,1.62,1.7733,-0.0014,11.519,11.724,23.243,-0.917,-0.075,-0.992
Republic of Korea,2001,0.898,14.898,371.32,1.62,1.7713,-0.0007,11.622,11.628,23.25,-0.814,-0.172,-0.986
Republic of Korea,2002,0.655,14.655,373.45,2.51,1.7727,0.0032,11.385,11.176,22.561,-1.052,-0.623,-1.675
Republic of Korea,2003,0.633,14.633,375.98,2.26,1.7773,0.0048,11.419,11.924,23.343,-1.017,0.125,-0.892
Republic of Korea,2004,1.209,15.209,377.7,1.59,1.777,-0.0048,11.251,11.938,23.189,-1.186,0.139,-1.047
Republic of Korea,2005,0.964,14.964,379.98,2.57,1.7742,0.0003,10.928,11.648,22.575,-1.509,-0.152,-1.661
Republic of Korea,2006,0.546,14.546,382.09,1.69,1.775,0.0019,10.794,11.412,22.206,-1.642,-0.387,-2.03
Republic of Korea,2007,1.313,15.313,384.02,2.31,1.7814,0.0078,10.498,11.637,22.135,-1.938,-0.162,-2.101
Republic of Korea,2008,1.005,15.005,385.83,1.54,1.787,0.0065,10.99,12.213,23.203,-1.447,0.414,-1.032
Republic of Korea,2009,1.004,15.004,387.64,2.0,1.7935,0.0047,10.956,11.999,22.955,-1.481,0.2,-1.281
Republic of Korea,2010,0.558,14.558,390.1,2.3,1.7989,0.0051,10.734,12.058,22.792,-1.702,0.258,-1.444
Republic of Korea,2011,0.372,14.372,391.85,1.92,1.8031,0.005,10.506,11.45,21.956,-1.931,-0.349,-2.28
Republic of Korea,2012,0.45,14.45,394.06,2.65,1.8081,0.005,10.42,11.981,22.401,-2.017,0.182,-1.835
Republic of Korea,2013,0.566,14.566,396.74,1.99,1.8134,0.0057,10.919,12.474,23.393,-1.517,0.675,-0.842
Republic of Korea,2014,0.897,14.897,398.81,2.17,1.8226,0.0127,10.812,12.727,23.539,-1.624,0.928,-0.697
Republic of Korea,2015,0.847,14.847,401.01,2.95,1.8342,0.01,10.589,12.366,22.955,-1.848,0.567,-1.281
Republic of Korea,2016,1.539,15.539,404.41,3.03,1.8431,0.007,10.176,11.178,21.353,-2.261,-0.622,-2.882
Republic of Korea,2017,1.362,15.362,406.76,1.9,1.8496,0.0069,10.415,10.702,21.118,-2.022,-1.097,-3.118
Republic of Korea,2018,0.873,14.873,408.72,2.85,1.8573,0.0088,10.378,10.952,21.33,-2.058,-0.847,-2.906
Republic of Korea,2019,1.438,15.438,411.65,2.49,1.8666,0.0096,10.225,10.83,21.055,-2.212,-0.969,-3.181
Republic of Korea,2020,1.44,15.44,414.21,2.3,1.8787,0.0148,10.164,11.578,21.742,-2.272,-0.222,-2.494
Romania,1979,0.141,14.141,336.84,1.83,1.5305,0.0166,12.35,11.656,24.006,-0.087,-0.143,-0.23
Romania,1980,-0.651,13.349,338.76,1.68,1.5471,0.0169,12.348,11.206,23.554,-0.088,-0.593,-0.682
Romania,1981,0.032,14.032,340.12,1.43,1.564,0.0169,12.147,11.387,23.533,-0.29,-0.413,-0.702
Romania,1982,-0.071,13.929,341.48,0.86,1.5809,0.0333,12.468,11.595,24.062,0.031,-0.204,-0.173
Romania,1983,0.825,14.825,343.15,2.36,1.6142,0.0306,12.353,11.344,23.698,-0.083,-0.455,-0.538
Romania,1984,-0.142,13.858,344.87,1.51,1.6448,0.0129,11.92,11.428,23.348,-0.517,-0.371,-0.887
Romania,1985,-1.196,12.804,346.35,1.21,1.6573,0.0122,12.016,11.569,23.585,-0.421,-0.23,-0.651
Romania,1986,0.43,14.43,347.61,1.47,1.6701,0.0129,12.224,11.044,23.268,-0.212,-0.755,-0.967
Romania,1987,-0.728,13.272,349.31,2.06,1.6827,0.0114,12.268,11.405,23.673,-0.169,-0.394,-0.562
Romania,1988,0.094,14.094,351.69,2.24,1.6931,0.0107,12.19,11.497,23.687,-0.247,-0.302,-0.549
Romania,1989,0.757,14.757,353.2,1.24,1.7045,0.0112,11.987,11.381,23.368,-0.45,-0.418,-0.868
Romania,1990,1.104,15.104,354.45,1.2,1.7144,0.0086,11.718,11.365,23.082,-0.719,-0.434,-1.153
Romania,1991,0.037,14.037,355.7,1.05,1.7248,0.0141,11.77,11.498,23.268,-0.667,-0.301,-0.967
Romania,1992,0.37,14.37,356.54,0.49,1.7355,0.0024,12.122,11.374,23.496,-0.315,-0.425,-0.74
Romania,1993,-0.411,13.589,357.21,1.36,1.7365,0.0039,11.947,11.37,23.317,-0.49,-0.429,-0.919
Romania,1994,1.73,15.73,358.96,1.96,1.7421,0.0073,12.032,11.728,23.76,-0.404,-0.072,-0.476
Romania,1995,0.416,14.416,360.97,2.01,1.7489,0.0038,11.438,11.748,23.187,-0.998,-0.051,-1.049
Romania,1996,-0.418,13.582,362.74,1.24,1.7513,0.0025,11.848,11.743,23.592,-0.588,-0.056,-0.644
Romania,1997,-0.416,13.584,363.88,1.91,1.7545,0.0064,11.692,11.341,23.032,-0.745,-0.458,-1.203
Romania,1998,0.794,14.794,366.84,2.97,1.7655,0.0121,11.782,11.689,23.471,-0.655,-0.11,-0.765
Romania,1999,0.627,14.627,368.54,0.92,1.7723,0.0024,11.713,11.712,23.426,-0.723,-0.087,-0.81
Romania,2000,1.343,15.343,369.71,1.62,1.7733,-0.0014,11.519,11.724,23.243,-0.917,-0.075,-0.992
Romania,2001,1.536,15.536,371.32,1.62,1.7713,-0.0007,11.622,11.628,23.25,-0.814,-0.172,-0.986
Romania,2002,1.216,15.216,373.45,2.51,1.7727,0.0032,11.385,11.176,22.561,-1.052,-0.623,-1.675
Romania,2003,0.14,14.14,375.98,2.26,1.7773,0.0048,11.419,11.924,23.343,-1.017,0.125,-0.892
Romania,2004,0.56,14.56,377.7,1.59,1.777,-0.0048,11.251,11.938,23.189,-1.186,0.139,-1.047
Romania,2005,0.311,14.311,379.98,2.57,1.7742,0.0003,10.928,11.648,22.575,-1.509,-0.152,-1.661
Romania,2006,0.534,14.534,382.09,1.69,1.775,0.0019,10.794,11.412,22.206,-1.642,-0.387,-2.03
Romania,2007,2.14,16.14,384.02,2.31,1.7814,0.0078,10.498,11.637,22.135,-1.938,-0.162,-2.101
Romania,2008,1.35,15.35,385.83,1.54,1.787,0.0065,10.99,12.213,23.203,-1.447,0.414,-1.032
Romania,2009,1.631,15.631,387.64,2.0,1.7935,0.0047,10.956,11.999,22.955,-1.481,0.2,-1.281
Romania,2010,1.181,15.181,390.1,2.3,1.7989,0.0051,10.734,12.058,22.792,-1.702,0.258,-1.444
Romania,2011,0.503,14.503,391.85,1.92,1.8031,0.005,10.506,11.45,21.956,-1.931,-0.349,-2.28
Romania,2012,1.83,15.83,394.06,2.65,1.8081,0.005,10.42,11.981,22.401,-2.017,0.182,-1.835
Romania,2013,1.384,15.384,396.74,1.99,1.8134,0.0057,10.919,12.474,23.393,-1.517,0.675,-0.842
Romania,2014,1.576,15.576,398.81,2.17,1.8226,0.0127,10.812,12.727,23.539,-1.624,0.928,-0.697
Romania,2015,1.854,15.854,401.01,2.95,1.8342,0.01,10.589,12.366,22.955,-1.848,0.567,-1.281
Romania,2016,1.938,15.938,404.41,3.03,1.8431,0.007,10.176,11.178,21.353,-2.261,-0.622,-2.882
Romania,2017,1.219,15.219,406.76,1.9,1.8496,0.0069,10.415,10.702,21.118,-2.022,-1.097,-3.118
Romania,2018,2.331,16.331,408.72,2.85,1.8573,0.0088,10.378,10.952,21.33,-2.058,-0.847,-2.906
Romania,2019,2.308,16.308,411.65,2.49,1.8666,0.0096,10.225,10.83,21.055,-2.212,-0.969,-3.181
Romania,2020,2.29,16.29,414.21,2.3,1.8787,0.0148,10.164,11.578,21.742,-2.272,-0.222,-2.494
Rwanda,1979,0.3582,14.3582,336.84,1.83,1.5305,0.0166,12.35,11.656,24.006,-0.087,-0.143,-0.23
Rwanda,1980,0.4885,14.4885,338.76,1.68,1.5471,0.0169,12.348,11.206,23.554,-0.088,-0.593,-0.682
Rwanda,1981,0.6188,14.6188,340.12,1.43,1.564,0.0169,12.147,11.387,23.533,-0.29,-0.413,-0.702
Rwanda,1982,0.749,14.749,341.48,0.86,1.5809,0.0333,12.468,11.595,24.062,0.031,-0.204,-0.173
Rwanda,1983,0.953,14.953,343.15,2.36,1.6142,0.0306,12.353,11.344,23.698,-0.083,-0.455,-0.538
Rwanda,1984,0.8967,14.8967,344.87,1.51,1.6448,0.0129,11.92,11.428,23.348,-0.517,-0.371,-0.887
Rwanda,1985,0.8403,14.8403,346.35,1.21,1.6573,0.0122,12.016,11.569,23.585,-0.421,-0.23,-0.651
Rwanda,1986,0.784,14.784,347.61,1.47,1.6701,0.0129,12.224,11.044,23.268,-0.212,-0.755,-0.967
Rwanda,1987,0.609,14.609,349.31,2.06,1.6827,0.0114,12.268,11.405,23.673,-0.169,-0.394,-0.562
Rwanda,1988,0.518,14.518,351.69,2.24,1.6931,0.0107,12.19,11.497,23.687,-0.247,-0.302,-0.549
Rwanda,1989,0.229,14.229,353.2,1.24,1.7045,0.0112,11.987,11.381,23.368,-0.45,-0.418,-0.868
Rwanda,1990,0.612,14.612,354.45,1.2,1.7144,0.0086,11.718,11.365,23.082,-0.719,-0.434,-1.153
Rwanda,1991,0.191,14.191,355.7,1.05,1.7248,0.0141,11.77,11.498,23.268,-0.667,-0.301,-0.967
Rwanda,1992,0.338,14.338,356.54,0.49,1.7355,0.0024,12.122,11.374,23.496,-0.315,-0.425,-0.74
Rwanda,1993,0.4285,14.4285,357.21,1.36,1.7365,0.0039,11.947,11.37,23.317,-0.49,-0.429,-0.919
Rwanda,1994,0.519,14.519,358.96,1.96,1.7421,0.0073,12.032,11.728,23.76,-0.404,-0.072,-0.476
Rwanda,1995,0.6095,14.6095,360.97,2.01,1.7489,0.0038,11.438,11.748,23.187,-0.998,-0.051,-1.049
Rwanda,1996,0.7,14.7,362.74,1.24,1.7513,0.0025,11.848,11.743,23.592,-0.588,-0.056,-0.644
Rwanda,1997,0.7905,14.7905,363.88,1.91,1.7545,0.0064,11.692,11.341,23.032,-0.745,-0.458,-1.203
Rwanda,1998,0.881,14.881,366.84,2.97,1.7655,0.0121,11.782,11.689,23.471,-0.655,-0.11,-0.765
Rwanda,1999,0.615,14.615,368.54,0.92,1.7723,0.0024,11.713,11.712,23.426,-0.723,-0.087,-0.81
Rwanda,2000,0.349,14.349,369.71,1.62,1.7733,-0.0014,11.519,11.724,23.243,-0.917,-0.075,-0.992
Rwanda,2001,0.336,14.336,371.32,1.62,1.7713,-0.0007,11.622,11.628,23.25,-0.814,-0.172,-0.986
Rwanda,2002,0.653,14.653,373.45,2.51,1.7727,0.0032,11.385,11.176,22.561,-1.052,-0.623,-1.675
Rwanda,2003,0.89,14.89,375.98,2.26,1.7773,0.0048,11.419,11.924,23.343,-1.017,0.125,-0.892
Rwanda,2004,0.839,14.839,377.7,1.59,1.777,-0.0048,11.251,11.938,23.189,-1.186,0.139,-1.047
Rwanda,2005,0.866,14.866,379.98,2.57,1.7742,0.0003,10.928,11.648,22.575,-1.509,-0.152,-1.661
Rwanda,2006,0.893,14.893,382.09,1.69,1.775,0.0019,10.794,11.412,22.206,-1.642,-0.387,-2.03
Rwanda,2007,0.92,14.92,384.02,2.31,1.7814,0.0078,10.498,11.637,22.135,-1.938,-0.162,-2.101
Rwanda,2008,0.5,14.5,385.83,1.54,1.787,0.0065,10.99,12.213,23.203,-1.447,0.414,-1.032
Rwanda,2009,0.5647,14.5647,387.64,2.0,1.7935,0.0047,10.956,11.999,22.955,-1.481,0.2,-1.281
Rwanda,2010,0.6293,14.6293,390.1,2.3,1.7989,0.0051,10.734,12.058,22.792,-1.702,0.258,-1.444
Rwanda,2011,0.694,14.694,391.85,1.92,1.8031,0.005,10.506,11.45,21.956,-1.931,-0.349,-2.28
Rwanda,2012,0.694,14.694,394.06,2.65,1.8081,0.005,10.42,11.981,22.401,-2.017,0.182,-1.835
Rwanda,2013,0.694,14.694,396.74,1.99,1.8134,0.0057,10.919,12.474,23.393,-1.517,0.675,-0.842
Rwanda,2014,0.694,14.694,398.81,2.17,1.8226,0.0127,10.812,12.727,23.539,-1.624,0.928,-0.697
Rwanda,2015,0.694,14.694,401.01,2.95,1.8342,0.01,10.589,12.366,22.955,-1.848,0.567,-1.281
Rwanda,2016,0.694,14.694,404.41,3.03,1.8431,0.007,10.176,11.178,21.353,-2.261,-0.622,-2.882
Rwanda,2017,0.694,14.694,406.76,1.9,1.8496,0.0069,10.415,10.702,21.118,-2.022,-1.097,-3.118
Rwanda,2018,0.694,14.694,408.72,2.85,1.8573,0.0088,10.378,10.952,21.33,-2.058,-0.847,-2.906
Rwanda,2019,0.694,14.694,411.65,2.49,1.8666,0.0096,10.225,10.83,21.055,-2.212,-0.969,-3.181
Rwanda,2020,0.694,14.694,414.21,2.3,1.8787,0.0148,10.164,11.578,21.742,-2.272,-0.222,-2.494
"Saint Helena, Ascension and Tristan da Cunha",1979,0.072,14.072,336.84,1.83,1.5305,0.0166,12.35,11.656,24.006,-0.087,-0.143,-0.23
"Saint Helena, Ascension and Tristan da Cunha",1980,0.308,14.308,338.76,1.68,1.5471,0.0169,12.348,11.206,23.554,-0.088,-0.593,-0.682
"Saint Helena, Ascension and Tristan da Cunha",1981,0.113,14.113,340.12,1.43,1.564,0.0169,12.147,11.387,23.533,-0.29,-0.413,-0.702
"Saint Helena, Ascension and Tristan da Cunha",1982,0.103,14.103,341.48,0.86,1.5809,0.0333,12.468,11.595,24.062,0.031,-0.204,-0.173
"Saint Helena, Ascension and Tristan da Cunha",1983,0.45,14.45,343.15,2.36,1.6142,0.0306,12.353,11.344,23.698,-0.083,-0.455,-0.538
"Saint Helena, Ascension and Tristan da Cunha",1984,0.681,14.681,344.87,1.51,1.6448,0.0129,11.92,11.428,23.348,-0.517,-0.371,-0.887
"Saint Helena, Ascension and Tristan da Cunha",1985,0.394,14.394,346.35,1.21,1.6573,0.0122,12.016,11.569,23.585,-0.421,-0.23,-0.651
"Saint Helena, Ascension and Tristan da Cunha",1986,0.798,14.798,347.61,1.47,1.6701,0.0129,12.224,11.044,23.268,-0.212,-0.755,-0.967
"Saint Helena, Ascension and Tristan da Cunha",1987,0.34,14.34,349.31,2.06,1.6827,0.0114,12.268,11.405,23.673,-0.169,-0.394,-0.562
"Saint Helena, Ascension and Tristan da Cunha",1988,0.546,14.546,351.69,2.24,1.6931,0.0107,12.19,11.497,23.687,-0.247,-0.302,-0.549
"Saint Helena, Ascension and Tristan da Cunha",1989,0.402,14.402,353.2,1.24,1.7045,0.0112,11.987,11.381,23.368,-0.45,-0.418,-0.868
"Saint Helena, Ascension and Tristan da Cunha",1990,0.763,14.763,354.45,1.2,1.7144,0.0086,11.718,11.365,23.082,-0.719,-0.434,-1.153
"Saint Helena, Ascension and Tristan da Cunha",1991,0.602,14.602,355.7,1.05,1.7248,0.0141,11.77,11.498,23.268,-0.667,-0.301,-0.967
"Saint Helena, Ascension and Tristan da Cunha",1992,0.199,14.199,356.54,0.49,1.7355,0.0024,12.122,11.374,23.496,-0.315,-0.425,-0.74
"Saint Helena, Ascension and Tristan da Cunha",1993,0.714,14.714,357.21,1.36,1.7365,0.0039,11.947,11.37,23.317,-0.49,-0.429,-0.919
"Saint Helena, Ascension and Tristan da Cunha",1994,0.99,14.99,358.96,1.96,1.7421,0.0073,12.032,11.728,23.76,-0.404,-0.072,-0.476
"Saint Helena, Ascension and Tristan da Cunha",1995,0.656,14.656,360.97,2.01,1.7489,0.0038,11.438,11.748,23.187,-0.998,-0.051,-1.049
"Saint Helena, Ascension and Tristan da Cunha",1996,0.456,14.456,362.74,1.24,1.7513,0.0025,11.848,11.743,23.592,-0.588,-0.056,-0.644
"Saint Helena, Ascension and Tristan da Cunha",1997,0.895,14.895,363.88,1.91,1.7545,0.0064,11.692,11.341,23.032,-0.745,-0.458,-1.203
"Saint Helena, Ascension and Tristan da Cunha",1998,1.237,15.237,366.84,2.97,1.7655,0.0121,11.782,11.689,23.471,-0.655,-0.11,-0.765
"Saint Helena, Ascension and Tristan da Cunha",1999,1.395,15.395,368.54,0.92,1.7723,0.0024,11.713,11.712,23.426,-0.723,-0.087,-0.81
"Saint Helena, Ascension and Tristan da Cunha",2000,1.483,15.483,369.71,1.62,1.7733,-0.0014,11.519,11.724,23.243,-0.917,-0.075,-0.992
"Saint Helena, Ascension and Tristan da Cunha",2001,1.099,15.099,371.32,1.62,1.7713,-0.0007,11.622,11.628,23.25,-0.814,-0.172,-0.986
"Saint Helena, Ascension and Tristan da Cunha",2002,1.2,15.2,373.45,2.51,1.7727,0.0032,11.385,11.176,22.561,-1.052,-0.623,-1.675
"Saint Helena, Ascension and Tristan da Cunha",2003,1.488,15.488,375.98,2.26,1.7773,0.0048,11.419,11.924,23.343,-1.017,0.125,-0.892
"Saint Helena, Ascension and Tristan da Cunha",2004,1.454,15.454,377.7,1.59,1.777,-0.0048,11.251,11.938,23.189,-1.186,0.139,-1.047
"Saint Helena, Ascension and Tristan da Cunha",2005,1.345,15.345,379.98,2.57,1.7742,0.0003,10.928,11.648,22.575,-1.509,-0.152,-1.661
"Saint Helena, Ascension and Tristan da Cunha",2006,1.628,15.628,382.09,1.69,1.775,0.0019,10.794,11.412,22.206,-1.642,-0.387,-2.03
"Saint Helena, Ascension and Tristan da Cunha",2007,1.045,15.045,384.02,2.31,1.7814,0.0078,10.498,11.637,22.135,-1.938,-0.162,-2.101
"Saint Helena, Ascension and Tristan da Cunha",2008,1.123,15.123,385.83,1.54,1.787,0.0065,10.99,12.213,23.203,-1.447,0.414,-1.032
"Saint Helena, Ascension and Tristan da Cunha",2009,1.692,15.692,387.64,2.0,1.7935,0.0047,10.956,11.999,22.955,-1.481,0.2,-1.281
"Saint Helena, Ascension and Tristan da Cunha",2010,1.159,15.159,390.1,2.3,1.7989,0.0051,10.734,12.058,22.792,-1.702,0.258,-1.444
"Saint Helena, Ascension and Tristan da Cunha",2011,1.471,15.471,391.85,1.92,1.8031,0.005,10.506,11.45,21.956,-1.931,-0.349,-2.28
"Saint Helena, Ascension and Tristan da Cunha",2012,1.279,15.279,394.06,2.65,1.8081,0.005,10.42,11.981,22.401,-2.017,0.182,-1.835
"Saint Helena, Ascension and Tristan da Cunha",2013,1.252,15.252,396.74,1.99,1.8134,0.0057,10.919,12.474,23.393,-1.517,0.675,-0.842
"Saint Helena, Ascension and Tristan da Cunha",2014,1.346,15.346,398.81,2.17,1.8226,0.0127,10.812,12.727,23.539,-1.624,0.928,-0.697
"Saint Helena, Ascension and Tristan da Cunha",2015,1.935,15.935,401.01,2.95,1.8342,0.01,10.589,12.366,22.955,-1.848,0.567,-1.281
"Saint Helena, Ascension and Tristan da Cunha",2016,1.671,15.671,404.41,3.03,1.8431,0.007,10.176,11.178,21.353,-2.261,-0.622,-2.882
"Saint Helena, Ascension and Tristan da Cunha",2017,1.394,15.394,406.76,1.9,1.8496,0.0069,10.415,10.702,21.118,-2.022,-1.097,-3.118
"Saint Helena, Ascension and Tristan da Cunha",2018,1.633,15.633,408.72,2.85,1.8573,0.0088,10.378,10.952,21.33,-2.058,-0.847,-2.906
"Saint Helena, Ascension and Tristan da Cunha",2019,1.669,15.669,411.65,2.49,1.8666,0.0096,10.225,10.83,21.055,-2.212,-0.969,-3.181
"Saint Helena, Ascension and Tristan da Cunha",2020,1.432,15.432,414.21,2.3,1.8787,0.0148,10.164,11.578,21.742,-2.272,-0.222,-2.494
Saint Kitts and Nevis,1979,0.128,14.128,336.84,1.83,1.5305,0.0166,12.35,11.656,24.006,-0.087,-0.143,-0.23
Saint Kitts and Nevis,1980,0.663,14.663,338.76,1.68,1.5471,0.0169,12.348,11.206,23.554,-0.088,-0.593,-0.682
Saint Kitts and Nevis,1981,0.567,14.567,340.12,1.43,1.564,0.0169,12.147,11.387,23.533,-0.29,-0.413,-0.702
Saint Kitts and Nevis,1982,0.19,14.19,341.48,0.86,1.5809,0.0333,12.468,11.595,24.062,0.031,-0.204,-0.173
Saint Kitts and Nevis,1983,0.474,14.474,343.15,2.36,1.6142,0.0306,12.353,11.344,23.698,-0.083,-0.455,-0.538
Saint Kitts and Nevis,1984,-0.023,13.977,344.87,1.51,1.6448,0.0129,11.92,11.428,23.348,-0.517,-0.371,-0.887
Saint Kitts and Nevis,1985,-0.089,13.911,346.35,1.21,1.6573,0.0122,12.016,11.569,23.585,-0.421,-0.23,-0.651
Saint Kitts and Nevis,1986,-0.077,13.923,347.61,1.47,1.6701,0.0129,12.224,11.044,23.268,-0.212,-0.755,-0.967
Saint Kitts and Nevis,1987,0.583,14.583,349.31,2.06,1.6827,0.0114,12.268,11.405,23.673,-0.169,-0.394,-0.562
Saint Kitts and Nevis,1988,0.322,14.322,351.69,2.24,1.6931,0.0107,12.19,11.497,23.687,-0.247,-0.302,-0.549
Saint Kitts and Nevis,1989,-0.177,13.823,353.2,1.24,1.7045,0.0112,11.987,11.381,23.368,-0.45,-0.418,-0.868
Saint Kitts and Nevis,1990,0.241,14.241,354.45,1.2,1.7144,0.0086,11.718,11.365,23.082,-0.719,-0.434,-1.153
Saint Kitts and Nevis,1991,0.318,14.318,355.7,1.05,1.7248,0.0141,11.77,11.498,23.268,-0.667,-0.301,-0.967
Saint Kitts and Nevis,1992,0.276,14.276,356.54,0.49,1.7355,0.0024,12.122,11.374,23.496,-0.315,-0.425,-0.74
Saint Kitts and Nevis,1993,0.364,14.364,357.21,1.36,1.7365,0.0039,11.947,11.37,23.317,-0.49,-0.429,-0.919
Saint Kitts and Nevis,1994,0.373,14.373,358.96,1.96,1.7421,0.0073,12.032,11.728,23.76,-0.404,-0.072,-0.476
Saint Kitts and Nevis,1995,0.522,14.522,360.97,2.01,1.7489,0.0038,11.438,11.748,23.187,-0.998,-0.051,-1.049
Saint Kitts and Nevis,1996,0.274,14.274,362.74,1.24,1.7513,0.0025,11.848,11.743,23.592,-0.588,-0.056,-0.644
Saint Kitts and Nevis,1997,0.431,14.431,363.88,1.91,1.7545,0.0064,11.692,11.341,23.032,-0.745,-0.458,-1.203
Saint Kitts and Nevis,1998,0.992,14.992,366.84,2.97,1.7655,0.0121,11.782,11.689,23.471,-0.655,-0.11,-0.765
Saint Kitts and Nevis,1999,0.439,14.439,368.54,0.92,1.7723,0.0024,11.713,11.712,23.426,-0.723,-0.087,-0.81
Saint Kitts and Nevis,2000,0.186,14.186,369.71,1.62,1.7733,-0.0014,11.519,11.724,23.243,-0.917,-0.075,-0.992
Saint Kitts and Nevis,2001,0.3425,14.3425,371.32,1.62,1.7713,-0.0007,11.622,11.628,23.25,-0.814,-0.172,-0.986
Saint Kitts and Nevis,2002,0.499,14.499,373.45,2.51,1.7727,0.0032,11.385,11.176,22.561,-1.052,-0.623,-1.675
Saint Kitts and Nevis,2003,0.65,14.65,375.98,2.26,1.7773,0.0048,11.419,11.924,23.343,-1.017,0.125,-0.892
Saint Kitts and Nevis,2004,0.331,14.331,377.7,1.59,1.777,-0.0048,11.251,11.938,23.189,-1.186,0.139,-1.047
Saint Kitts and Nevis,2005,0.651,14.651,379.98,2.57,1.7742,0.0003,10.928,11.648,22.575,-1.509,-0.152,-1.661
Saint Kitts and Nevis,2006,0.382,14.382,382.09,1.69,1.775,0.0019,10.794,11.412,22.206,-1.642,-0.387,-2.03
Saint Kitts and Nevis,2007,0.637,14.637,384.02,2.31,1.7814,0.0078,10.498,11.637,22.135,-1.938,-0.162,-2.101
Saint Kitts and Nevis,2008,0.085,14.085,385.83,1.54,1.787,0.0065,10.99,12.213,23.203,-1.447,0.414,-1.032
Saint Kitts and Nevis,2009,0.322,14.322,387.64,2.0,1.7935,0.0047,10.956,11.999,22.955,-1.481,0.2,-1.281
Saint Kitts and Nevis,2010,0.961,14.961,390.1,2.3,1.7989,0.0051,10.734,12.058,22.792,-1.702,0.258,-1.444
Saint Kitts and Nevis,2011,0.382,14.382,391.85,1.92,1.8031,0.005,10.506,11.45,21.956,-1.931,-0.349,-2.28
Saint Kitts and Nevis,2012,0.484,14.484,394.06,2.65,1.8081,0.005,10.42,11.981,22.401,-2.017,0.182,-1.835
Saint Kitts and Nevis,2013,0.556,14.556,396.74,1.99,1.8134,0.0057,10.919,12.474,23.393,-1.517,0.675,-0.842
Saint Kitts and Nevis,2014,0.487,14.487,398.81,2.17,1.8226,0.0127,10.812,12.727,23.539,-1.624,0.928,-0.697
Saint Kitts and Nevis,2015,0.811,14.811,401.01,2.95,1.8342,0.01,10.589,12.366,22.955,-1.848,0.567,-1.281
Saint Kitts and Nevis,2016,0.889,14.889,404.41,3.03,1.8431,0.007,10.176,11.178,21.353,-2.261,-0.622,-2.882
Saint Kitts and Nevis,2017,0.665,14.665,406.76,1.9,1.8496,0.0069,10.415,10.702,21.118,-2.022,-1.097,-3.118
Saint Kitts and Nevis,2018,0.506,14.506,408.72,2.85,1.8573,0.0088,10.378,10.952,21.33,-2.058,-0.847,-2.906
Saint Kitts and Nevis,2019,0.763,14.763,411.65,2.49,1.8666,0.0096,10.225,10.83,21.055,-2.212,-0.969,-3.181
Saint Kitts and Nevis,2020,1.098,15.098,414.21,2.3,1.8787,0.0148,10.164,11.578,21.742,-2.272,-0.222,-2.494
Saint Lucia,1979,0.241,14.241,336.84,1.83,1.5305,0.0166,12.35,11.656,24.006,-0.087,-0.143,-0.23
Saint Lucia,1980,0.358,14.358,338.76,1.68,1.5471,0.0169,12.348,11.206,23.554,-0.088,-0.593,-0.682
Saint Lucia,1981,0.37,14.37,340.12,1.43,1.564,0.0169,12.147,11.387,23.533,-0.29,-0.413,-0.702
Saint Lucia,1982,0.119,14.119,341.48,0.86,1.5809,0.0333,12.468,11.595,24.062,0.031,-0.204,-0.173
Saint Lucia,1983,0.396,14.396,343.15,2.36,1.6142,0.0306,12.353,11.344,23.698,-0.083,-0.455,-0.538
Saint Lucia,1984,-0.017,13.983,344.87,1.51,1.6448,0.0129,11.92,11.428,23.348,-0.517,-0.371,-0.887
Saint Lucia,1985,-0.217,13.783,346.35,1.21,1.6573,0.0122,12.016,11.569,23.585,-0.421,-0.23,-0.651
Saint Lucia,1986,-0.052,13.948,347.61,1.47,1.6701,0.0129,12.224,11.044,23.268,-0.212,-0.755,-0.967
Saint Lucia,1987,0.532,14.532,349.31,2.06,1.6827,0.0114,12.268,11.405,23.673,-0.169,-0.394,-0.562
Saint Lucia,1988,0.432,14.432,351.69,2.24,1.6931,0.0107,12.19,11.497,23.687,-0.247,-0.302,-0.549
Saint Lucia,1989,-0.036,13.964,353.2,1.24,1.7045,0.0112,11.987,11.381,23.368,-0.45,-0.418,-0.868
Saint Lucia,1990,0.21,14.21,354.45,1.2,1.7144,0.0086,11.718,11.365,23.082,-0.719,-0.434,-1.153
Saint Lucia,1991,0.313,14.313,355.7,1.05,1.7248,0.0141,11.77,11.498,23.268,-0.667,-0.301,-0.967
Saint Lucia,1992,0.274,14.274,356.54,0.49,1.7355,0.0024,12.122,11.374,23.496,-0.315,-0.425,-0.74
Saint Lucia,1993,0.363,14.363,357.21,1.36,1.7365,0.0039,11.947,11.37,23.317,-0.49,-0.429,-0.919
Saint Lucia,1994,0.429,14.429,358.96,1.96,1.7421,0.0073,12.032,11.728,23.76,-0.404,-0.072,-0.476
Saint Lucia,1995,0.558,14.558,360.97,2.01,1.7489,0.0038,11.438,11.748,23.187,-0.998,-0.051,-1.049
Saint Lucia,1996,0.343,14.343,362.74,1.24,1.7513,0.0025,11.848,11.743,23.592,-0.588,-0.056,-0.644
Saint Lucia,1997,0.46,14.46,363.88,1.91,1.7545,0.0064,11.692,11.341,23.032,-0.745,-0.458,-1.203
Saint Lucia,1998,0.982,14.982,366.84,2.97,1.7655,0.0121,11.782,11.689,23.471,-0.655,-0.11,-0.765
Saint Lucia,1999,0.415,14.415,368.54,0.92,1.7723,0.0024,11.713,11.712,23.426,-0.723,-0.087,-0.81
Saint Lucia,2000,0.181,14.181,369.71,1.62,1.7733,-0.0014,11.519,11.724,23.243,-0.917,-0.075,-0.992
Saint Lucia,2001,0.418,14.418,371.32,1.62,1.7713,-0.0007,11.622,11.628,23.25,-0.814,-0.172,-0.986
Saint Lucia,2002,0.477,14.477,373.45,2.51,1.7727,0.0032,11.385,11.176,22.561,-1.052,-0.623,-1.675
Saint Lucia,2003,0.711,14.711,375.98,2.26,1.7773,0.0048,11.419,11.924,23.343,-1.017,0.125,-0.892
Saint Lucia,2004,0.398,14.398,377.7,1.59,1.777,-0.0048,11.251,11.938,23.189,-1.186,0.139,-1.047
Saint Lucia,2005,0.804,14.804,379.98,2.57,1.7742,0.0003,10.928,11.648,22.575,-1.509,-0.152,-1.661
Saint Lucia,2006,0.609,14.609,382.09,1.69,1.775,0.0019,10.794,11.412,22.206,-1.642,-0.387,-2.03
Saint Lucia,2007,0.594,14.594,384.02,2.31,1.7814,0.0078,10.498,11.637,22.135,-1.938,-0.162,-2.101
Saint Lucia,2008,0.29,14.29,385.83,1.54,1.787,0.0065,10.99,12.213,23.203,-1.447,0.414,-1.032
Saint Lucia,2009,0.4,14.4,387.64,2.0,1.7935,0.0047,10.956,11.999,22.955,-1.481,0.2,-1.281
Saint Lucia,2010,1.078,15.078,390.1,2.3,1.7989,0.0051,10.734,12.058,22.792,-1.702,0.258,-1.444
Saint Lucia,2011,0.558,14.558,391.85,1.92,1.8031,0.005,10.506,11.45,21.956,-1.931,-0.349,-2.28
Saint Lucia,2012,0.516,14.516,394.06,2.65,1.8081,0.005,10.42,11.981,22.401,-2.017,0.182,-1.835
Saint Lucia,2013,0.595,14.595,396.74,1.99,1.8134,0.0057,10.919,12.474,23.393,-1.517,0.675,-0.842
Saint Lucia,2014,0.479,14.479,398.81,2.17,1.8226,0.0127,10.812,12.727,23.539,-1.624,0.928,-0.697
Saint Lucia,2015,0.725,14.725,401.01,2.95,1.8342,0.01,10.589,12.366,22.955,-1.848,0.567,-1.281
Saint Lucia,2016,0.884,14.884,404.41,3.03,1.8431,0.007,10.176,11.178,21.353,-2.261,-0.622,-2.882
Saint Lucia,2017,0.693,14.693,406.76,1.9,1.8496,0.0069,10.415,10.702,21.118,-2.022,-1.097,-3.118
Saint Lucia,2018,0.387,14.387,408.72,2.85,1.8573,0.0088,10.378,10.952,21.33,-2.058,-0.847,-2.906
Saint Lucia,2019,0.618,14.618,411.65,2.49,1.8666,0.0096,10.225,10.83,21.055,-2.212,-0.969,-3.181
Saint Lucia,2020,0.836,14.836,414.21,2.3,1.8787,0.0148,10.164,11.578,21.742,-2.272,-0.222,-2.494
Saint Pierre and Miquelon,1979,0.46,14.46,336.84,1.83,1.5305,0.0166,12.35,11.656,24.006,-0.087,-0.143,-0.23
Saint Pierre and Miquelon,1980,-0.204,13.796,338.76,1.68,1.5471,0.0169,12.348,11.206,23.554,-0.088,-0.593,-0.682
Saint Pierre and Miquelon,1981,1.006,15.006,340.12,1.43,1.564,0.0169,12.147,11.387,23.533,-0.29,-0.413,-0.702
Saint Pierre and Miquelon,1982,-0.47,13.53,341.48,0.86,1.5809,0.0333,12.468,11.595,24.062,0.031,-0.204,-0.173
Saint Pierre and Miquelon,1983,0.775,14.775,343.15,2.36,1.6142,0.0306,12.353,11.344,23.698,-0.083,-0.455,-0.538
Saint Pierre and Miquelon,1984,0.156,14.156,344.87,1.51,1.6448,0.0129,11.92,11.428,23.348,-0.517,-0.371,-0.887
Saint Pierre and Miquelon,1985,-1.006,12.994,346.35,1.21,1.6573,0.0122,12.016,11.569,23.585,-0.421,-0.23,-0.651
Saint Pierre and Miquelon,1986,-0.691,13.309,347.61,1.47,1.6701,0.0129,12.224,11.044,23.268,-0.212,-0.755,-0.967
Saint Pierre and Miquelon,1987,-0.026,13.974,349.31,2.06,1.6827,0.0114,12.268,11.405,23.673,-0.169,-0.394,-0.562
Saint Pierre and Miquelon,1988,0.246,14.246,351.69,2.24,1.6931,0.0107,12.19,11.497,23.687,-0.247,-0.302,-0.549
Saint Pierre and Miquelon,1989,-0.361,13.639,353.2,1.24,1.7045,0.0112,11.987,11.381,23.368,-0.45,-0.418,-0.868
Saint Pierre and Miquelon,1990,-0.698,13.302,354.45,1.2,1.7144,0.0086,11.718,11.365,23.082,-0.719,-0.434,-1.153
Saint Pierre and Miquelon,1991,-0.662,13.338,355.7,1.05,1.7248,0.0141,11.77,11.498,23.268,-0.667,-0.301,-0.967
Saint Pierre and Miquelon,1992,-1.266,12.734,356.54,0.49,1.7355,0.0024,12.122,11.374,23.496,-0.315,-0.425,-0.74
Saint Pierre and Miquelon,1993,-1.009,12.991,357.21,1.36,1.7365,0.0039,11.947,11.37,23.317,-0.49,-0.429,-0.919
Saint Pierre and Miquelon,1994,-0.244,13.756,358.96,1.96,1.7421,0.0073,12.032,11.728,23.76,-0.404,-0.072,-0.476
Saint Pierre and Miquelon,1995,-0.19,13.81,360.97,2.01,1.7489,0.0038,11.438,11.748,23.187,-0.998,-0.051,-1.049
Saint Pierre and Miquelon,1996,0.207,14.207,362.74,1.24,1.7513,0.0025,11.848,11.743,23.592,-0.588,-0.056,-0.644
Saint Pierre and Miquelon,1997,-0.285,13.715,363.88,1.91,1.7545,0.0064,11.692,11.341,23.032,-0.745,-0.458,-1.203
Saint Pierre and Miquelon,1998,0.824,14.824,366.84,2.97,1.7655,0.0121,11.782,11.689,23.471,-0.655,-0.11,-0.765
Saint Pierre and Miquelon,1999,1.738,15.738,368.54,0.92,1.7723,0.0024,11.713,11.712,23.426,-0.723,-0.087,-0.81
Saint Pierre and Miquelon,2000,1.148,15.148,369.71,1.62,1.7733,-0.0014,11.519,11.724,23.243,-0.917,-0.075,-0.992
Saint Pierre and Miquelon,2001,0.573,14.573,371.32,1.62,1.7713,-0.0007,11.622,11.628,23.25,-0.814,-0.172,-0.986
Saint Pierre and Miquelon,2002,0.003,14.003,373.45,2.51,1.7727,0.0032,11.385,11.176,22.561,-1.052,-0.623,-1.675
Saint Pierre and Miquelon,2003,0.208,14.208,375.98,2.26,1.7773,0.0048,11.419,11.924,23.343,-1.017,0.125,-0.892
Saint Pierre and Miquelon,2004,0.634,14.634,377.7,1.59,1.777,-0.0048,11.251,11.938,23.189,-1.186,0.139,-1.047
Saint Pierre and Miquelon,2005,0.971,14.971,379.98,2.57,1.7742,0.0003,10.928,11.648,22.575,-1.509,-0.152,-1.661
Saint Pierre and Miquelon,2006,1.867,15.867,382.09,1.69,1.775,0.0019,10.794,11.412,22.206,-1.642,-0.387,-2.03
Saint Pierre and Miquelon,2007,0.409,14.409,384.02,2.31,1.7814,0.0078,10.498,11.637,22.135,-1.938,-0.162,-2.101
Saint Pierre and Miquelon,2008,0.472,14.472,385.83,1.54,1.787,0.0065,10.99,12.213,23.203,-1.447,0.414,-1.032
Saint Pierre and Miquelon,2009,0.718,14.718,387.64,2.0,1.7935,0.0047,10.956,11.999,22.955,-1.481,0.2,-1.281
Saint Pierre and Miquelon,2010,1.335,15.335,390.1,2.3,1.7989,0.0051,10.734,12.058,22.792,-1.702,0.258,-1.444
Saint Pierre and Miquelon,2011,1.167,15.167,391.85,1.92,1.8031,0.005,10.506,11.45,21.956,-1.931,-0.349,-2.28
Saint Pierre and Miquelon,2012,2.017,16.017,394.06,2.65,1.8081,0.005,10.42,11.981,22.401,-2.017,0.182,-1.835
Saint Pierre and Miquelon,2013,1.317,15.317,396.74,1.99,1.8134,0.0057,10.919,12.474,23.393,-1.517,0.675,-0.842
Saint Pierre and Miquelon,2014,0.401,14.401,398.81,2.17,1.8226,0.0127,10.812,12.727,23.539,-1.624,0.928,-0.697
Saint Pierre and Miquelon,2015,0.116,14.116,401.01,2.95,1.8342,0.01,10.589,12.366,22.955,-1.848,0.567,-1.281
Saint Pierre and Miquelon,2016,0.853,14.853,404.41,3.03,1.8431,0.007,10.176,11.178,21.353,-2.261,-0.622,-2.882
Saint Pierre and Miquelon,2017,0.356,14.356,406.76,1.9,1.8496,0.0069,10.415,10.702,21.118,-2.022,-1.097,-3.118
Saint Pierre and Miquelon,2018,0.694,14.694,408.72,2.85,1.8573,0.0088,10.378,10.952,21.33,-2.058,-0.847,-2.906
Saint Pierre and Miquelon,2019,0.037,14.037,411.65,2.49,1.8666,0.0096,10.225,10.83,21.055,-2.212,-0.969,-3.181
Saint Pierre and Miquelon,2020,0.722,14.722,414.21,2.3,1.8787,0.0148,10.164,11.578,21.742,-2.272,-0.222,-2.494
Saint Vincent and the Grenadines,1979,0.337,14.337,336.84,1.83,1.5305,0.0166,12.35,11.656,24.006,-0.087,-0.143,-0.23
Saint Vincent and the Grenadines,1980,0.292,14.292,338.76,1.68,1.5471,0.0169,12.348,11.206,23.554,-0.088,-0.593,-0.682
Saint Vincent and the Grenadines,1981,0.364,14.364,340.12,1.43,1.564,0.0169,12.147,11.387,23.533,-0.29,-0.413,-0.702
Saint Vincent and the Grenadines,1982,0.131,14.131,341.48,0.86,1.5809,0.0333,12.468,11.595,24.062,0.031,-0.204,-0.173
Saint Vincent and the Grenadines,1983,0.407,14.407,343.15,2.36,1.6142,0.0306,12.353,11.344,23.698,-0.083,-0.455,-0.538
Saint Vincent and the Grenadines,1984,0.016,14.016,344.87,1.51,1.6448,0.0129,11.92,11.428,23.348,-0.517,-0.371,-0.887
Saint Vincent and the Grenadines,1985,-0.376,13.624,346.35,1.21,1.6573,0.0122,12.016,11.569,23.585,-0.421,-0.23,-0.651
Saint Vincent and the Grenadines,1986,-0.095,13.905,347.61,1.47,1.6701,0.0129,12.224,11.044,23.268,-0.212,-0.755,-0.967
Saint Vincent and the Grenadines,1987,0.509,14.509,349.31,2.06,1.6827,0.0114,12.268,11.405,23.673,-0.169,-0.394,-0.562
Saint Vincent and the Grenadines,1988,0.529,14.529,351.69,2.24,1.6931,0.0107,12.19,11.497,23.687,-0.247,-0.302,-0.549
Saint Vincent and the Grenadines,1989,-0.082,13.918,353.2,1.24,1.7045,0.0112,11.987,11.381,23.368,-0.45,-0.418,-0.868
Saint Vincent and the Grenadines,1990,0.136,14.136,354.45,1.2,1.7144,0.0086,11.718,11.365,23.082,-0.719,-0.434,-1.153
Saint Vincent and the Grenadines,1991,0.273,14.273,355.7,1.05,1.7248,0.0141,11.77,11.498,23.268,-0.667,-0.301,-0.967
Saint Vincent and the Grenadines,1992,0.306,14.306,356.54,0.49,1.7355,0.0024,12.122,11.374,23.496,-0.315,-0.425,-0.74
Saint Vincent and the Grenadines,1993,0.364,14.364,357.21,1.36,1.7365,0.0039,11.947,11.37,23.317,-0.49,-0.429,-0.919
Saint Vincent and the Grenadines,1994,0.38,14.38,358.96,1.96,1.7421,0.0073,12.032,11.728,23.76,-0.404,-0.072,-0.476
Saint Vincent and the Grenadines,1995,0.596,14.596,360.97,2.01,1.7489,0.0038,11.438,11.748,23.187,-0.998,-0.051,-1.049
Saint Vincent and the Grenadines,1996,0.341,14.341,362.74,1.24,1.7513,0.0025,11.848,11.743,23.592,-0.588,-0.056,-0.644
Saint Vincent and the Grenadines,1997,0.435,14.435,363.88,1.91,1.7545,0.0064,11.692,11.341,23.032,-0.745,-0.458,-1.203
Saint Vincent and the Grenadines,1998,0.987,14.987,366.84,2.97,1.7655,0.0121,11.782,11.689,23.471,-0.655,-0.11,-0.765
Saint Vincent and the Grenadines,1999,0.442,14.442,368.54,0.92,1.7723,0.0024,11.713,11.712,23.426,-0.723,-0.087,-0.81
Saint Vincent and the Grenadines,2000,0.236,14.236,369.71,1.62,1.7733,-0.0014,11.519,11.724,23.243,-0.917,-0.075,-0.992
Saint Vincent and the Grenadines,2001,0.465,14.465,371.32,1.62,1.7713,-0.0007,11.622,11.628,23.25,-0.814,-0.172,-0.986
Saint Vincent and the Grenadines,2002,0.424,14.424,373.45,2.51,1.7727,0.0032,11.385,11.176,22.561,-1.052,-0.623,-1.675
Saint Vincent and the Grenadines,2003,0.751,14.751,375.98,2.26,1.7773,0.0048,11.419,11.924,23.343,-1.017,0.125,-0.892
Saint Vincent and the Grenadines,2004,0.344,14.344,377.7,1.59,1.777,-0.0048,11.251,11.938,23.189,-1.186,0.139,-1.047
Saint Vincent and the Grenadines,2005,0.86,14.86,379.98,2.57,1.7742,0.0003,10.928,11.648,22.575,-1.509,-0.152,-1.661
Saint Vincent and the Grenadines,2006,0.578,14.578,382.09,1.69,1.775,0.0019,10.794,11.412,22.206,-1.642,-0.387,-2.03
Saint Vincent and the Grenadines,2007,0.521,14.521,384.02,2.31,1.7814,0.0078,10.498,11.637,22.135,-1.938,-0.162,-2.101
Saint Vincent and the Grenadines,2008,0.387,14.387,385.83,1.54,1.787,0.0065,10.99,12.213,23.203,-1.447,0.414,-1.032
Saint Vincent and the Grenadines,2009,0.4,14.4,387.64,2.0,1.7935,0.0047,10.956,11.999,22.955,-1.481,0.2,-1.281
Saint Vincent and the Grenadines,2010,1.13,15.13,390.1,2.3,1.7989,0.0051,10.734,12.058,22.792,-1.702,0.258,-1.444
Saint Vincent and the Grenadines,2011,0.652,14.652,391.85,1.92,1.8031,0.005,10.506,11.45,21.956,-1.931,-0.349,-2.28
Saint Vincent and the Grenadines,2012,0.49,14.49,394.06,2.65,1.8081,0.005,10.42,11.981,22.401,-2.017,0.182,-1.835
Saint Vincent and the Grenadines,2013,0.592,14.592,396.74,1.99,1.8134,0.0057,10.919,12.474,23.393,-1.517,0.675,-0.842
Saint Vincent and the Grenadines,2014,0.51,14.51,398.81,2.17,1.8226,0.0127,10.812,12.727,23.539,-1.624,0.928,-0.697
Saint Vincent and the Grenadines,2015,0.705,14.705,401.01,2.95,1.8342,0.01,10.589,12.366,22.955,-1.848,0.567,-1.281
Saint Vincent and the Grenadines,2016,0.804,14.804,404.41,3.03,1.8431,0.007,10.176,11.178,21.353,-2.261,-0.622,-2.882
Saint Vincent and the Grenadines,2017,0.739,14.739,406.76,1.9,1.8496,0.0069,10.415,10.702,21.118,-2.022,-1.097,-3.118
Saint Vincent and the Grenadines,2018,0.333,14.333,408.72,2.85,1.8573,0.0088,10.378,10.952,21.33,-2.058,-0.847,-2.906
Saint Vincent and the Grenadines,2019,0.554,14.554,411.65,2.49,1.8666,0.0096,10.225,10.83,21.055,-2.212,-0.969,-3.181
Saint Vincent and the Grenadines,2020,0.814,14.814,414.21,2.3,1.8787,0.0148,10.164,11.578,21.742,-2.272,-0.222,-2.494
Samoa,1979,0.104,14.104,336.84,1.83,1.5305,0.0166,12.35,11.656,24.006,-0.087,-0.143,-0.23
Samoa,1980,0.159,14.159,338.76,1.68,1.5471,0.0169,12.348,11.206,23.554,-0.088,-0.593,-0.682
Samoa,1981,-0.034,13.966,340.12,1.43,1.564,0.0169,12.147,11.387,23.533,-0.29,-0.413,-0.702
Samoa,1982,0.149,14.149,341.48,0.86,1.5809,0.0333,12.468,11.595,24.062,0.031,-0.204,-0.173
Samoa,1983,0.23,14.23,343.15,2.36,1.6142,0.0306,12.353,11.344,23.698,-0.083,-0.455,-0.538
Samoa,1984,0.035,14.035,344.87,1.51,1.6448,0.0129,11.92,11.428,23.348,-0.517,-0.371,-0.887
Samoa,1985,0.037,14.037,346.35,1.21,1.6573,0.0122,12.016,11.569,23.585,-0.421,-0.23,-0.651
Samoa,1986,0.145,14.145,347.61,1.47,1.6701,0.0129,12.224,11.044,23.268,-0.212,-0.755,-0.967
Samoa,1987,0.071,14.071,349.31,2.06,1.6827,0.0114,12.268,11.405,23.673,-0.169,-0.394,-0.562
Samoa,1988,0.366,14.366,351.69,2.24,1.6931,0.0107,12.19,11.497,23.687,-0.247,-0.302,-0.549
Samoa,1989,-0.08,13.92,353.2,1.24,1.7045,0.0112,11.987,11.381,23.368,-0.45,-0.418,-0.868
Samoa,1990,0.334,14.334,354.45,1.2,1.7144,0.0086,11.718,11.365,23.082,-0.719,-0.434,-1.153
Samoa,1991,0.555,14.555,355.7,1.05,1.7248,0.0141,11.77,11.498,23.268,-0.667,-0.301,-0.967
Samoa,1992,0.448,14.448,356.54,0.49,1.7355,0.0024,12.122,11.374,23.496,-0.315,-0.425,-0.74
Samoa,1993,0.094,14.094,357.21,1.36,1.7365,0.0039,11.947,11.37,23.317,-0.49,-0.429,-0.919
Samoa,1994,0.247,14.247,358.96,1.96,1.7421,0.0073,12.032,11.728,23.76,-0.404,-0.072,-0.476
Samoa,1995,0.728,14.728,360.97,2.01,1.7489,0.0038,11.438,11.748,23.187,-0.998,-0.051,-1.049
Samoa,1996,0.668,14.668,362.74,1.24,1.7513,0.0025,11.848,11.743,23.592,-0.588,-0.056,-0.644
Samoa,1997,0.4937,14.4937,363.88,1.91,1.7545,0.0064,11.692,11.341,23.032,-0.745,-0.458,-1.203
Samoa,1998,0.3193,14.3193,366.84,2.97,1.7655,0.0121,11.782,11.689,23.471,-0.655,-0.11,-0.765
Samoa,1999,0.145,14.145,368.54,0.92,1.7723,0.0024,11.713,11.712,23.426,-0.723,-0.087,-0.81
Samoa,2000,0.6,14.6,369.71,1.62,1.7733,-0.0014,11.519,11.724,23.243,-0.917,-0.075,-0.992
Samoa,2001,0.877,14.877,371.32,1.62,1.7713,-0.0007,11.622,11.628,23.25,-0.814,-0.172,-0.986
Samoa,2002,1.125,15.125,373.45,2.51,1.7727,0.0032,11.385,11.176,22.561,-1.052,-0.623,-1.675
Samoa,2003,0.624,14.624,375.98,2.26,1.7773,0.0048,11.419,11.924,23.343,-1.017,0.125,-0.892
Samoa,2004,0.198,14.198,377.7,1.59,1.777,-0.0048,11.251,11.938,23.189,-1.186,0.139,-1.047
Samoa,2005,0.875,14.875,379.98,2.57,1.7742,0.0003,10.928,11.648,22.575,-1.509,-0.152,-1.661
Samoa,2006,0.465,14.465,382.09,1.69,1.775,0.0019,10.794,11.412,22.206,-1.642,-0.387,-2.03
Samoa,2007,0.948,14.948,384.02,2.31,1.7814,0.0078,10.498,11.637,22.135,-1.938,-0.162,-2.101
Samoa,2008,0.501,14.501,385.83,1.54,1.787,0.0065,10.99,12.213,23.203,-1.447,0.414,-1.032
Samoa,2009,0.7595,14.7595,387.64,2.0,1.7935,0.0047,10.956,11.999,22.955,-1.481,0.2,-1.281
Samoa,2010,1.018,15.018,390.1,2.3,1.7989,0.0051,10.734,12.058,22.792,-1.702,0.258,-1.444
Samoa,2011,0.542,14.542,391.85,1.92,1.8031,0.005,10.506,11.45,21.956,-1.931,-0.349,-2.28
Samoa,2012,0.647,14.647,394.06,2.65,1.8081,0.005,10.42,11.981,22.401,-2.017,0.182,-1.835
Samoa,2013,0.931,14.931,396.74,1.99,1.8134,0.0057,10.919,12.474,23.393,-1.517,0.675,-0.842
Samoa,2014,0.791,14.791,398.81,2.17,1.8226,0.0127,10.812,12.727,23.539,-1.624,0.928,-0.697
Samoa,2015,0.63,14.63,401.01,2.95,1.8342,0.01,10.589,12.366,22.955,-1.848,0.567,-1.281
Samoa,2016,1.16,15.16,404.41,3.03,1.8431,0.007,10.176,11.178,21.353,-2.261,-0.622,-2.882
Samoa,2017,1.056,15.056,406.76,1.9,1.8496,0.0069,10.415,10.702,21.118,-2.022,-1.097,-3.118
Samoa,2018,0.81,14.81,408.72,2.85,1.8573,0.0088,10.378,10.952,21.33,-2.058,-0.847,-2.906
Samoa,2019,1.16,15.16,411.65,2.49,1.8666,0.0096,10.225,10.83,21.055,-2.212,-0.969,-3.181
Samoa,2020,1.066,15.066,414.21,2.3,1.8787,0.0148,10.164,11.578,21.742,-2.272,-0.222,-2.494
San Marino,1979,0.043,14.043,336.84,1.83,1.5305,0.0166,12.35,11.656,24.006,-0.087,-0.143,-0.23
San Marino,1980,-0.444,13.556,338.76,1.68,1.5471,0.0169,12.348,11.206,23.554,-0.088,-0.593,-0.682
San Marino,1981,-0.309,13.691,340.12,1.43,1.564,0.0169,12.147,11.387,23.533,-0.29,-0.413,-0.702
San Marino,1982,0.424,14.424,341.48,0.86,1.5809,0.0333,12.468,11.595,24.062,0.031,-0.204,-0.173
San Marino,1983,0.449,14.449,343.15,2.36,1.6142,0.0306,12.353,11.344,23.698,-0.083,-0.455,-0.538
San Marino,1984,-0.554,13.446,344.87,1.51,1.6448,0.0129,11.92,11.428,23.348,-0.517,-0.371,-0.887
San Marino,1985,0.211,14.211,346.35,1.21,1.6573,0.0122,12.016,11.569,23.585,-0.421,-0.23,-0.651
San Marino,1986,0.369,14.369,347.61,1.47,1.6701,0.0129,12.224,11.044,23.268,-0.212,-0.755,-0.967
San Marino,1987,0.118,14.118,349.31,2.06,1.6827,0.0114,12.268,11.405,23.673,-0.169,-0.394,-0.562
San Marino,1988,0.812,14.812,351.69,2.24,1.6931,0.0107,12.19,11.497,23.687,-0.247,-0.302,-0.549
San Marino,1989,0.34,14.34,353.2,1.24,1.7045,0.0112,11.987,11.381,23.368,-0.45,-0.418,-0.868
San Marino,1990,1.073,15.073,354.45,1.2,1.7144,0.0086,11.718,11.365,23.082,-0.719,-0.434,-1.153
San Marino,1991,0.011,14.011,355.7,1.05,1.7248,0.0141,11.77,11.498,23.268,-0.667,-0.301,-0.967
San Marino,1992,0.597,14.597,356.54,0.49,1.7355,0.0024,12.122,11.374,23.496,-0.315,-0.425,-0.74
San Marino,1993,0.62,14.62,357.21,1.36,1.7365,0.0039,11.947,11.37,23.317,-0.49,-0.429,-0.919
San Marino,1994,1.627,15.627,358.96,1.96,1.7421,0.0073,12.032,11.728,23.76,-0.404,-0.072,-0.476
San Marino,1995,0.389,14.389,360.97,2.01,1.7489,0.0038,11.438,11.748,23.187,-0.998,-0.051,-1.049
San Marino,1996,0.311,14.311,362.74,1.24,1.7513,0.0025,11.848,11.743,23.592,-0.588,-0.056,-0.644
San Marino,1997,1.015,15.015,363.88,1.91,1.7545,0.0064,11.692,11.341,23.032,-0.745,-0.458,-1.203
San Marino,1998,1.173,15.173,366.84,2.97,1.7655,0.0121,11.782,11.689,23.471,-0.655,-0.11,-0.765
San Marino,1999,0.912,14.912,368.54,0.92,1.7723,0.0024,11.713,11.712,23.426,-0.723,-0.087,-0.81
San Marino,2000,1.426,15.426,369.71,1.62,1.7733,-0.0014,11.519,11.724,23.243,-0.917,-0.075,-0.992
San Marino,2001,1.704,15.704,371.32,1.62,1.7713,-0.0007,11.622,11.628,23.25,-0.814,-0.172,-0.986
San Marino,2002,1.146,15.146,373.45,2.51,1.7727,0.0032,11.385,11.176,22.561,-1.052,-0.623,-1.675
San Marino,2003,1.659,15.659,375.98,2.26,1.7773,0.0048,11.419,11.924,23.343,-1.017,0.125,-0.892
San Marino,2004,0.919,14.919,377.7,1.59,1.777,-0.0048,11.251,11.938,23.189,-1.186,0.139,-1.047
San Marino,2005,0.53,14.53,379.98,2.57,1.7742,0.0003,10.928,11.648,22.575,-1.509,-0.152,-1.661
San Marino,2006,0.943,14.943,382.09,1.69,1.775,0.0019,10.794,11.412,22.206,-1.642,-0.387,-2.03
San Marino,2007,1.903,15.903,384.02,2.31,1.7814,0.0078,10.498,11.637,22.135,-1.938,-0.162,-2.101
San Marino,2008,1.348,15.348,385.83,1.54,1.787,0.0065,10.99,12.213,23.203,-1.447,0.414,-1.032
San Marino,2009,1.462,15.462,387.64,2.0,1.7935,0.0047,10.956,11.999,22.955,-1.481,0.2,-1.281
San Marino,2010,0.788,14.788,390.1,2.3,1.7989,0.0051,10.734,12.058,22.792,-1.702,0.258,-1.444
San Marino,2011,1.367,15.367,391.85,1.92,1.8031,0.005,10.506,11.45,21.956,-1.931,-0.349,-2.28
San Marino,2012,1.788,15.788,394.06,2.65,1.8081,0.005,10.42,11.981,22.401,-2.017,0.182,-1.835
San Marino,2013,1.093,15.093,396.74,1.99,1.8134,0.0057,10.919,12.474,23.393,-1.517,0.675,-0.842
San Marino,2014,1.692,15.692,398.81,2.17,1.8226,0.0127,10.812,12.727,23.539,-1.624,0.928,-0.697
San Marino,2015,1.928,15.928,401.01,2.95,1.8342,0.01,10.589,12.366,22.955,-1.848,0.567,-1.281
San Marino,2016,1.843,15.843,404.41,3.03,1.8431,0.007,10.176,11.178,21.353,-2.261,-0.622,-2.882
San Marino,2017,1.749,15.749,406.76,1.9,1.8496,0.0069,10.415,10.702,21.118,-2.022,-1.097,-3.118
San Marino,2018,2.042,16.042,408.72,2.85,1.8573,0.0088,10.378,10.952,21.33,-2.058,-0.847,-2.906
San Marino,2019,1.86,15.86,411.65,2.49,1.8666,0.0096,10.225,10.83,21.055,-2.212,-0.969,-3.181
San Marino,2020,2.043,16.043,414.21,2.3,1.8787,0.0148,10.164,11.578,21.742,-2.272,-0.222,-2.494
Sao Tome and Principe,1979,0.38,14.38,336.84,1.83,1.5305,0.0166,12.35,11.656,24.006,-0.087,-0.143,-0.23
Sao Tome and Principe,1980,0.25,14.25,338.76,1.68,1.5471,0.0169,12.348,11.206,23.554,-0.088,-0.593,-0.682
Sao Tome and Principe,1981,0.219,14.219,340.12,1.43,1.564,0.0169,12.147,11.387,23.533,-0.29,-0.413,-0.702
Sao Tome and Principe,1982,-0.017,13.983,341.48,0.86,1.5809,0.0333,12.468,11.595,24.062,0.031,-0.204,-0.173
Sao Tome and Principe,1983,0.058,14.058,343.15,2.36,1.6142,0.0306,12.353,11.344,23.698,-0.083,-0.455,-0.538
Sao Tome and Principe,1984,0.327,14.327,344.87,1.51,1.6448,0.0129,11.92,11.428,23.348,-0.517,-0.371,-0.887
Sao Tome and Principe,1985,0.074,14.074,346.35,1.21,1.6573,0.0122,12.016,11.569,23.585,-0.421,-0.23,-0.651
Sao Tome and Principe,1986,-0.19,13.81,347.61,1.47,1.6701,0.0129,12.224,11.044,23.268,-0.212,-0.755,-0.967
Sao Tome and Principe,1987,0.352,14.352,349.31,2.06,1.6827,0.0114,12.268,11.405,23.673,-0.169,-0.394,-0.562
Sao Tome and Principe,1988,0.39,14.39,351.69,2.24,1.6931,0.0107,12.19,11.497,23.687,-0.247,-0.302,-0.549
Sao Tome and Principe,1989,-0.183,13.817,353.2,1.24,1.7045,0.0112,11.987,11.381,23.368,-0.45,-0.418,-0.868
Sao Tome and Principe,1990,-0.1623,13.8377,354.45,1.2,1.7144,0.0086,11.718,11.365,23.082,-0.719,-0.434,-1.153
Sao Tome and Principe,1991,-0.1417,13.8583,355.7,1.05,1.7248,0.0141,11.77,11.498,23.268,-0.667,-0.301,-0.967
Sao Tome and Principe,1992,-0.121,13.879,356.54,0.49,1.7355,0.0024,12.122,11.374,23.496,-0.315,-0.425,-0.74
Sao Tome and Principe,1993,0.319,14.319,357.21,1.36,1.7365,0.0039,11.947,11.37,23.317,-0.49,-0.429,-0.919
Sao Tome and Principe,1994,0.231,14.231,358.96,1.96,1.7421,0.0073,12.032,11.728,23.76,-0.404,-0.072,-0.476
Sao Tome and Principe,1995,0.763,14.763,360.97,2.01,1.7489,0.0038,11.438,11.748,23.187,-0.998,-0.051,-1.049
Sao Tome and Principe,1996,0.897,14.897,362.74,1.24,1.7513,0.0025,11.848,11.743,23.592,-0.588,-0.056,-0.644
Sao Tome and Principe,1997,1.031,15.031,363.88,1.91,1.7545,0.0064,11.692,11.341,23.032,-0.745,-0.458,-1.203
Sao Tome and Principe,1998,1.165,15.165,366.84,2.97,1.7655,0.0121,11.782,11.689,23.471,-0.655,-0.11,-0.765
Sao Tome and Principe,1999,0.879,14.879,368.54,0.92,1.7723,0.0024,11.713,11.712,23.426,-0.723,-0.087,-0.81
Sao Tome and Principe,2000,0.4,14.4,369.71,1.62,1.7733,-0.0014,11.519,11.724,23.243,-0.917,-0.075,-0.992
Sao Tome and Principe,2001,0.246,14.246,371.32,1.62,1.7713,-0.0007,11.622,11.628,23.25,-0.814,-0.172,-0.986
Sao Tome and Principe,2002,0.617,14.617,373.45,2.51,1.7727,0.0032,11.385,11.176,22.561,-1.052,-0.623,-1.675
Sao Tome and Principe,2003,0.866,14.866,375.98,2.26,1.7773,0.0048,11.419,11.924,23.343,-1.017,0.125,-0.892
Sao Tome and Principe,2004,0.694,14.694,377.7,1.59,1.777,-0.0048,11.251,11.938,23.189,-1.186,0.139,-1.047
Sao Tome and Principe,2005,0.577,14.577,379.98,2.57,1.7742,0.0003,10.928,11.648,22.575,-1.509,-0.152,-1.661
Sao Tome and Principe,2006,0.627,14.627,382.09,1.69,1.775,0.0019,10.794,11.412,22.206,-1.642,-0.387,-2.03
Sao Tome and Principe,2007,0.859,14.859,384.02,2.31,1.7814,0.0078,10.498,11.637,22.135,-1.938,-0.162,-2.101
Sao Tome and Principe,2008,0.573,14.573,385.83,1.54,1.787,0.0065,10.99,12.213,23.203,-1.447,0.414,-1.032
Sao Tome and Principe,2009,0.703,14.703,387.64,2.0,1.7935,0.0047,10.956,11.999,22.955,-1.481,0.2,-1.281
Sao Tome and Principe,2010,0.86,14.86,390.1,2.3,1.7989,0.0051,10.734,12.058,22.792,-1.702,0.258,-1.444
Sao Tome and Principe,2011,0.552,14.552,391.85,1.92,1.8031,0.005,10.506,11.45,21.956,-1.931,-0.349,-2.28
Sao Tome and Principe,2012,0.621,14.621,394.06,2.65,1.8081,0.005,10.42,11.981,22.401,-2.017,0.182,-1.835
Sao Tome and Principe,2013,0.681,14.681,396.74,1.99,1.8134,0.0057,10.919,12.474,23.393,-1.517,0.675,-0.842
Sao Tome and Principe,2014,0.868,14.868,398.81,2.17,1.8226,0.0127,10.812,12.727,23.539,-1.624,0.928,-0.697
Sao Tome and Principe,2015,0.814,14.814,401.01,2.95,1.8342,0.01,10.589,12.366,22.955,-1.848,0.567,-1.281
Sao Tome and Principe,2016,1.526,15.526,404.41,3.03,1.8431,0.007,10.176,11.178,21.353,-2.261,-0.622,-2.882
Sao Tome and Principe,2017,1.224,15.224,406.76,1.9,1.8496,0.0069,10.415,10.702,21.118,-2.022,-1.097,-3.118
Sao Tome and Principe,2018,0.925,14.925,408.72,2.85,1.8573,0.0088,10.378,10.952,21.33,-2.058,-0.847,-2.906
Sao Tome and Principe,2019,1.313,15.313,411.65,2.49,1.8666,0.0096,10.225,10.83,21.055,-2.212,-0.969,-3.181
Sao Tome and Principe,2020,1.547,15.547,414.21,2.3,1.8787,0.0148,10.164,11.578,21.742,-2.272,-0.222,-2.494
Saudi Arabia,1979,0.85,14.85,336.84,1.83,1.5305,0.0166,12.35,11.656,24.006,-0.087,-0.143,-0.23
Saudi Arabia,1980,0.001,14.001,338.76,1.68,1.5471,0.0169,12.348,11.206,23.554,-0.088,-0.593,-0.682
Saudi Arabia,1981,0.036,14.036,340.12,1.43,1.564,0.0169,12.147,11.387,23.533,-0.29,-0.413,-0.702
Saudi Arabia,1982,-0.431,13.569,341.48,0.86,1.5809,0.0333,12.468,11.595,24.062,0.031,-0.204,-0.173
Saudi Arabia,1983,-0.908,13.092,343.15,2.36,1.6142,0.0306,12.353,11.344,23.698,-0.083,-0.455,-0.538
Saudi Arabia,1984,-0.357,13.643,344.87,1.51,1.6448,0.0129,11.92,11.428,23.348,-0.517,-0.371,-0.887
Saudi Arabia,1985,-0.052,13.948,346.35,1.21,1.6573,0.0122,12.016,11.569,23.585,-0.421,-0.23,-0.651
Saudi Arabia,1986,0.152,14.152,347.61,1.47,1.6701,0.0129,12.224,11.044,23.268,-0.212,-0.755,-0.967
Saudi Arabia,1987,0.473,14.473,349.31,2.06,1.6827,0.0114,12.268,11.405,23.673,-0.169,-0.394,-0.562
Saudi Arabia,1988,0.371,14.371,351.69,2.24,1.6931,0.0107,12.19,11.497,23.687,-0.247,-0.302,-0.549
Saudi Arabia,1989,-0.188,13.812,353.2,1.24,1.7045,0.0112,11.987,11.381,23.368,-0.45,-0.418,-0.868
Saudi Arabia,1990,-0.007,13.993,354.45,1.2,1.7144,0.0086,11.718,11.365,23.082,-0.719,-0.434,-1.153
Saudi Arabia,1991,0.305,14.305,355.7,1.05,1.7248,0.0141,11.77,11.498,23.268,-0.667,-0.301,-0.967
Saudi Arabia,1992,-1.04,12.96,356.54,0.49,1.7355,0.0024,12.122,11.374,23.496,-0.315,-0.425,-0.74
Saudi Arabia,1993,-0.231,13.769,357.21,1.36,1.7365,0.0039,11.947,11.37,23.317,-0.49,-0.429,-0.919
Saudi Arabia,1994,0.596,14.596,358.96,1.96,1.7421,0.0073,12.032,11.728,23.76,-0.404,-0.072,-0.476
Saudi Arabia,1995,0.138,14.138,360.97,2.01,1.7489,0.0038,11.438,11.748,23.187,-0.998,-0.051,-1.049
Saudi Arabia,1996,0.525,14.525,362.74,1.24,1.7513,0.0025,11.848,11.743,23.592,-0.588,-0.056,-0.644
Saudi Arabia,1997,-0.047,13.953,363.88,1.91,1.7545,0.0064,11.692,11.341,23.032,-0.745,-0.458,-1.203
Saudi Arabia,1998,0.97,14.97,366.84,2.97,1.7655,0.0121,11.782,11.689,23.471,-0.655,-0.11,-0.765
Saudi Arabia,1999,1.442,15.442,368.54,0.92,1.7723,0.0024,11.713,11.712,23.426,-0.723,-0.087,-0.81
Saudi Arabia,2000,0.712,14.712,369.71,1.62,1.7733,-0.0014,11.519,11.724,23.243,-0.917,-0.075,-0.992
Saudi Arabia,2001,0.833,14.833,371.32,1.62,1.7713,-0.0007,11.622,11.628,23.25,-0.814,-0.172,-0.986
Saudi Arabia,2002,1.035,15.035,373.45,2.51,1.7727,0.0032,11.385,11.176,22.561,-1.052,-0.623,-1.675
Saudi Arabia,2003,0.927,14.927,375.98,2.26,1.7773,0.0048,11.419,11.924,23.343,-1.017,0.125,-0.892
Saudi Arabia,2004,0.922,14.922,377.7,1.59,1.777,-0.0048,11.251,11.938,23.189,-1.186,0.139,-1.047
Saudi Arabia,2005,0.483,14.483,379.98,2.57,1.7742,0.0003,10.928,11.648,22.575,-1.509,-0.152,-1.661
Saudi Arabia,2006,1.136,15.136,382.09,1.69,1.775,0.0019,10.794,11.412,22.206,-1.642,-0.387,-2.03
Saudi Arabia,2007,0.642,14.642,384.02,2.31,1.7814,0.0078,10.498,11.637,22.135,-1.938,-0.162,-2.101
Saudi Arabia,2008,0.845,14.845,385.83,1.54,1.787,0.0065,10.99,12.213,23.203,-1.447,0.414,-1.032
Saudi Arabia,2009,0.936,14.936,387.64,2.0,1.7935,0.0047,10.956,11.999,22.955,-1.481,0.2,-1.281
Saudi Arabia,2010,2.058,16.058,390.1,2.3,1.7989,0.0051,10.734,12.058,22.792,-1.702,0.258,-1.444
Saudi Arabia,2011,0.777,14.777,391.85,1.92,1.8031,0.005,10.506,11.45,21.956,-1.931,-0.349,-2.28
Saudi Arabia,2012,1.162,15.162,394.06,2.65,1.8081,0.005,10.42,11.981,22.401,-2.017,0.182,-1.835
Saudi Arabia,2013,1.151,15.151,396.74,1.99,1.8134,0.0057,10.919,12.474,23.393,-1.517,0.675,-0.842
Saudi Arabia,2014,1.218,15.218,398.81,2.17,1.8226,0.0127,10.812,12.727,23.539,-1.624,0.928,-0.697
Saudi Arabia,2015,1.856,15.856,401.01,2.95,1.8342,0.01,10.589,12.366,22.955,-1.848,0.567,-1.281
Saudi Arabia,2016,1.508,15.508,404.41,3.03,1.8431,0.007,10.176,11.178,21.353,-2.261,-0.622,-2.882
Saudi Arabia,2017,1.753,15.753,406.76,1.9,1.8496,0.0069,10.415,10.702,21.118,-2.022,-1.097,-3.118
Saudi Arabia,2018,1.864,15.864,408.72,2.85,1.8573,0.0088,10.378,10.952,21.33,-2.058,-0.847,-2.906
Saudi Arabia,2019,1.778,15.778,411.65,2.49,1.8666,0.0096,10.225,10.83,21.055,-2.212,-0.969,-3.181
Saudi Arabia,2020,1.593,15.593,414.21,2.3,1.8787,0.0148,10.164,11.578,21.742,-2.272,-0.222,-2.494
Senegal,1979,0.813,14.813,336.84,1.83,1.5305,0.0166,12.35,11.656,24.006,-0.087,-0.143,-0.23
Senegal,1980,0.95,14.95,338.76,1.68,1.5471,0.0169,12.348,11.206,23.554,-0.088,-0.593,-0.682
Senegal,1981,0.786,14.786,340.12,1.43,1.564,0.0169,12.147,11.387,23.533,-0.29,-0.413,-0.702
Senegal,1982,0.37,14.37,341.48,0.86,1.5809,0.0333,12.468,11.595,24.062,0.031,-0.204,-0.173
Senegal,1983,1.279,15.279,343.15,2.36,1.6142,0.0306,12.353,11.344,23.698,-0.083,-0.455,-0.538
Senegal,1984,0.67,14.67,344.87,1.51,1.6448,0.0129,11.92,11.428,23.348,-0.517,-0.371,-0.887
Senegal,1985,0.537,14.537,346.35,1.21,1.6573,0.0122,12.016,11.569,23.585,-0.421,-0.23,-0.651
Senegal,1986,0.497,14.497,347.61,1.47,1.6701,0.0129,12.224,11.044,23.268,-0.212,-0.755,-0.967
Senegal,1987,1.03,15.03,349.31,2.06,1.6827,0.0114,12.268,11.405,23.673,-0.169,-0.394,-0.562
Senegal,1988,0.909,14.909,351.69,2.24,1.6931,0.0107,12.19,11.497,23.687,-0.247,-0.302,-0.549
Senegal,1989,0.641,14.641,353.2,1.24,1.7045,0.0112,11.987,11.381,23.368,-0.45,-0.418,-0.868
Senegal,1990,1.261,15.261,354.45,1.2,1.7144,0.0086,11.718,11.365,23.082,-0.719,-0.434,-1.153
Senegal,1991,0.881,14.881,355.7,1.05,1.7248,0.0141,11.77,11.498,23.268,-0.667,-0.301,-0.967
Senegal,1992,0.962,14.962,356.54,0.49,1.7355,0.0024,12.122,11.374,23.496,-0.315,-0.425,-0.74
Senegal,1993,1.184,15.184,357.21,1.36,1.7365,0.0039,11.947,11.37,23.317,-0.49,-0.429,-0.919
Senegal,1994,0.689,14.689,358.96,1.96,1.7421,0.0073,12.032,11.728,23.76,-0.404,-0.072,-0.476
Senegal,1995,1.016,15.016,360.97,2.01,1.7489,0.0038,11.438,11.748,23.187,-0.998,-0.051,-1.049
Senegal,1996,1.288,15.288,362.74,1.24,1.7513,0.0025,11.848,11.743,23.592,-0.588,-0.056,-0.644
Senegal,1997,1.435,15.435,363.88,1.91,1.7545,0.0064,11.692,11.341,23.032,-0.745,-0.458,-1.203
Senegal,1998,1.652,15.652,366.84,2.97,1.7655,0.0121,11.782,11.689,23.471,-0.655,-0.11,-0.765
Senegal,1999,0.666,14.666,368.54,0.92,1.7723,0.0024,11.713,11.712,23.426,-0.723,-0.087,-0.81
Senegal,2000,0.961,14.961,369.71,1.62,1.7733,-0.0014,11.519,11.724,23.243,-0.917,-0.075,-0.992
Senegal,2001,1.176,15.176,371.32,1.62,1.7713,-0.0007,11.622,11.628,23.25,-0.814,-0.172,-0.986
Senegal,2002,1.44,15.44,373.45,2.51,1.7727,0.0032,11.385,11.176,22.561,-1.052,-0.623,-1.675
Senegal,2003,1.148,15.148,375.98,2.26,1.7773,0.0048,11.419,11.924,23.343,-1.017,0.125,-0.892
Senegal,2004,1.129,15.129,377.7,1.59,1.777,-0.0048,11.251,11.938,23.189,-1.186,0.139,-1.047
Senegal,2005,1.381,15.381,379.98,2.57,1.7742,0.0003,10.928,11.648,22.575,-1.509,-0.152,-1.661
Senegal,2006,1.412,15.412,382.09,1.69,1.775,0.0019,10.794,11.412,22.206,-1.642,-0.387,-2.03
Senegal,2007,1.254,15.254,384.02,2.31,1.7814,0.0078,10.498,11.637,22.135,-1.938,-0.162,-2.101
Senegal,2008,1.319,15.319,385.83,1.54,1.787,0.0065,10.99,12.213,23.203,-1.447,0.414,-1.032
Senegal,2009,0.744,14.744,387.64,2.0,1.7935,0.0047,10.956,11.999,22.955,-1.481,0.2,-1.281
Senegal,2010,1.469,15.469,390.1,2.3,1.7989,0.0051,10.734,12.058,22.792,-1.702,0.258,-1.444
Senegal,2011,1.211,15.211,391.85,1.92,1.8031,0.005,10.506,11.45,21.956,-1.931,-0.349,-2.28
Senegal,2012,0.875,14.875,394.06,2.65,1.8081,0.005,10.42,11.981,22.401,-2.017,0.182,-1.835
Senegal,2013,1.216,15.216,396.74,1.99,1.8134,0.0057,10.919,12.474,23.393,-1.517,0.675,-0.842
Senegal,2014,1.179,15.179,398.81,2.17,1.8226,0.0127,10.812,12.727,23.539,-1.624,0.928,-0.697
Senegal,2015,1.298,15.298,401.01,2.95,1.8342,0.01,10.589,12.366,22.955,-1.848,0.567,-1.281
Senegal,2016,1.658,15.658,404.41,3.03,1.8431,0.007,10.176,11.178,21.353,-2.261,-0.622,-2.882
Senegal,2017,1.856,15.856,406.76,1.9,1.8496,0.0069,10.415,10.702,21.118,-2.022,-1.097,-3.118
Senegal,2018,1.084,15.084,408.72,2.85,1.8573,0.0088,10.378,10.952,21.33,-2.058,-0.847,-2.906
Senegal,2019,1.53,15.53,411.65,2.49,1.8666,0.0096,10.225,10.83,21.055,-2.212,-0.969,-3.181
Senegal,2020,1.803,15.803,414.21,2.3,1.8787,0.0148,10.164,11.578,21.742,-2.272,-0.222,-2.494
Seychelles,1979,0.213,14.213,336.84,1.83,1.5305,0.0166,12.35,11.656,24.006,-0.087,-0.143,-0.23
Seychelles,1980,0.273,14.273,338.76,1.68,1.5471,0.0169,12.348,11.206,23.554,-0.088,-0.593,-0.682
Seychelles,1981,0.236,14.236,340.12,1.43,1.564,0.0169,12.147,11.387,23.533,-0.29,-0.413,-0.702
Seychelles,1982,0.449,14.449,341.48,0.86,1.5809,0.0333,12.468,11.595,24.062,0.031,-0.204,-0.173
Seychelles,1983,0.553,14.553,343.15,2.36,1.6142,0.0306,12.353,11.344,23.698,-0.083,-0.455,-0.538
Seychelles,1984,-0.227,13.773,344.87,1.51,1.6448,0.0129,11.92,11.428,23.348,-0.517,-0.371,-0.887
Seychelles,1985,-0.046,13.954,346.35,1.21,1.6573,0.0122,12.016,11.569,23.585,-0.421,-0.23,-0.651
Seychelles,1986,0.312,14.312,347.61,1.47,1.6701,0.0129,12.224,11.044,23.268,-0.212,-0.755,-0.967
Seychelles,1987,0.571,14.571,349.31,2.06,1.6827,0.0114,12.268,11.405,23.673,-0.169,-0.394,-0.562
Seychelles,1988,0.489,14.489,351.69,2.24,1.6931,0.0107,12.19,11.497,23.687,-0.247,-0.302,-0.549
Seychelles,1989,-0.021,13.979,353.2,1.24,1.7045,0.0112,11.987,11.381,23.368,-0.45,-0.418,-0.868
Seychelles,1990,0.324,14.324,354.45,1.2,1.7144,0.0086,11.718,11.365,23.082,-0.719,-0.434,-1.153
Seychelles,1991,0.486,14.486,355.7,1.05,1.7248,0.0141,11.77,11.498,23.268,-0.667,-0.301,-0.967
Seychelles,1992,0.235,14.235,356.54,0.49,1.7355,0.0024,12.122,11.374,23.496,-0.315,-0.425,-0.74
Seychelles,1993,0.283,14.283,357.21,1.36,1.7365,0.0039,11.947,11.37,23.317,-0.49,-0.429,-0.919
Seychelles,1994,0.572,14.572,358.96,1.96,1.7421,0.0073,12.032,11.728,23.76,-0.404,-0.072,-0.476
Seychelles,1995,0.496,14.496,360.97,2.01,1.7489,0.0038,11.438,11.748,23.187,-0.998,-0.051,-1.049
Seychelles,1996,0.177,14.177,362.74,1.24,1.7513,0.0025,11.848,11.743,23.592,-0.588,-0.056,-0.644
Seychelles,1997,0.661,14.661,363.88,1.91,1.7545,0.0064,11.692,11.341,23.032,-0.745,-0.458,-1.203
Seychelles,1998,1.02,15.02,366.84,2.97,1.7655,0.0121,11.782,11.689,23.471,-0.655,-0.11,-0.765
Seychelles,1999,0.31,14.31,368.54,0.92,1.7723,0.0024,11.713,11.712,23.426,-0.723,-0.087,-0.81
Seychelles,2000,0.419,14.419,369.71,1.62,1.7733,-0.0014,11.519,11.724,23.243,-0.917,-0.075,-0.992
Seychelles,2001,0.762,14.762,371.32,1.62,1.7713,-0.0007,11.622,11.628,23.25,-0.814,-0.172,-0.986
Seychelles,2002,0.534,14.534,373.45,2.51,1.7727,0.0032,11.385,11.176,22.561,-1.052,-0.623,-1.675
Seychelles,2003,0.723,14.723,375.98,2.26,1.7773,0.0048,11.419,11.924,23.343,-1.017,0.125,-0.892
Seychelles,2004,0.456,14.456,377.7,1.59,1.777,-0.0048,11.251,11.938,23.189,-1.186,0.139,-1.047
Seychelles,2005,0.699,14.699,379.98,2.57,1.7742,0.0003,10.928,11.648,22.575,-1.509,-0.152,-1.661
Seychelles,2006,0.664,14.664,382.09,1.69,1.775,0.0019,10.794,11.412,22.206,-1.642,-0.387,-2.03
Seychelles,2007,1.031,15.031,384.02,2.31,1.7814,0.0078,10.498,11.637,22.135,-1.938,-0.162,-2.101
Seychelles,2008,0.706,14.706,385.83,1.54,1.787,0.0065,10.99,12.213,23.203,-1.447,0.414,-1.032
Seychelles,2009,1.048,15.048,387.64,2.0,1.7935,0.0047,10.956,11.999,22.955,-1.481,0.2,-1.281
Seychelles,2010,1.263,15.263,390.1,2.3,1.7989,0.0051,10.734,12.058,22.792,-1.702,0.258,-1.444
Seychelles,2011,1.178,15.178,391.85,1.92,1.8031,0.005,10.506,11.45,21.956,-1.931,-0.349,-2.28
Seychelles,2012,1.12,15.12,394.06,2.65,1.8081,0.005,10.42,11.981,22.401,-2.017,0.182,-1.835
Seychelles,2013,0.987,14.987,396.74,1.99,1.8134,0.0057,10.919,12.474,23.393,-1.517,0.675,-0.842
Seychelles,2014,1.161,15.161,398.81,2.17,1.8226,0.0127,10.812,12.727,23.539,-1.624,0.928,-0.697
Seychelles,2015,1.479,15.479,401.01,2.95,1.8342,0.01,10.589,12.366,22.955,-1.848,0.567,-1.281
Seychelles,2016,1.425,15.425,404.41,3.03,1.8431,0.007,10.176,11.178,21.353,-2.261,-0.622,-2.882
Seychelles,2017,1.516,15.516,406.76,1.9,1.8496,0.0069,10.415,10.702,21.118,-2.022,-1.097,-3.118
Seychelles,2018,1.248,15.248,408.72,2.85,1.8573,0.0088,10.378,10.952,21.33,-2.058,-0.847,-2.906
Seychelles,2019,1.708,15.708,411.65,2.49,1.8666,0.0096,10.225,10.83,21.055,-2.212,-0.969,-3.181
Seychelles,2020,1.765,15.765,414.21,2.3,1.8787,0.0148,10.164,11.578,21.742,-2.272,-0.222,-2.494
Sierra Leone,1979,0.54,14.54,336.84,1.83,1.5305,0.0166,12.35,11.656,24.006,-0.087,-0.143,-0.23
Sierra Leone,1980,0.396,14.396,338.76,1.68,1.5471,0.0169,12.348,11.206,23.554,-0.088,-0.593,-0.682
Sierra Leone,1981,0.237,14.237,340.12,1.43,1.564,0.0169,12.147,11.387,23.533,-0.29,-0.413,-0.702
Sierra Leone,1982,0.305,14.305,341.48,0.86,1.5809,0.0333,12.468,11.595,24.062,0.031,-0.204,-0.173
Sierra Leone,1983,0.539,14.539,343.15,2.36,1.6142,0.0306,12.353,11.344,23.698,-0.083,-0.455,-0.538
Sierra Leone,1984,0.368,14.368,344.87,1.51,1.6448,0.0129,11.92,11.428,23.348,-0.517,-0.371,-0.887
Sierra Leone,1985,0.283,14.283,346.35,1.21,1.6573,0.0122,12.016,11.569,23.585,-0.421,-0.23,-0.651
Sierra Leone,1986,-0.061,13.939,347.61,1.47,1.6701,0.0129,12.224,11.044,23.268,-0.212,-0.755,-0.967
Sierra Leone,1987,0.761,14.761,349.31,2.06,1.6827,0.0114,12.268,11.405,23.673,-0.169,-0.394,-0.562
Sierra Leone,1988,0.652,14.652,351.69,2.24,1.6931,0.0107,12.19,11.497,23.687,-0.247,-0.302,-0.549
Sierra Leone,1989,0.206,14.206,353.2,1.24,1.7045,0.0112,11.987,11.381,23.368,-0.45,-0.418,-0.868
Sierra Leone,1990,0.555,14.555,354.45,1.2,1.7144,0.0086,11.718,11.365,23.082,-0.719,-0.434,-1.153
Sierra Leone,1991,0.725,14.725,355.7,1.05,1.7248,0.0141,11.77,11.498,23.268,-0.667,-0.301,-0.967
Sierra Leone,1992,0.313,14.313,356.54,0.49,1.7355,0.0024,12.122,11.374,23.496,-0.315,-0.425,-0.74
Sierra Leone,1993,0.621,14.621,357.21,1.36,1.7365,0.0039,11.947,11.37,23.317,-0.49,-0.429,-0.919
Sierra Leone,1994,0.619,14.619,358.96,1.96,1.7421,0.0073,12.032,11.728,23.76,-0.404,-0.072,-0.476
Sierra Leone,1995,0.738,14.738,360.97,2.01,1.7489,0.0038,11.438,11.748,23.187,-0.998,-0.051,-1.049
Sierra Leone,1996,0.786,14.786,362.74,1.24,1.7513,0.0025,11.848,11.743,23.592,-0.588,-0.056,-0.644
Sierra Leone,1997,0.887,14.887,363.88,1.91,1.7545,0.0064,11.692,11.341,23.032,-0.745,-0.458,-1.203
Sierra Leone,1998,1.082,15.082,366.84,2.97,1.7655,0.0121,11.782,11.689,23.471,-0.655,-0.11,-0.765
Sierra Leone,1999,0.846,14.846,368.54,0.92,1.7723,0.0024,11.713,11.712,23.426,-0.723,-0.087,-0.81
Sierra Leone,2000,1.052,15.052,369.71,1.62,1.7733,-0.0014,11.519,11.724,23.243,-0.917,-0.075,-0.992
Sierra Leone,2001,1.258,15.258,371.32,1.62,1.7713,-0.0007,11.622,11.628,23.25,-0.814,-0.172,-0.986
Sierra Leone,2002,1.419,15.419,373.45,2.51,1.7727,0.0032,11.385,11.176,22.561,-1.052,-0.623,-1.675
Sierra Leone,2003,1.298,15.298,375.98,2.26,1.7773,0.0048,11.419,11.924,23.343,-1.017,0.125,-0.892
Sierra Leone,2004,1.585,15.585,377.7,1.59,1.777,-0.0048,11.251,11.938,23.189,-1.186,0.139,-1.047
Sierra Leone,2005,1.603,15.603,379.98,2.57,1.7742,0.0003,10.928,11.648,22.575,-1.509,-0.152,-1.661
Sierra Leone,2006,1.554,15.554,382.09,1.69,1.775,0.0019,10.794,11.412,22.206,-1.642,-0.387,-2.03
Sierra Leone,2007,1.262,15.262,384.02,2.31,1.7814,0.0078,10.498,11.637,22.135,-1.938,-0.162,-2.101
Sierra Leone,2008,1.741,15.741,385.83,1.54,1.787,0.0065,10.99,12.213,23.203,-1.447,0.414,-1.032
Sierra Leone,2009,1.393,15.393,387.64,2.0,1.7935,0.0047,10.956,11.999,22.955,-1.481,0.2,-1.281
Sierra Leone,2010,1.827,15.827,390.1,2.3,1.7989,0.0051,10.734,12.058,22.792,-1.702,0.258,-1.444
Sierra Leone,2011,1.471,15.471,391.85,1.92,1.8031,0.005,10.506,11.45,21.956,-1.931,-0.349,-2.28
Sierra Leone,2012,0.83,14.83,394.06,2.65,1.8081,0.005,10.42,11.981,22.401,-2.017,0.182,-1.835
Sierra Leone,2013,1.473,15.473,396.74,1.99,1.8134,0.0057,10.919,12.474,23.393,-1.517,0.675,-0.842
Sierra Leone,2014,1.577,15.577,398.81,2.17,1.8226,0.0127,10.812,12.727,23.539,-1.624,0.928,-0.697
Sierra Leone,2015,1.615,15.615,401.01,2.95,1.8342,0.01,10.589,12.366,22.955,-1.848,0.567,-1.281
Sierra Leone,2016,1.531,15.531,404.41,3.03,1.8431,0.007,10.176,11.178,21.353,-2.261,-0.622,-2.882
Sierra Leone,2017,2.227,16.227,406.76,1.9,1.8496,0.0069,10.415,10.702,21.118,-2.022,-1.097,-3.118
Sierra Leone,2018,1.714,15.714,408.72,2.85,1.8573,0.0088,10.378,10.952,21.33,-2.058,-0.847,-2.906
Sierra Leone,2019,2.084,16.084,411.65,2.49,1.8666,0.0096,10.225,10.83,21.055,-2.212,-0.969,-3.181
Sierra Leone,2020,1.988,15.988,414.21,2.3,1.8787,0.0148,10.164,11.578,21.742,-2.272,-0.222,-2.494
Singapore,1979,0.265,14.265,336.84,1.83,1.5305,0.0166,12.35,11.656,24.006,-0.087,-0.143,-0.23
Singapore,1980,0.411,14.411,338.76,1.68,1.5471,0.0169,12.348,11.206,23.554,-0.088,-0.593,-0.682
Singapore,1981,0.388,14.388,340.12,1.43,1.564,0.0169,12.147,11.387,23.533,-0.29,-0.413,-0.702
Singapore,1982,0.195,14.195,341.48,0.86,1.5809,0.0333,12.468,11.595,24.062,0.031,-0.204,-0.173
Singapore,1983,0.688,14.688,343.15,2.36,1.6142,0.0306,12.353,11.344,23.698,-0.083,-0.455,-0.538
Singapore,1984,-0.19,13.81,344.87,1.51,1.6448,0.0129,11.92,11.428,23.348,-0.517,-0.371,-0.887
Singapore,1985,0.258,14.258,346.35,1.21,1.6573,0.0122,12.016,11.569,23.585,-0.421,-0.23,-0.651
Singapore,1986,0.151,14.151,347.61,1.47,1.6701,0.0129,12.224,11.044,23.268,-0.212,-0.755,-0.967
Singapore,1987,0.447,14.447,349.31,2.06,1.6827,0.0114,12.268,11.405,23.673,-0.169,-0.394,-0.562
Singapore,1988,0.445,14.445,351.69,2.24,1.6931,0.0107,12.19,11.497,23.687,-0.247,-0.302,-0.549
Singapore,1989,0.234,14.234,353.2,1.24,1.7045,0.0112,11.987,11.381,23.368,-0.45,-0.418,-0.868
Singapore,1990,0.623,14.623,354.45,1.2,1.7144,0.0086,11.718,11.365,23.082,-0.719,-0.434,-1.153
Singapore,1991,0.369,14.369,355.7,1.05,1.7248,0.0141,11.77,11.498,23.268,-0.667,-0.301,-0.967
Singapore,1992,0.343,14.343,356.54,0.49,1.7355,0.0024,12.122,11.374,23.496,-0.315,-0.425,-0.74
Singapore,1993,0.376,14.376,357.21,1.36,1.7365,0.0039,11.947,11.37,23.317,-0.49,-0.429,-0.919
Singapore,1994,0.609,14.609,358.96,1.96,1.7421,0.0073,12.032,11.728,23.76,-0.404,-0.072,-0.476
Singapore,1995,0.571,14.571,360.97,2.01,1.7489,0.0038,11.438,11.748,23.187,-0.998,-0.051,-1.049
Singapore,1996,0.21,14.21,362.74,1.24,1.7513,0.0025,11.848,11.743,23.592,-0.588,-0.056,-0.644
Singapore,1997,0.776,14.776,363.88,1.91,1.7545,0.0064,11.692,11.341,23.032,-0.745,-0.458,-1.203
Singapore,1998,1.169,15.169,366.84,2.97,1.7655,0.0121,11.782,11.689,23.471,-0.655,-0.11,-0.765
Singapore,1999,0.521,14.521,368.54,0.92,1.7723,0.0024,11.713,11.712,23.426,-0.723,-0.087,-0.81
Singapore,2000,0.59,14.59,369.71,1.62,1.7733,-0.0014,11.519,11.724,23.243,-0.917,-0.075,-0.992
Singapore,2001,0.601,14.601,371.32,1.62,1.7713,-0.0007,11.622,11.628,23.25,-0.814,-0.172,-0.986
Singapore,2002,0.796,14.796,373.45,2.51,1.7727,0.0032,11.385,11.176,22.561,-1.052,-0.623,-1.675
Singapore,2003,0.834,14.834,375.98,2.26,1.7773,0.0048,11.419,11.924,23.343,-1.017,0.125,-0.892
Singapore,2004,0.823,14.823,377.7,1.59,1.777,-0.0048,11.251,11.938,23.189,-1.186,0.139,-1.047
Singapore,2005,1.037,15.037,379.98,2.57,1.7742,0.0003,10.928,11.648,22.575,-1.509,-0.152,-1.661
Singapore,2006,0.73,14.73,382.09,1.69,1.775,0.0019,10.794,11.412,22.206,-1.642,-0.387,-2.03
Singapore,2007,0.694,14.694,384.02,2.31,1.7814,0.0078,10.498,11.637,22.135,-1.938,-0.162,-2.101
Singapore,2008,0.571,14.571,385.83,1.54,1.787,0.0065,10.99,12.213,23.203,-1.447,0.414,-1.032
Singapore,2009,1.022,15.022,387.64,2.0,1.7935,0.0047,10.956,11.999,22.955,-1.481,0.2,-1.281
Singapore,2010,1.256,15.256,390.1,2.3,1.7989,0.0051,10.734,12.058,22.792,-1.702,0.258,-1.444
Singapore,2011,0.842,14.842,391.85,1.92,1.8031,0.005,10.506,11.45,21.956,-1.931,-0.349,-2.28
Singapore,2012,1.177,15.177,394.06,2.65,1.8081,0.005,10.42,11.981,22.401,-2.017,0.182,-1.835
Singapore,2013,1.194,15.194,396.74,1.99,1.8134,0.0057,10.919,12.474,23.393,-1.517,0.675,-0.842
Singapore,2014,1.194,15.194,398.81,2.17,1.8226,0.0127,10.812,12.727,23.539,-1.624,0.928,-0.697
Singapore,2015,1.459,15.459,401.01,2.95,1.8342,0.01,10.589,12.366,22.955,-1.848,0.567,-1.281
Singapore,2016,1.889,15.889,404.41,3.03,1.8431,0.007,10.176,11.178,21.353,-2.261,-0.622,-2.882
Singapore,2017,1.385,15.385,406.76,1.9,1.8496,0.0069,10.415,10.702,21.118,-2.022,-1.097,-3.118
Singapore,2018,1.375,15.375,408.72,2.85,1.8573,0.0088,10.378,10.952,21.33,-2.058,-0.847,-2.906
Singapore,2019,2.042,16.042,411.65,2.49,1.8666,0.0096,10.225,10.83,21.055,-2.212,-0.969,-3.181
Singapore,2020,1.563,15.563,414.21,2.3,1.8787,0.0148,10.164,11.578,21.742,-2.272,-0.222,-2.494
Solomon Islands,1979,-0.028,13.972,336.84,1.83,1.5305,0.0166,12.35,11.656,24.006,-0.087,-0.143,-0.23
Solomon Islands,1980,-0.088,13.912,338.76,1.68,1.5471,0.0169,12.348,11.206,23.554,-0.088,-0.593,-0.682
Solomon Islands,1981,0.192,14.192,340.12,1.43,1.564,0.0169,12.147,11.387,23.533,-0.29,-0.413,-0.702
Solomon Islands,1982,-0.35,13.65,341.48,0.86,1.5809,0.0333,12.468,11.595,24.062,0.031,-0.204,-0.173
Solomon Islands,1983,0.065,14.065,343.15,2.36,1.6142,0.0306,12.353,11.344,23.698,-0.083,-0.455,-0.538
Solomon Islands,1984,-0.023,13.977,344.87,1.51,1.6448,0.0129,11.92,11.428,23.348,-0.517,-0.371,-0.887
Solomon Islands,1985,-0.096,13.904,346.35,1.21,1.6573,0.0122,12.016,11.569,23.585,-0.421,-0.23,-0.651
Solomon Islands,1986,-0.087,13.913,347.61,1.47,1.6701,0.0129,12.224,11.044,23.268,-0.212,-0.755,-0.967
Solomon Islands,1987,-0.406,13.594,349.31,2.06,1.6827,0.0114,12.268,11.405,23.673,-0.169,-0.394,-0.562
Solomon Islands,1988,0.256,14.256,351.69,2.24,1.6931,0.0107,12.19,11.497,23.687,-0.247,-0.302,-0.549
Solomon Islands,1989,-0.218,13.782,353.2,1.24,1.7045,0.0112,11.987,11.381,23.368,-0.45,-0.418,-0.868
Solomon Islands,1990,0.15,14.15,354.45,1.2,1.7144,0.0086,11.718,11.365,23.082,-0.719,-0.434,-1.153
Solomon Islands,1991,-0.114,13.886,355.7,1.05,1.7248,0.0141,11.77,11.498,23.268,-0.667,-0.301,-0.967
Solomon Islands,1992,-0.05,13.95,356.54,0.49,1.7355,0.0024,12.122,11.374,23.496,-0.315,-0.425,-0.74
Solomon Islands,1993,-0.326,13.674,357.21,1.36,1.7365,0.0039,11.947,11.37,23.317,-0.49,-0.429,-0.919
Solomon Islands,1994,-0.227,13.773,358.96,1.96,1.7421,0.0073,12.032,11.728,23.76,-0.404,-0.072,-0.476
Solomon Islands,1995,0.359,14.359,360.97,2.01,1.7489,0.0038,11.438,11.748,23.187,-0.998,-0.051,-1.049
Solomon Islands,1996,0.123,14.123,362.74,1.24,1.7513,0.0025,11.848,11.743,23.592,-0.588,-0.056,-0.644
Solomon Islands,1997,0.021,14.021,363.88,1.91,1.7545,0.0064,11.692,11.341,23.032,-0.745,-0.458,-1.203
Solomon Islands,1998,0.408,14.408,366.84,2.97,1.7655,0.0121,11.782,11.689,23.471,-0.655,-0.11,-0.765
Solomon Islands,1999,-0.006,13.994,368.54,0.92,1.7723,0.0024,11.713,11.712,23.426,-0.723,-0.087,-0.81
Solomon Islands,2000,0.343,14.343,369.71,1.62,1.7733,-0.0014,11.519,11.724,23.243,-0.917,-0.075,-0.992
Solomon Islands,2001,0.3467,14.3467,371.32,1.62,1.7713,-0.0007,11.622,11.628,23.25,-0.814,-0.172,-0.986
Solomon Islands,2002,0.3503,14.3503,373.45,2.51,1.7727,0.0032,11.385,11.176,22.561,-1.052,-0.623,-1.675
Solomon Islands,2003,0.354,14.354,375.98,2.26,1.7773,0.0048,11.419,11.924,23.343,-1.017,0.125,-0.892
Solomon Islands,2004,0.415,14.415,377.7,1.59,1.777,-0.0048,11.251,11.938,23.189,-1.186,0.139,-1.047
Solomon Islands,2005,0.516,14.516,379.98,2.57,1.7742,0.0003,10.928,11.648,22.575,-1.509,-0.152,-1.661
Solomon Islands,2006,0.34,14.34,382.09,1.69,1.775,0.0019,10.794,11.412,22.206,-1.642,-0.387,-2.03
Solomon Islands,2007,0.583,14.583,384.02,2.31,1.7814,0.0078,10.498,11.637,22.135,-1.938,-0.162,-2.101
Solomon Islands,2008,0.3165,14.3165,385.83,1.54,1.787,0.0065,10.99,12.213,23.203,-1.447,0.414,-1.032
Solomon Islands,2009,0.05,14.05,387.64,2.0,1.7935,0.0047,10.956,11.999,22.955,-1.481,0.2,-1.281
Solomon Islands,2010,0.294,14.294,390.1,2.3,1.7989,0.0051,10.734,12.058,22.792,-1.702,0.258,-1.444
Solomon Islands,2011,0.089,14.089,391.85,1.92,1.8031,0.005,10.506,11.45,21.956,-1.931,-0.349,-2.28
Solomon Islands,2012,0.038,14.038,394.06,2.65,1.8081,0.005,10.42,11.981,22.401,-2.017,0.182,-1.835
Solomon Islands,2013,0.582,14.582,396.74,1.99,1.8134,0.0057,10.919,12.474,23.393,-1.517,0.675,-0.842
Solomon Islands,2014,0.642,14.642,398.81,2.17,1.8226,0.0127,10.812,12.727,23.539,-1.624,0.928,-0.697
Solomon Islands,2015,0.422,14.422,401.01,2.95,1.8342,0.01,10.589,12.366,22.955,-1.848,0.567,-1.281
Solomon Islands,2016,0.664,14.664,404.41,3.03,1.8431,0.007,10.176,11.178,21.353,-2.261,-0.622,-2.882
Solomon Islands,2017,0.456,14.456,406.76,1.9,1.8496,0.0069,10.415,10.702,21.118,-2.022,-1.097,-3.118
Solomon Islands,2018,0.481,14.481,408.72,2.85,1.8573,0.0088,10.378,10.952,21.33,-2.058,-0.847,-2.906
Solomon Islands,2019,0.427,14.427,411.65,2.49,1.8666,0.0096,10.225,10.83,21.055,-2.212,-0.969,-3.181
Solomon Islands,2020,0.419,14.419,414.21,2.3,1.8787,0.0148,10.164,11.578,21.742,-2.272,-0.222,-2.494
Somalia,1979,0.091,14.091,336.84,1.83,1.5305,0.0166,12.35,11.656,24.006,-0.087,-0.143,-0.23
Somalia,1980,0.789,14.789,338.76,1.68,1.5471,0.0169,12.348,11.206,23.554,-0.088,-0.593,-0.682
Somalia,1981,0.01,14.01,340.12,1.43,1.564,0.0169,12.147,11.387,23.533,-0.29,-0.413,-0.702
Somalia,1982,0.371,14.371,341.48,0.86,1.5809,0.0333,12.468,11.595,24.062,0.031,-0.204,-0.173
Somalia,1983,0.659,14.659,343.15,2.36,1.6142,0.0306,12.353,11.344,23.698,-0.083,-0.455,-0.538
Somalia,1984,0.141,14.141,344.87,1.51,1.6448,0.0129,11.92,11.428,23.348,-0.517,-0.371,-0.887
Somalia,1985,0.224,14.224,346.35,1.21,1.6573,0.0122,12.016,11.569,23.585,-0.421,-0.23,-0.651
Somalia,1986,0.294,14.294,347.61,1.47,1.6701,0.0129,12.224,11.044,23.268,-0.212,-0.755,-0.967
Somalia,1987,1.075,15.075,349.31,2.06,1.6827,0.0114,12.268,11.405,23.673,-0.169,-0.394,-0.562
Somalia,1988,0.94,14.94,351.69,2.24,1.6931,0.0107,12.19,11.497,23.687,-0.247,-0.302,-0.549
Somalia,1989,0.134,14.134,353.2,1.24,1.7045,0.0112,11.987,11.381,23.368,-0.45,-0.418,-0.868
Somalia,1990,0.347,14.347,354.45,1.2,1.7144,0.0086,11.718,11.365,23.082,-0.719,-0.434,-1.153
Somalia,1991,0.44,14.44,355.7,1.05,1.7248,0.0141,11.77,11.498,23.268,-0.667,-0.301,-0.967
Somalia,1992,0.751,14.751,356.54,0.49,1.7355,0.0024,12.122,11.374,23.496,-0.315,-0.425,-0.74
Somalia,1993,0.368,14.368,357.21,1.36,1.7365,0.0039,11.947,11.37,23.317,-0.49,-0.429,-0.919
Somalia,1994,0.729,14.729,358.96,1.96,1.7421,0.0073,12.032,11.728,23.76,-0.404,-0.072,-0.476
Somalia,1995,0.672,14.672,360.97,2.01,1.7489,0.0038,11.438,11.748,23.187,-0.998,-0.051,-1.049
Somalia,1996,0.862,14.862,362.74,1.24,1.7513,0.0025,11.848,11.743,23.592,-0.588,-0.056,-0.644
Somalia,1997,0.687,14.687,363.88,1.91,1.7545,0.0064,11.692,11.341,23.032,-0.745,-0.458,-1.203
Somalia,1998,0.854,14.854,366.84,2.97,1.7655,0.0121,11.782,11.689,23.471,-0.655,-0.11,-0.765
Somalia,1999,0.574,14.574,368.54,0.92,1.7723,0.0024,11.713,11.712,23.426,-0.723,-0.087,-0.81
Somalia,2000,0.617,14.617,369.71,1.62,1.7733,-0.0014,11.519,11.724,23.243,-0.917,-0.075,-0.992
Somalia,2001,1.041,15.041,371.32,1.62,1.7713,-0.0007,11.622,11.628,23.25,-0.814,-0.172,-0.986
Somalia,2002,1.038,15.038,373.45,2.51,1.7727,0.0032,11.385,11.176,22.561,-1.052,-0.623,-1.675
Somalia,2003,1.225,15.225,375.98,2.26,1.7773,0.0048,11.419,11.924,23.343,-1.017,0.125,-0.892
Somalia,2004,0.633,14.633,377.7,1.59,1.777,-0.0048,11.251,11.938,23.189,-1.186,0.139,-1.047
Somalia,2005,1.19,15.19,379.98,2.57,1.7742,0.0003,10.928,11.648,22.575,-1.509,-0.152,-1.661
Somalia,2006,0.976,14.976,382.09,1.69,1.775,0.0019,10.794,11.412,22.206,-1.642,-0.387,-2.03
Somalia,2007,1.058,15.058,384.02,2.31,1.7814,0.0078,10.498,11.637,22.135,-1.938,-0.162,-2.101
Somalia,2008,0.673,14.673,385.83,1.54,1.787,0.0065,10.99,12.213,23.203,-1.447,0.414,-1.032
Somalia,2009,1.404,15.404,387.64,2.0,1.7935,0.0047,10.956,11.999,22.955,-1.481,0.2,-1.281
Somalia,2010,1.154,15.154,390.1,2.3,1.7989,0.0051,10.734,12.058,22.792,-1.702,0.258,-1.444
Somalia,2011,1.2,15.2,391.85,1.92,1.8031,0.005,10.506,11.45,21.956,-1.931,-0.349,-2.28
Somalia,2012,1.139,15.139,394.06,2.65,1.8081,0.005,10.42,11.981,22.401,-2.017,0.182,-1.835
Somalia,2013,1.238,15.238,396.74,1.99,1.8134,0.0057,10.919,12.474,23.393,-1.517,0.675,-0.842
Somalia,2014,1.275,15.275,398.81,2.17,1.8226,0.0127,10.812,12.727,23.539,-1.624,0.928,-0.697
Somalia,2015,1.629,15.629,401.01,2.95,1.8342,0.01,10.589,12.366,22.955,-1.848,0.567,-1.281
Somalia,2016,1.438,15.438,404.41,3.03,1.8431,0.007,10.176,11.178,21.353,-2.261,-0.622,-2.882
Somalia,2017,1.8,15.8,406.76,1.9,1.8496,0.0069,10.415,10.702,21.118,-2.022,-1.097,-3.118
Somalia,2018,0.836,14.836,408.72,2.85,1.8573,0.0088,10.378,10.952,21.33,-2.058,-0.847,-2.906
Somalia,2019,1.747,15.747,411.65,2.49,1.8666,0.0096,10.225,10.83,21.055,-2.212,-0.969,-3.181
Somalia,2020,2.037,16.037,414.21,2.3,1.8787,0.0148,10.164,11.578,21.742,-2.272,-0.222,-2.494
South Africa,1979,0.33,14.33,336.84,1.83,1.5305,0.0166,12.35,11.656,24.006,-0.087,-0.143,-0.23
South Africa,1980,0.251,14.251,338.76,1.68,1.5471,0.0169,12.348,11.206,23.554,-0.088,-0.593,-0.682
South Africa,1981,-0.316,13.684,340.12,1.43,1.564,0.0169,12.147,11.387,23.533,-0.29,-0.413,-0.702
South Africa,1982,0.225,14.225,341.48,0.86,1.5809,0.0333,12.468,11.595,24.062,0.031,-0.204,-0.173
South Africa,1983,0.718,14.718,343.15,2.36,1.6142,0.0306,12.353,11.344,23.698,-0.083,-0.455,-0.538
South Africa,1984,0.544,14.544,344.87,1.51,1.6448,0.0129,11.92,11.428,23.348,-0.517,-0.371,-0.887
South Africa,1985,0.666,14.666,346.35,1.21,1.6573,0.0122,12.016,11.569,23.585,-0.421,-0.23,-0.651
South Africa,1986,0.464,14.464,347.61,1.47,1.6701,0.0129,12.224,11.044,23.268,-0.212,-0.755,-0.967
South Africa,1987,0.743,14.743,349.31,2.06,1.6827,0.0114,12.268,11.405,23.673,-0.169,-0.394,-0.562
South Africa,1988,0.336,14.336,351.69,2.24,1.6931,0.0107,12.19,11.497,23.687,-0.247,-0.302,-0.549
South Africa,1989,-0.028,13.972,353.2,1.24,1.7045,0.0112,11.987,11.381,23.368,-0.45,-0.418,-0.868
South Africa,1990,0.328,14.328,354.45,1.2,1.7144,0.0086,11.718,11.365,23.082,-0.719,-0.434,-1.153
South Africa,1991,0.368,14.368,355.7,1.05,1.7248,0.0141,11.77,11.498,23.268,-0.667,-0.301,-0.967
South Africa,1992,0.802,14.802,356.54,0.49,1.7355,0.0024,12.122,11.374,23.496,-0.315,-0.425,-0.74
South Africa,1993,0.838,14.838,357.21,1.36,1.7365,0.0039,11.947,11.37,23.317,-0.49,-0.429,-0.919
South Africa,1994,0.218,14.218,358.96,1.96,1.7421,0.0073,12.032,11.728,23.76,-0.404,-0.072,-0.476
South Africa,1995,0.644,14.644,360.97,2.01,1.7489,0.0038,11.438,11.748,23.187,-0.998,-0.051,-1.049
South Africa,1996,-0.133,13.867,362.74,1.24,1.7513,0.0025,11.848,11.743,23.592,-0.588,-0.056,-0.644
South Africa,1997,0.249,14.249,363.88,1.91,1.7545,0.0064,11.692,11.341,23.032,-0.745,-0.458,-1.203
South Africa,1998,0.846,14.846,366.84,2.97,1.7655,0.0121,11.782,11.689,23.471,-0.655,-0.11,-0.765
South Africa,1999,1.09,15.09,368.54,0.92,1.7723,0.0024,11.713,11.712,23.426,-0.723,-0.087,-0.81
South Africa,2000,0.27,14.27,369.71,1.62,1.7733,-0.0014,11.519,11.724,23.243,-0.917,-0.075,-0.992
South Africa,2001,0.515,14.515,371.32,1.62,1.7713,-0.0007,11.622,11.628,23.25,-0.814,-0.172,-0.986
South Africa,2002,0.453,14.453,373.45,2.51,1.7727,0.0032,11.385,11.176,22.561,-1.052,-0.623,-1.675
South Africa,2003,0.834,14.834,375.98,2.26,1.7773,0.0048,11.419,11.924,23.343,-1.017,0.125,-0.892
South Africa,2004,0.938,14.938,377.7,1.59,1.777,-0.0048,11.251,11.938,23.189,-1.186,0.139,-1.047
South Africa,2005,1.097,15.097,379.98,2.57,1.7742,0.0003,10.928,11.648,22.575,-1.509,-0.152,-1.661
South Africa,2006,0.439,14.439,382.09,1.69,1.775,0.0019,10.794,11.412,22.206,-1.642,-0.387,-2.03
South Africa,2007,0.821,14.821,384.02,2.31,1.7814,0.0078,10.498,11.637,22.135,-1.938,-0.162,-2.101
South Africa,2008,0.726,14.726,385.83,1.54,1.787,0.0065,10.99,12.213,23.203,-1.447,0.414,-1.032
South Africa,2009,0.801,14.801,387.64,2.0,1.7935,0.0047,10.956,11.999,22.955,-1.481,0.2,-1.281
South Africa,2010,1.226,15.226,390.1,2.3,1.7989,0.0051,10.734,12.058,22.792,-1.702,0.258,-1.444
South Africa,2011,0.556,14.556,391.85,1.92,1.8031,0.005,10.506,11.45,21.956,-1.931,-0.349,-2.28
South Africa,2012,0.657,14.657,394.06,2.65,1.8081,0.005,10.42,11.981,22.401,-2.017,0.182,-1.835
South Africa,2013,0.763,14.763,396.74,1.99,1.8134,0.0057,10.919,12.474,23.393,-1.517,0.675,-0.842
South Africa,2014,0.906,14.906,398.81,2.17,1.8226,0.0127,10.812,12.727,23.539,-1.624,0.928,-0.697
South Africa,2015,1.415,15.415,401.01,2.95,1.8342,0.01,10.589,12.366,22.955,-1.848,0.567,-1.281
South Africa,2016,1.669,15.669,404.41,3.03,1.8431,0.007,10.176,11.178,21.353,-2.261,-0.622,-2.882
South Africa,2017,1.151,15.151,406.76,1.9,1.8496,0.0069,10.415,10.702,21.118,-2.022,-1.097,-3.118
South Africa,2018,1.083,15.083,408.72,2.85,1.8573,0.0088,10.378,10.952,21.33,-2.058,-0.847,-2.906
South Africa,2019,1.826,15.826,411.65,2.49,1.8666,0.0096,10.225,10.83,21.055,-2.212,-0.969,-3.181
South Africa,2020,0.867,14.867,414.21,2.3,1.8787,0.0148,10.164,11.578,21.742,-2.272,-0.222,-2.494
South Georgia and the South Sandwich Islands,1979,0.308,14.308,336.84,1.83,1.5305,0.0166,12.35,11.656,24.006,-0.087,-0.143,-0.23
South Georgia and the South Sandwich Islands,1980,-0.311,13.689,338.76,1.68,1.5471,0.0169,12.348,11.206,23.554,-0.088,-0.593,-0.682
South Georgia and the South Sandwich Islands,1981,0.447,14.447,340.12,1.43,1.564,0.0169,12.147,11.387,23.533,-0.29,-0.413,-0.702
South Georgia and the South Sandwich Islands,1982,0.2163,14.2163,341.48,0.86,1.5809,0.0333,12.468,11.595,24.062,0.031,-0.204,-0.173
South Georgia and the South Sandwich Islands,1983,-0.0143,13.9857,343.15,2.36,1.6142,0.0306,12.353,11.344,23.698,-0.083,-0.455,-0.538
South Georgia and the South Sandwich Islands,1984,-0.245,13.755,344.87,1.51,1.6448,0.0129,11.92,11.428,23.348,-0.517,-0.371,-0.887
South Georgia and the South Sandwich Islands,1985,0.089,14.089,346.35,1.21,1.6573,0.0122,12.016,11.569,23.585,-0.421,-0.23,-0.651
South Georgia and the South Sandwich Islands,1986,0.406,14.406,347.61,1.47,1.6701,0.0129,12.224,11.044,23.268,-0.212,-0.755,-0.967
South Georgia and the South Sandwich Islands,1987,-0.686,13.314,349.31,2.06,1.6827,0.0114,12.268,11.405,23.673,-0.169,-0.394,-0.562
South Georgia and the South Sandwich Islands,1988,0.311,14.311,351.69,2.24,1.6931,0.0107,12.19,11.497,23.687,-0.247,-0.302,-0.549
South Georgia and the South Sandwich Islands,1989,0.752,14.752,353.2,1.24,1.7045,0.0112,11.987,11.381,23.368,-0.45,-0.418,-0.868
South Georgia and the South Sandwich Islands,1990,0.515,14.515,354.45,1.2,1.7144,0.0086,11.718,11.365,23.082,-0.719,-0.434,-1.153
South Georgia and the South Sandwich Islands,1991,0.003,14.003,355.7,1.05,1.7248,0.0141,11.77,11.498,23.268,-0.667,-0.301,-0.967
South Georgia and the South Sandwich Islands,1992,-0.009,13.991,356.54,0.49,1.7355,0.0024,12.122,11.374,23.496,-0.315,-0.425,-0.74
South Georgia and the South Sandwich Islands,1993,0.647,14.647,357.21,1.36,1.7365,0.0039,11.947,11.37,23.317,-0.49,-0.429,-0.919
South Georgia and the South Sandwich Islands,1994,-0.403,13.597,358.96,1.96,1.7421,0.0073,12.032,11.728,23.76,-0.404,-0.072,-0.476
South Georgia and the South Sandwich Islands,1995,0.187,14.187,360.97,2.01,1.7489,0.0038,11.438,11.748,23.187,-0.998,-0.051,-1.049
South Georgia and the South Sandwich Islands,1996,0.534,14.534,362.74,1.24,1.7513,0.0025,11.848,11.743,23.592,-0.588,-0.056,-0.644
South Georgia and the South Sandwich Islands,1997,-0.045,13.955,363.88,1.91,1.7545,0.0064,11.692,11.341,23.032,-0.745,-0.458,-1.203
South Georgia and the South Sandwich Islands,1998,0.079,14.079,366.84,2.97,1.7655,0.0121,11.782,11.689,23.471,-0.655,-0.11,-0.765
South Georgia and the South Sandwich Islands,1999,0.203,14.203,368.54,0.92,1.7723,0.0024,11.713,11.712,23.426,-0.723,-0.087,-0.81
South Georgia and the South Sandwich Islands,2000,0.327,14.327,369.71,1.62,1.7733,-0.0014,11.519,11.724,23.243,-0.917,-0.075,-0.992
South Georgia and the South Sandwich Islands,2001,0.451,14.451,371.32,1.62,1.7713,-0.0007,11.622,11.628,23.25,-0.814,-0.172,-0.986
South Georgia and the South Sandwich Islands,2002,-0.664,13.336,373.45,2.51,1.7727,0.0032,11.385,11.176,22.561,-1.052,-0.623,-1.675
South Georgia and the South Sandwich Islands,2003,1.057,15.057,375.98,2.26,1.7773,0.0048,11.419,11.924,23.343,-1.017,0.125,-0.892
South Georgia and the South Sandwich Islands,2004,0.5705,14.5705,377.7,1.59,1.777,-0.0048,11.251,11.938,23.189,-1.186,0.139,-1.047
South Georgia and the South Sandwich Islands,2005,0.084,14.084,379.98,2.57,1.7742,0.0003,10.928,11.648,22.575,-1.509,-0.152,-1.661
South Georgia and the South Sandwich Islands,2006,0.708,14.708,382.09,1.69,1.775,0.0019,10.794,11.412,22.206,-1.642,-0.387,-2.03
South Georgia and the South Sandwich Islands,2007,0.129,14.129,384.02,2.31,1.7814,0.0078,10.498,11.637,22.135,-1.938,-0.162,-2.101
South Georgia and the South Sandwich Islands,2008,0.668,14.668,385.83,1.54,1.787,0.0065,10.99,12.213,23.203,-1.447,0.414,-1.032
South Georgia and the South Sandwich Islands,2009,0.21,14.21,387.64,2.0,1.7935,0.0047,10.956,11.999,22.955,-1.481,0.2,-1.281
South Georgia and the South Sandwich Islands,2010,0.825,14.825,390.1,2.3,1.7989,0.0051,10.734,12.058,22.792,-1.702,0.258,-1.444
South Georgia and the South Sandwich Islands,2011,0.655,14.655,391.85,1.92,1.8031,0.005,10.506,11.45,21.956,-1.931,-0.349,-2.28
South Georgia and the South Sandwich Islands,2012,-0.018,13.982,394.06,2.65,1.8081,0.005,10.42,11.981,22.401,-2.017,0.182,-1.835
South Georgia and the South Sandwich Islands,2013,-0.284,13.716,396.74,1.99,1.8134,0.0057,10.919,12.474,23.393,-1.517,0.675,-0.842
South Georgia and the South Sandwich Islands,2014,-0.022,13.978,398.81,2.17,1.8226,0.0127,10.812,12.727,23.539,-1.624,0.928,-0.697
South Georgia and the South Sandwich Islands,2015,0.144,14.144,401.01,2.95,1.8342,0.01,10.589,12.366,22.955,-1.848,0.567,-1.281
South Georgia and the South Sandwich Islands,2016,-0.048,13.952,404.41,3.03,1.8431,0.007,10.176,11.178,21.353,-2.261,-0.622,-2.882
South Georgia and the South Sandwich Islands,2017,0.802,14.802,406.76,1.9,1.8496,0.0069,10.415,10.702,21.118,-2.022,-1.097,-3.118
South Georgia and the South Sandwich Islands,2018,0.844,14.844,408.72,2.85,1.8573,0.0088,10.378,10.952,21.33,-2.058,-0.847,-2.906
South Georgia and the South Sandwich Islands,2019,0.223,14.223,411.65,2.49,1.8666,0.0096,10.225,10.83,21.055,-2.212,-0.969,-3.181
South Georgia and the South Sandwich Islands,2020,0.069,14.069,414.21,2.3,1.8787,0.0148,10.164,11.578,21.742,-2.272,-0.222,-2.494
Spain,1979,0.295,14.295,336.84,1.83,1.5305,0.0166,12.35,11.656,24.006,-0.087,-0.143,-0.23
Spain,1980,0.208,14.208,338.76,1.68,1.5471,0.0169,12.348,11.206,23.554,-0.088,-0.593,-0.682
Spain,1981,0.372,14.372,340.12,1.43,1.564,0.0169,12.147,11.387,23.533,-0.29,-0.413,-0.702
Spain,1982,0.742,14.742,341.48,0.86,1.5809,0.0333,12.468,11.595,24.062,0.031,-0.204,-0.173
Spain,1983,0.583,14.583,343.15,2.36,1.6142,0.0306,12.353,11.344,23.698,-0.083,-0.455,-0.538
Spain,1984,-0.13,13.87,344.87,1.51,1.6448,0.0129,11.92,11.428,23.348,-0.517,-0.371,-0.887
Spain,1985,0.518,14.518,346.35,1.21,1.6573,0.0122,12.016,11.569,23.585,-0.421,-0.23,-0.651
Spain,1986,0.292,14.292,347.61,1.47,1.6701,0.0129,12.224,11.044,23.268,-0.212,-0.755,-0.967
Spain,1987,0.758,14.758,349.31,2.06,1.6827,0.0114,12.268,11.405,23.673,-0.169,-0.394,-0.562
Spain,1988,0.833,14.833,351.69,2.24,1.6931,0.0107,12.19,11.497,23.687,-0.247,-0.302,-0.549
Spain,1989,1.076,15.076,353.2,1.24,1.7045,0.0112,11.987,11.381,23.368,-0.45,-0.418,-0.868
Spain,1990,1.488,15.488,354.45,1.2,1.7144,0.0086,11.718,11.365,23.082,-0.719,-0.434,-1.153
Spain,1991,0.251,14.251,355.7,1.05,1.7248,0.0141,11.77,11.498,23.268,-0.667,-0.301,-0.967
Spain,1992,0.352,14.352,356.54,0.49,1.7355,0.0024,12.122,11.374,23.496,-0.315,-0.425,-0.74
Spain,1993,-0.012,13.988,357.21,1.36,1.7365,0.0039,11.947,11.37,23.317,-0.49,-0.429,-0.919
Spain,1994,1.081,15.081,358.96,1.96,1.7421,0.0073,12.032,11.728,23.76,-0.404,-0.072,-0.476
Spain,1995,1.474,15.474,360.97,2.01,1.7489,0.0038,11.438,11.748,23.187,-0.998,-0.051,-1.049
Spain,1996,0.743,14.743,362.74,1.24,1.7513,0.0025,11.848,11.743,23.592,-0.588,-0.056,-0.644
Spain,1997,1.553,15.553,363.88,1.91,1.7545,0.0064,11.692,11.341,23.032,-0.745,-0.458,-1.203
Spain,1998,1.208,15.208,366.84,2.97,1.7655,0.0121,11.782,11.689,23.471,-0.655,-0.11,-0.765
Spain,1999,0.837,14.837,368.54,0.92,1.7723,0.0024,11.713,11.712,23.426,-0.723,-0.087,-0.81
Spain,2000,0.837,14.837,369.71,1.62,1.7733,-0.0014,11.519,11.724,23.243,-0.917,-0.075,-0.992
Spain,2001,1.44,15.44,371.32,1.62,1.7713,-0.0007,11.622,11.628,23.25,-0.814,-0.172,-0.986
Spain,2002,0.842,14.842,373.45,2.51,1.7727,0.0032,11.385,11.176,22.561,-1.052,-0.623,-1.675
Spain,2003,1.626,15.626,375.98,2.26,1.7773,0.0048,11.419,11.924,23.343,-1.017,0.125,-0.892
Spain,2004,1.022,15.022,377.7,1.59,1.777,-0.0048,11.251,11.938,23.189,-1.186,0.139,-1.047
Spain,2005,0.906,14.906,379.98,2.57,1.7742,0.0003,10.928,11.648,22.575,-1.509,-0.152,-1.661
Spain,2006,1.541,15.541,382.09,1.69,1.775,0.0019,10.794,11.412,22.206,-1.642,-0.387,-2.03
Spain,2007,0.847,14.847,384.02,2.31,1.7814,0.0078,10.498,11.637,22.135,-1.938,-0.162,-2.101
Spain,2008,0.873,14.873,385.83,1.54,1.787,0.0065,10.99,12.213,23.203,-1.447,0.414,-1.032
Spain,2009,1.36,15.36,387.64,2.0,1.7935,0.0047,10.956,11.999,22.955,-1.481,0.2,-1.281
Spain,2010,0.912,14.912,390.1,2.3,1.7989,0.0051,10.734,12.058,22.792,-1.702,0.258,-1.444
Spain,2011,1.623,15.623,391.85,1.92,1.8031,0.005,10.506,11.45,21.956,-1.931,-0.349,-2.28
Spain,2012,1.067,15.067,394.06,2.65,1.8081,0.005,10.42,11.981,22.401,-2.017,0.182,-1.835
Spain,2013,0.918,14.918,396.74,1.99,1.8134,0.0057,10.919,12.474,23.393,-1.517,0.675,-0.842
Spain,2014,1.616,15.616,398.81,2.17,1.8226,0.0127,10.812,12.727,23.539,-1.624,0.928,-0.697
Spain,2015,1.528,15.528,401.01,2.95,1.8342,0.01,10.589,12.366,22.955,-1.848,0.567,-1.281
Spain,2016,1.713,15.713,404.41,3.03,1.8431,0.007,10.176,11.178,21.353,-2.261,-0.622,-2.882
Spain,2017,2.033,16.033,406.76,1.9,1.8496,0.0069,10.415,10.702,21.118,-2.022,-1.097,-3.118
Spain,2018,1.141,15.141,408.72,2.85,1.8573,0.0088,10.378,10.952,21.33,-2.058,-0.847,-2.906
Spain,2019,1.507,15.507,411.65,2.49,1.8666,0.0096,10.225,10.83,21.055,-2.212,-0.969,-3.181
Spain,2020,2.021,16.021,414.21,2.3,1.8787,0.0148,10.164,11.578,21.742,-2.272,-0.222,-2.494
Sri Lanka,1979,0.406,14.406,336.84,1.83,1.5305,0.0166,12.35,11.656,24.006,-0.087,-0.143,-0.23
Sri Lanka,1980,0.484,14.484,338.76,1.68,1.5471,0.0169,12.348,11.206,23.554,-0.088,-0.593,-0.682
Sri Lanka,1981,0.276,14.276,340.12,1.43,1.564,0.0169,12.147,11.387,23.533,-0.29,-0.413,-0.702
Sri Lanka,1982,0.276,14.276,341.48,0.86,1.5809,0.0333,12.468,11.595,24.062,0.031,-0.204,-0.173
Sri Lanka,1983,0.781,14.781,343.15,2.36,1.6142,0.0306,12.353,11.344,23.698,-0.083,-0.455,-0.538
Sri Lanka,1984,0.104,14.104,344.87,1.51,1.6448,0.0129,11.92,11.428,23.348,-0.517,-0.371,-0.887
Sri Lanka,1985,0.215,14.215,346.35,1.21,1.6573,0.0122,12.016,11.569,23.585,-0.421,-0.23,-0.651
Sri Lanka,1986,0.331,14.331,347.61,1.47,1.6701,0.0129,12.224,11.044,23.268,-0.212,-0.755,-0.967
Sri Lanka,1987,0.83,14.83,349.31,2.06,1.6827,0.0114,12.268,11.405,23.673,-0.169,-0.394,-0.562
Sri Lanka,1988,0.844,14.844,351.69,2.24,1.6931,0.0107,12.19,11.497,23.687,-0.247,-0.302,-0.549
Sri Lanka,1989,0.339,14.339,353.2,1.24,1.7045,0.0112,11.987,11.381,23.368,-0.45,-0.418,-0.868
Sri Lanka,1990,0.672,14.672,354.45,1.2,1.7144,0.0086,11.718,11.365,23.082,-0.719,-0.434,-1.153
Sri Lanka,1991,0.61,14.61,355.7,1.05,1.7248,0.0141,11.77,11.498,23.268,-0.667,-0.301,-0.967
Sri Lanka,1992,0.307,14.307,356.54,0.49,1.7355,0.0024,12.122,11.374,23.496,-0.315,-0.425,-0.74
Sri Lanka,1993,0.304,14.304,357.21,1.36,1.7365,0.0039,11.947,11.37,23.317,-0.49,-0.429,-0.919
Sri Lanka,1994,0.365,14.365,358.96,1.96,1.7421,0.0073,12.032,11.728,23.76,-0.404,-0.072,-0.476
Sri Lanka,1995,0.68,14.68,360.97,2.01,1.7489,0.0038,11.438,11.748,23.187,-0.998,-0.051,-1.049
Sri Lanka,1996,0.505,14.505,362.74,1.24,1.7513,0.0025,11.848,11.743,23.592,-0.588,-0.056,-0.644
Sri Lanka,1997,0.668,14.668,363.88,1.91,1.7545,0.0064,11.692,11.341,23.032,-0.745,-0.458,-1.203
Sri Lanka,1998,1.296,15.296,366.84,2.97,1.7655,0.0121,11.782,11.689,23.471,-0.655,-0.11,-0.765
Sri Lanka,1999,0.451,14.451,368.54,0.92,1.7723,0.0024,11.713,11.712,23.426,-0.723,-0.087,-0.81
Sri Lanka,2000,0.582,14.582,369.71,1.62,1.7733,-0.0014,11.519,11.724,23.243,-0.917,-0.075,-0.992
Sri Lanka,2001,0.823,14.823,371.32,1.62,1.7713,-0.0007,11.622,11.628,23.25,-0.814,-0.172,-0.986
Sri Lanka,2002,0.972,14.972,373.45,2.51,1.7727,0.0032,11.385,11.176,22.561,-1.052,-0.623,-1.675
Sri Lanka,2003,0.891,14.891,375.98,2.26,1.7773,0.0048,11.419,11.924,23.343,-1.017,0.125,-0.892
Sri Lanka,2004,0.804,14.804,377.7,1.59,1.777,-0.0048,11.251,11.938,23.189,-1.186,0.139,-1.047
Sri Lanka,2005,0.869,14.869,379.98,2.57,1.7742,0.0003,10.928,11.648,22.575,-1.509,-0.152,-1.661
Sri Lanka,2006,0.655,14.655,382.09,1.69,1.775,0.0019,10.794,11.412,22.206,-1.642,-0.387,-2.03
Sri Lanka,2007,0.654,14.654,384.02,2.31,1.7814,0.0078,10.498,11.637,22.135,-1.938,-0.162,-2.101
Sri Lanka,2008,0.541,14.541,385.83,1.54,1.787,0.0065,10.99,12.213,23.203,-1.447,0.414,-1.032
Sri Lanka,2009,0.649,14.649,387.64,2.0,1.7935,0.0047,10.956,11.999,22.955,-1.481,0.2,-1.281
Sri Lanka,2010,1.01,15.01,390.1,2.3,1.7989,0.0051,10.734,12.058,22.792,-1.702,0.258,-1.444
Sri Lanka,2011,0.689,14.689,391.85,1.92,1.8031,0.005,10.506,11.45,21.956,-1.931,-0.349,-2.28
Sri Lanka,2012,0.881,14.881,394.06,2.65,1.8081,0.005,10.42,11.981,22.401,-2.017,0.182,-1.835
Sri Lanka,2013,0.872,14.872,396.74,1.99,1.8134,0.0057,10.919,12.474,23.393,-1.517,0.675,-0.842
Sri Lanka,2014,0.954,14.954,398.81,2.17,1.8226,0.0127,10.812,12.727,23.539,-1.624,0.928,-0.697
Sri Lanka,2015,0.948,14.948,401.01,2.95,1.8342,0.01,10.589,12.366,22.955,-1.848,0.567,-1.281
Sri Lanka,2016,1.328,15.328,404.41,3.03,1.8431,0.007,10.176,11.178,21.353,-2.261,-0.622,-2.882
Sri Lanka,2017,1.051,15.051,406.76,1.9,1.8496,0.0069,10.415,10.702,21.118,-2.022,-1.097,-3.118
Sri Lanka,2018,0.782,14.782,408.72,2.85,1.8573,0.0088,10.378,10.952,21.33,-2.058,-0.847,-2.906
Sri Lanka,2019,1.232,15.232,411.65,2.49,1.8666,0.0096,10.225,10.83,21.055,-2.212,-0.969,-3.181
Sri Lanka,2020,1.296,15.296,414.21,2.3,1.8787,0.0148,10.164,11.578,21.742,-2.272,-0.222,-2.494
Sudan (former),1979,0.59,14.59,336.84,1.83,1.5305,0.0166,12.35,11.656,24.006,-0.087,-0.143,-0.23
Sudan (former),1980,0.484,14.484,338.76,1.68,1.5471,0.0169,12.348,11.206,23.554,-0.088,-0.593,-0.682
Sudan (former),1981,0.187,14.187,340.12,1.43,1.564,0.0169,12.147,11.387,23.533,-0.29,-0.413,-0.702
Sudan (former),1982,0.267,14.267,341.48,0.86,1.5809,0.0333,12.468,11.595,24.062,0.031,-0.204,-0.173
Sudan (former),1983,0.083,14.083,343.15,2.36,1.6142,0.0306,12.353,11.344,23.698,-0.083,-0.455,-0.538
Sudan (former),1984,0.527,14.527,344.87,1.51,1.6448,0.0129,11.92,11.428,23.348,-0.517,-0.371,-0.887
Sudan (former),1985,0.297,14.297,346.35,1.21,1.6573,0.0122,12.016,11.569,23.585,-0.421,-0.23,-0.651
Sudan (former),1986,0.381,14.381,347.61,1.47,1.6701,0.0129,12.224,11.044,23.268,-0.212,-0.755,-0.967
Sudan (former),1987,0.618,14.618,349.31,2.06,1.6827,0.0114,12.268,11.405,23.673,-0.169,-0.394,-0.562
Sudan (former),1988,0.396,14.396,351.69,2.24,1.6931,0.0107,12.19,11.497,23.687,-0.247,-0.302,-0.549
Sudan (former),1989,-0.184,13.816,353.2,1.24,1.7045,0.0112,11.987,11.381,23.368,-0.45,-0.418,-0.868
Sudan (former),1990,0.47,14.47,354.45,1.2,1.7144,0.0086,11.718,11.365,23.082,-0.719,-0.434,-1.153
Sudan (former),1991,0.459,14.459,355.7,1.05,1.7248,0.0141,11.77,11.498,23.268,-0.667,-0.301,-0.967
Sudan (former),1992,-0.211,13.789,356.54,0.49,1.7355,0.0024,12.122,11.374,23.496,-0.315,-0.425,-0.74
Sudan (former),1993,0.443,14.443,357.21,1.36,1.7365,0.0039,11.947,11.37,23.317,-0.49,-0.429,-0.919
Sudan (former),1994,0.29,14.29,358.96,1.96,1.7421,0.0073,12.032,11.728,23.76,-0.404,-0.072,-0.476
Sudan (former),1995,0.509,14.509,360.97,2.01,1.7489,0.0038,11.438,11.748,23.187,-0.998,-0.051,-1.049
Sudan (former),1996,0.574,14.574,362.74,1.24,1.7513,0.0025,11.848,11.743,23.592,-0.588,-0.056,-0.644
Sudan (former),1997,0.409,14.409,363.88,1.91,1.7545,0.0064,11.692,11.341,23.032,-0.745,-0.458,-1.203
Sudan (former),1998,0.643,14.643,366.84,2.97,1.7655,0.0121,11.782,11.689,23.471,-0.655,-0.11,-0.765
Sudan (former),1999,0.473,14.473,368.54,0.92,1.7723,0.0024,11.713,11.712,23.426,-0.723,-0.087,-0.81
Sudan (former),2000,0.446,14.446,369.71,1.62,1.7733,-0.0014,11.519,11.724,23.243,-0.917,-0.075,-0.992
Sudan (former),2001,0.3,14.3,371.32,1.62,1.7713,-0.0007,11.622,11.628,23.25,-0.814,-0.172,-0.986
Sudan (former),2002,1.017,15.017,373.45,2.51,1.7727,0.0032,11.385,11.176,22.561,-1.052,-0.623,-1.675
Sudan (former),2003,0.814,14.814,375.98,2.26,1.7773,0.0048,11.419,11.924,23.343,-1.017,0.125,-0.892
Sudan (former),2004,1.028,15.028,377.7,1.59,1.777,-0.0048,11.251,11.938,23.189,-1.186,0.139,-1.047
Sudan (former),2005,1.189,15.189,379.98,2.57,1.7742,0.0003,10.928,11.648,22.575,-1.509,-0.152,-1.661
Sudan (former),2006,1.112,15.112,382.09,1.69,1.775,0.0019,10.794,11.412,22.206,-1.642,-0.387,-2.03
Sudan (former),2007,0.36,14.36,384.02,2.31,1.7814,0.0078,10.498,11.637,22.135,-1.938,-0.162,-2.101
Sudan (former),2008,0.812,14.812,385.83,1.54,1.787,0.0065,10.99,12.213,23.203,-1.447,0.414,-1.032
Sudan (former),2009,1.529,15.529,387.64,2.0,1.7935,0.0047,10.956,11.999,22.955,-1.481,0.2,-1.281
Sudan (former),2010,1.577,15.577,390.1,2.3,1.7989,0.0051,10.734,12.058,22.792,-1.702,0.258,-1.444
Sudan (former),2011,1.577,15.577,391.85,1.92,1.8031,0.005,10.506,11.45,21.956,-1.931,-0.349,-2.28
Suriname,1979,0.155,14.155,336.84,1.83,1.5305,0.0166,12.35,11.656,24.006,-0.087,-0.143,-0.23
Suriname,1980,0.286,14.286,338.76,1.68,1.5471,0.0169,12.348,11.206,23.554,-0.088,-0.593,-0.682
Suriname,1981,0.314,14.314,340.12,1.43,1.564,0.0169,12.147,11.387,23.533,-0.29,-0.413,-0.702
Suriname,1982,0.19,14.19,341.48,0.86,1.5809,0.0333,12.468,11.595,24.062,0.031,-0.204,-0.173
Suriname,1983,0.512,14.512,343.15,2.36,1.6142,0.0306,12.353,11.344,23.698,-0.083,-0.455,-0.538
Suriname,1984,-0.165,13.835,344.87,1.51,1.6448,0.0129,11.92,11.428,23.348,-0.517,-0.371,-0.887
Suriname,1985,-0.004,13.996,346.35,1.21,1.6573,0.0122,12.016,11.569,23.585,-0.421,-0.23,-0.651
Suriname,1986,0.103,14.103,347.61,1.47,1.6701,0.0129,12.224,11.044,23.268,-0.212,-0.755,-0.967
Suriname,1987,0.703,14.703,349.31,2.06,1.6827,0.0114,12.268,11.405,23.673,-0.169,-0.394,-0.562
Suriname,1988,0.536,14.536,351.69,2.24,1.6931,0.0107,12.19,11.497,23.687,-0.247,-0.302,-0.549
Suriname,1989,0.147,14.147,353.2,1.24,1.7045,0.0112,11.987,11.381,23.368,-0.45,-0.418,-0.868
Suriname,1990,0.342,14.342,354.45,1.2,1.7144,0.0086,11.718,11.365,23.082,-0.719,-0.434,-1.153
Suriname,1991,0.359,14.359,355.7,1.05,1.7248,0.0141,11.77,11.498,23.268,-0.667,-0.301,-0.967
Suriname,1992,0.632,14.632,356.54,0.49,1.7355,0.0024,12.122,11.374,23.496,-0.315,-0.425,-0.74
Suriname,1993,0.428,14.428,357.21,1.36,1.7365,0.0039,11.947,11.37,23.317,-0.49,-0.429,-0.919
Suriname,1994,0.513,14.513,358.96,1.96,1.7421,0.0073,12.032,11.728,23.76,-0.404,-0.072,-0.476
Suriname,1995,1.017,15.017,360.97,2.01,1.7489,0.0038,11.438,11.748,23.187,-0.998,-0.051,-1.049
Suriname,1996,0.492,14.492,362.74,1.24,1.7513,0.0025,11.848,11.743,23.592,-0.588,-0.056,-0.644
Suriname,1997,0.767,14.767,363.88,1.91,1.7545,0.0064,11.692,11.341,23.032,-0.745,-0.458,-1.203
Suriname,1998,1.382,15.382,366.84,2.97,1.7655,0.0121,11.782,11.689,23.471,-0.655,-0.11,-0.765
Suriname,1999,0.554,14.554,368.54,0.92,1.7723,0.0024,11.713,11.712,23.426,-0.723,-0.087,-0.81
Suriname,2000,0.613,14.613,369.71,1.62,1.7733,-0.0014,11.519,11.724,23.243,-0.917,-0.075,-0.992
Suriname,2001,0.598,14.598,371.32,1.62,1.7713,-0.0007,11.622,11.628,23.25,-0.814,-0.172,-0.986
Suriname,2002,0.935,14.935,373.45,2.51,1.7727,0.0032,11.385,11.176,22.561,-1.052,-0.623,-1.675
Suriname,2003,0.994,14.994,375.98,2.26,1.7773,0.0048,11.419,11.924,23.343,-1.017,0.125,-0.892
Suriname,2004,0.996,14.996,377.7,1.59,1.777,-0.0048,11.251,11.938,23.189,-1.186,0.139,-1.047
Suriname,2005,1.395,15.395,379.98,2.57,1.7742,0.0003,10.928,11.648,22.575,-1.509,-0.152,-1.661
Suriname,2006,1.058,15.058,382.09,1.69,1.775,0.0019,10.794,11.412,22.206,-1.642,-0.387,-2.03
Suriname,2007,1.153,15.153,384.02,2.31,1.7814,0.0078,10.498,11.637,22.135,-1.938,-0.162,-2.101
Suriname,2008,1.224,15.224,385.83,1.54,1.787,0.0065,10.99,12.213,23.203,-1.447,0.414,-1.032
Suriname,2009,1.562,15.562,387.64,2.0,1.7935,0.0047,10.956,11.999,22.955,-1.481,0.2,-1.281
Suriname,2010,1.627,15.627,390.1,2.3,1.7989,0.0051,10.734,12.058,22.792,-1.702,0.258,-1.444
Suriname,2011,1.172,15.172,391.85,1.92,1.8031,0.005,10.506,11.45,21.956,-1.931,-0.349,-2.28
Suriname,2012,1.271,15.271,394.06,2.65,1.8081,0.005,10.42,11.981,22.401,-2.017,0.182,-1.835
Suriname,2013,1.61,15.61,396.74,1.99,1.8134,0.0057,10.919,12.474,23.393,-1.517,0.675,-0.842
Suriname,2014,1.666,15.666,398.81,2.17,1.8226,0.0127,10.812,12.727,23.539,-1.624,0.928,-0.697
Suriname,2015,1.736,15.736,401.01,2.95,1.8342,0.01,10.589,12.366,22.955,-1.848,0.567,-1.281
Suriname,2016,2.217,16.217,404.41,3.03,1.8431,0.007,10.176,11.178,21.353,-2.261,-0.622,-2.882
Suriname,2017,1.874,15.874,406.76,1.9,1.8496,0.0069,10.415,10.702,21.118,-2.022,-1.097,-3.118
Suriname,2018,1.685,15.685,408.72,2.85,1.8573,0.0088,10.378,10.952,21.33,-2.058,-0.847,-2.906
Suriname,2019,1.966,15.966,411.65,2.49,1.8666,0.0096,10.225,10.83,21.055,-2.212,-0.969,-3.181
Suriname,2020,2.143,16.143,414.21,2.3,1.8787,0.0148,10.164,11.578,21.742,-2.272,-0.222,-2.494
Svalbard and Jan Mayen Islands,1979,-1.116,12.884,336.84,1.83,1.5305,0.0166,12.35,11.656,24.006,-0.087,-0.143,-0.23
Svalbard and Jan Mayen Islands,1980,-0.117,13.883,338.76,1.68,1.5471,0.0169,12.348,11.206,23.554,-0.088,-0.593,-0.682
Svalbard and Jan Mayen Islands,1981,-1.065,12.935,340.12,1.43,1.564,0.0169,12.147,11.387,23.533,-0.29,-0.413,-0.702
Svalbard and Jan Mayen Islands,1982,-0.655,13.345,341.48,0.86,1.5809,0.0333,12.468,11.595,24.062,0.031,-0.204,-0.173
Svalbard and Jan Mayen Islands,1983,0.047,14.047,343.15,2.36,1.6142,0.0306,12.353,11.344,23.698,-0.083,-0.455,-0.538
Svalbard and Jan Mayen Islands,1984,1.896,15.896,344.87,1.51,1.6448,0.0129,11.92,11.428,23.348,-0.517,-0.371,-0.887
Svalbard and Jan Mayen Islands,1985,1.789,15.789,346.35,1.21,1.6573,0.0122,12.016,11.569,23.585,-0.421,-0.23,-0.651
Svalbard and Jan Mayen Islands,1986,-0.357,13.643,347.61,1.47,1.6701,0.0129,12.224,11.044,23.268,-0.212,-0.755,-0.967
Svalbard and Jan Mayen Islands,1987,0.2,14.2,349.31,2.06,1.6827,0.0114,12.268,11.405,23.673,-0.169,-0.394,-0.562
Svalbard and Jan Mayen Islands,1988,-2.107,11.893,351.69,2.24,1.6931,0.0107,12.19,11.497,23.687,-0.247,-0.302,-0.549
Svalbard and Jan Mayen Islands,1989,-0.768,13.232,353.2,1.24,1.7045,0.0112,11.987,11.381,23.368,-0.45,-0.418,-0.868
Svalbard and Jan Mayen Islands,1990,1.631,15.631,354.45,1.2,1.7144,0.0086,11.718,11.365,23.082,-0.719,-0.434,-1.153
Svalbard and Jan Mayen Islands,1991,1.317,15.317,355.7,1.05,1.7248,0.0141,11.77,11.498,23.268,-0.667,-0.301,-0.967
Svalbard and Jan Mayen Islands,1992,0.958,14.958,356.54,0.49,1.7355,0.0024,12.122,11.374,23.496,-0.315,-0.425,-0.74
Svalbard and Jan Mayen Islands,1993,0.013,14.013,357.21,1.36,1.7365,0.0039,11.947,11.37,23.317,-0.49,-0.429,-0.919
Svalbard and Jan Mayen Islands,1994,0.06,14.06,358.96,1.96,1.7421,0.0073,12.032,11.728,23.76,-0.404,-0.072,-0.476
Svalbard and Jan Mayen Islands,1995,0.473,14.473,360.97,2.01,1.7489,0.0038,11.438,11.748,23.187,-0.998,-0.051,-1.049
Svalbard and Jan Mayen Islands,1996,1.186,15.186,362.74,1.24,1.7513,0.0025,11.848,11.743,23.592,-0.588,-0.056,-0.644
Svalbard and Jan Mayen Islands,1997,-0.32,13.68,363.88,1.91,1.7545,0.0064,11.692,11.341,23.032,-0.745,-0.458,-1.203
Svalbard and Jan Mayen Islands,1998,0.175,14.175,366.84,2.97,1.7655,0.0121,11.782,11.689,23.471,-0.655,-0.11,-0.765
Svalbard and Jan Mayen Islands,1999,2.068,16.068,368.54,0.92,1.7723,0.0024,11.713,11.712,23.426,-0.723,-0.087,-0.81
Svalbard and Jan Mayen Islands,2000,1.977,15.977,369.71,1.62,1.7733,-0.0014,11.519,11.724,23.243,-0.917,-0.075,-0.992
Svalbard and Jan Mayen Islands,2001,1.387,15.387,371.32,1.62,1.7713,-0.0007,11.622,11.628,23.25,-0.814,-0.172,-0.986
Svalbard and Jan Mayen Islands,2002,1.618,15.618,373.45,2.51,1.7727,0.0032,11.385,11.176,22.561,-1.052,-0.623,-1.675
Svalbard and Jan Mayen Islands,2003,0.844,14.844,375.98,2.26,1.7773,0.0048,11.419,11.924,23.343,-1.017,0.125,-0.892
Svalbard and Jan Mayen Islands,2004,0.738,14.738,377.7,1.59,1.777,-0.0048,11.251,11.938,23.189,-1.186,0.139,-1.047
Svalbard and Jan Mayen Islands,2005,2.447,16.447,379.98,2.57,1.7742,0.0003,10.928,11.648,22.575,-1.509,-0.152,-1.661
Svalbard and Jan Mayen Islands,2006,3.885,17.885,382.09,1.69,1.775,0.0019,10.794,11.412,22.206,-1.642,-0.387,-2.03
Svalbard and Jan Mayen Islands,2007,3.051,17.051,384.02,2.31,1.7814,0.0078,10.498,11.637,22.135,-1.938,-0.162,-2.101
Svalbard and Jan Mayen Islands,2008,1.841,15.841,385.83,1.54,1.787,0.0065,10.99,12.213,23.203,-1.447,0.414,-1.032
Svalbard and Jan Mayen Islands,2009,1.907,15.907,387.64,2.0,1.7935,0.0047,10.956,11.999,22.955,-1.481,0.2,-1.281
Svalbard and Jan Mayen Islands,2010,2.272,16.272,390.1,2.3,1.7989,0.0051,10.734,12.058,22.792,-1.702,0.258,-1.444
Svalbard and Jan Mayen Islands,2011,2.107,16.107,391.85,1.92,1.8031,0.005,10.506,11.45,21.956,-1.931,-0.349,-2.28
Svalbard and Jan Mayen Islands,2012,3.825,17.825,394.06,2.65,1.8081,0.005,10.42,11.981,22.401,-2.017,0.182,-1.835
Svalbard and Jan Mayen Islands,2013,2.272,16.272,396.74,1.99,1.8134,0.0057,10.919,12.474,23.393,-1.517,0.675,-0.842
Svalbard and Jan Mayen Islands,2014,3.383,17.383,398.81,2.17,1.8226,0.0127,10.812,12.727,23.539,-1.624,0.928,-0.697
Svalbard and Jan Mayen Islands,2015,3.314,17.314,401.01,2.95,1.8342,0.01,10.589,12.366,22.955,-1.848,0.567,-1.281
Svalbard and Jan Mayen Islands,2016,5.328,19.328,404.41,3.03,1.8431,0.007,10.176,11.178,21.353,-2.261,-0.622,-2.882
Svalbard and Jan Mayen Islands,2017,3.339,17.339,406.76,1.9,1.8496,0.0069,10.415,10.702,21.118,-2.022,-1.097,-3.118
Svalbard and Jan Mayen Islands,2018,4.066,18.066,408.72,2.85,1.8573,0.0088,10.378,10.952,21.33,-2.058,-0.847,-2.906
Svalbard and Jan Mayen Islands,2019,2.872,16.872,411.65,2.49,1.8666,0.0096,10.225,10.83,21.055,-2.212,-0.969,-3.181
Svalbard and Jan Mayen Islands,2020,2.001,16.001,414.21,2.3,1.8787,0.0148,10.164,11.578,21.742,-2.272,-0.222,-2.494
Sweden,1979,-1.082,12.918,336.84,1.83,1.5305,0.0166,12.35,11.656,24.006,-0.087,-0.143,-0.23
Sweden,1980,-0.559,13.441,338.76,1.68,1.5471,0.0169,12.348,11.206,23.554,-0.088,-0.593,-0.682
Sweden,1981,-0.217,13.783,340.12,1.43,1.564,0.0169,12.147,11.387,23.533,-0.29,-0.413,-0.702
Sweden,1982,-0.123,13.877,341.48,0.86,1.5809,0.0333,12.468,11.595,24.062,0.031,-0.204,-0.173
Sweden,1983,0.921,14.921,343.15,2.36,1.6142,0.0306,12.353,11.344,23.698,-0.083,-0.455,-0.538
Sweden,1984,0.596,14.596,344.87,1.51,1.6448,0.0129,11.92,11.428,23.348,-0.517,-0.371,-0.887
Sweden,1985,-1.02,12.98,346.35,1.21,1.6573,0.0122,12.016,11.569,23.585,-0.421,-0.23,-0.651
Sweden,1986,-0.479,13.521,347.61,1.47,1.6701,0.0129,12.224,11.044,23.268,-0.212,-0.755,-0.967
Sweden,1987,-1.187,12.813,349.31,2.06,1.6827,0.0114,12.268,11.405,23.673,-0.169,-0.394,-0.562
Sweden,1988,0.743,14.743,351.69,2.24,1.6931,0.0107,12.19,11.497,23.687,-0.247,-0.302,-0.549
Sweden,1989,2.012,16.012,353.2,1.24,1.7045,0.0112,11.987,11.381,23.368,-0.45,-0.418,-0.868
Sweden,1990,1.708,15.708,354.45,1.2,1.7144,0.0086,11.718,11.365,23.082,-0.719,-0.434,-1.153
Sweden,1991,1.041,15.041,355.7,1.05,1.7248,0.0141,11.77,11.498,23.268,-0.667,-0.301,-0.967
Sweden,1992,1.39,15.39,356.54,0.49,1.7355,0.0024,12.122,11.374,23.496,-0.315,-0.425,-0.74
Sweden,1993,0.828,14.828,357.21,1.36,1.7365,0.0039,11.947,11.37,23.317,-0.49,-0.429,-0.919
Sweden,1994,0.213,14.213,358.96,1.96,1.7421,0.0073,12.032,11.728,23.76,-0.404,-0.072,-0.476
Sweden,1995,1.28,15.28,360.97,2.01,1.7489,0.0038,11.438,11.748,23.187,-0.998,-0.051,-1.049
Sweden,1996,-0.145,13.855,362.74,1.24,1.7513,0.0025,11.848,11.743,23.592,-0.588,-0.056,-0.644
Sweden,1997,1.002,15.002,363.88,1.91,1.7545,0.0064,11.692,11.341,23.032,-0.745,-0.458,-1.203
Sweden,1998,0.581,14.581,366.84,2.97,1.7655,0.0121,11.782,11.689,23.471,-0.655,-0.11,-0.765
Sweden,1999,1.38,15.38,368.54,0.92,1.7723,0.0024,11.713,11.712,23.426,-0.723,-0.087,-0.81
Sweden,2000,1.739,15.739,369.71,1.62,1.7733,-0.0014,11.519,11.724,23.243,-0.917,-0.075,-0.992
Sweden,2001,1.087,15.087,371.32,1.62,1.7713,-0.0007,11.622,11.628,23.25,-0.814,-0.172,-0.986
Sweden,2002,1.583,15.583,373.45,2.51,1.7727,0.0032,11.385,11.176,22.561,-1.052,-0.623,-1.675
Sweden,2003,0.932,14.932,375.98,2.26,1.7773,0.0048,11.419,11.924,23.343,-1.017,0.125,-0.892
Sweden,2004,1.217,15.217,377.7,1.59,1.777,-0.0048,11.251,11.938,23.189,-1.186,0.139,-1.047
Sweden,2005,1.843,15.843,379.98,2.57,1.7742,0.0003,10.928,11.648,22.575,-1.509,-0.152,-1.661
Sweden,2006,1.504,15.504,382.09,1.69,1.775,0.0019,10.794,11.412,22.206,-1.642,-0.387,-2.03
Sweden,2007,1.952,15.952,384.02,2.31,1.7814,0.0078,10.498,11.637,22.135,-1.938,-0.162,-2.101
Sweden,2008,1.977,15.977,385.83,1.54,1.787,0.0065,10.99,12.213,23.203,-1.447,0.414,-1.032
Sweden,2009,1.45,15.45,387.64,2.0,1.7935,0.0047,10.956,11.999,22.955,-1.481,0.2,-1.281
Sweden,2010,-0.263,13.737,390.1,2.3,1.7989,0.0051,10.734,12.058,22.792,-1.702,0.258,-1.444
Sweden,2011,1.292,15.292,391.85,1.92,1.8031,0.005,10.506,11.45,21.956,-1.931,-0.349,-2.28
Sweden,2012,1.334,15.334,394.06,2.65,1.8081,0.005,10.42,11.981,22.401,-2.017,0.182,-1.835
Sweden,2013,0.874,14.874,396.74,1.99,1.8134,0.0057,10.919,12.474,23.393,-1.517,0.675,-0.842
Sweden,2014,2.717,16.717,398.81,2.17,1.8226,0.0127,10.812,12.727,23.539,-1.624,0.928,-0.697
Sweden,2015,2.088,16.088,401.01,2.95,1.8342,0.01,10.589,12.366,22.955,-1.848,0.567,-1.281
Sweden,2016,1.855,15.855,404.41,3.03,1.8431,0.007,10.176,11.178,21.353,-2.261,-0.622,-2.882
Sweden,2017,1.598,15.598,406.76,1.9,1.8496,0.0069,10.415,10.702,21.118,-2.022,-1.097,-3.118
Sweden,2018,1.853,15.853,408.72,2.85,1.8573,0.0088,10.378,10.952,21.33,-2.058,-0.847,-2.906
Sweden,2019,1.576,15.576,411.65,2.49,1.8666,0.0096,10.225,10.83,21.055,-2.212,-0.969,-3.181
Sweden,2020,2.938,16.938,414.21,2.3,1.8787,0.0148,10.164,11.578,21.742,-2.272,-0.222,-2.494
Switzerland,1979,-0.073,13.927,336.84,1.83,1.5305,0.0166,12.35,11.656,24.006,-0.087,-0.143,-0.23
Switzerland,1980,-0.206,13.794,338.76,1.68,1.5471,0.0169,12.348,11.206,23.554,-0.088,-0.593,-0.682
Switzerland,1981,-0.026,13.974,340.12,1.43,1.564,0.0169,12.147,11.387,23.533,-0.29,-0.413,-0.702
Switzerland,1982,0.569,14.569,341.48,0.86,1.5809,0.0333,12.468,11.595,24.062,0.031,-0.204,-0.173
Switzerland,1983,0.859,14.859,343.15,2.36,1.6142,0.0306,12.353,11.344,23.698,-0.083,-0.455,-0.538
Switzerland,1984,-0.337,13.663,344.87,1.51,1.6448,0.0129,11.92,11.428,23.348,-0.517,-0.371,-0.887
Switzerland,1985,-0.334,13.666,346.35,1.21,1.6573,0.0122,12.016,11.569,23.585,-0.421,-0.23,-0.651
Switzerland,1986,0.237,14.237,347.61,1.47,1.6701,0.0129,12.224,11.044,23.268,-0.212,-0.755,-0.967
Switzerland,1987,-0.014,13.986,349.31,2.06,1.6827,0.0114,12.268,11.405,23.673,-0.169,-0.394,-0.562
Switzerland,1988,0.909,14.909,351.69,2.24,1.6931,0.0107,12.19,11.497,23.687,-0.247,-0.302,-0.549
Switzerland,1989,1.133,15.133,353.2,1.24,1.7045,0.0112,11.987,11.381,23.368,-0.45,-0.418,-0.868
Switzerland,1990,1.412,15.412,354.45,1.2,1.7144,0.0086,11.718,11.365,23.082,-0.719,-0.434,-1.153
Switzerland,1991,0.318,14.318,355.7,1.05,1.7248,0.0141,11.77,11.498,23.268,-0.667,-0.301,-0.967
Switzerland,1992,0.953,14.953,356.54,0.49,1.7355,0.0024,12.122,11.374,23.496,-0.315,-0.425,-0.74
Switzerland,1993,0.549,14.549,357.21,1.36,1.7365,0.0039,11.947,11.37,23.317,-0.49,-0.429,-0.919
Switzerland,1994,1.846,15.846,358.96,1.96,1.7421,0.0073,12.032,11.728,23.76,-0.404,-0.072,-0.476
Switzerland,1995,0.993,14.993,360.97,2.01,1.7489,0.0038,11.438,11.748,23.187,-0.998,-0.051,-1.049
Switzerland,1996,0.025,14.025,362.74,1.24,1.7513,0.0025,11.848,11.743,23.592,-0.588,-0.056,-0.644
Switzerland,1997,1.058,15.058,363.88,1.91,1.7545,0.0064,11.692,11.341,23.032,-0.745,-0.458,-1.203
Switzerland,1998,1.103,15.103,366.84,2.97,1.7655,0.0121,11.782,11.689,23.471,-0.655,-0.11,-0.765
Switzerland,1999,0.97,14.97,368.54,0.92,1.7723,0.0024,11.713,11.712,23.426,-0.723,-0.087,-0.81
Switzerland,2000,1.411,15.411,369.71,1.62,1.7733,-0.0014,11.519,11.724,23.243,-0.917,-0.075,-0.992
Switzerland,2001,1.44,15.44,371.32,1.62,1.7713,-0.0007,11.622,11.628,23.25,-0.814,-0.172,-0.986
Switzerland,2002,1.252,15.252,373.45,2.51,1.7727,0.0032,11.385,11.176,22.561,-1.052,-0.623,-1.675
Switzerland,2003,1.845,15.845,375.98,2.26,1.7773,0.0048,11.419,11.924,23.343,-1.017,0.125,-0.892
Switzerland,2004,0.973,14.973,377.7,1.59,1.777,-0.0048,11.251,11.938,23.189,-1.186,0.139,-1.047
Switzerland,2005,0.809,14.809,379.98,2.57,1.7742,0.0003,10.928,11.648,22.575,-1.509,-0.152,-1.661
Switzerland,2006,1.094,15.094,382.09,1.69,1.775,0.0019,10.794,11.412,22.206,-1.642,-0.387,-2.03
Switzerland,2007,1.812,15.812,384.02,2.31,1.7814,0.0078,10.498,11.637,22.135,-1.938,-0.162,-2.101
Switzerland,2008,1.204,15.204,385.83,1.54,1.787,0.0065,10.99,12.213,23.203,-1.447,0.414,-1.032
Switzerland,2009,1.378,15.378,387.64,2.0,1.7935,0.0047,10.956,11.999,22.955,-1.481,0.2,-1.281
Switzerland,2010,0.459,14.459,390.1,2.3,1.7989,0.0051,10.734,12.058,22.792,-1.702,0.258,-1.444
Switzerland,2011,1.666,15.666,391.85,1.92,1.8031,0.005,10.506,11.45,21.956,-1.931,-0.349,-2.28
Switzerland,2012,1.509,15.509,394.06,2.65,1.8081,0.005,10.42,11.981,22.401,-2.017,0.182,-1.835
Switzerland,2013,0.779,14.779,396.74,1.99,1.8134,0.0057,10.919,12.474,23.393,-1.517,0.675,-0.842
Switzerland,2014,2.15,16.15,398.81,2.17,1.8226,0.0127,10.812,12.727,23.539,-1.624,0.928,-0.697
Switzerland,2015,1.956,15.956,401.01,2.95,1.8342,0.01,10.589,12.366,22.955,-1.848,0.567,-1.281
Switzerland,2016,1.84,15.84,404.41,3.03,1.8431,0.007,10.176,11.178,21.353,-2.261,-0.622,-2.882
Switzerland,2017,1.818,15.818,406.76,1.9,1.8496,0.0069,10.415,10.702,21.118,-2.022,-1.097,-3.118
Switzerland,2018,2.334,16.334,408.72,2.85,1.8573,0.0088,10.378,10.952,21.33,-2.058,-0.847,-2.906
Switzerland,2019,2.095,16.095,411.65,2.49,1.8666,0.0096,10.225,10.83,21.055,-2.212,-0.969,-3.181
Switzerland,2020,2.503,16.503,414.21,2.3,1.8787,0.0148,10.164,11.578,21.742,-2.272,-0.222,-2.494
Syrian Arab Republic,1979,0.887,14.887,336.84,1.83,1.5305,0.0166,12.35,11.656,24.006,-0.087,-0.143,-0.23
Syrian Arab Republic,1980,-0.21,13.79,338.76,1.68,1.5471,0.0169,12.348,11.206,23.554,-0.088,-0.593,-0.682
Syrian Arab Republic,1981,0.105,14.105,340.12,1.43,1.564,0.0169,12.147,11.387,23.533,-0.29,-0.413,-0.702
Syrian Arab Republic,1982,-0.576,13.424,341.48,0.86,1.5809,0.0333,12.468,11.595,24.062,0.031,-0.204,-0.173
Syrian Arab Republic,1983,-0.894,13.106,343.15,2.36,1.6142,0.0306,12.353,11.344,23.698,-0.083,-0.455,-0.538
Syrian Arab Republic,1984,-0.04,13.96,344.87,1.51,1.6448,0.0129,11.92,11.428,23.348,-0.517,-0.371,-0.887
Syrian Arab Republic,1985,-0.072,13.928,346.35,1.21,1.6573,0.0122,12.016,11.569,23.585,-0.421,-0.23,-0.651
Syrian Arab Republic,1986,0.36,14.36,347.61,1.47,1.6701,0.0129,12.224,11.044,23.268,-0.212,-0.755,-0.967
Syrian Arab Republic,1987,-0.225,13.775,349.31,2.06,1.6827,0.0114,12.268,11.405,23.673,-0.169,-0.394,-0.562
Syrian Arab Republic,1988,-0.255,13.745,351.69,2.24,1.6931,0.0107,12.19,11.497,23.687,-0.247,-0.302,-0.549
Syrian Arab Republic,1989,0.318,14.318,353.2,1.24,1.7045,0.0112,11.987,11.381,23.368,-0.45,-0.418,-0.868
Syrian Arab Republic,1990,0.128,14.128,354.45,1.2,1.7144,0.0086,11.718,11.365,23.082,-0.719,-0.434,-1.153
Syrian Arab Republic,1991,0.44,14.44,355.7,1.05,1.7248,0.0141,11.77,11.498,23.268,-0.667,-0.301,-0.967
Syrian Arab Republic,1992,-1.16,12.84,356.54,0.49,1.7355,0.0024,12.122,11.374,23.496,-0.315,-0.425,-0.74
Syrian Arab Republic,1993,-0.607,13.393,357.21,1.36,1.7365,0.0039,11.947,11.37,23.317,-0.49,-0.429,-0.919
Syrian Arab Republic,1994,1.24,15.24,358.96,1.96,1.7421,0.0073,12.032,11.728,23.76,-0.404,-0.072,-0.476
Syrian Arab Republic,1995,0.128,14.128,360.97,2.01,1.7489,0.0038,11.438,11.748,23.187,-0.998,-0.051,-1.049
Syrian Arab Republic,1996,0.43,14.43,362.74,1.24,1.7513,0.0025,11.848,11.743,23.592,-0.588,-0.056,-0.644
Syrian Arab Republic,1997,-0.145,13.855,363.88,1.91,1.7545,0.0064,11.692,11.341,23.032,-0.745,-0.458,-1.203
Syrian Arab Republic,1998,1.12,15.12,366.84,2.97,1.7655,0.0121,11.782,11.689,23.471,-0.655,-0.11,-0.765
Syrian Arab Republic,1999,1.239,15.239,368.54,0.92,1.7723,0.0024,11.713,11.712,23.426,-0.723,-0.087,-0.81
Syrian Arab Republic,2000,0.633,14.633,369.71,1.62,1.7733,-0.0014,11.519,11.724,23.243,-0.917,-0.075,-0.992
Syrian Arab Republic,2001,1.128,15.128,371.32,1.62,1.7713,-0.0007,11.622,11.628,23.25,-0.814,-0.172,-0.986
Syrian Arab Republic,2002,0.833,14.833,373.45,2.51,1.7727,0.0032,11.385,11.176,22.561,-1.052,-0.623,-1.675
Syrian Arab Republic,2003,0.51,14.51,375.98,2.26,1.7773,0.0048,11.419,11.924,23.343,-1.017,0.125,-0.892
Syrian Arab Republic,2004,0.614,14.614,377.7,1.59,1.777,-0.0048,11.251,11.938,23.189,-1.186,0.139,-1.047
Syrian Arab Republic,2005,0.21,14.21,379.98,2.57,1.7742,0.0003,10.928,11.648,22.575,-1.509,-0.152,-1.661
Syrian Arab Republic,2006,0.996,14.996,382.09,1.69,1.775,0.0019,10.794,11.412,22.206,-1.642,-0.387,-2.03
Syrian Arab Republic,2007,0.77,14.77,384.02,2.31,1.7814,0.0078,10.498,11.637,22.135,-1.938,-0.162,-2.101
Syrian Arab Republic,2008,1.005,15.005,385.83,1.54,1.787,0.0065,10.99,12.213,23.203,-1.447,0.414,-1.032
Syrian Arab Republic,2009,0.641,14.641,387.64,2.0,1.7935,0.0047,10.956,11.999,22.955,-1.481,0.2,-1.281
Syrian Arab Republic,2010,2.441,16.441,390.1,2.3,1.7989,0.0051,10.734,12.058,22.792,-1.702,0.258,-1.444
Syrian Arab Republic,2011,0.624,14.624,391.85,1.92,1.8031,0.005,10.506,11.45,21.956,-1.931,-0.349,-2.28
Syrian Arab Republic,2012,1.01,15.01,394.06,2.65,1.8081,0.005,10.42,11.981,22.401,-2.017,0.182,-1.835
Syrian Arab Republic,2013,1.344,15.344,396.74,1.99,1.8134,0.0057,10.919,12.474,23.393,-1.517,0.675,-0.842
Syrian Arab Republic,2014,1.215,15.215,398.81,2.17,1.8226,0.0127,10.812,12.727,23.539,-1.624,0.928,-0.697
Syrian Arab Republic,2015,1.36,15.36,401.01,2.95,1.8342,0.01,10.589,12.366,22.955,-1.848,0.567,-1.281
Syrian Arab Republic,2016,1.857,15.857,404.41,3.03,1.8431,0.007,10.176,11.178,21.353,-2.261,-0.622,-2.882
Syrian Arab Republic,2017,1.224,15.224,406.76,1.9,1.8496,0.0069,10.415,10.702,21.118,-2.022,-1.097,-3.118
Syrian Arab Republic,2018,2.462,16.462,408.72,2.85,1.8573,0.0088,10.378,10.952,21.33,-2.058,-0.847,-2.906
Syrian Arab Republic,2019,1.652,15.652,411.65,2.49,1.8666,0.0096,10.225,10.83,21.055,-2.212,-0.969,-3.181
Syrian Arab Republic,2020,1.984,15.984,414.21,2.3,1.8787,0.0148,10.164,11.578,21.742,-2.272,-0.222,-2.494
Thailand,1979,0.575,14.575,336.84,1.83,1.5305,0.0166,12.35,11.656,24.006,-0.087,-0.143,-0.23
Thailand,1980,0.503,14.503,338.76,1.68,1.5471,0.0169,12.348,11.206,23.554,-0.088,-0.593,-0.682
Thailand,1981,0.314,14.314,340.12,1.43,1.564,0.0169,12.147,11.387,23.533,-0.29,-0.413,-0.702
Thailand,1982,0.146,14.146,341.48,0.86,1.5809,0.0333,12.468,11.595,24.062,0.031,-0.204,-0.173
Thailand,1983,0.435,14.435,343.15,2.36,1.6142,0.0306,12.353,11.344,23.698,-0.083,-0.455,-0.538
Thailand,1984,0.088,14.088,344.87,1.51,1.6448,0.0129,11.92,11.428,23.348,-0.517,-0.371,-0.887
Thailand,1985,0.286,14.286,346.35,1.21,1.6573,0.0122,12.016,11.569,23.585,-0.421,-0.23,-0.651
Thailand,1986,0.071,14.071,347.61,1.47,1.6701,0.0129,12.224,11.044,23.268,-0.212,-0.755,-0.967
Thailand,1987,0.76,14.76,349.31,2.06,1.6827,0.0114,12.268,11.405,23.673,-0.169,-0.394,-0.562
Thailand,1988,0.284,14.284,351.69,2.24,1.6931,0.0107,12.19,11.497,23.687,-0.247,-0.302,-0.549
Thailand,1989,0.322,14.322,353.2,1.24,1.7045,0.0112,11.987,11.381,23.368,-0.45,-0.418,-0.868
Thailand,1990,0.529,14.529,354.45,1.2,1.7144,0.0086,11.718,11.365,23.082,-0.719,-0.434,-1.153
Thailand,1991,0.669,14.669,355.7,1.05,1.7248,0.0141,11.77,11.498,23.268,-0.667,-0.301,-0.967
Thailand,1992,0.387,14.387,356.54,0.49,1.7355,0.0024,12.122,11.374,23.496,-0.315,-0.425,-0.74
Thailand,1993,0.33,14.33,357.21,1.36,1.7365,0.0039,11.947,11.37,23.317,-0.49,-0.429,-0.919
Thailand,1994,0.377,14.377,358.96,1.96,1.7421,0.0073,12.032,11.728,23.76,-0.404,-0.072,-0.476
Thailand,1995,0.698,14.698,360.97,2.01,1.7489,0.0038,11.438,11.748,23.187,-0.998,-0.051,-1.049
Thailand,1996,0.26,14.26,362.74,1.24,1.7513,0.0025,11.848,11.743,23.592,-0.588,-0.056,-0.644
Thailand,1997,0.426,14.426,363.88,1.91,1.7545,0.0064,11.692,11.341,23.032,-0.745,-0.458,-1.203
Thailand,1998,1.463,15.463,366.84,2.97,1.7655,0.0121,11.782,11.689,23.471,-0.655,-0.11,-0.765
Thailand,1999,0.429,14.429,368.54,0.92,1.7723,0.0024,11.713,11.712,23.426,-0.723,-0.087,-0.81
Thailand,2000,0.076,14.076,369.71,1.62,1.7733,-0.0014,11.519,11.724,23.243,-0.917,-0.075,-0.992
Thailand,2001,0.68,14.68,371.32,1.62,1.7713,-0.0007,11.622,11.628,23.25,-0.814,-0.172,-0.986
Thailand,2002,0.673,14.673,373.45,2.51,1.7727,0.0032,11.385,11.176,22.561,-1.052,-0.623,-1.675
Thailand,2003,0.803,14.803,375.98,2.26,1.7773,0.0048,11.419,11.924,23.343,-1.017,0.125,-0.892
Thailand,2004,0.549,14.549,377.7,1.59,1.777,-0.0048,11.251,11.938,23.189,-1.186,0.139,-1.047
Thailand,2005,0.887,14.887,379.98,2.57,1.7742,0.0003,10.928,11.648,22.575,-1.509,-0.152,-1.661
Thailand,2006,0.685,14.685,382.09,1.69,1.775,0.0019,10.794,11.412,22.206,-1.642,-0.387,-2.03
Thailand,2007,0.557,14.557,384.02,2.31,1.7814,0.0078,10.498,11.637,22.135,-1.938,-0.162,-2.101
Thailand,2008,0.416,14.416,385.83,1.54,1.787,0.0065,10.99,12.213,23.203,-1.447,0.414,-1.032
Thailand,2009,0.524,14.524,387.64,2.0,1.7935,0.0047,10.956,11.999,22.955,-1.481,0.2,-1.281
Thailand,2010,1.316,15.316,390.1,2.3,1.7989,0.0051,10.734,12.058,22.792,-1.702,0.258,-1.444
Thailand,2011,0.281,14.281,391.85,1.92,1.8031,0.005,10.506,11.45,21.956,-1.931,-0.349,-2.28
Thailand,2012,0.934,14.934,394.06,2.65,1.8081,0.005,10.42,11.981,22.401,-2.017,0.182,-1.835
Thailand,2013,1.123,15.123,396.74,1.99,1.8134,0.0057,10.919,12.474,23.393,-1.517,0.675,-0.842
Thailand,2014,0.709,14.709,398.81,2.17,1.8226,0.0127,10.812,12.727,23.539,-1.624,0.928,-0.697
Thailand,2015,1.209,15.209,401.01,2.95,1.8342,0.01,10.589,12.366,22.955,-1.848,0.567,-1.281
Thailand,2016,1.461,15.461,404.41,3.03,1.8431,0.007,10.176,11.178,21.353,-2.261,-0.622,-2.882
Thailand,2017,1.011,15.011,406.76,1.9,1.8496,0.0069,10.415,10.702,21.118,-2.022,-1.097,-3.118
Thailand,2018,0.822,14.822,408.72,2.85,1.8573,0.0088,10.378,10.952,21.33,-2.058,-0.847,-2.906
Thailand,2019,1.749,15.749,411.65,2.49,1.8666,0.0096,10.225,10.83,21.055,-2.212,-0.969,-3.181
Thailand,2020,1.515,15.515,414.21,2.3,1.8787,0.0148,10.164,11.578,21.742,-2.272,-0.222,-2.494
Timor-Leste,1979,0.392,14.392,336.84,1.83,1.5305,0.0166,12.35,11.656,24.006,-0.087,-0.143,-0.23
Timor-Leste,1980,0.456,14.456,338.76,1.68,1.5471,0.0169,12.348,11.206,23.554,-0.088,-0.593,-0.682
Timor-Leste,1981,0.8,14.8,340.12,1.43,1.564,0.0169,12.147,11.387,23.533,-0.29,-0.413,-0.702
Timor-Leste,1982,-0.347,13.653,341.48,0.86,1.5809,0.0333,12.468,11.595,24.062,0.031,-0.204,-0.173
Timor-Leste,1983,0.427,14.427,343.15,2.36,1.6142,0.0306,12.353,11.344,23.698,-0.083,-0.455,-0.538
Timor-Leste,1984,0.158,14.158,344.87,1.51,1.6448,0.0129,11.92,11.428,23.348,-0.517,-0.371,-0.887
Timor-Leste,1985,0.577,14.577,346.35,1.21,1.6573,0.0122,12.016,11.569,23.585,-0.421,-0.23,-0.651
Timor-Leste,1986,0.205,14.205,347.61,1.47,1.6701,0.0129,12.224,11.044,23.268,-0.212,-0.755,-0.967
Timor-Leste,1987,-0.0165,13.9835,349.31,2.06,1.6827,0.0114,12.268,11.405,23.673,-0.169,-0.394,-0.562
Timor-Leste,1988,-0.238,13.762,351.69,2.24,1.6931,0.0107,12.19,11.497,23.687,-0.247,-0.302,-0.549
Timor-Leste,1989,-0.4595,13.5405,353.2,1.24,1.7045,0.0112,11.987,11.381,23.368,-0.45,-0.418,-0.868
Timor-Leste,1990,-0.681,13.319,354.45,1.2,1.7144,0.0086,11.718,11.365,23.082,-0.719,-0.434,-1.153
Timor-Leste,1991,-0.483,13.517,355.7,1.05,1.7248,0.0141,11.77,11.498,23.268,-0.667,-0.301,-0.967
Timor-Leste,1992,-0.285,13.715,356.54,0.49,1.7355,0.0024,12.122,11.374,23.496,-0.315,-0.425,-0.74
Timor-Leste,1993,-0.087,13.913,357.21,1.36,1.7365,0.0039,11.947,11.37,23.317,-0.49,-0.429,-0.919
Timor-Leste,1994,0.111,14.111,358.96,1.96,1.7421,0.0073,12.032,11.728,23.76,-0.404,-0.072,-0.476
Timor-Leste,1995,0.309,14.309,360.97,2.01,1.7489,0.0038,11.438,11.748,23.187,-0.998,-0.051,-1.049
Timor-Leste,1996,0.295,14.295,362.74,1.24,1.7513,0.0025,11.848,11.743,23.592,-0.588,-0.056,-0.644
Timor-Leste,1997,0.022,14.022,363.88,1.91,1.7545,0.0064,11.692,11.341,23.032,-0.745,-0.458,-1.203
Timor-Leste,1998,0.909,14.909,366.84,2.97,1.7655,0.0121,11.782,11.689,23.471,-0.655,-0.11,-0.765
Timor-Leste,1999,0.044,14.044,368.54,0.92,1.7723,0.0024,11.713,11.712,23.426,-0.723,-0.087,-0.81
Timor-Leste,2000,0.132,14.132,369.71,1.62,1.7733,-0.0014,11.519,11.724,23.243,-0.917,-0.075,-0.992
Timor-Leste,2001,0.22,14.22,371.32,1.62,1.7713,-0.0007,11.622,11.628,23.25,-0.814,-0.172,-0.986
Timor-Leste,2002,0.308,14.308,373.45,2.51,1.7727,0.0032,11.385,11.176,22.561,-1.052,-0.623,-1.675
Timor-Leste,2003,0.396,14.396,375.98,2.26,1.7773,0.0048,11.419,11.924,23.343,-1.017,0.125,-0.892
Timor-Leste,2004,0.46,14.46,377.7,1.59,1.777,-0.0048,11.251,11.938,23.189,-1.186,0.139,-1.047
Timor-Leste,2005,1.126,15.126,379.98,2.57,1.7742,0.0003,10.928,11.648,22.575,-1.509,-0.152,-1.661
Timor-Leste,2006,0.177,14.177,382.09,1.69,1.775,0.0019,10.794,11.412,22.206,-1.642,-0.387,-2.03
Timor-Leste,2007,0.472,14.472,384.02,2.31,1.7814,0.0078,10.498,11.637,22.135,-1.938,-0.162,-2.101
Timor-Leste,2008,0.21,14.21,385.83,1.54,1.787,0.0065,10.99,12.213,23.203,-1.447,0.414,-1.032
Timor-Leste,2009,0.608,14.608,387.64,2.0,1.7935,0.0047,10.956,11.999,22.955,-1.481,0.2,-1.281
Timor-Leste,2010,0.845,14.845,390.1,2.3,1.7989,0.0051,10.734,12.058,22.792,-1.702,0.258,-1.444
Timor-Leste,2011,-0.067,13.933,391.85,1.92,1.8031,0.005,10.506,11.45,21.956,-1.931,-0.349,-2.28
Timor-Leste,2012,0.2005,14.2005,394.06,2.65,1.8081,0.005,10.42,11.981,22.401,-2.017,0.182,-1.835
Timor-Leste,2013,0.468,14.468,396.74,1.99,1.8134,0.0057,10.919,12.474,23.393,-1.517,0.675,-0.842
Timor-Leste,2014,0.552,14.552,398.81,2.17,1.8226,0.0127,10.812,12.727,23.539,-1.624,0.928,-0.697
Timor-Leste,2015,0.627,14.627,401.01,2.95,1.8342,0.01,10.589,12.366,22.955,-1.848,0.567,-1.281
Timor-Leste,2016,1.556,15.556,404.41,3.03,1.8431,0.007,10.176,11.178,21.353,-2.261,-0.622,-2.882
Timor-Leste,2017,0.858,14.858,406.76,1.9,1.8496,0.0069,10.415,10.702,21.118,-2.022,-1.097,-3.118
Timor-Leste,2018,0.761,14.761,408.72,2.85,1.8573,0.0088,10.378,10.952,21.33,-2.058,-0.847,-2.906
Timor-Leste,2019,0.664,14.664,411.65,2.49,1.8666,0.0096,10.225,10.83,21.055,-2.212,-0.969,-3.181
Timor-Leste,2020,1.452,15.452,414.21,2.3,1.8787,0.0148,10.164,11.578,21.742,-2.272,-0.222,-2.494
Togo,1979,0.437,14.437,336.84,1.83,1.5305,0.0166,12.35,11.656,24.006,-0.087,-0.143,-0.23
Togo,1980,0.422,14.422,338.76,1.68,1.5471,0.0169,12.348,11.206,23.554,-0.088,-0.593,-0.682
Togo,1981,0.171,14.171,340.12,1.43,1.564,0.0169,12.147,11.387,23.533,-0.29,-0.413,-0.702
Togo,1982,0.174,14.174,341.48,0.86,1.5809,0.0333,12.468,11.595,24.062,0.031,-0.204,-0.173
Togo,1983,0.675,14.675,343.15,2.36,1.6142,0.0306,12.353,11.344,23.698,-0.083,-0.455,-0.538
Togo,1984,0.576,14.576,344.87,1.51,1.6448,0.0129,11.92,11.428,23.348,-0.517,-0.371,-0.887
Togo,1985,0.393,14.393,346.35,1.21,1.6573,0.0122,12.016,11.569,23.585,-0.421,-0.23,-0.651
Togo,1986,0.246,14.246,347.61,1.47,1.6701,0.0129,12.224,11.044,23.268,-0.212,-0.755,-0.967
Togo,1987,0.99,14.99,349.31,2.06,1.6827,0.0114,12.268,11.405,23.673,-0.169,-0.394,-0.562
Togo,1988,0.639,14.639,351.69,2.24,1.6931,0.0107,12.19,11.497,23.687,-0.247,-0.302,-0.549
Togo,1989,0.108,14.108,353.2,1.24,1.7045,0.0112,11.987,11.381,23.368,-0.45,-0.418,-0.868
Togo,1990,0.639,14.639,354.45,1.2,1.7144,0.0086,11.718,11.365,23.082,-0.719,-0.434,-1.153
Togo,1991,0.277,14.277,355.7,1.05,1.7248,0.0141,11.77,11.498,23.268,-0.667,-0.301,-0.967
Togo,1992,0.082,14.082,356.54,0.49,1.7355,0.0024,12.122,11.374,23.496,-0.315,-0.425,-0.74
Togo,1993,0.495,14.495,357.21,1.36,1.7365,0.0039,11.947,11.37,23.317,-0.49,-0.429,-0.919
Togo,1994,0.482,14.482,358.96,1.96,1.7421,0.0073,12.032,11.728,23.76,-0.404,-0.072,-0.476
Togo,1995,0.552,14.552,360.97,2.01,1.7489,0.0038,11.438,11.748,23.187,-0.998,-0.051,-1.049
Togo,1996,0.665,14.665,362.74,1.24,1.7513,0.0025,11.848,11.743,23.592,-0.588,-0.056,-0.644
Togo,1997,0.57,14.57,363.88,1.91,1.7545,0.0064,11.692,11.341,23.032,-0.745,-0.458,-1.203
Togo,1998,1.095,15.095,366.84,2.97,1.7655,0.0121,11.782,11.689,23.471,-0.655,-0.11,-0.765
Togo,1999,0.587,14.587,368.54,0.92,1.7723,0.0024,11.713,11.712,23.426,-0.723,-0.087,-0.81
Togo,2000,0.54,14.54,369.71,1.62,1.7733,-0.0014,11.519,11.724,23.243,-0.917,-0.075,-0.992
Togo,2001,0.675,14.675,371.32,1.62,1.7713,-0.0007,11.622,11.628,23.25,-0.814,-0.172,-0.986
Togo,2002,0.738,14.738,373.45,2.51,1.7727,0.0032,11.385,11.176,22.561,-1.052,-0.623,-1.675
Togo,2003,1.043,15.043,375.98,2.26,1.7773,0.0048,11.419,11.924,23.343,-1.017,0.125,-0.892
Togo,2004,0.771,14.771,377.7,1.59,1.777,-0.0048,11.251,11.938,23.189,-1.186,0.139,-1.047
Togo,2005,0.992,14.992,379.98,2.57,1.7742,0.0003,10.928,11.648,22.575,-1.509,-0.152,-1.661
Togo,2006,1.024,15.024,382.09,1.69,1.775,0.0019,10.794,11.412,22.206,-1.642,-0.387,-2.03
Togo,2007,0.926,14.926,384.02,2.31,1.7814,0.0078,10.498,11.637,22.135,-1.938,-0.162,-2.101
Togo,2008,0.772,14.772,385.83,1.54,1.787,0.0065,10.99,12.213,23.203,-1.447,0.414,-1.032
Togo,2009,0.937,14.937,387.64,2.0,1.7935,0.0047,10.956,11.999,22.955,-1.481,0.2,-1.281
Togo,2010,1.316,15.316,390.1,2.3,1.7989,0.0051,10.734,12.058,22.792,-1.702,0.258,-1.444
Togo,2011,0.923,14.923,391.85,1.92,1.8031,0.005,10.506,11.45,21.956,-1.931,-0.349,-2.28
Togo,2012,0.628,14.628,394.06,2.65,1.8081,0.005,10.42,11.981,22.401,-2.017,0.182,-1.835
Togo,2013,0.821,14.821,396.74,1.99,1.8134,0.0057,10.919,12.474,23.393,-1.517,0.675,-0.842
Togo,2014,0.935,14.935,398.81,2.17,1.8226,0.0127,10.812,12.727,23.539,-1.624,0.928,-0.697
Togo,2015,1.197,15.197,401.01,2.95,1.8342,0.01,10.589,12.366,22.955,-1.848,0.567,-1.281
Togo,2016,1.257,15.257,404.41,3.03,1.8431,0.007,10.176,11.178,21.353,-2.261,-0.622,-2.882
Togo,2017,1.351,15.351,406.76,1.9,1.8496,0.0069,10.415,10.702,21.118,-2.022,-1.097,-3.118
Togo,2018,1.179,15.179,408.72,2.85,1.8573,0.0088,10.378,10.952,21.33,-2.058,-0.847,-2.906
Togo,2019,1.335,15.335,411.65,2.49,1.8666,0.0096,10.225,10.83,21.055,-2.212,-0.969,-3.181
Togo,2020,1.233,15.233,414.21,2.3,1.8787,0.0148,10.164,11.578,21.742,-2.272,-0.222,-2.494
Tokelau,1979,0.552,14.552,336.84,1.83,1.5305,0.0166,12.35,11.656,24.006,-0.087,-0.143,-0.23
Tokelau,1980,0.346,14.346,338.76,1.68,1.5471,0.0169,12.348,11.206,23.554,-0.088,-0.593,-0.682
Tokelau,1981,0.282,14.282,340.12,1.43,1.564,0.0169,12.147,11.387,23.533,-0.29,-0.413,-0.702
Tokelau,1982,0.332,14.332,341.48,0.86,1.5809,0.0333,12.468,11.595,24.062,0.031,-0.204,-0.173
Tokelau,1983,0.193,14.193,343.15,2.36,1.6142,0.0306,12.353,11.344,23.698,-0.083,-0.455,-0.538
Tokelau,1984,0.104,14.104,344.87,1.51,1.6448,0.0129,11.92,11.428,23.348,-0.517,-0.371,-0.887
Tokelau,1985,0.241,14.241,346.35,1.21,1.6573,0.0122,12.016,11.569,23.585,-0.421,-0.23,-0.651
Tokelau,1986,0.313,14.313,347.61,1.47,1.6701,0.0129,12.224,11.044,23.268,-0.212,-0.755,-0.967
Tokelau,1987,0.425,14.425,349.31,2.06,1.6827,0.0114,12.268,11.405,23.673,-0.169,-0.394,-0.562
Tokelau,1988,0.135,14.135,351.69,2.24,1.6931,0.0107,12.19,11.497,23.687,-0.247,-0.302,-0.549
Tokelau,1989,0.106,14.106,353.2,1.24,1.7045,0.0112,11.987,11.381,23.368,-0.45,-0.418,-0.868
Tokelau,1990,0.528,14.528,354.45,1.2,1.7144,0.0086,11.718,11.365,23.082,-0.719,-0.434,-1.153
Tokelau,1991,1.028,15.028,355.7,1.05,1.7248,0.0141,11.77,11.498,23.268,-0.667,-0.301,-0.967
Tokelau,1992,1.028,15.028,356.54,0.49,1.7355,0.0024,12.122,11.374,23.496,-0.315,-0.425,-0.74
Tokelau,1993,1.028,15.028,357.21,1.36,1.7365,0.0039,11.947,11.37,23.317,-0.49,-0.429,-0.919
Tokelau,1994,1.028,15.028,358.96,1.96,1.7421,0.0073,12.032,11.728,23.76,-0.404,-0.072,-0.476
Tokelau,1995,1.028,15.028,360.97,2.01,1.7489,0.0038,11.438,11.748,23.187,-0.998,-0.051,-1.049
Tokelau,1996,1.028,15.028,362.74,1.24,1.7513,0.0025,11.848,11.743,23.592,-0.588,-0.056,-0.644
Tokelau,1997,1.028,15.028,363.88,1.91,1.7545,0.0064,11.692,11.341,23.032,-0.745,-0.458,-1.203
Tokelau,1998,1.028,15.028,366.84,2.97,1.7655,0.0121,11.782,11.689,23.471,-0.655,-0.11,-0.765
Tokelau,1999,1.028,15.028,368.54,0.92,1.7723,0.0024,11.713,11.712,23.426,-0.723,-0.087,-0.81
Tokelau,2000,1.028,15.028,369.71,1.62,1.7733,-0.0014,11.519,11.724,23.243,-0.917,-0.075,-0.992
Tokelau,2001,1.028,15.028,371.32,1.62,1.7713,-0.0007,11.622,11.628,23.25,-0.814,-0.172,-0.986
Tokelau,2002,1.028,15.028,373.45,2.51,1.7727,0.0032,11.385,11.176,22.561,-1.052,-0.623,-1.675
Tokelau,2003,1.028,15.028,375.98,2.26,1.7773,0.0048,11.419,11.924,23.343,-1.017,0.125,-0.892
Tokelau,2004,1.028,15.028,377.7,1.59,1.777,-0.0048,11.251,11.938,23.189,-1.186,0.139,-1.047
Tokelau,2005,1.028,15.028,379.98,2.57,1.7742,0.0003,10.928,11.648,22.575,-1.509,-0.152,-1.661
Tokelau,2006,1.028,15.028,382.09,1.69,1.775,0.0019,10.794,11.412,22.206,-1.642,-0.387,-2.03
Tokelau,2007,1.028,15.028,384.02,2.31,1.7814,0.0078,10.498,11.637,22.135,-1.938,-0.162,-2.101
Tokelau,2008,1.028,15.028,385.83,1.54,1.787,0.0065,10.99,12.213,23.203,-1.447,0.414,-1.032
Tokelau,2009,1.028,15.028,387.64,2.0,1.7935,0.0047,10.956,11.999,22.955,-1.481,0.2,-1.281
Tokelau,2010,1.028,15.028,390.1,2.3,1.7989,0.0051,10.734,12.058,22.792,-1.702,0.258,-1.444
Tokelau,2011,1.028,15.028,391.85,1.92,1.8031,0.005,10.506,11.45,21.956,-1.931,-0.349,-2.28
Tokelau,2012,1.028,15.028,394.06,2.65,1.8081,0.005,10.42,11.981,22.401,-2.017,0.182,-1.835
Tokelau,2013,1.028,15.028,396.74,1.99,1.8134,0.0057,10.919,12.474,23.393,-1.517,0.675,-0.842
Tokelau,2014,1.028,15.028,398.81,2.17,1.8226,0.0127,10.812,12.727,23.539,-1.624,0.928,-0.697
Tokelau,2015,1.028,15.028,401.01,2.95,1.8342,0.01,10.589,12.366,22.955,-1.848,0.567,-1.281
Tokelau,2016,1.028,15.028,404.41,3.03,1.8431,0.007,10.176,11.178,21.353,-2.261,-0.622,-2.882
Tokelau,2017,1.028,15.028,406.76,1.9,1.8496,0.0069,10.415,10.702,21.118,-2.022,-1.097,-3.118
Tokelau,2018,1.028,15.028,408.72,2.85,1.8573,0.0088,10.378,10.952,21.33,-2.058,-0.847,-2.906
Tokelau,2019,1.028,15.028,411.65,2.49,1.8666,0.0096,10.225,10.83,21.055,-2.212,-0.969,-3.181
Tokelau,2020,1.028,15.028,414.21,2.3,1.8787,0.0148,10.164,11.578,21.742,-2.272,-0.222,-2.494
Tonga,1979,0.098,14.098,336.84,1.83,1.5305,0.0166,12.35,11.656,24.006,-0.087,-0.143,-0.23
Tonga,1980,0.062,14.062,338.76,1.68,1.5471,0.0169,12.348,11.206,23.554,-0.088,-0.593,-0.682
Tonga,1981,-0.001,13.999,340.12,1.43,1.564,0.0169,12.147,11.387,23.533,-0.29,-0.413,-0.702
Tonga,1982,0.043,14.043,341.48,0.86,1.5809,0.0333,12.468,11.595,24.062,0.031,-0.204,-0.173
Tonga,1983,-0.054,13.946,343.15,2.36,1.6142,0.0306,12.353,11.344,23.698,-0.083,-0.455,-0.538
Tonga,1984,0.172,14.172,344.87,1.51,1.6448,0.0129,11.92,11.428,23.348,-0.517,-0.371,-0.887
Tonga,1985,0.084,14.084,346.35,1.21,1.6573,0.0122,12.016,11.569,23.585,-0.421,-0.23,-0.651
Tonga,1986,-0.136,13.864,347.61,1.47,1.6701,0.0129,12.224,11.044,23.268,-0.212,-0.755,-0.967
Tonga,1987,-0.19,13.81,349.31,2.06,1.6827,0.0114,12.268,11.405,23.673,-0.169,-0.394,-0.562
Tonga,1988,0.616,14.616,351.69,2.24,1.6931,0.0107,12.19,11.497,23.687,-0.247,-0.302,-0.549
Tonga,1989,0.251,14.251,353.2,1.24,1.7045,0.0112,11.987,11.381,23.368,-0.45,-0.418,-0.868
Tonga,1990,0.142,14.142,354.45,1.2,1.7144,0.0086,11.718,11.365,23.082,-0.719,-0.434,-1.153
Tonga,1991,0.098,14.098,355.7,1.05,1.7248,0.0141,11.77,11.498,23.268,-0.667,-0.301,-0.967
Tonga,1992,-0.017,13.983,356.54,0.49,1.7355,0.0024,12.122,11.374,23.496,-0.315,-0.425,-0.74
Tonga,1993,-0.272,13.728,357.21,1.36,1.7365,0.0039,11.947,11.37,23.317,-0.49,-0.429,-0.919
Tonga,1994,0.035,14.035,358.96,1.96,1.7421,0.0073,12.032,11.728,23.76,-0.404,-0.072,-0.476
Tonga,1995,0.357,14.357,360.97,2.01,1.7489,0.0038,11.438,11.748,23.187,-0.998,-0.051,-1.049
Tonga,1996,0.281,14.281,362.74,1.24,1.7513,0.0025,11.848,11.743,23.592,-0.588,-0.056,-0.644
Tonga,1997,0.209,14.209,363.88,1.91,1.7545,0.0064,11.692,11.341,23.032,-0.745,-0.458,-1.203
Tonga,1998,0.323,14.323,366.84,2.97,1.7655,0.0121,11.782,11.689,23.471,-0.655,-0.11,-0.765
Tonga,1999,0.24,14.24,368.54,0.92,1.7723,0.0024,11.713,11.712,23.426,-0.723,-0.087,-0.81
Tonga,2000,0.393,14.393,369.71,1.62,1.7733,-0.0014,11.519,11.724,23.243,-0.917,-0.075,-0.992
Tonga,2001,0.658,14.658,371.32,1.62,1.7713,-0.0007,11.622,11.628,23.25,-0.814,-0.172,-0.986
Tonga,2002,0.816,14.816,373.45,2.51,1.7727,0.0032,11.385,11.176,22.561,-1.052,-0.623,-1.675
Tonga,2003,0.551,14.551,375.98,2.26,1.7773,0.0048,11.419,11.924,23.343,-1.017,0.125,-0.892
Tonga,2004,0.644,14.644,377.7,1.59,1.777,-0.0048,11.251,11.938,23.189,-1.186,0.139,-1.047
Tonga,2005,0.754,14.754,379.98,2.57,1.7742,0.0003,10.928,11.648,22.575,-1.509,-0.152,-1.661
Tonga,2006,0.539,14.539,382.09,1.69,1.775,0.0019,10.794,11.412,22.206,-1.642,-0.387,-2.03
Tonga,2007,0.81,14.81,384.02,2.31,1.7814,0.0078,10.498,11.637,22.135,-1.938,-0.162,-2.101
Tonga,2008,0.281,14.281,385.83,1.54,1.787,0.0065,10.99,12.213,23.203,-1.447,0.414,-1.032
Tonga,2009,0.346,14.346,387.64,2.0,1.7935,0.0047,10.956,11.999,22.955,-1.481,0.2,-1.281
Tonga,2010,0.889,14.889,390.1,2.3,1.7989,0.0051,10.734,12.058,22.792,-1.702,0.258,-1.444
Tonga,2011,0.616,14.616,391.85,1.92,1.8031,0.005,10.506,11.45,21.956,-1.931,-0.349,-2.28
Tonga,2012,0.681,14.681,394.06,2.65,1.8081,0.005,10.42,11.981,22.401,-2.017,0.182,-1.835
Tonga,2013,0.819,14.819,396.74,1.99,1.8134,0.0057,10.919,12.474,23.393,-1.517,0.675,-0.842
Tonga,2014,0.742,14.742,398.81,2.17,1.8226,0.0127,10.812,12.727,23.539,-1.624,0.928,-0.697
Tonga,2015,0.789,14.789,401.01,2.95,1.8342,0.01,10.589,12.366,22.955,-1.848,0.567,-1.281
Tonga,2016,1.313,15.313,404.41,3.03,1.8431,0.007,10.176,11.178,21.353,-2.261,-0.622,-2.882
Tonga,2017,1.106,15.106,406.76,1.9,1.8496,0.0069,10.415,10.702,21.118,-2.022,-1.097,-3.118
Tonga,2018,1.048,15.048,408.72,2.85,1.8573,0.0088,10.378,10.952,21.33,-2.058,-0.847,-2.906
Tonga,2019,1.63,15.63,411.65,2.49,1.8666,0.0096,10.225,10.83,21.055,-2.212,-0.969,-3.181
Tonga,2020,1.424,15.424,414.21,2.3,1.8787,0.0148,10.164,11.578,21.742,-2.272,-0.222,-2.494
Trinidad and Tobago,1979,0.313,14.313,336.84,1.83,1.5305,0.0166,12.35,11.656,24.006,-0.087,-0.143,-0.23
Trinidad and Tobago,1980,0.404,14.404,338.76,1.68,1.5471,0.0169,12.348,11.206,23.554,-0.088,-0.593,-0.682
Trinidad and Tobago,1981,0.379,14.379,340.12,1.43,1.564,0.0169,12.147,11.387,23.533,-0.29,-0.413,-0.702
Trinidad and Tobago,1982,0.14,14.14,341.48,0.86,1.5809,0.0333,12.468,11.595,24.062,0.031,-0.204,-0.173
Trinidad and Tobago,1983,0.364,14.364,343.15,2.36,1.6142,0.0306,12.353,11.344,23.698,-0.083,-0.455,-0.538
Trinidad and Tobago,1984,-0.011,13.989,344.87,1.51,1.6448,0.0129,11.92,11.428,23.348,-0.517,-0.371,-0.887
Trinidad and Tobago,1985,-0.474,13.526,346.35,1.21,1.6573,0.0122,12.016,11.569,23.585,-0.421,-0.23,-0.651
Trinidad and Tobago,1986,-0.205,13.795,347.61,1.47,1.6701,0.0129,12.224,11.044,23.268,-0.212,-0.755,-0.967
Trinidad and Tobago,1987,0.548,14.548,349.31,2.06,1.6827,0.0114,12.268,11.405,23.673,-0.169,-0.394,-0.562
Trinidad and Tobago,1988,0.367,14.367,351.69,2.24,1.6931,0.0107,12.19,11.497,23.687,-0.247,-0.302,-0.549
Trinidad and Tobago,1989,-0.234,13.766,353.2,1.24,1.7045,0.0112,11.987,11.381,23.368,-0.45,-0.418,-0.868
Trinidad and Tobago,1990,0.084,14.084,354.45,1.2,1.7144,0.0086,11.718,11.365,23.082,-0.719,-0.434,-1.153
Trinidad and Tobago,1991,0.211,14.211,355.7,1.05,1.7248,0.0141,11.77,11.498,23.268,-0.667,-0.301,-0.967
Trinidad and Tobago,1992,0.242,14.242,356.54,0.49,1.7355,0.0024,12.122,11.374,23.496,-0.315,-0.425,-0.74
Trinidad and Tobago,1993,0.51,14.51,357.21,1.36,1.7365,0.0039,11.947,11.37,23.317,-0.49,-0.429,-0.919
Trinidad and Tobago,1994,0.316,14.316,358.96,1.96,1.7421,0.0073,12.032,11.728,23.76,-0.404,-0.072,-0.476
Trinidad and Tobago,1995,0.592,14.592,360.97,2.01,1.7489,0.0038,11.438,11.748,23.187,-0.998,-0.051,-1.049
Trinidad and Tobago,1996,0.382,14.382,362.74,1.24,1.7513,0.0025,11.848,11.743,23.592,-0.588,-0.056,-0.644
Trinidad and Tobago,1997,0.439,14.439,363.88,1.91,1.7545,0.0064,11.692,11.341,23.032,-0.745,-0.458,-1.203
Trinidad and Tobago,1998,0.986,14.986,366.84,2.97,1.7655,0.0121,11.782,11.689,23.471,-0.655,-0.11,-0.765
Trinidad and Tobago,1999,0.513,14.513,368.54,0.92,1.7723,0.0024,11.713,11.712,23.426,-0.723,-0.087,-0.81
Trinidad and Tobago,2000,0.353,14.353,369.71,1.62,1.7733,-0.0014,11.519,11.724,23.243,-0.917,-0.075,-0.992
Trinidad and Tobago,2001,0.504,14.504,371.32,1.62,1.7713,-0.0007,11.622,11.628,23.25,-0.814,-0.172,-0.986
Trinidad and Tobago,2002,0.364,14.364,373.45,2.51,1.7727,0.0032,11.385,11.176,22.561,-1.052,-0.623,-1.675
Trinidad and Tobago,2003,0.678,14.678,375.98,2.26,1.7773,0.0048,11.419,11.924,23.343,-1.017,0.125,-0.892
Trinidad and Tobago,2004,0.316,14.316,377.7,1.59,1.777,-0.0048,11.251,11.938,23.189,-1.186,0.139,-1.047
Trinidad and Tobago,2005,0.982,14.982,379.98,2.57,1.7742,0.0003,10.928,11.648,22.575,-1.509,-0.152,-1.661
Trinidad and Tobago,2006,0.499,14.499,382.09,1.69,1.775,0.0019,10.794,11.412,22.206,-1.642,-0.387,-2.03
Trinidad and Tobago,2007,0.393,14.393,384.02,2.31,1.7814,0.0078,10.498,11.637,22.135,-1.938,-0.162,-2.101
Trinidad and Tobago,2008,0.319,14.319,385.83,1.54,1.787,0.0065,10.99,12.213,23.203,-1.447,0.414,-1.032
Trinidad and Tobago,2009,0.503,14.503,387.64,2.0,1.7935,0.0047,10.956,11.999,22.955,-1.481,0.2,-1.281
Trinidad and Tobago,2010,1.221,15.221,390.1,2.3,1.7989,0.0051,10.734,12.058,22.792,-1.702,0.258,-1.444
Trinidad and Tobago,2011,0.55,14.55,391.85,1.92,1.8031,0.005,10.506,11.45,21.956,-1.931,-0.349,-2.28
Trinidad and Tobago,2012,0.508,14.508,394.06,2.65,1.8081,0.005,10.42,11.981,22.401,-2.017,0.182,-1.835
Trinidad and Tobago,2013,0.65,14.65,396.74,1.99,1.8134,0.0057,10.919,12.474,23.393,-1.517,0.675,-0.842
Trinidad and Tobago,2014,0.608,14.608,398.81,2.17,1.8226,0.0127,10.812,12.727,23.539,-1.624,0.928,-0.697
Trinidad and Tobago,2015,0.75,14.75,401.01,2.95,1.8342,0.01,10.589,12.366,22.955,-1.848,0.567,-1.281
Trinidad and Tobago,2016,0.841,14.841,404.41,3.03,1.8431,0.007,10.176,11.178,21.353,-2.261,-0.622,-2.882
Trinidad and Tobago,2017,1.002,15.002,406.76,1.9,1.8496,0.0069,10.415,10.702,21.118,-2.022,-1.097,-3.118
Trinidad and Tobago,2018,0.349,14.349,408.72,2.85,1.8573,0.0088,10.378,10.952,21.33,-2.058,-0.847,-2.906
Trinidad and Tobago,2019,0.867,14.867,411.65,2.49,1.8666,0.0096,10.225,10.83,21.055,-2.212,-0.969,-3.181
Trinidad and Tobago,2020,1.066,15.066,414.21,2.3,1.8787,0.0148,10.164,11.578,21.742,-2.272,-0.222,-2.494
Tunisia,1979,0.462,14.462,336.84,1.83,1.5305,0.0166,12.35,11.656,24.006,-0.087,-0.143,-0.23
Tunisia,1980,-0.138,13.862,338.76,1.68,1.5471,0.0169,12.348,11.206,23.554,-0.088,-0.593,-0.682
Tunisia,1981,0.146,14.146,340.12,1.43,1.564,0.0169,12.147,11.387,23.533,-0.29,-0.413,-0.702
Tunisia,1982,0.872,14.872,341.48,0.86,1.5809,0.0333,12.468,11.595,24.062,0.031,-0.204,-0.173
Tunisia,1983,0.28,14.28,343.15,2.36,1.6142,0.0306,12.353,11.344,23.698,-0.083,-0.455,-0.538
Tunisia,1984,-0.069,13.931,344.87,1.51,1.6448,0.0129,11.92,11.428,23.348,-0.517,-0.371,-0.887
Tunisia,1985,0.446,14.446,346.35,1.21,1.6573,0.0122,12.016,11.569,23.585,-0.421,-0.23,-0.651
Tunisia,1986,0.489,14.489,347.61,1.47,1.6701,0.0129,12.224,11.044,23.268,-0.212,-0.755,-0.967
Tunisia,1987,0.655,14.655,349.31,2.06,1.6827,0.0114,12.268,11.405,23.673,-0.169,-0.394,-0.562
Tunisia,1988,1.367,15.367,351.69,2.24,1.6931,0.0107,12.19,11.497,23.687,-0.247,-0.302,-0.549
Tunisia,1989,0.526,14.526,353.2,1.24,1.7045,0.0112,11.987,11.381,23.368,-0.45,-0.418,-0.868
Tunisia,1990,1.468,15.468,354.45,1.2,1.7144,0.0086,11.718,11.365,23.082,-0.719,-0.434,-1.153
Tunisia,1991,0.007,14.007,355.7,1.05,1.7248,0.0141,11.77,11.498,23.268,-0.667,-0.301,-0.967
Tunisia,1992,0.057,14.057,356.54,0.49,1.7355,0.0024,12.122,11.374,23.496,-0.315,-0.425,-0.74
Tunisia,1993,0.695,14.695,357.21,1.36,1.7365,0.0039,11.947,11.37,23.317,-0.49,-0.429,-0.919
Tunisia,1994,1.378,15.378,358.96,1.96,1.7421,0.0073,12.032,11.728,23.76,-0.404,-0.072,-0.476
Tunisia,1995,0.687,14.687,360.97,2.01,1.7489,0.0038,11.438,11.748,23.187,-0.998,-0.051,-1.049
Tunisia,1996,0.649,14.649,362.74,1.24,1.7513,0.0025,11.848,11.743,23.592,-0.588,-0.056,-0.644
Tunisia,1997,1.305,15.305,363.88,1.91,1.7545,0.0064,11.692,11.341,23.032,-0.745,-0.458,-1.203
Tunisia,1998,1.042,15.042,366.84,2.97,1.7655,0.0121,11.782,11.689,23.471,-0.655,-0.11,-0.765
Tunisia,1999,1.799,15.799,368.54,0.92,1.7723,0.0024,11.713,11.712,23.426,-0.723,-0.087,-0.81
Tunisia,2000,1.068,15.068,369.71,1.62,1.7733,-0.0014,11.519,11.724,23.243,-0.917,-0.075,-0.992
Tunisia,2001,2.039,16.039,371.32,1.62,1.7713,-0.0007,11.622,11.628,23.25,-0.814,-0.172,-0.986
Tunisia,2002,1.303,15.303,373.45,2.51,1.7727,0.0032,11.385,11.176,22.561,-1.052,-0.623,-1.675
Tunisia,2003,1.752,15.752,375.98,2.26,1.7773,0.0048,11.419,11.924,23.343,-1.017,0.125,-0.892
Tunisia,2004,0.971,14.971,377.7,1.59,1.777,-0.0048,11.251,11.938,23.189,-1.186,0.139,-1.047
Tunisia,2005,1.091,15.091,379.98,2.57,1.7742,0.0003,10.928,11.648,22.575,-1.509,-0.152,-1.661
Tunisia,2006,1.304,15.304,382.09,1.69,1.775,0.0019,10.794,11.412,22.206,-1.642,-0.387,-2.03
Tunisia,2007,1.417,15.417,384.02,2.31,1.7814,0.0078,10.498,11.637,22.135,-1.938,-0.162,-2.101
Tunisia,2008,1.405,15.405,385.83,1.54,1.787,0.0065,10.99,12.213,23.203,-1.447,0.414,-1.032
Tunisia,2009,0.894,14.894,387.64,2.0,1.7935,0.0047,10.956,11.999,22.955,-1.481,0.2,-1.281
Tunisia,2010,1.795,15.795,390.1,2.3,1.7989,0.0051,10.734,12.058,22.792,-1.702,0.258,-1.444
Tunisia,2011,1.068,15.068,391.85,1.92,1.8031,0.005,10.506,11.45,21.956,-1.931,-0.349,-2.28
Tunisia,2012,1.626,15.626,394.06,2.65,1.8081,0.005,10.42,11.981,22.401,-2.017,0.182,-1.835
Tunisia,2013,1.449,15.449,396.74,1.99,1.8134,0.0057,10.919,12.474,23.393,-1.517,0.675,-0.842
Tunisia,2014,1.838,15.838,398.81,2.17,1.8226,0.0127,10.812,12.727,23.539,-1.624,0.928,-0.697
Tunisia,2015,1.168,15.168,401.01,2.95,1.8342,0.01,10.589,12.366,22.955,-1.848,0.567,-1.281
Tunisia,2016,1.863,15.863,404.41,3.03,1.8431,0.007,10.176,11.178,21.353,-2.261,-0.622,-2.882
Tunisia,2017,1.333,15.333,406.76,1.9,1.8496,0.0069,10.415,10.702,21.118,-2.022,-1.097,-3.118
Tunisia,2018,1.455,15.455,408.72,2.85,1.8573,0.0088,10.378,10.952,21.33,-2.058,-0.847,-2.906
Tunisia,2019,1.286,15.286,411.65,2.49,1.8666,0.0096,10.225,10.83,21.055,-2.212,-0.969,-3.181
Tunisia,2020,1.948,15.948,414.21,2.3,1.8787,0.0148,10.164,11.578,21.742,-2.272,-0.222,-2.494
Turkey,1979,0.905,14.905,336.84,1.83,1.5305,0.0166,12.35,11.656,24.006,-0.087,-0.143,-0.23
Turkey,1980,-0.101,13.899,338.76,1.68,1.5471,0.0169,12.348,11.206,23.554,-0.088,-0.593,-0.682
Turkey,1981,0.392,14.392,340.12,1.43,1.564,0.0169,12.147,11.387,23.533,-0.29,-0.413,-0.702
Turkey,1982,-0.232,13.768,341.48,0.86,1.5809,0.0333,12.468,11.595,24.062,0.031,-0.204,-0.173
Turkey,1983,-0.459,13.541,343.15,2.36,1.6142,0.0306,12.353,11.344,23.698,-0.083,-0.455,-0.538
Turkey,1984,0.33,14.33,344.87,1.51,1.6448,0.0129,11.92,11.428,23.348,-0.517,-0.371,-0.887
Turkey,1985,-0.078,13.922,346.35,1.21,1.6573,0.0122,12.016,11.569,23.585,-0.421,-0.23,-0.651
Turkey,1986,0.419,14.419,347.61,1.47,1.6701,0.0129,12.224,11.044,23.268,-0.212,-0.755,-0.967
Turkey,1987,-0.398,13.602,349.31,2.06,1.6827,0.0114,12.268,11.405,23.673,-0.169,-0.394,-0.562
Turkey,1988,-0.307,13.693,351.69,2.24,1.6931,0.0107,12.19,11.497,23.687,-0.247,-0.302,-0.549
Turkey,1989,0.34,14.34,353.2,1.24,1.7045,0.0112,11.987,11.381,23.368,-0.45,-0.418,-0.868
Turkey,1990,-0.067,13.933,354.45,1.2,1.7144,0.0086,11.718,11.365,23.082,-0.719,-0.434,-1.153
Turkey,1991,0.218,14.218,355.7,1.05,1.7248,0.0141,11.77,11.498,23.268,-0.667,-0.301,-0.967
Turkey,1992,-1.244,12.756,356.54,0.49,1.7355,0.0024,12.122,11.374,23.496,-0.315,-0.425,-0.74
Turkey,1993,-0.82,13.18,357.21,1.36,1.7365,0.0039,11.947,11.37,23.317,-0.49,-0.429,-0.919
Turkey,1994,1.204,15.204,358.96,1.96,1.7421,0.0073,12.032,11.728,23.76,-0.404,-0.072,-0.476
Turkey,1995,0.147,14.147,360.97,2.01,1.7489,0.0038,11.438,11.748,23.187,-0.998,-0.051,-1.049
Turkey,1996,0.274,14.274,362.74,1.24,1.7513,0.0025,11.848,11.743,23.592,-0.588,-0.056,-0.644
Turkey,1997,-0.005,13.995,363.88,1.91,1.7545,0.0064,11.692,11.341,23.032,-0.745,-0.458,-1.203
Turkey,1998,1.003,15.003,366.84,2.97,1.7655,0.0121,11.782,11.689,23.471,-0.655,-0.11,-0.765
Turkey,1999,1.232,15.232,368.54,0.92,1.7723,0.0024,11.713,11.712,23.426,-0.723,-0.087,-0.81
Turkey,2000,0.516,14.516,369.71,1.62,1.7733,-0.0014,11.519,11.724,23.243,-0.917,-0.075,-0.992
Turkey,2001,1.512,15.512,371.32,1.62,1.7713,-0.0007,11.622,11.628,23.25,-0.814,-0.172,-0.986
Turkey,2002,0.784,14.784,373.45,2.51,1.7727,0.0032,11.385,11.176,22.561,-1.052,-0.623,-1.675
Turkey,2003,0.288,14.288,375.98,2.26,1.7773,0.0048,11.419,11.924,23.343,-1.017,0.125,-0.892
Turkey,2004,0.571,14.571,377.7,1.59,1.777,-0.0048,11.251,11.938,23.189,-1.186,0.139,-1.047
Turkey,2005,0.411,14.411,379.98,2.57,1.7742,0.0003,10.928,11.648,22.575,-1.509,-0.152,-1.661
Turkey,2006,0.862,14.862,382.09,1.69,1.775,0.0019,10.794,11.412,22.206,-1.642,-0.387,-2.03
Turkey,2007,0.953,14.953,384.02,2.31,1.7814,0.0078,10.498,11.637,22.135,-1.938,-0.162,-2.101
Turkey,2008,0.813,14.813,385.83,1.54,1.787,0.0065,10.99,12.213,23.203,-1.447,0.414,-1.032
Turkey,2009,0.649,14.649,387.64,2.0,1.7935,0.0047,10.956,11.999,22.955,-1.481,0.2,-1.281
Turkey,2010,2.342,16.342,390.1,2.3,1.7989,0.0051,10.734,12.058,22.792,-1.702,0.258,-1.444
Turkey,2011,0.365,14.365,391.85,1.92,1.8031,0.005,10.506,11.45,21.956,-1.931,-0.349,-2.28
Turkey,2012,0.94,14.94,394.06,2.65,1.8081,0.005,10.42,11.981,22.401,-2.017,0.182,-1.835
Turkey,2013,1.34,15.34,396.74,1.99,1.8134,0.0057,10.919,12.474,23.393,-1.517,0.675,-0.842
Turkey,2014,1.321,15.321,398.81,2.17,1.8226,0.0127,10.812,12.727,23.539,-1.624,0.928,-0.697
Turkey,2015,0.811,14.811,401.01,2.95,1.8342,0.01,10.589,12.366,22.955,-1.848,0.567,-1.281
Turkey,2016,1.575,15.575,404.41,3.03,1.8431,0.007,10.176,11.178,21.353,-2.261,-0.622,-2.882
Turkey,2017,0.768,14.768,406.76,1.9,1.8496,0.0069,10.415,10.702,21.118,-2.022,-1.097,-3.118
Turkey,2018,2.629,16.629,408.72,2.85,1.8573,0.0088,10.378,10.952,21.33,-2.058,-0.847,-2.906
Turkey,2019,1.695,15.695,411.65,2.49,1.8666,0.0096,10.225,10.83,21.055,-2.212,-0.969,-3.181
Turkey,2020,1.912,15.912,414.21,2.3,1.8787,0.0148,10.164,11.578,21.742,-2.272,-0.222,-2.494
Turks and Caicos Islands,1979,0.187,14.187,336.84,1.83,1.5305,0.0166,12.35,11.656,24.006,-0.087,-0.143,-0.23
Turks and Caicos Islands,1980,0.391,14.391,338.76,1.68,1.5471,0.0169,12.348,11.206,23.554,-0.088,-0.593,-0.682
Turks and Caicos Islands,1981,0.391,14.391,340.12,1.43,1.564,0.0169,12.147,11.387,23.533,-0.29,-0.413,-0.702
Turks and Caicos Islands,1982,0.391,14.391,341.48,0.86,1.5809,0.0333,12.468,11.595,24.062,0.031,-0.204,-0.173
Turks and Caicos Islands,1983,0.391,14.391,343.15,2.36,1.6142,0.0306,12.353,11.344,23.698,-0.083,-0.455,-0.538
Turks and Caicos Islands,1984,0.391,14.391,344.87,1.51,1.6448,0.0129,11.92,11.428,23.348,-0.517,-0.371,-0.887
Turks and Caicos Islands,1985,0.391,14.391,346.35,1.21,1.6573,0.0122,12.016,11.569,23.585,-0.421,-0.23,-0.651
Turks and Caicos Islands,1986,0.391,14.391,347.61,1.47,1.6701,0.0129,12.224,11.044,23.268,-0.212,-0.755,-0.967
Turks and Caicos Islands,1987,0.391,14.391,349.31,2.06,1.6827,0.0114,12.268,11.405,23.673,-0.169,-0.394,-0.562
Turks and Caicos Islands,1988,0.391,14.391,351.69,2.24,1.6931,0.0107,12.19,11.497,23.687,-0.247,-0.302,-0.549
Turks and Caicos Islands,1989,0.391,14.391,353.2,1.24,1.7045,0.0112,11.987,11.381,23.368,-0.45,-0.418,-0.868
Turks and Caicos Islands,1990,0.391,14.391,354.45,1.2,1.7144,0.0086,11.718,11.365,23.082,-0.719,-0.434,-1.153
Turks and Caicos Islands,1991,0.391,14.391,355.7,1.05,1.7248,0.0141,11.77,11.498,23.268,-0.667,-0.301,-0.967
Turks and Caicos Islands,1992,0.391,14.391,356.54,0.49,1.7355,0.0024,12.122,11.374,23.496,-0.315,-0.425,-0.74
Turks and Caicos Islands,1993,0.391,14.391,357.21,1.36,1.7365,0.0039,11.947,11.37,23.317,-0.49,-0.429,-0.919
Turks and Caicos Islands,1994,0.391,14.391,358.96,1.96,1.7421,0.0073,12.032,11.728,23.76,-0.404,-0.072,-0.476
Turks and Caicos Islands,1995,0.391,14.391,360.97,2.01,1.7489,0.0038,11.438,11.748,23.187,-0.998,-0.051,-1.049
Turks and Caicos Islands,1996,0.391,14.391,362.74,1.24,1.7513,0.0025,11.848,11.743,23.592,-0.588,-0.056,-0.644
Turks and Caicos Islands,1997,0.391,14.391,363.88,1.91,1.7545,0.0064,11.692,11.341,23.032,-0.745,-0.458,-1.203
Turks and Caicos Islands,1998,0.391,14.391,366.84,2.97,1.7655,0.0121,11.782,11.689,23.471,-0.655,-0.11,-0.765
Turks and Caicos Islands,1999,0.391,14.391,368.54,0.92,1.7723,0.0024,11.713,11.712,23.426,-0.723,-0.087,-0.81
Turks and Caicos Islands,2000,0.391,14.391,369.71,1.62,1.7733,-0.0014,11.519,11.724,23.243,-0.917,-0.075,-0.992
Turks and Caicos Islands,2001,0.391,14.391,371.32,1.62,1.7713,-0.0007,11.622,11.628,23.25,-0.814,-0.172,-0.986
Turks and Caicos Islands,2002,0.391,14.391,373.45,2.51,1.7727,0.0032,11.385,11.176,22.561,-1.052,-0.623,-1.675
Turks and Caicos Islands,2003,0.391,14.391,375.98,2.26,1.7773,0.0048,11.419,11.924,23.343,-1.017,0.125,-0.892
Turks and Caicos Islands,2004,0.391,14.391,377.7,1.59,1.777,-0.0048,11.251,11.938,23.189,-1.186,0.139,-1.047
Turks and Caicos Islands,2005,0.391,14.391,379.98,2.57,1.7742,0.0003,10.928,11.648,22.575,-1.509,-0.152,-1.661
Turks and Caicos Islands,2006,0.391,14.391,382.09,1.69,1.775,0.0019,10.794,11.412,22.206,-1.642,-0.387,-2.03
Turks and Caicos Islands,2007,0.391,14.391,384.02,2.31,1.7814,0.0078,10.498,11.637,22.135,-1.938,-0.162,-2.101
Turks and Caicos Islands,2008,0.391,14.391,385.83,1.54,1.787,0.0065,10.99,12.213,23.203,-1.447,0.414,-1.032
Turks and Caicos Islands,2009,0.391,14.391,387.64,2.0,1.7935,0.0047,10.956,11.999,22.955,-1.481,0.2,-1.281
Turks and Caicos Islands,2010,0.391,14.391,390.1,2.3,1.7989,0.0051,10.734,12.058,22.792,-1.702,0.258,-1.444
Turks and Caicos Islands,2011,0.391,14.391,391.85,1.92,1.8031,0.005,10.506,11.45,21.956,-1.931,-0.349,-2.28
Turks and Caicos Islands,2012,0.391,14.391,394.06,2.65,1.8081,0.005,10.42,11.981,22.401,-2.017,0.182,-1.835
Turks and Caicos Islands,2013,0.391,14.391,396.74,1.99,1.8134,0.0057,10.919,12.474,23.393,-1.517,0.675,-0.842
Turks and Caicos Islands,2014,0.391,14.391,398.81,2.17,1.8226,0.0127,10.812,12.727,23.539,-1.624,0.928,-0.697
Turks and Caicos Islands,2015,0.391,14.391,401.01,2.95,1.8342,0.01,10.589,12.366,22.955,-1.848,0.567,-1.281
Turks and Caicos Islands,2016,0.391,14.391,404.41,3.03,1.8431,0.007,10.176,11.178,21.353,-2.261,-0.622,-2.882
Turks and Caicos Islands,2017,0.391,14.391,406.76,1.9,1.8496,0.0069,10.415,10.702,21.118,-2.022,-1.097,-3.118
Turks and Caicos Islands,2018,0.391,14.391,408.72,2.85,1.8573,0.0088,10.378,10.952,21.33,-2.058,-0.847,-2.906
Turks and Caicos Islands,2019,0.391,14.391,411.65,2.49,1.8666,0.0096,10.225,10.83,21.055,-2.212,-0.969,-3.181
Turks and Caicos Islands,2020,0.391,14.391,414.21,2.3,1.8787,0.0148,10.164,11.578,21.742,-2.272,-0.222,-2.494
Tuvalu,1979,0.163,14.163,336.84,1.83,1.5305,0.0166,12.35,11.656,24.006,-0.087,-0.143,-0.23
Tuvalu,1980,0.209,14.209,338.76,1.68,1.5471,0.0169,12.348,11.206,23.554,-0.088,-0.593,-0.682
Tuvalu,1981,0.062,14.062,340.12,1.43,1.564,0.0169,12.147,11.387,23.533,-0.29,-0.413,-0.702
Tuvalu,1982,-0.071,13.929,341.48,0.86,1.5809,0.0333,12.468,11.595,24.062,0.031,-0.204,-0.173
Tuvalu,1983,-0.141,13.859,343.15,2.36,1.6142,0.0306,12.353,11.344,23.698,-0.083,-0.455,-0.538
Tuvalu,1984,-0.007,13.993,344.87,1.51,1.6448,0.0129,11.92,11.428,23.348,-0.517,-0.371,-0.887
Tuvalu,1985,0.109,14.109,346.35,1.21,1.6573,0.0122,12.016,11.569,23.585,-0.421,-0.23,-0.651
Tuvalu,1986,0.342,14.342,347.61,1.47,1.6701,0.0129,12.224,11.044,23.268,-0.212,-0.755,-0.967
Tuvalu,1987,-0.114,13.886,349.31,2.06,1.6827,0.0114,12.268,11.405,23.673,-0.169,-0.394,-0.562
Tuvalu,1988,-0.028,13.972,351.69,2.24,1.6931,0.0107,12.19,11.497,23.687,-0.247,-0.302,-0.549
Tuvalu,1989,-0.242,13.758,353.2,1.24,1.7045,0.0112,11.987,11.381,23.368,-0.45,-0.418,-0.868
Tuvalu,1990,0.103,14.103,354.45,1.2,1.7144,0.0086,11.718,11.365,23.082,-0.719,-0.434,-1.153
Tuvalu,1991,0.428,14.428,355.7,1.05,1.7248,0.0141,11.77,11.498,23.268,-0.667,-0.301,-0.967
Tuvalu,1992,0.114,14.114,356.54,0.49,1.7355,0.0024,12.122,11.374,23.496,-0.315,-0.425,-0.74
Tuvalu,1993,-0.089,13.911,357.21,1.36,1.7365,0.0039,11.947,11.37,23.317,-0.49,-0.429,-0.919
Tuvalu,1994,0.408,14.408,358.96,1.96,1.7421,0.0073,12.032,11.728,23.76,-0.404,-0.072,-0.476
Tuvalu,1995,0.383,14.383,360.97,2.01,1.7489,0.0038,11.438,11.748,23.187,-0.998,-0.051,-1.049
Tuvalu,1996,0.281,14.281,362.74,1.24,1.7513,0.0025,11.848,11.743,23.592,-0.588,-0.056,-0.644
Tuvalu,1997,0.329,14.329,363.88,1.91,1.7545,0.0064,11.692,11.341,23.032,-0.745,-0.458,-1.203
Tuvalu,1998,0.112,14.112,366.84,2.97,1.7655,0.0121,11.782,11.689,23.471,-0.655,-0.11,-0.765
Tuvalu,1999,0.31,14.31,368.54,0.92,1.7723,0.0024,11.713,11.712,23.426,-0.723,-0.087,-0.81
Tuvalu,2000,0.418,14.418,369.71,1.62,1.7733,-0.0014,11.519,11.724,23.243,-0.917,-0.075,-0.992
Tuvalu,2001,0.684,14.684,371.32,1.62,1.7713,-0.0007,11.622,11.628,23.25,-0.814,-0.172,-0.986
Tuvalu,2002,0.708,14.708,373.45,2.51,1.7727,0.0032,11.385,11.176,22.561,-1.052,-0.623,-1.675
Tuvalu,2003,0.483,14.483,375.98,2.26,1.7773,0.0048,11.419,11.924,23.343,-1.017,0.125,-0.892
Tuvalu,2004,0.56,14.56,377.7,1.59,1.777,-0.0048,11.251,11.938,23.189,-1.186,0.139,-1.047
Tuvalu,2005,0.71,14.71,379.98,2.57,1.7742,0.0003,10.928,11.648,22.575,-1.509,-0.152,-1.661
Tuvalu,2006,0.561,14.561,382.09,1.69,1.775,0.0019,10.794,11.412,22.206,-1.642,-0.387,-2.03
Tuvalu,2007,0.656,14.656,384.02,2.31,1.7814,0.0078,10.498,11.637,22.135,-1.938,-0.162,-2.101
Tuvalu,2008,0.278,14.278,385.83,1.54,1.787,0.0065,10.99,12.213,23.203,-1.447,0.414,-1.032
Tuvalu,2009,0.569,14.569,387.64,2.0,1.7935,0.0047,10.956,11.999,22.955,-1.481,0.2,-1.281
Tuvalu,2010,0.83,14.83,390.1,2.3,1.7989,0.0051,10.734,12.058,22.792,-1.702,0.258,-1.444
Tuvalu,2011,0.708,14.708,391.85,1.92,1.8031,0.005,10.506,11.45,21.956,-1.931,-0.349,-2.28
Tuvalu,2012,0.514,14.514,394.06,2.65,1.8081,0.005,10.42,11.981,22.401,-2.017,0.182,-1.835
Tuvalu,2013,0.585,14.585,396.74,1.99,1.8134,0.0057,10.919,12.474,23.393,-1.517,0.675,-0.842
Tuvalu,2014,0.548,14.548,398.81,2.17,1.8226,0.0127,10.812,12.727,23.539,-1.624,0.928,-0.697
Tuvalu,2015,0.7,14.7,401.01,2.95,1.8342,0.01,10.589,12.366,22.955,-1.848,0.567,-1.281
Tuvalu,2016,0.825,14.825,404.41,3.03,1.8431,0.007,10.176,11.178,21.353,-2.261,-0.622,-2.882
Tuvalu,2017,0.915,14.915,406.76,1.9,1.8496,0.0069,10.415,10.702,21.118,-2.022,-1.097,-3.118
Tuvalu,2018,0.877,14.877,408.72,2.85,1.8573,0.0088,10.378,10.952,21.33,-2.058,-0.847,-2.906
Tuvalu,2019,0.98,14.98,411.65,2.49,1.8666,0.0096,10.225,10.83,21.055,-2.212,-0.969,-3.181
Tuvalu,2020,1.098,15.098,414.21,2.3,1.8787,0.0148,10.164,11.578,21.742,-2.272,-0.222,-2.494
Uganda,1979,0.391,14.391,336.84,1.83,1.5305,0.0166,12.35,11.656,24.006,-0.087,-0.143,-0.23
Uganda,1980,0.635,14.635,338.76,1.68,1.5471,0.0169,12.348,11.206,23.554,-0.088,-0.593,-0.682
Uganda,1981,0.443,14.443,340.12,1.43,1.564,0.0169,12.147,11.387,23.533,-0.29,-0.413,-0.702
Uganda,1982,0.46,14.46,341.48,0.86,1.5809,0.0333,12.468,11.595,24.062,0.031,-0.204,-0.173
Uganda,1983,0.714,14.714,343.15,2.36,1.6142,0.0306,12.353,11.344,23.698,-0.083,-0.455,-0.538
Uganda,1984,0.265,14.265,344.87,1.51,1.6448,0.0129,11.92,11.428,23.348,-0.517,-0.371,-0.887
Uganda,1985,0.13,14.13,346.35,1.21,1.6573,0.0122,12.016,11.569,23.585,-0.421,-0.23,-0.651
Uganda,1986,0.292,14.292,347.61,1.47,1.6701,0.0129,12.224,11.044,23.268,-0.212,-0.755,-0.967
Uganda,1987,0.691,14.691,349.31,2.06,1.6827,0.0114,12.268,11.405,23.673,-0.169,-0.394,-0.562
Uganda,1988,0.524,14.524,351.69,2.24,1.6931,0.0107,12.19,11.497,23.687,-0.247,-0.302,-0.549
Uganda,1989,-0.019,13.981,353.2,1.24,1.7045,0.0112,11.987,11.381,23.368,-0.45,-0.418,-0.868
Uganda,1990,0.329,14.329,354.45,1.2,1.7144,0.0086,11.718,11.365,23.082,-0.719,-0.434,-1.153
Uganda,1991,0.272,14.272,355.7,1.05,1.7248,0.0141,11.77,11.498,23.268,-0.667,-0.301,-0.967
Uganda,1992,0.312,14.312,356.54,0.49,1.7355,0.0024,12.122,11.374,23.496,-0.315,-0.425,-0.74
Uganda,1993,0.227,14.227,357.21,1.36,1.7365,0.0039,11.947,11.37,23.317,-0.49,-0.429,-0.919
Uganda,1994,0.243,14.243,358.96,1.96,1.7421,0.0073,12.032,11.728,23.76,-0.404,-0.072,-0.476
Uganda,1995,0.475,14.475,360.97,2.01,1.7489,0.0038,11.438,11.748,23.187,-0.998,-0.051,-1.049
Uganda,1996,0.373,14.373,362.74,1.24,1.7513,0.0025,11.848,11.743,23.592,-0.588,-0.056,-0.644
Uganda,1997,0.64,14.64,363.88,1.91,1.7545,0.0064,11.692,11.341,23.032,-0.745,-0.458,-1.203
Uganda,1998,0.473,14.473,366.84,2.97,1.7655,0.0121,11.782,11.689,23.471,-0.655,-0.11,-0.765
Uganda,1999,-0.062,13.938,368.54,0.92,1.7723,0.0024,11.713,11.712,23.426,-0.723,-0.087,-0.81
Uganda,2000,0.41,14.41,369.71,1.62,1.7733,-0.0014,11.519,11.724,23.243,-0.917,-0.075,-0.992
Uganda,2001,0.341,14.341,371.32,1.62,1.7713,-0.0007,11.622,11.628,23.25,-0.814,-0.172,-0.986
Uganda,2002,0.736,14.736,373.45,2.51,1.7727,0.0032,11.385,11.176,22.561,-1.052,-0.623,-1.675
Uganda,2003,0.793,14.793,375.98,2.26,1.7773,0.0048,11.419,11.924,23.343,-1.017,0.125,-0.892
Uganda,2004,0.71,14.71,377.7,1.59,1.777,-0.0048,11.251,11.938,23.189,-1.186,0.139,-1.047
Uganda,2005,1.354,15.354,379.98,2.57,1.7742,0.0003,10.928,11.648,22.575,-1.509,-0.152,-1.661
Uganda,2006,1.028,15.028,382.09,1.69,1.775,0.0019,10.794,11.412,22.206,-1.642,-0.387,-2.03
Uganda,2007,0.424,14.424,384.02,2.31,1.7814,0.0078,10.498,11.637,22.135,-1.938,-0.162,-2.101
Uganda,2008,0.603,14.603,385.83,1.54,1.787,0.0065,10.99,12.213,23.203,-1.447,0.414,-1.032
Uganda,2009,1.178,15.178,387.64,2.0,1.7935,0.0047,10.956,11.999,22.955,-1.481,0.2,-1.281
Uganda,2010,1.227,15.227,390.1,2.3,1.7989,0.0051,10.734,12.058,22.792,-1.702,0.258,-1.444
Uganda,2011,0.844,14.844,391.85,1.92,1.8031,0.005,10.506,11.45,21.956,-1.931,-0.349,-2.28
Uganda,2012,0.914,14.914,394.06,2.65,1.8081,0.005,10.42,11.981,22.401,-2.017,0.182,-1.835
Uganda,2013,0.92,14.92,396.74,1.99,1.8134,0.0057,10.919,12.474,23.393,-1.517,0.675,-0.842
Uganda,2014,0.911,14.911,398.81,2.17,1.8226,0.0127,10.812,12.727,23.539,-1.624,0.928,-0.697
Uganda,2015,0.977,14.977,401.01,2.95,1.8342,0.01,10.589,12.366,22.955,-1.848,0.567,-1.281
Uganda,2016,1.064,15.064,404.41,3.03,1.8431,0.007,10.176,11.178,21.353,-2.261,-0.622,-2.882
Uganda,2017,1.449,15.449,406.76,1.9,1.8496,0.0069,10.415,10.702,21.118,-2.022,-1.097,-3.118
Uganda,2018,0.779,14.779,408.72,2.85,1.8573,0.0088,10.378,10.952,21.33,-2.058,-0.847,-2.906
Uganda,2019,1.292,15.292,411.65,2.49,1.8666,0.0096,10.225,10.83,21.055,-2.212,-0.969,-3.181
Uganda,2020,0.934,14.934,414.21,2.3,1.8787,0.0148,10.164,11.578,21.742,-2.272,-0.222,-2.494
United Arab Emirates,1979,0.496,14.496,336.84,1.83,1.5305,0.0166,12.35,11.656,24.006,-0.087,-0.143,-0.23
United Arab Emirates,1980,0.469,14.469,338.76,1.68,1.5471,0.0169,12.348,11.206,23.554,-0.088,-0.593,-0.682
United Arab Emirates,1981,0.31,14.31,340.12,1.43,1.564,0.0169,12.147,11.387,23.533,-0.29,-0.413,-0.702
United Arab Emirates,1982,-0.259,13.741,341.48,0.86,1.5809,0.0333,12.468,11.595,24.062,0.031,-0.204,-0.173
United Arab Emirates,1983,-0.614,13.386,343.15,2.36,1.6142,0.0306,12.353,11.344,23.698,-0.083,-0.455,-0.538
United Arab Emirates,1984,-0.128,13.872,344.87,1.51,1.6448,0.0129,11.92,11.428,23.348,-0.517,-0.371,-0.887
United Arab Emirates,1985,0.238,14.238,346.35,1.21,1.6573,0.0122,12.016,11.569,23.585,-0.421,-0.23,-0.651
United Arab Emirates,1986,0.3,14.3,347.61,1.47,1.6701,0.0129,12.224,11.044,23.268,-0.212,-0.755,-0.967
United Arab Emirates,1987,0.266,14.266,349.31,2.06,1.6827,0.0114,12.268,11.405,23.673,-0.169,-0.394,-0.562
United Arab Emirates,1988,0.312,14.312,351.69,2.24,1.6931,0.0107,12.19,11.497,23.687,-0.247,-0.302,-0.549
United Arab Emirates,1989,-0.212,13.788,353.2,1.24,1.7045,0.0112,11.987,11.381,23.368,-0.45,-0.418,-0.868
United Arab Emirates,1990,0.355,14.355,354.45,1.2,1.7144,0.0086,11.718,11.365,23.082,-0.719,-0.434,-1.153
United Arab Emirates,1991,-0.164,13.836,355.7,1.05,1.7248,0.0141,11.77,11.498,23.268,-0.667,-0.301,-0.967
United Arab Emirates,1992,-0.492,13.508,356.54,0.49,1.7355,0.0024,12.122,11.374,23.496,-0.315,-0.425,-0.74
United Arab Emirates,1993,0.137,14.137,357.21,1.36,1.7365,0.0039,11.947,11.37,23.317,-0.49,-0.429,-0.919
United Arab Emirates,1994,0.566,14.566,358.96,1.96,1.7421,0.0073,12.032,11.728,23.76,-0.404,-0.072,-0.476
United Arab Emirates,1995,0.023,14.023,360.97,2.01,1.7489,0.0038,11.438,11.748,23.187,-0.998,-0.051,-1.049
United Arab Emirates,1996,0.478,14.478,362.74,1.24,1.7513,0.0025,11.848,11.743,23.592,-0.588,-0.056,-0.644
United Arab Emirates,1997,-0.148,13.852,363.88,1.91,1.7545,0.0064,11.692,11.341,23.032,-0.745,-0.458,-1.203
United Arab Emirates,1998,1.16,15.16,366.84,2.97,1.7655,0.0121,11.782,11.689,23.471,-0.655,-0.11,-0.765
United Arab Emirates,1999,1.461,15.461,368.54,0.92,1.7723,0.0024,11.713,11.712,23.426,-0.723,-0.087,-0.81
United Arab Emirates,2000,0.835,14.835,369.71,1.62,1.7733,-0.0014,11.519,11.724,23.243,-0.917,-0.075,-0.992
United Arab Emirates,2001,0.702,14.702,371.32,1.62,1.7713,-0.0007,11.622,11.628,23.25,-0.814,-0.172,-0.986
United Arab Emirates,2002,1.231,15.231,373.45,2.51,1.7727,0.0032,11.385,11.176,22.561,-1.052,-0.623,-1.675
United Arab Emirates,2003,1.095,15.095,375.98,2.26,1.7773,0.0048,11.419,11.924,23.343,-1.017,0.125,-0.892
United Arab Emirates,2004,1.037,15.037,377.7,1.59,1.777,-0.0048,11.251,11.938,23.189,-1.186,0.139,-1.047
United Arab Emirates,2005,0.733,14.733,379.98,2.57,1.7742,0.0003,10.928,11.648,22.575,-1.509,-0.152,-1.661
United Arab Emirates,2006,1.27,15.27,382.09,1.69,1.775,0.0019,10.794,11.412,22.206,-1.642,-0.387,-2.03
United Arab Emirates,2007,0.848,14.848,384.02,2.31,1.7814,0.0078,10.498,11.637,22.135,-1.938,-0.162,-2.101
United Arab Emirates,2008,0.819,14.819,385.83,1.54,1.787,0.0065,10.99,12.213,23.203,-1.447,0.414,-1.032
United Arab Emirates,2009,0.926,14.926,387.64,2.0,1.7935,0.0047,10.956,11.999,22.955,-1.481,0.2,-1.281
United Arab Emirates,2010,1.581,15.581,390.1,2.3,1.7989,0.0051,10.734,12.058,22.792,-1.702,0.258,-1.444
United Arab Emirates,2011,1.251,15.251,391.85,1.92,1.8031,0.005,10.506,11.45,21.956,-1.931,-0.349,-2.28
United Arab Emirates,2012,1.179,15.179,394.06,2.65,1.8081,0.005,10.42,11.981,22.401,-2.017,0.182,-1.835
United Arab Emirates,2013,0.863,14.863,396.74,1.99,1.8134,0.0057,10.919,12.474,23.393,-1.517,0.675,-0.842
United Arab Emirates,2014,1.008,15.008,398.81,2.17,1.8226,0.0127,10.812,12.727,23.539,-1.624,0.928,-0.697
United Arab Emirates,2015,1.627,15.627,401.01,2.95,1.8342,0.01,10.589,12.366,22.955,-1.848,0.567,-1.281
United Arab Emirates,2016,1.148,15.148,404.41,3.03,1.8431,0.007,10.176,11.178,21.353,-2.261,-0.622,-2.882
United Arab Emirates,2017,1.654,15.654,406.76,1.9,1.8496,0.0069,10.415,10.702,21.118,-2.022,-1.097,-3.118
United Arab Emirates,2018,1.593,15.593,408.72,2.85,1.8573,0.0088,10.378,10.952,21.33,-2.058,-0.847,-2.906
United Arab Emirates,2019,1.266,15.266,411.65,2.49,1.8666,0.0096,10.225,10.83,21.055,-2.212,-0.969,-3.181
United Arab Emirates,2020,1.302,15.302,414.21,2.3,1.8787,0.0148,10.164,11.578,21.742,-2.272,-0.222,-2.494
United Kingdom of Great Britain and Northern Ireland,1979,-0.792,13.208,336.84,1.83,1.5305,0.0166,12.35,11.656,24.006,-0.087,-0.143,-0.23
United Kingdom of Great Britain and Northern Ireland,1980,-0.033,13.967,338.76,1.68,1.5471,0.0169,12.348,11.206,23.554,-0.088,-0.593,-0.682
United Kingdom of Great Britain and Northern Ireland,1981,0.162,14.162,340.12,1.43,1.564,0.0169,12.147,11.387,23.533,-0.29,-0.413,-0.702
United Kingdom of Great Britain and Northern Ireland,1982,0.104,14.104,341.48,0.86,1.5809,0.0333,12.468,11.595,24.062,0.031,-0.204,-0.173
United Kingdom of Great Britain and Northern Ireland,1983,0.337,14.337,343.15,2.36,1.6142,0.0306,12.353,11.344,23.698,-0.083,-0.455,-0.538
United Kingdom of Great Britain and Northern Ireland,1984,0.326,14.326,344.87,1.51,1.6448,0.0129,11.92,11.428,23.348,-0.517,-0.371,-0.887
United Kingdom of Great Britain and Northern Ireland,1985,-0.532,13.468,346.35,1.21,1.6573,0.0122,12.016,11.569,23.585,-0.421,-0.23,-0.651
United Kingdom of Great Britain and Northern Ireland,1986,-0.603,13.397,347.61,1.47,1.6701,0.0129,12.224,11.044,23.268,-0.212,-0.755,-0.967
United Kingdom of Great Britain and Northern Ireland,1987,-0.293,13.707,349.31,2.06,1.6827,0.0114,12.268,11.405,23.673,-0.169,-0.394,-0.562
United Kingdom of Great Britain and Northern Ireland,1988,0.296,14.296,351.69,2.24,1.6931,0.0107,12.19,11.497,23.687,-0.247,-0.302,-0.549
United Kingdom of Great Britain and Northern Ireland,1989,1.129,15.129,353.2,1.24,1.7045,0.0112,11.987,11.381,23.368,-0.45,-0.418,-0.868
United Kingdom of Great Britain and Northern Ireland,1990,0.998,14.998,354.45,1.2,1.7144,0.0086,11.718,11.365,23.082,-0.719,-0.434,-1.153
United Kingdom of Great Britain and Northern Ireland,1991,0.193,14.193,355.7,1.05,1.7248,0.0141,11.77,11.498,23.268,-0.667,-0.301,-0.967
United Kingdom of Great Britain and Northern Ireland,1992,0.506,14.506,356.54,0.49,1.7355,0.0024,12.122,11.374,23.496,-0.315,-0.425,-0.74
United Kingdom of Great Britain and Northern Ireland,1993,-0.028,13.972,357.21,1.36,1.7365,0.0039,11.947,11.37,23.317,-0.49,-0.429,-0.919
United Kingdom of Great Britain and Northern Ireland,1994,0.402,14.402,358.96,1.96,1.7421,0.0073,12.032,11.728,23.76,-0.404,-0.072,-0.476
United Kingdom of Great Britain and Northern Ireland,1995,1.111,15.111,360.97,2.01,1.7489,0.0038,11.438,11.748,23.187,-0.998,-0.051,-1.049
United Kingdom of Great Britain and Northern Ireland,1996,-0.149,13.851,362.74,1.24,1.7513,0.0025,11.848,11.743,23.592,-0.588,-0.056,-0.644
United Kingdom of Great Britain and Northern Ireland,1997,0.875,14.875,363.88,1.91,1.7545,0.0064,11.692,11.341,23.032,-0.745,-0.458,-1.203
United Kingdom of Great Britain and Northern Ireland,1998,0.855,14.855,366.84,2.97,1.7655,0.0121,11.782,11.689,23.471,-0.655,-0.11,-0.765
United Kingdom of Great Britain and Northern Ireland,1999,1.127,15.127,368.54,0.92,1.7723,0.0024,11.713,11.712,23.426,-0.723,-0.087,-0.81
United Kingdom of Great Britain and Northern Ireland,2000,0.716,14.716,369.71,1.62,1.7733,-0.0014,11.519,11.724,23.243,-0.917,-0.075,-0.992
United Kingdom of Great Britain and Northern Ireland,2001,0.626,14.626,371.32,1.62,1.7713,-0.0007,11.622,11.628,23.25,-0.814,-0.172,-0.986
United Kingdom of Great Britain and Northern Ireland,2002,1.007,15.007,373.45,2.51,1.7727,0.0032,11.385,11.176,22.561,-1.052,-0.623,-1.675
United Kingdom of Great Britain and Northern Ireland,2003,1.188,15.188,375.98,2.26,1.7773,0.0048,11.419,11.924,23.343,-1.017,0.125,-0.892
United Kingdom of Great Britain and Northern Ireland,2004,1.03,15.03,377.7,1.59,1.777,-0.0048,11.251,11.938,23.189,-1.186,0.139,-1.047
United Kingdom of Great Britain and Northern Ireland,2005,1.114,15.114,379.98,2.57,1.7742,0.0003,10.928,11.648,22.575,-1.509,-0.152,-1.661
United Kingdom of Great Britain and Northern Ireland,2006,1.244,15.244,382.09,1.69,1.775,0.0019,10.794,11.412,22.206,-1.642,-0.387,-2.03
United Kingdom of Great Britain and Northern Ireland,2007,1.327,15.327,384.02,2.31,1.7814,0.0078,10.498,11.637,22.135,-1.938,-0.162,-2.101
United Kingdom of Great Britain and Northern Ireland,2008,0.832,14.832,385.83,1.54,1.787,0.0065,10.99,12.213,23.203,-1.447,0.414,-1.032
United Kingdom of Great Britain and Northern Ireland,2009,0.945,14.945,387.64,2.0,1.7935,0.0047,10.956,11.999,22.955,-1.481,0.2,-1.281
United Kingdom of Great Britain and Northern Ireland,2010,-0.063,13.937,390.1,2.3,1.7989,0.0051,10.734,12.058,22.792,-1.702,0.258,-1.444
United Kingdom of Great Britain and Northern Ireland,2011,0.84,14.84,391.85,1.92,1.8031,0.005,10.506,11.45,21.956,-1.931,-0.349,-2.28
United Kingdom of Great Britain and Northern Ireland,2012,0.571,14.571,394.06,2.65,1.8081,0.005,10.42,11.981,22.401,-2.017,0.182,-1.835
United Kingdom of Great Britain and Northern Ireland,2013,0.367,14.367,396.74,1.99,1.8134,0.0057,10.919,12.474,23.393,-1.517,0.675,-0.842
United Kingdom of Great Britain and Northern Ireland,2014,1.717,15.717,398.81,2.17,1.8226,0.0127,10.812,12.727,23.539,-1.624,0.928,-0.697
United Kingdom of Great Britain and Northern Ireland,2015,0.61,14.61,401.01,2.95,1.8342,0.01,10.589,12.366,22.955,-1.848,0.567,-1.281
United Kingdom of Great Britain and Northern Ireland,2016,1.165,15.165,404.41,3.03,1.8431,0.007,10.176,11.178,21.353,-2.261,-0.622,-2.882
United Kingdom of Great Britain and Northern Ireland,2017,1.43,15.43,406.76,1.9,1.8496,0.0069,10.415,10.702,21.118,-2.022,-1.097,-3.118
United Kingdom of Great Britain and Northern Ireland,2018,1.013,15.013,408.72,2.85,1.8573,0.0088,10.378,10.952,21.33,-2.058,-0.847,-2.906
United Kingdom of Great Britain and Northern Ireland,2019,1.248,15.248,411.65,2.49,1.8666,0.0096,10.225,10.83,21.055,-2.212,-0.969,-3.181
United Kingdom of Great Britain and Northern Ireland,2020,1.392,15.392,414.21,2.3,1.8787,0.0148,10.164,11.578,21.742,-2.272,-0.222,-2.494
United Republic of Tanzania,1979,-0.156,13.844,336.84,1.83,1.5305,0.0166,12.35,11.656,24.006,-0.087,-0.143,-0.23
United Republic of Tanzania,1980,0.385,14.385,338.76,1.68,1.5471,0.0169,12.348,11.206,23.554,-0.088,-0.593,-0.682
United Republic of Tanzania,1981,0.3,14.3,340.12,1.43,1.564,0.0169,12.147,11.387,23.533,-0.29,-0.413,-0.702
United Republic of Tanzania,1982,0.334,14.334,341.48,0.86,1.5809,0.0333,12.468,11.595,24.062,0.031,-0.204,-0.173
United Republic of Tanzania,1983,0.612,14.612,343.15,2.36,1.6142,0.0306,12.353,11.344,23.698,-0.083,-0.455,-0.538
United Republic of Tanzania,1984,0.008,14.008,344.87,1.51,1.6448,0.0129,11.92,11.428,23.348,-0.517,-0.371,-0.887
United Republic of Tanzania,1985,-0.044,13.956,346.35,1.21,1.6573,0.0122,12.016,11.569,23.585,-0.421,-0.23,-0.651
United Republic of Tanzania,1986,0.077,14.077,347.61,1.47,1.6701,0.0129,12.224,11.044,23.268,-0.212,-0.755,-0.967
United Republic of Tanzania,1987,0.532,14.532,349.31,2.06,1.6827,0.0114,12.268,11.405,23.673,-0.169,-0.394,-0.562
United Republic of Tanzania,1988,0.607,14.607,351.69,2.24,1.6931,0.0107,12.19,11.497,23.687,-0.247,-0.302,-0.549
United Republic of Tanzania,1989,-0.165,13.835,353.2,1.24,1.7045,0.0112,11.987,11.381,23.368,-0.45,-0.418,-0.868
United Republic of Tanzania,1990,0.118,14.118,354.45,1.2,1.7144,0.0086,11.718,11.365,23.082,-0.719,-0.434,-1.153
United Republic of Tanzania,1991,0.253,14.253,355.7,1.05,1.7248,0.0141,11.77,11.498,23.268,-0.667,-0.301,-0.967
United Republic of Tanzania,1992,0.257,14.257,356.54,0.49,1.7355,0.0024,12.122,11.374,23.496,-0.315,-0.425,-0.74
United Republic of Tanzania,1993,-0.016,13.984,357.21,1.36,1.7365,0.0039,11.947,11.37,23.317,-0.49,-0.429,-0.919
United Republic of Tanzania,1994,0.338,14.338,358.96,1.96,1.7421,0.0073,12.032,11.728,23.76,-0.404,-0.072,-0.476
United Republic of Tanzania,1995,0.268,14.268,360.97,2.01,1.7489,0.0038,11.438,11.748,23.187,-0.998,-0.051,-1.049
United Republic of Tanzania,1996,0.149,14.149,362.74,1.24,1.7513,0.0025,11.848,11.743,23.592,-0.588,-0.056,-0.644
United Republic of Tanzania,1997,0.519,14.519,363.88,1.91,1.7545,0.0064,11.692,11.341,23.032,-0.745,-0.458,-1.203
United Republic of Tanzania,1998,0.445,14.445,366.84,2.97,1.7655,0.0121,11.782,11.689,23.471,-0.655,-0.11,-0.765
United Republic of Tanzania,1999,-0.31,13.69,368.54,0.92,1.7723,0.0024,11.713,11.712,23.426,-0.723,-0.087,-0.81
United Republic of Tanzania,2000,0.454,14.454,369.71,1.62,1.7733,-0.0014,11.519,11.724,23.243,-0.917,-0.075,-0.992
United Republic of Tanzania,2001,0.355,14.355,371.32,1.62,1.7713,-0.0007,11.622,11.628,23.25,-0.814,-0.172,-0.986
United Republic of Tanzania,2002,0.584,14.584,373.45,2.51,1.7727,0.0032,11.385,11.176,22.561,-1.052,-0.623,-1.675
United Republic of Tanzania,2003,0.983,14.983,375.98,2.26,1.7773,0.0048,11.419,11.924,23.343,-1.017,0.125,-0.892
United Republic of Tanzania,2004,0.857,14.857,377.7,1.59,1.777,-0.0048,11.251,11.938,23.189,-1.186,0.139,-1.047
United Republic of Tanzania,2005,1.05,15.05,379.98,2.57,1.7742,0.0003,10.928,11.648,22.575,-1.509,-0.152,-1.661
United Republic of Tanzania,2006,0.905,14.905,382.09,1.69,1.775,0.0019,10.794,11.412,22.206,-1.642,-0.387,-2.03
United Republic of Tanzania,2007,0.802,14.802,384.02,2.31,1.7814,0.0078,10.498,11.637,22.135,-1.938,-0.162,-2.101
United Republic of Tanzania,2008,0.509,14.509,385.83,1.54,1.787,0.0065,10.99,12.213,23.203,-1.447,0.414,-1.032
United Republic of Tanzania,2009,0.944,14.944,387.64,2.0,1.7935,0.0047,10.956,11.999,22.955,-1.481,0.2,-1.281
United Republic of Tanzania,2010,1.111,15.111,390.1,2.3,1.7989,0.0051,10.734,12.058,22.792,-1.702,0.258,-1.444
United Republic of Tanzania,2011,0.837,14.837,391.85,1.92,1.8031,0.005,10.506,11.45,21.956,-1.931,-0.349,-2.28
United Republic of Tanzania,2012,0.945,14.945,394.06,2.65,1.8081,0.005,10.42,11.981,22.401,-2.017,0.182,-1.835
United Republic of Tanzania,2013,1.012,15.012,396.74,1.99,1.8134,0.0057,10.919,12.474,23.393,-1.517,0.675,-0.842
United Republic of Tanzania,2014,1.028,15.028,398.81,2.17,1.8226,0.0127,10.812,12.727,23.539,-1.624,0.928,-0.697
United Republic of Tanzania,2015,1.278,15.278,401.01,2.95,1.8342,0.01,10.589,12.366,22.955,-1.848,0.567,-1.281
United Republic of Tanzania,2016,1.127,15.127,404.41,3.03,1.8431,0.007,10.176,11.178,21.353,-2.261,-0.622,-2.882
United Republic of Tanzania,2017,1.577,15.577,406.76,1.9,1.8496,0.0069,10.415,10.702,21.118,-2.022,-1.097,-3.118
United Republic of Tanzania,2018,1.099,15.099,408.72,2.85,1.8573,0.0088,10.378,10.952,21.33,-2.058,-0.847,-2.906
United Republic of Tanzania,2019,1.468,15.468,411.65,2.49,1.8666,0.0096,10.225,10.83,21.055,-2.212,-0.969,-3.181
United Republic of Tanzania,2020,1.175,15.175,414.21,2.3,1.8787,0.0148,10.164,11.578,21.742,-2.272,-0.222,-2.494
United States Virgin Islands,1979,-0.09,13.91,336.84,1.83,1.5305,0.0166,12.35,11.656,24.006,-0.087,-0.143,-0.23
United States Virgin Islands,1980,0.681,14.681,338.76,1.68,1.5471,0.0169,12.348,11.206,23.554,-0.088,-0.593,-0.682
United States Virgin Islands,1981,0.484,14.484,340.12,1.43,1.564,0.0169,12.147,11.387,23.533,-0.29,-0.413,-0.702
United States Virgin Islands,1982,0.026,14.026,341.48,0.86,1.5809,0.0333,12.468,11.595,24.062,0.031,-0.204,-0.173
United States Virgin Islands,1983,0.499,14.499,343.15,2.36,1.6142,0.0306,12.353,11.344,23.698,-0.083,-0.455,-0.538
United States Virgin Islands,1984,0.124,14.124,344.87,1.51,1.6448,0.0129,11.92,11.428,23.348,-0.517,-0.371,-0.887
United States Virgin Islands,1985,-0.048,13.952,346.35,1.21,1.6573,0.0122,12.016,11.569,23.585,-0.421,-0.23,-0.651
United States Virgin Islands,1986,0.005,14.005,347.61,1.47,1.6701,0.0129,12.224,11.044,23.268,-0.212,-0.755,-0.967
United States Virgin Islands,1987,0.452,14.452,349.31,2.06,1.6827,0.0114,12.268,11.405,23.673,-0.169,-0.394,-0.562
United States Virgin Islands,1988,0.426,14.426,351.69,2.24,1.6931,0.0107,12.19,11.497,23.687,-0.247,-0.302,-0.549
United States Virgin Islands,1989,-0.071,13.929,353.2,1.24,1.7045,0.0112,11.987,11.381,23.368,-0.45,-0.418,-0.868
United States Virgin Islands,1990,0.303,14.303,354.45,1.2,1.7144,0.0086,11.718,11.365,23.082,-0.719,-0.434,-1.153
United States Virgin Islands,1991,0.208,14.208,355.7,1.05,1.7248,0.0141,11.77,11.498,23.268,-0.667,-0.301,-0.967
United States Virgin Islands,1992,0.129,14.129,356.54,0.49,1.7355,0.0024,12.122,11.374,23.496,-0.315,-0.425,-0.74
United States Virgin Islands,1993,0.366,14.366,357.21,1.36,1.7365,0.0039,11.947,11.37,23.317,-0.49,-0.429,-0.919
United States Virgin Islands,1994,0.489,14.489,358.96,1.96,1.7421,0.0073,12.032,11.728,23.76,-0.404,-0.072,-0.476
United States Virgin Islands,1995,0.451,14.451,360.97,2.01,1.7489,0.0038,11.438,11.748,23.187,-0.998,-0.051,-1.049
United States Virgin Islands,1996,0.209,14.209,362.74,1.24,1.7513,0.0025,11.848,11.743,23.592,-0.588,-0.056,-0.644
United States Virgin Islands,1997,0.38,14.38,363.88,1.91,1.7545,0.0064,11.692,11.341,23.032,-0.745,-0.458,-1.203
United States Virgin Islands,1998,0.981,14.981,366.84,2.97,1.7655,0.0121,11.782,11.689,23.471,-0.655,-0.11,-0.765
United States Virgin Islands,1999,0.486,14.486,368.54,0.92,1.7723,0.0024,11.713,11.712,23.426,-0.723,-0.087,-0.81
United States Virgin Islands,2000,0.058,14.058,369.71,1.62,1.7733,-0.0014,11.519,11.724,23.243,-0.917,-0.075,-0.992
United States Virgin Islands,2001,0.508,14.508,371.32,1.62,1.7713,-0.0007,11.622,11.628,23.25,-0.814,-0.172,-0.986
United States Virgin Islands,2002,0.669,14.669,373.45,2.51,1.7727,0.0032,11.385,11.176,22.561,-1.052,-0.623,-1.675
United States Virgin Islands,2003,0.758,14.758,375.98,2.26,1.7773,0.0048,11.419,11.924,23.343,-1.017,0.125,-0.892
United States Virgin Islands,2004,0.42,14.42,377.7,1.59,1.777,-0.0048,11.251,11.938,23.189,-1.186,0.139,-1.047
United States Virgin Islands,2005,0.667,14.667,379.98,2.57,1.7742,0.0003,10.928,11.648,22.575,-1.509,-0.152,-1.661
United States Virgin Islands,2006,0.52,14.52,382.09,1.69,1.775,0.0019,10.794,11.412,22.206,-1.642,-0.387,-2.03
United States Virgin Islands,2007,0.778,14.778,384.02,2.31,1.7814,0.0078,10.498,11.637,22.135,-1.938,-0.162,-2.101
United States Virgin Islands,2008,0.256,14.256,385.83,1.54,1.787,0.0065,10.99,12.213,23.203,-1.447,0.414,-1.032
United States Virgin Islands,2009,0.527,14.527,387.64,2.0,1.7935,0.0047,10.956,11.999,22.955,-1.481,0.2,-1.281
United States Virgin Islands,2010,0.924,14.924,390.1,2.3,1.7989,0.0051,10.734,12.058,22.792,-1.702,0.258,-1.444
United States Virgin Islands,2011,0.305,14.305,391.85,1.92,1.8031,0.005,10.506,11.45,21.956,-1.931,-0.349,-2.28
United States Virgin Islands,2012,0.535,14.535,394.06,2.65,1.8081,0.005,10.42,11.981,22.401,-2.017,0.182,-1.835
United States Virgin Islands,2013,0.618,14.618,396.74,1.99,1.8134,0.0057,10.919,12.474,23.393,-1.517,0.675,-0.842
United States Virgin Islands,2014,0.74,14.74,398.81,2.17,1.8226,0.0127,10.812,12.727,23.539,-1.624,0.928,-0.697
United States Virgin Islands,2015,0.944,14.944,401.01,2.95,1.8342,0.01,10.589,12.366,22.955,-1.848,0.567,-1.281
United States Virgin Islands,2016,1.048,15.048,404.41,3.03,1.8431,0.007,10.176,11.178,21.353,-2.261,-0.622,-2.882
United States Virgin Islands,2017,0.755,14.755,406.76,1.9,1.8496,0.0069,10.415,10.702,21.118,-2.022,-1.097,-3.118
United States Virgin Islands,2018,0.571,14.571,408.72,2.85,1.8573,0.0088,10.378,10.952,21.33,-2.058,-0.847,-2.906
United States Virgin Islands,2019,0.775,14.775,411.65,2.49,1.8666,0.0096,10.225,10.83,21.055,-2.212,-0.969,-3.181
United States Virgin Islands,2020,1.216,15.216,414.21,2.3,1.8787,0.0148,10.164,11.578,21.742,-2.272,-0.222,-2.494
United States of America,1979,-0.308,13.692,336.84,1.83,1.5305,0.0166,12.35,11.656,24.006,-0.087,-0.143,-0.23
United States of America,1980,0.405,14.405,338.76,1.68,1.5471,0.0169,12.348,11.206,23.554,-0.088,-0.593,-0.682
United States of America,1981,0.864,14.864,340.12,1.43,1.564,0.0169,12.147,11.387,23.533,-0.29,-0.413,-0.702
United States of America,1982,-0.342,13.658,341.48,0.86,1.5809,0.0333,12.468,11.595,24.062,0.031,-0.204,-0.173
United States of America,1983,0.532,14.532,343.15,2.36,1.6142,0.0306,12.353,11.344,23.698,-0.083,-0.455,-0.538
United States of America,1984,-0.231,13.769,344.87,1.51,1.6448,0.0129,11.92,11.428,23.348,-0.517,-0.371,-0.887
United States of America,1985,-0.026,13.974,346.35,1.21,1.6573,0.0122,12.016,11.569,23.585,-0.421,-0.23,-0.651
United States of America,1986,0.577,14.577,347.61,1.47,1.6701,0.0129,12.224,11.044,23.268,-0.212,-0.755,-0.967
United States of America,1987,0.904,14.904,349.31,2.06,1.6827,0.0114,12.268,11.405,23.673,-0.169,-0.394,-0.562
United States of America,1988,0.463,14.463,351.69,2.24,1.6931,0.0107,12.19,11.497,23.687,-0.247,-0.302,-0.549
United States of America,1989,0.319,14.319,353.2,1.24,1.7045,0.0112,11.987,11.381,23.368,-0.45,-0.418,-0.868
United States of America,1990,0.668,14.668,354.45,1.2,1.7144,0.0086,11.718,11.365,23.082,-0.719,-0.434,-1.153
United States of America,1991,0.522,14.522,355.7,1.05,1.7248,0.0141,11.77,11.498,23.268,-0.667,-0.301,-0.967
United States of America,1992,0.394,14.394,356.54,0.49,1.7355,0.0024,12.122,11.374,23.496,-0.315,-0.425,-0.74
United States of America,1993,0.007,14.007,357.21,1.36,1.7365,0.0039,11.947,11.37,23.317,-0.49,-0.429,-0.919
United States of America,1994,0.465,14.465,358.96,1.96,1.7421,0.0073,12.032,11.728,23.76,-0.404,-0.072,-0.476
United States of America,1995,0.629,14.629,360.97,2.01,1.7489,0.0038,11.438,11.748,23.187,-0.998,-0.051,-1.049
United States of America,1996,-0.009,13.991,362.74,1.24,1.7513,0.0025,11.848,11.743,23.592,-0.588,-0.056,-0.644
United States of America,1997,0.391,14.391,363.88,1.91,1.7545,0.0064,11.692,11.341,23.032,-0.745,-0.458,-1.203
United States of America,1998,1.268,15.268,366.84,2.97,1.7655,0.0121,11.782,11.689,23.471,-0.655,-0.11,-0.765
United States of America,1999,0.755,14.755,368.54,0.92,1.7723,0.0024,11.713,11.712,23.426,-0.723,-0.087,-0.81
United States of America,2000,1.0,15.0,369.71,1.62,1.7733,-0.0014,11.519,11.724,23.243,-0.917,-0.075,-0.992
United States of America,2001,0.784,14.784,371.32,1.62,1.7713,-0.0007,11.622,11.628,23.25,-0.814,-0.172,-0.986
United States of America,2002,0.953,14.953,373.45,2.51,1.7727,0.0032,11.385,11.176,22.561,-1.052,-0.623,-1.675
United States of America,2003,0.992,14.992,375.98,2.26,1.7773,0.0048,11.419,11.924,23.343,-1.017,0.125,-0.892
United States of America,2004,0.866,14.866,377.7,1.59,1.777,-0.0048,11.251,11.938,23.189,-1.186,0.139,-1.047
United States of America,2005,1.157,15.157,379.98,2.57,1.7742,0.0003,10.928,11.648,22.575,-1.509,-0.152,-1.661
United States of America,2006,1.028,15.028,382.09,1.69,1.775,0.0019,10.794,11.412,22.206,-1.642,-0.387,-2.03
United States of America,2007,1.147,15.147,384.02,2.31,1.7814,0.0078,10.498,11.637,22.135,-1.938,-0.162,-2.101
United States of America,2008,0.215,14.215,385.83,1.54,1.787,0.0065,10.99,12.213,23.203,-1.447,0.414,-1.032
United States of America,2009,0.399,14.399,387.64,2.0,1.7935,0.0047,10.956,11.999,22.955,-1.481,0.2,-1.281
United States of America,2010,0.694,14.694,390.1,2.3,1.7989,0.0051,10.734,12.058,22.792,-1.702,0.258,-1.444
United States of America,2011,0.539,14.539,391.85,1.92,1.8031,0.005,10.506,11.45,21.956,-1.931,-0.349,-2.28
United States of America,2012,1.451,15.451,394.06,2.65,1.8081,0.005,10.42,11.981,22.401,-2.017,0.182,-1.835
United States of America,2013,0.618,14.618,396.74,1.99,1.8134,0.0057,10.919,12.474,23.393,-1.517,0.675,-0.842
United States of America,2014,0.504,14.504,398.81,2.17,1.8226,0.0127,10.812,12.727,23.539,-1.624,0.928,-0.697
United States of America,2015,1.534,15.534,401.01,2.95,1.8342,0.01,10.589,12.366,22.955,-1.848,0.567,-1.281
United States of America,2016,2.229,16.229,404.41,3.03,1.8431,0.007,10.176,11.178,21.353,-2.261,-0.622,-2.882
United States of America,2017,1.437,15.437,406.76,1.9,1.8496,0.0069,10.415,10.702,21.118,-2.022,-1.097,-3.118
United States of America,2018,1.278,15.278,408.72,2.85,1.8573,0.0088,10.378,10.952,21.33,-2.058,-0.847,-2.906
United States of America,2019,1.04,15.04,411.65,2.49,1.8666,0.0096,10.225,10.83,21.055,-2.212,-0.969,-3.181
United States of America,2020,1.331,15.331,414.21,2.3,1.8787,0.0148,10.164,11.578,21.742,-2.272,-0.222,-2.494
Uruguay,1979,0.087,14.087,336.84,1.83,1.5305,0.0166,12.35,11.656,24.006,-0.087,-0.143,-0.23
Uruguay,1980,0.538,14.538,338.76,1.68,1.5471,0.0169,12.348,11.206,23.554,-0.088,-0.593,-0.682
Uruguay,1981,0.489,14.489,340.12,1.43,1.564,0.0169,12.147,11.387,23.533,-0.29,-0.413,-0.702
Uruguay,1982,0.549,14.549,341.48,0.86,1.5809,0.0333,12.468,11.595,24.062,0.031,-0.204,-0.173
Uruguay,1983,-0.082,13.918,343.15,2.36,1.6142,0.0306,12.353,11.344,23.698,-0.083,-0.455,-0.538
Uruguay,1984,0.074,14.074,344.87,1.51,1.6448,0.0129,11.92,11.428,23.348,-0.517,-0.371,-0.887
Uruguay,1985,0.397,14.397,346.35,1.21,1.6573,0.0122,12.016,11.569,23.585,-0.421,-0.23,-0.651
Uruguay,1986,0.724,14.724,347.61,1.47,1.6701,0.0129,12.224,11.044,23.268,-0.212,-0.755,-0.967
Uruguay,1987,0.297,14.297,349.31,2.06,1.6827,0.0114,12.268,11.405,23.673,-0.169,-0.394,-0.562
Uruguay,1988,-0.525,13.475,351.69,2.24,1.6931,0.0107,12.19,11.497,23.687,-0.247,-0.302,-0.549
Uruguay,1989,0.723,14.723,353.2,1.24,1.7045,0.0112,11.987,11.381,23.368,-0.45,-0.418,-0.868
Uruguay,1990,0.564,14.564,354.45,1.2,1.7144,0.0086,11.718,11.365,23.082,-0.719,-0.434,-1.153
Uruguay,1991,0.323,14.323,355.7,1.05,1.7248,0.0141,11.77,11.498,23.268,-0.667,-0.301,-0.967
Uruguay,1992,0.161,14.161,356.54,0.49,1.7355,0.0024,12.122,11.374,23.496,-0.315,-0.425,-0.74
Uruguay,1993,0.29,14.29,357.21,1.36,1.7365,0.0039,11.947,11.37,23.317,-0.49,-0.429,-0.919
Uruguay,1994,0.459,14.459,358.96,1.96,1.7421,0.0073,12.032,11.728,23.76,-0.404,-0.072,-0.476
Uruguay,1995,0.315,14.315,360.97,2.01,1.7489,0.0038,11.438,11.748,23.187,-0.998,-0.051,-1.049
Uruguay,1996,0.504,14.504,362.74,1.24,1.7513,0.0025,11.848,11.743,23.592,-0.588,-0.056,-0.644
Uruguay,1997,1.153,15.153,363.88,1.91,1.7545,0.0064,11.692,11.341,23.032,-0.745,-0.458,-1.203
Uruguay,1998,0.168,14.168,366.84,2.97,1.7655,0.0121,11.782,11.689,23.471,-0.655,-0.11,-0.765
Uruguay,1999,0.129,14.129,368.54,0.92,1.7723,0.0024,11.713,11.712,23.426,-0.723,-0.087,-0.81
Uruguay,2000,0.402,14.402,369.71,1.62,1.7733,-0.0014,11.519,11.724,23.243,-0.917,-0.075,-0.992
Uruguay,2001,1.312,15.312,371.32,1.62,1.7713,-0.0007,11.622,11.628,23.25,-0.814,-0.172,-0.986
Uruguay,2002,0.673,14.673,373.45,2.51,1.7727,0.0032,11.385,11.176,22.561,-1.052,-0.623,-1.675
Uruguay,2003,0.375,14.375,375.98,2.26,1.7773,0.0048,11.419,11.924,23.343,-1.017,0.125,-0.892
Uruguay,2004,0.53,14.53,377.7,1.59,1.777,-0.0048,11.251,11.938,23.189,-1.186,0.139,-1.047
Uruguay,2005,0.854,14.854,379.98,2.57,1.7742,0.0003,10.928,11.648,22.575,-1.509,-0.152,-1.661
Uruguay,2006,0.639,14.639,382.09,1.69,1.775,0.0019,10.794,11.412,22.206,-1.642,-0.387,-2.03
Uruguay,2007,0.19,14.19,384.02,2.31,1.7814,0.0078,10.498,11.637,22.135,-1.938,-0.162,-2.101
Uruguay,2008,0.795,14.795,385.83,1.54,1.787,0.0065,10.99,12.213,23.203,-1.447,0.414,-1.032
Uruguay,2009,0.591,14.591,387.64,2.0,1.7935,0.0047,10.956,11.999,22.955,-1.481,0.2,-1.281
Uruguay,2010,0.344,14.344,390.1,2.3,1.7989,0.0051,10.734,12.058,22.792,-1.702,0.258,-1.444
Uruguay,2011,0.528,14.528,391.85,1.92,1.8031,0.005,10.506,11.45,21.956,-1.931,-0.349,-2.28
Uruguay,2012,0.933,14.933,394.06,2.65,1.8081,0.005,10.42,11.981,22.401,-2.017,0.182,-1.835
Uruguay,2013,0.229,14.229,396.74,1.99,1.8134,0.0057,10.919,12.474,23.393,-1.517,0.675,-0.842
Uruguay,2014,1.249,15.249,398.81,2.17,1.8226,0.0127,10.812,12.727,23.539,-1.624,0.928,-0.697
Uruguay,2015,1.133,15.133,401.01,2.95,1.8342,0.01,10.589,12.366,22.955,-1.848,0.567,-1.281
Uruguay,2016,0.417,14.417,404.41,3.03,1.8431,0.007,10.176,11.178,21.353,-2.261,-0.622,-2.882
Uruguay,2017,1.667,15.667,406.76,1.9,1.8496,0.0069,10.415,10.702,21.118,-2.022,-1.097,-3.118
Uruguay,2018,1.327,15.327,408.72,2.85,1.8573,0.0088,10.378,10.952,21.33,-2.058,-0.847,-2.906
Uruguay,2019,0.913,14.913,411.65,2.49,1.8666,0.0096,10.225,10.83,21.055,-2.212,-0.969,-3.181
Uruguay,2020,1.109,15.109,414.21,2.3,1.8787,0.0148,10.164,11.578,21.742,-2.272,-0.222,-2.494
Vanuatu,1979,-0.041,13.959,336.84,1.83,1.5305,0.0166,12.35,11.656,24.006,-0.087,-0.143,-0.23
Vanuatu,1980,-0.049,13.951,338.76,1.68,1.5471,0.0169,12.348,11.206,23.554,-0.088,-0.593,-0.682
Vanuatu,1981,-0.049,13.951,340.12,1.43,1.564,0.0169,12.147,11.387,23.533,-0.29,-0.413,-0.702
Vanuatu,1982,-0.099,13.901,341.48,0.86,1.5809,0.0333,12.468,11.595,24.062,0.031,-0.204,-0.173
Vanuatu,1983,0.141,14.141,343.15,2.36,1.6142,0.0306,12.353,11.344,23.698,-0.083,-0.455,-0.538
Vanuatu,1984,-0.048,13.952,344.87,1.51,1.6448,0.0129,11.92,11.428,23.348,-0.517,-0.371,-0.887
Vanuatu,1985,0.339,14.339,346.35,1.21,1.6573,0.0122,12.016,11.569,23.585,-0.421,-0.23,-0.651
Vanuatu,1986,-0.254,13.746,347.61,1.47,1.6701,0.0129,12.224,11.044,23.268,-0.212,-0.755,-0.967
Vanuatu,1987,-0.325,13.675,349.31,2.06,1.6827,0.0114,12.268,11.405,23.673,-0.169,-0.394,-0.562
Vanuatu,1988,0.534,14.534,351.69,2.24,1.6931,0.0107,12.19,11.497,23.687,-0.247,-0.302,-0.549
Vanuatu,1989,-0.035,13.965,353.2,1.24,1.7045,0.0112,11.987,11.381,23.368,-0.45,-0.418,-0.868
Vanuatu,1990,0.267,14.267,354.45,1.2,1.7144,0.0086,11.718,11.365,23.082,-0.719,-0.434,-1.153
Vanuatu,1991,-0.075,13.925,355.7,1.05,1.7248,0.0141,11.77,11.498,23.268,-0.667,-0.301,-0.967
Vanuatu,1992,-0.093,13.907,356.54,0.49,1.7355,0.0024,12.122,11.374,23.496,-0.315,-0.425,-0.74
Vanuatu,1993,-0.405,13.595,357.21,1.36,1.7365,0.0039,11.947,11.37,23.317,-0.49,-0.429,-0.919
Vanuatu,1994,-0.12,13.88,358.96,1.96,1.7421,0.0073,12.032,11.728,23.76,-0.404,-0.072,-0.476
Vanuatu,1995,0.268,14.268,360.97,2.01,1.7489,0.0038,11.438,11.748,23.187,-0.998,-0.051,-1.049
Vanuatu,1996,0.376,14.376,362.74,1.24,1.7513,0.0025,11.848,11.743,23.592,-0.588,-0.056,-0.644
Vanuatu,1997,0.167,14.167,363.88,1.91,1.7545,0.0064,11.692,11.341,23.032,-0.745,-0.458,-1.203
Vanuatu,1998,0.817,14.817,366.84,2.97,1.7655,0.0121,11.782,11.689,23.471,-0.655,-0.11,-0.765
Vanuatu,1999,1.005,15.005,368.54,0.92,1.7723,0.0024,11.713,11.712,23.426,-0.723,-0.087,-0.81
Vanuatu,2000,0.842,14.842,369.71,1.62,1.7733,-0.0014,11.519,11.724,23.243,-0.917,-0.075,-0.992
Vanuatu,2001,0.575,14.575,371.32,1.62,1.7713,-0.0007,11.622,11.628,23.25,-0.814,-0.172,-0.986
Vanuatu,2002,0.554,14.554,373.45,2.51,1.7727,0.0032,11.385,11.176,22.561,-1.052,-0.623,-1.675
Vanuatu,2003,0.342,14.342,375.98,2.26,1.7773,0.0048,11.419,11.924,23.343,-1.017,0.125,-0.892
Vanuatu,2004,0.457,14.457,377.7,1.59,1.777,-0.0048,11.251,11.938,23.189,-1.186,0.139,-1.047
Vanuatu,2005,0.546,14.546,379.98,2.57,1.7742,0.0003,10.928,11.648,22.575,-1.509,-0.152,-1.661
Vanuatu,2006,0.413,14.413,382.09,1.69,1.775,0.0019,10.794,11.412,22.206,-1.642,-0.387,-2.03
Vanuatu,2007,0.827,14.827,384.02,2.31,1.7814,0.0078,10.498,11.637,22.135,-1.938,-0.162,-2.101
Vanuatu,2008,0.739,14.739,385.83,1.54,1.787,0.0065,10.99,12.213,23.203,-1.447,0.414,-1.032
Vanuatu,2009,0.453,14.453,387.64,2.0,1.7935,0.0047,10.956,11.999,22.955,-1.481,0.2,-1.281
Vanuatu,2010,0.866,14.866,390.1,2.3,1.7989,0.0051,10.734,12.058,22.792,-1.702,0.258,-1.444
Vanuatu,2011,0.705,14.705,391.85,1.92,1.8031,0.005,10.506,11.45,21.956,-1.931,-0.349,-2.28
Vanuatu,2012,0.394,14.394,394.06,2.65,1.8081,0.005,10.42,11.981,22.401,-2.017,0.182,-1.835
Vanuatu,2013,0.702,14.702,396.74,1.99,1.8134,0.0057,10.919,12.474,23.393,-1.517,0.675,-0.842
Vanuatu,2014,0.59,14.59,398.81,2.17,1.8226,0.0127,10.812,12.727,23.539,-1.624,0.928,-0.697
Vanuatu,2015,0.576,14.576,401.01,2.95,1.8342,0.01,10.589,12.366,22.955,-1.848,0.567,-1.281
Vanuatu,2016,1.123,15.123,404.41,3.03,1.8431,0.007,10.176,11.178,21.353,-2.261,-0.622,-2.882
Vanuatu,2017,1.02,15.02,406.76,1.9,1.8496,0.0069,10.415,10.702,21.118,-2.022,-1.097,-3.118
Vanuatu,2018,0.364,14.364,408.72,2.85,1.8573,0.0088,10.378,10.952,21.33,-2.058,-0.847,-2.906
Vanuatu,2019,0.691,14.691,411.65,2.49,1.8666,0.0096,10.225,10.83,21.055,-2.212,-0.969,-3.181
Vanuatu,2020,1.0,15.0,414.21,2.3,1.8787,0.0148,10.164,11.578,21.742,-2.272,-0.222,-2.494
Venezuela (Bolivarian Republic of),1979,0.241,14.241,336.84,1.83,1.5305,0.0166,12.35,11.656,24.006,-0.087,-0.143,-0.23
Venezuela (Bolivarian Republic of),1980,0.402,14.402,338.76,1.68,1.5471,0.0169,12.348,11.206,23.554,-0.088,-0.593,-0.682
Venezuela (Bolivarian Republic of),1981,0.258,14.258,340.12,1.43,1.564,0.0169,12.147,11.387,23.533,-0.29,-0.413,-0.702
Venezuela (Bolivarian Republic of),1982,0.12,14.12,341.48,0.86,1.5809,0.0333,12.468,11.595,24.062,0.031,-0.204,-0.173
Venezuela (Bolivarian Republic of),1983,0.533,14.533,343.15,2.36,1.6142,0.0306,12.353,11.344,23.698,-0.083,-0.455,-0.538
Venezuela (Bolivarian Republic of),1984,-0.039,13.961,344.87,1.51,1.6448,0.0129,11.92,11.428,23.348,-0.517,-0.371,-0.887
Venezuela (Bolivarian Republic of),1985,-0.384,13.616,346.35,1.21,1.6573,0.0122,12.016,11.569,23.585,-0.421,-0.23,-0.651
Venezuela (Bolivarian Republic of),1986,-0.152,13.848,347.61,1.47,1.6701,0.0129,12.224,11.044,23.268,-0.212,-0.755,-0.967
Venezuela (Bolivarian Republic of),1987,0.466,14.466,349.31,2.06,1.6827,0.0114,12.268,11.405,23.673,-0.169,-0.394,-0.562
Venezuela (Bolivarian Republic of),1988,0.127,14.127,351.69,2.24,1.6931,0.0107,12.19,11.497,23.687,-0.247,-0.302,-0.549
Venezuela (Bolivarian Republic of),1989,-0.288,13.712,353.2,1.24,1.7045,0.0112,11.987,11.381,23.368,-0.45,-0.418,-0.868
Venezuela (Bolivarian Republic of),1990,0.34,14.34,354.45,1.2,1.7144,0.0086,11.718,11.365,23.082,-0.719,-0.434,-1.153
Venezuela (Bolivarian Republic of),1991,0.335,14.335,355.7,1.05,1.7248,0.0141,11.77,11.498,23.268,-0.667,-0.301,-0.967
Venezuela (Bolivarian Republic of),1992,0.317,14.317,356.54,0.49,1.7355,0.0024,12.122,11.374,23.496,-0.315,-0.425,-0.74
Venezuela (Bolivarian Republic of),1993,0.359,14.359,357.21,1.36,1.7365,0.0039,11.947,11.37,23.317,-0.49,-0.429,-0.919
Venezuela (Bolivarian Republic of),1994,0.144,14.144,358.96,1.96,1.7421,0.0073,12.032,11.728,23.76,-0.404,-0.072,-0.476
Venezuela (Bolivarian Republic of),1995,0.518,14.518,360.97,2.01,1.7489,0.0038,11.438,11.748,23.187,-0.998,-0.051,-1.049
Venezuela (Bolivarian Republic of),1996,0.35,14.35,362.74,1.24,1.7513,0.0025,11.848,11.743,23.592,-0.588,-0.056,-0.644
Venezuela (Bolivarian Republic of),1997,0.36,14.36,363.88,1.91,1.7545,0.0064,11.692,11.341,23.032,-0.745,-0.458,-1.203
Venezuela (Bolivarian Republic of),1998,0.853,14.853,366.84,2.97,1.7655,0.0121,11.782,11.689,23.471,-0.655,-0.11,-0.765
Venezuela (Bolivarian Republic of),1999,0.191,14.191,368.54,0.92,1.7723,0.0024,11.713,11.712,23.426,-0.723,-0.087,-0.81
Venezuela (Bolivarian Republic of),2000,0.082,14.082,369.71,1.62,1.7733,-0.0014,11.519,11.724,23.243,-0.917,-0.075,-0.992
Venezuela (Bolivarian Republic of),2001,0.428,14.428,371.32,1.62,1.7713,-0.0007,11.622,11.628,23.25,-0.814,-0.172,-0.986
Venezuela (Bolivarian Republic of),2002,0.432,14.432,373.45,2.51,1.7727,0.0032,11.385,11.176,22.561,-1.052,-0.623,-1.675
Venezuela (Bolivarian Republic of),2003,0.853,14.853,375.98,2.26,1.7773,0.0048,11.419,11.924,23.343,-1.017,0.125,-0.892
Venezuela (Bolivarian Republic of),2004,0.508,14.508,377.7,1.59,1.777,-0.0048,11.251,11.938,23.189,-1.186,0.139,-1.047
Venezuela (Bolivarian Republic of),2005,0.664,14.664,379.98,2.57,1.7742,0.0003,10.928,11.648,22.575,-1.509,-0.152,-1.661
Venezuela (Bolivarian Republic of),2006,0.495,14.495,382.09,1.69,1.775,0.0019,10.794,11.412,22.206,-1.642,-0.387,-2.03
Venezuela (Bolivarian Republic of),2007,0.549,14.549,384.02,2.31,1.7814,0.0078,10.498,11.637,22.135,-1.938,-0.162,-2.101
Venezuela (Bolivarian Republic of),2008,0.384,14.384,385.83,1.54,1.787,0.0065,10.99,12.213,23.203,-1.447,0.414,-1.032
Venezuela (Bolivarian Republic of),2009,0.675,14.675,387.64,2.0,1.7935,0.0047,10.956,11.999,22.955,-1.481,0.2,-1.281
Venezuela (Bolivarian Republic of),2010,1.058,15.058,390.1,2.3,1.7989,0.0051,10.734,12.058,22.792,-1.702,0.258,-1.444
Venezuela (Bolivarian Republic of),2011,0.407,14.407,391.85,1.92,1.8031,0.005,10.506,11.45,21.956,-1.931,-0.349,-2.28
Venezuela (Bolivarian Republic of),2012,0.331,14.331,394.06,2.65,1.8081,0.005,10.42,11.981,22.401,-2.017,0.182,-1.835
Venezuela (Bolivarian Republic of),2013,0.736,14.736,396.74,1.99,1.8134,0.0057,10.919,12.474,23.393,-1.517,0.675,-0.842
Venezuela (Bolivarian Republic of),2014,0.755,14.755,398.81,2.17,1.8226,0.0127,10.812,12.727,23.539,-1.624,0.928,-0.697
Venezuela (Bolivarian Republic of),2015,1.022,15.022,401.01,2.95,1.8342,0.01,10.589,12.366,22.955,-1.848,0.567,-1.281
Venezuela (Bolivarian Republic of),2016,0.988,14.988,404.41,3.03,1.8431,0.007,10.176,11.178,21.353,-2.261,-0.622,-2.882
Venezuela (Bolivarian Republic of),2017,0.625,14.625,406.76,1.9,1.8496,0.0069,10.415,10.702,21.118,-2.022,-1.097,-3.118
Venezuela (Bolivarian Republic of),2018,0.73,14.73,408.72,2.85,1.8573,0.0088,10.378,10.952,21.33,-2.058,-0.847,-2.906
Venezuela (Bolivarian Republic of),2019,1.054,15.054,411.65,2.49,1.8666,0.0096,10.225,10.83,21.055,-2.212,-0.969,-3.181
Venezuela (Bolivarian Republic of),2020,1.184,15.184,414.21,2.3,1.8787,0.0148,10.164,11.578,21.742,-2.272,-0.222,-2.494
Viet Nam,1979,0.381,14.381,336.84,1.83,1.5305,0.0166,12.35,11.656,24.006,-0.087,-0.143,-0.23
Viet Nam,1980,0.333,14.333,338.76,1.68,1.5471,0.0169,12.348,11.206,23.554,-0.088,-0.593,-0.682
Viet Nam,1981,0.474,14.474,340.12,1.43,1.564,0.0169,12.147,11.387,23.533,-0.29,-0.413,-0.702
Viet Nam,1982,0.17,14.17,341.48,0.86,1.5809,0.0333,12.468,11.595,24.062,0.031,-0.204,-0.173
Viet Nam,1983,0.035,14.035,343.15,2.36,1.6142,0.0306,12.353,11.344,23.698,-0.083,-0.455,-0.538
Viet Nam,1984,-0.161,13.839,344.87,1.51,1.6448,0.0129,11.92,11.428,23.348,-0.517,-0.371,-0.887
Viet Nam,1985,-0.06,13.94,346.35,1.21,1.6573,0.0122,12.016,11.569,23.585,-0.421,-0.23,-0.651
Viet Nam,1986,0.045,14.045,347.61,1.47,1.6701,0.0129,12.224,11.044,23.268,-0.212,-0.755,-0.967
Viet Nam,1987,1.0,15.0,349.31,2.06,1.6827,0.0114,12.268,11.405,23.673,-0.169,-0.394,-0.562
Viet Nam,1988,0.14,14.14,351.69,2.24,1.6931,0.0107,12.19,11.497,23.687,-0.247,-0.302,-0.549
Viet Nam,1989,-0.007,13.993,353.2,1.24,1.7045,0.0112,11.987,11.381,23.368,-0.45,-0.418,-0.868
Viet Nam,1990,0.351,14.351,354.45,1.2,1.7144,0.0086,11.718,11.365,23.082,-0.719,-0.434,-1.153
Viet Nam,1991,0.554,14.554,355.7,1.05,1.7248,0.0141,11.77,11.498,23.268,-0.667,-0.301,-0.967
Viet Nam,1992,0.03,14.03,356.54,0.49,1.7355,0.0024,12.122,11.374,23.496,-0.315,-0.425,-0.74
Viet Nam,1993,0.283,14.283,357.21,1.36,1.7365,0.0039,11.947,11.37,23.317,-0.49,-0.429,-0.919
Viet Nam,1994,0.294,14.294,358.96,1.96,1.7421,0.0073,12.032,11.728,23.76,-0.404,-0.072,-0.476
Viet Nam,1995,0.354,14.354,360.97,2.01,1.7489,0.0038,11.438,11.748,23.187,-0.998,-0.051,-1.049
Viet Nam,1996,-0.009,13.991,362.74,1.24,1.7513,0.0025,11.848,11.743,23.592,-0.588,-0.056,-0.644
Viet Nam,1997,0.303,14.303,363.88,1.91,1.7545,0.0064,11.692,11.341,23.032,-0.745,-0.458,-1.203
Viet Nam,1998,1.304,15.304,366.84,2.97,1.7655,0.0121,11.782,11.689,23.471,-0.655,-0.11,-0.765
Viet Nam,1999,0.788,14.788,368.54,0.92,1.7723,0.0024,11.713,11.712,23.426,-0.723,-0.087,-0.81
Viet Nam,2000,0.178,14.178,369.71,1.62,1.7733,-0.0014,11.519,11.724,23.243,-0.917,-0.075,-0.992
Viet Nam,2001,0.716,14.716,371.32,1.62,1.7713,-0.0007,11.622,11.628,23.25,-0.814,-0.172,-0.986
Viet Nam,2002,0.72,14.72,373.45,2.51,1.7727,0.0032,11.385,11.176,22.561,-1.052,-0.623,-1.675
Viet Nam,2003,1.054,15.054,375.98,2.26,1.7773,0.0048,11.419,11.924,23.343,-1.017,0.125,-0.892
Viet Nam,2004,0.413,14.413,377.7,1.59,1.777,-0.0048,11.251,11.938,23.189,-1.186,0.139,-1.047
Viet Nam,2005,0.861,14.861,379.98,2.57,1.7742,0.0003,10.928,11.648,22.575,-1.509,-0.152,-1.661
Viet Nam,2006,0.912,14.912,382.09,1.69,1.775,0.0019,10.794,11.412,22.206,-1.642,-0.387,-2.03
Viet Nam,2007,0.532,14.532,384.02,2.31,1.7814,0.0078,10.498,11.637,22.135,-1.938,-0.162,-2.101
Viet Nam,2008,0.226,14.226,385.83,1.54,1.787,0.0065,10.99,12.213,23.203,-1.447,0.414,-1.032
Viet Nam,2009,0.701,14.701,387.64,2.0,1.7935,0.0047,10.956,11.999,22.955,-1.481,0.2,-1.281
Viet Nam,2010,1.115,15.115,390.1,2.3,1.7989,0.0051,10.734,12.058,22.792,-1.702,0.258,-1.444
Viet Nam,2011,0.145,14.145,391.85,1.92,1.8031,0.005,10.506,11.45,21.956,-1.931,-0.349,-2.28
Viet Nam,2012,0.77,14.77,394.06,2.65,1.8081,0.005,10.42,11.981,22.401,-2.017,0.182,-1.835
Viet Nam,2013,0.927,14.927,396.74,1.99,1.8134,0.0057,10.919,12.474,23.393,-1.517,0.675,-0.842
Viet Nam,2014,0.539,14.539,398.81,2.17,1.8226,0.0127,10.812,12.727,23.539,-1.624,0.928,-0.697
Viet Nam,2015,1.216,15.216,401.01,2.95,1.8342,0.01,10.589,12.366,22.955,-1.848,0.567,-1.281
Viet Nam,2016,1.164,15.164,404.41,3.03,1.8431,0.007,10.176,11.178,21.353,-2.261,-0.622,-2.882
Viet Nam,2017,1.118,15.118,406.76,1.9,1.8496,0.0069,10.415,10.702,21.118,-2.022,-1.097,-3.118
Viet Nam,2018,0.822,14.822,408.72,2.85,1.8573,0.0088,10.378,10.952,21.33,-2.058,-0.847,-2.906
Viet Nam,2019,1.776,15.776,411.65,2.49,1.8666,0.0096,10.225,10.83,21.055,-2.212,-0.969,-3.181
Viet Nam,2020,1.506,15.506,414.21,2.3,1.8787,0.0148,10.164,11.578,21.742,-2.272,-0.222,-2.494
Wake Island,1979,0.254,14.254,336.84,1.83,1.5305,0.0166,12.35,11.656,24.006,-0.087,-0.143,-0.23
Wake Island,1980,0.19,14.19,338.76,1.68,1.5471,0.0169,12.348,11.206,23.554,-0.088,-0.593,-0.682
Wake Island,1981,0.759,14.759,340.12,1.43,1.564,0.0169,12.147,11.387,23.533,-0.29,-0.413,-0.702
Wake Island,1982,0.384,14.384,341.48,0.86,1.5809,0.0333,12.468,11.595,24.062,0.031,-0.204,-0.173
Wake Island,1983,-0.065,13.935,343.15,2.36,1.6142,0.0306,12.353,11.344,23.698,-0.083,-0.455,-0.538
Wake Island,1984,1.294,15.294,344.87,1.51,1.6448,0.0129,11.92,11.428,23.348,-0.517,-0.371,-0.887
Wake Island,1985,0.756,14.756,346.35,1.21,1.6573,0.0122,12.016,11.569,23.585,-0.421,-0.23,-0.651
Wake Island,1986,0.069,14.069,347.61,1.47,1.6701,0.0129,12.224,11.044,23.268,-0.212,-0.755,-0.967
Wake Island,1987,0.068,14.068,349.31,2.06,1.6827,0.0114,12.268,11.405,23.673,-0.169,-0.394,-0.562
Wake Island,1988,0.488,14.488,351.69,2.24,1.6931,0.0107,12.19,11.497,23.687,-0.247,-0.302,-0.549
Wake Island,1989,-0.054,13.946,353.2,1.24,1.7045,0.0112,11.987,11.381,23.368,-0.45,-0.418,-0.868
Wake Island,1990,-0.083,13.917,354.45,1.2,1.7144,0.0086,11.718,11.365,23.082,-0.719,-0.434,-1.153
Wake Island,1991,0.371,14.371,355.7,1.05,1.7248,0.0141,11.77,11.498,23.268,-0.667,-0.301,-0.967
Wake Island,1992,0.152,14.152,356.54,0.49,1.7355,0.0024,12.122,11.374,23.496,-0.315,-0.425,-0.74
Wake Island,1993,0.409,14.409,357.21,1.36,1.7365,0.0039,11.947,11.37,23.317,-0.49,-0.429,-0.919
Wake Island,1994,0.213,14.213,358.96,1.96,1.7421,0.0073,12.032,11.728,23.76,-0.404,-0.072,-0.476
Wake Island,1995,0.357,14.357,360.97,2.01,1.7489,0.0038,11.438,11.748,23.187,-0.998,-0.051,-1.049
Wake Island,1996,1.007,15.007,362.74,1.24,1.7513,0.0025,11.848,11.743,23.592,-0.588,-0.056,-0.644
Wake Island,1997,0.299,14.299,363.88,1.91,1.7545,0.0064,11.692,11.341,23.032,-0.745,-0.458,-1.203
Wake Island,1998,0.425,14.425,366.84,2.97,1.7655,0.0121,11.782,11.689,23.471,-0.655,-0.11,-0.765
Wake Island,1999,0.496,14.496,368.54,0.92,1.7723,0.0024,11.713,11.712,23.426,-0.723,-0.087,-0.81
Wake Island,2000,-0.028,13.972,369.71,1.62,1.7733,-0.0014,11.519,11.724,23.243,-0.917,-0.075,-0.992
Wake Island,2001,0.301,14.301,371.32,1.62,1.7713,-0.0007,11.622,11.628,23.25,-0.814,-0.172,-0.986
Wake Island,2002,0.564,14.564,373.45,2.51,1.7727,0.0032,11.385,11.176,22.561,-1.052,-0.623,-1.675
Wake Island,2003,0.375,14.375,375.98,2.26,1.7773,0.0048,11.419,11.924,23.343,-1.017,0.125,-0.892
Wake Island,2004,0.529,14.529,377.7,1.59,1.777,-0.0048,11.251,11.938,23.189,-1.186,0.139,-1.047
Wake Island,2005,0.014,14.014,379.98,2.57,1.7742,0.0003,10.928,11.648,22.575,-1.509,-0.152,-1.661
Wake Island,2006,0.171,14.171,382.09,1.69,1.775,0.0019,10.794,11.412,22.206,-1.642,-0.387,-2.03
Wake Island,2007,-0.136,13.864,384.02,2.31,1.7814,0.0078,10.498,11.637,22.135,-1.938,-0.162,-2.101
Wake Island,2008,-0.111,13.889,385.83,1.54,1.787,0.0065,10.99,12.213,23.203,-1.447,0.414,-1.032
Wake Island,2009,0.17,14.17,387.64,2.0,1.7935,0.0047,10.956,11.999,22.955,-1.481,0.2,-1.281
Wake Island,2010,0.077,14.077,390.1,2.3,1.7989,0.0051,10.734,12.058,22.792,-1.702,0.258,-1.444
Wake Island,2011,0.032,14.032,391.85,1.92,1.8031,0.005,10.506,11.45,21.956,-1.931,-0.349,-2.28
Wake Island,2012,0.235,14.235,394.06,2.65,1.8081,0.005,10.42,11.981,22.401,-2.017,0.182,-1.835
Wake Island,2013,0.849,14.849,396.74,1.99,1.8134,0.0057,10.919,12.474,23.393,-1.517,0.675,-0.842
Wake Island,2014,1.002,15.002,398.81,2.17,1.8226,0.0127,10.812,12.727,23.539,-1.624,0.928,-0.697
Wake Island,2015,0.366,14.366,401.01,2.95,1.8342,0.01,10.589,12.366,22.955,-1.848,0.567,-1.281
Wake Island,2016,0.158,14.158,404.41,3.03,1.8431,0.007,10.176,11.178,21.353,-2.261,-0.622,-2.882
Wake Island,2017,0.546,14.546,406.76,1.9,1.8496,0.0069,10.415,10.702,21.118,-2.022,-1.097,-3.118
Wake Island,2018,0.348,14.348,408.72,2.85,1.8573,0.0088,10.378,10.952,21.33,-2.058,-0.847,-2.906
Wake Island,2019,0.348,14.348,411.65,2.49,1.8666,0.0096,10.225,10.83,21.055,-2.212,-0.969,-3.181
Wake Island,2020,0.348,14.348,414.21,2.3,1.8787,0.0148,10.164,11.578,21.742,-2.272,-0.222,-2.494
Wallis and Futuna Islands,1979,0.117,14.117,336.84,1.83,1.5305,0.0166,12.35,11.656,24.006,-0.087,-0.143,-0.23
Wallis and Futuna Islands,1980,0.099,14.099,338.76,1.68,1.5471,0.0169,12.348,11.206,23.554,-0.088,-0.593,-0.682
Wallis and Futuna Islands,1981,0.051,14.051,340.12,1.43,1.564,0.0169,12.147,11.387,23.533,-0.29,-0.413,-0.702
Wallis and Futuna Islands,1982,-0.016,13.984,341.48,0.86,1.5809,0.0333,12.468,11.595,24.062,0.031,-0.204,-0.173
Wallis and Futuna Islands,1983,-0.052,13.948,343.15,2.36,1.6142,0.0306,12.353,11.344,23.698,-0.083,-0.455,-0.538
Wallis and Futuna Islands,1984,-0.066,13.934,344.87,1.51,1.6448,0.0129,11.92,11.428,23.348,-0.517,-0.371,-0.887
Wallis and Futuna Islands,1985,0.021,14.021,346.35,1.21,1.6573,0.0122,12.016,11.569,23.585,-0.421,-0.23,-0.651
Wallis and Futuna Islands,1986,-0.089,13.911,347.61,1.47,1.6701,0.0129,12.224,11.044,23.268,-0.212,-0.755,-0.967
Wallis and Futuna Islands,1987,-0.03,13.97,349.31,2.06,1.6827,0.0114,12.268,11.405,23.673,-0.169,-0.394,-0.562
Wallis and Futuna Islands,1988,0.31,14.31,351.69,2.24,1.6931,0.0107,12.19,11.497,23.687,-0.247,-0.302,-0.549
Wallis and Futuna Islands,1989,0.026,14.026,353.2,1.24,1.7045,0.0112,11.987,11.381,23.368,-0.45,-0.418,-0.868
Wallis and Futuna Islands,1990,0.093,14.093,354.45,1.2,1.7144,0.0086,11.718,11.365,23.082,-0.719,-0.434,-1.153
Wallis and Futuna Islands,1991,0.011,14.011,355.7,1.05,1.7248,0.0141,11.77,11.498,23.268,-0.667,-0.301,-0.967
Wallis and Futuna Islands,1992,-0.153,13.847,356.54,0.49,1.7355,0.0024,12.122,11.374,23.496,-0.315,-0.425,-0.74
Wallis and Futuna Islands,1993,-0.449,13.551,357.21,1.36,1.7365,0.0039,11.947,11.37,23.317,-0.49,-0.429,-0.919
Wallis and Futuna Islands,1994,-0.273,13.727,358.96,1.96,1.7421,0.0073,12.032,11.728,23.76,-0.404,-0.072,-0.476
Wallis and Futuna Islands,1995,0.347,14.347,360.97,2.01,1.7489,0.0038,11.438,11.748,23.187,-0.998,-0.051,-1.049
Wallis and Futuna Islands,1996,0.396,14.396,362.74,1.24,1.7513,0.0025,11.848,11.743,23.592,-0.588,-0.056,-0.644
Wallis and Futuna Islands,1997,0.169,14.169,363.88,1.91,1.7545,0.0064,11.692,11.341,23.032,-0.745,-0.458,-1.203
Wallis and Futuna Islands,1998,0.493,14.493,366.84,2.97,1.7655,0.0121,11.782,11.689,23.471,-0.655,-0.11,-0.765
Wallis and Futuna Islands,1999,0.372,14.372,368.54,0.92,1.7723,0.0024,11.713,11.712,23.426,-0.723,-0.087,-0.81
Wallis and Futuna Islands,2000,0.464,14.464,369.71,1.62,1.7733,-0.0014,11.519,11.724,23.243,-0.917,-0.075,-0.992
Wallis and Futuna Islands,2001,0.677,14.677,371.32,1.62,1.7713,-0.0007,11.622,11.628,23.25,-0.814,-0.172,-0.986
Wallis and Futuna Islands,2002,0.784,14.784,373.45,2.51,1.7727,0.0032,11.385,11.176,22.561,-1.052,-0.623,-1.675
Wallis and Futuna Islands,2003,0.582,14.582,375.98,2.26,1.7773,0.0048,11.419,11.924,23.343,-1.017,0.125,-0.892
Wallis and Futuna Islands,2004,0.547,14.547,377.7,1.59,1.777,-0.0048,11.251,11.938,23.189,-1.186,0.139,-1.047
Wallis and Futuna Islands,2005,0.675,14.675,379.98,2.57,1.7742,0.0003,10.928,11.648,22.575,-1.509,-0.152,-1.661
Wallis and Futuna Islands,2006,0.555,14.555,382.09,1.69,1.775,0.0019,10.794,11.412,22.206,-1.642,-0.387,-2.03
Wallis and Futuna Islands,2007,0.806,14.806,384.02,2.31,1.7814,0.0078,10.498,11.637,22.135,-1.938,-0.162,-2.101
Wallis and Futuna Islands,2008,0.292,14.292,385.83,1.54,1.787,0.0065,10.99,12.213,23.203,-1.447,0.414,-1.032
Wallis and Futuna Islands,2009,0.306,14.306,387.64,2.0,1.7935,0.0047,10.956,11.999,22.955,-1.481,0.2,-1.281
Wallis and Futuna Islands,2010,0.859,14.859,390.1,2.3,1.7989,0.0051,10.734,12.058,22.792,-1.702,0.258,-1.444
Wallis and Futuna Islands,2011,0.718,14.718,391.85,1.92,1.8031,0.005,10.506,11.45,21.956,-1.931,-0.349,-2.28
Wallis and Futuna Islands,2012,0.634,14.634,394.06,2.65,1.8081,0.005,10.42,11.981,22.401,-2.017,0.182,-1.835
Wallis and Futuna Islands,2013,0.712,14.712,396.74,1.99,1.8134,0.0057,10.919,12.474,23.393,-1.517,0.675,-0.842
Wallis and Futuna Islands,2014,0.687,14.687,398.81,2.17,1.8226,0.0127,10.812,12.727,23.539,-1.624,0.928,-0.697
Wallis and Futuna Islands,2015,0.7,14.7,401.01,2.95,1.8342,0.01,10.589,12.366,22.955,-1.848,0.567,-1.281
Wallis and Futuna Islands,2016,1.279,15.279,404.41,3.03,1.8431,0.007,10.176,11.178,21.353,-2.261,-0.622,-2.882
Wallis and Futuna Islands,2017,1.081,15.081,406.76,1.9,1.8496,0.0069,10.415,10.702,21.118,-2.022,-1.097,-3.118
Wallis and Futuna Islands,2018,0.896,14.896,408.72,2.85,1.8573,0.0088,10.378,10.952,21.33,-2.058,-0.847,-2.906
Wallis and Futuna Islands,2019,1.284,15.284,411.65,2.49,1.8666,0.0096,10.225,10.83,21.055,-2.212,-0.969,-3.181
Wallis and Futuna Islands,2020,1.256,15.256,414.21,2.3,1.8787,0.0148,10.164,11.578,21.742,-2.272,-0.222,-2.494
Western Sahara,1979,0.582,14.582,336.84,1.83,1.5305,0.0166,12.35,11.656,24.006,-0.087,-0.143,-0.23
Western Sahara,1980,0.48,14.48,338.76,1.68,1.5471,0.0169,12.348,11.206,23.554,-0.088,-0.593,-0.682
Western Sahara,1981,0.691,14.691,340.12,1.43,1.564,0.0169,12.147,11.387,23.533,-0.29,-0.413,-0.702
Western Sahara,1982,0.449,14.449,341.48,0.86,1.5809,0.0333,12.468,11.595,24.062,0.031,-0.204,-0.173
Western Sahara,1983,0.875,14.875,343.15,2.36,1.6142,0.0306,12.353,11.344,23.698,-0.083,-0.455,-0.538
Western Sahara,1984,0.483,14.483,344.87,1.51,1.6448,0.0129,11.92,11.428,23.348,-0.517,-0.371,-0.887
Western Sahara,1985,0.801,14.801,346.35,1.21,1.6573,0.0122,12.016,11.569,23.585,-0.421,-0.23,-0.651
Western Sahara,1986,0.322,14.322,347.61,1.47,1.6701,0.0129,12.224,11.044,23.268,-0.212,-0.755,-0.967
Western Sahara,1987,1.165,15.165,349.31,2.06,1.6827,0.0114,12.268,11.405,23.673,-0.169,-0.394,-0.562
Western Sahara,1988,0.522,14.522,351.69,2.24,1.6931,0.0107,12.19,11.497,23.687,-0.247,-0.302,-0.549
Western Sahara,1989,0.754,14.754,353.2,1.24,1.7045,0.0112,11.987,11.381,23.368,-0.45,-0.418,-0.868
Western Sahara,1990,1.403,15.403,354.45,1.2,1.7144,0.0086,11.718,11.365,23.082,-0.719,-0.434,-1.153
Western Sahara,1991,0.587,14.587,355.7,1.05,1.7248,0.0141,11.77,11.498,23.268,-0.667,-0.301,-0.967
Western Sahara,1992,0.546,14.546,356.54,0.49,1.7355,0.0024,12.122,11.374,23.496,-0.315,-0.425,-0.74
Western Sahara,1993,0.422,14.422,357.21,1.36,1.7365,0.0039,11.947,11.37,23.317,-0.49,-0.429,-0.919
Western Sahara,1994,0.591,14.591,358.96,1.96,1.7421,0.0073,12.032,11.728,23.76,-0.404,-0.072,-0.476
Western Sahara,1995,1.291,15.291,360.97,2.01,1.7489,0.0038,11.438,11.748,23.187,-0.998,-0.051,-1.049
Western Sahara,1996,1.337,15.337,362.74,1.24,1.7513,0.0025,11.848,11.743,23.592,-0.588,-0.056,-0.644
Western Sahara,1997,1.466,15.466,363.88,1.91,1.7545,0.0064,11.692,11.341,23.032,-0.745,-0.458,-1.203
Western Sahara,1998,1.431,15.431,366.84,2.97,1.7655,0.0121,11.782,11.689,23.471,-0.655,-0.11,-0.765
Western Sahara,1999,0.999,14.999,368.54,0.92,1.7723,0.0024,11.713,11.712,23.426,-0.723,-0.087,-0.81
Western Sahara,2000,0.926,14.926,369.71,1.62,1.7733,-0.0014,11.519,11.724,23.243,-0.917,-0.075,-0.992
Western Sahara,2001,1.345,15.345,371.32,1.62,1.7713,-0.0007,11.622,11.628,23.25,-0.814,-0.172,-0.986
Western Sahara,2002,1.298,15.298,373.45,2.51,1.7727,0.0032,11.385,11.176,22.561,-1.052,-0.623,-1.675
Western Sahara,2003,1.435,15.435,375.98,2.26,1.7773,0.0048,11.419,11.924,23.343,-1.017,0.125,-0.892
Western Sahara,2004,1.585,15.585,377.7,1.59,1.777,-0.0048,11.251,11.938,23.189,-1.186,0.139,-1.047
Western Sahara,2005,1.214,15.214,379.98,2.57,1.7742,0.0003,10.928,11.648,22.575,-1.509,-0.152,-1.661
Western Sahara,2006,1.503,15.503,382.09,1.69,1.775,0.0019,10.794,11.412,22.206,-1.642,-0.387,-2.03
Western Sahara,2007,1.051,15.051,384.02,2.31,1.7814,0.0078,10.498,11.637,22.135,-1.938,-0.162,-2.101
Western Sahara,2008,1.496,15.496,385.83,1.54,1.787,0.0065,10.99,12.213,23.203,-1.447,0.414,-1.032
Western Sahara,2009,1.039,15.039,387.64,2.0,1.7935,0.0047,10.956,11.999,22.955,-1.481,0.2,-1.281
Western Sahara,2010,1.91,15.91,390.1,2.3,1.7989,0.0051,10.734,12.058,22.792,-1.702,0.258,-1.444
Western Sahara,2011,1.593,15.593,391.85,1.92,1.8031,0.005,10.506,11.45,21.956,-1.931,-0.349,-2.28
Western Sahara,2012,1.4,15.4,394.06,2.65,1.8081,0.005,10.42,11.981,22.401,-2.017,0.182,-1.835
Western Sahara,2013,1.523,15.523,396.74,1.99,1.8134,0.0057,10.919,12.474,23.393,-1.517,0.675,-0.842
Western Sahara,2014,1.47,15.47,398.81,2.17,1.8226,0.0127,10.812,12.727,23.539,-1.624,0.928,-0.697
Western Sahara,2015,1.513,15.513,401.01,2.95,1.8342,0.01,10.589,12.366,22.955,-1.848,0.567,-1.281
Western Sahara,2016,1.8,15.8,404.41,3.03,1.8431,0.007,10.176,11.178,21.353,-2.261,-0.622,-2.882
Western Sahara,2017,2.234,16.234,406.76,1.9,1.8496,0.0069,10.415,10.702,21.118,-2.022,-1.097,-3.118
Western Sahara,2018,0.917,14.917,408.72,2.85,1.8573,0.0088,10.378,10.952,21.33,-2.058,-0.847,-2.906
Western Sahara,2019,1.497,15.497,411.65,2.49,1.8666,0.0096,10.225,10.83,21.055,-2.212,-0.969,-3.181
Western Sahara,2020,2.079,16.079,414.21,2.3,1.8787,0.0148,10.164,11.578,21.742,-2.272,-0.222,-2.494
Yemen,1979,0.555,14.555,336.84,1.83,1.5305,0.0166,12.35,11.656,24.006,-0.087,-0.143,-0.23
Yemen,1980,0.839,14.839,338.76,1.68,1.5471,0.0169,12.348,11.206,23.554,-0.088,-0.593,-0.682
Yemen,1981,0.051,14.051,340.12,1.43,1.564,0.0169,12.147,11.387,23.533,-0.29,-0.413,-0.702
Yemen,1982,-0.032,13.968,341.48,0.86,1.5809,0.0333,12.468,11.595,24.062,0.031,-0.204,-0.173
Yemen,1983,0.097,14.097,343.15,2.36,1.6142,0.0306,12.353,11.344,23.698,-0.083,-0.455,-0.538
Yemen,1984,0.295,14.295,344.87,1.51,1.6448,0.0129,11.92,11.428,23.348,-0.517,-0.371,-0.887
Yemen,1985,0.552,14.552,346.35,1.21,1.6573,0.0122,12.016,11.569,23.585,-0.421,-0.23,-0.651
Yemen,1986,-0.084,13.916,347.61,1.47,1.6701,0.0129,12.224,11.044,23.268,-0.212,-0.755,-0.967
Yemen,1987,0.056,14.056,349.31,2.06,1.6827,0.0114,12.268,11.405,23.673,-0.169,-0.394,-0.562
Yemen,1988,0.998,14.998,351.69,2.24,1.6931,0.0107,12.19,11.497,23.687,-0.247,-0.302,-0.549
Yemen,1989,0.381,14.381,353.2,1.24,1.7045,0.0112,11.987,11.381,23.368,-0.45,-0.418,-0.868
Yemen,1990,0.474,14.474,354.45,1.2,1.7144,0.0086,11.718,11.365,23.082,-0.719,-0.434,-1.153
Yemen,1991,0.4307,14.4307,355.7,1.05,1.7248,0.0141,11.77,11.498,23.268,-0.667,-0.301,-0.967
Yemen,1992,0.3874,14.3874,356.54,0.49,1.7355,0.0024,12.122,11.374,23.496,-0.315,-0.425,-0.74
Yemen,1993,0.3441,14.3441,357.21,1.36,1.7365,0.0039,11.947,11.37,23.317,-0.49,-0.429,-0.919
Yemen,1994,0.3009,14.3009,358.96,1.96,1.7421,0.0073,12.032,11.728,23.76,-0.404,-0.072,-0.476
Yemen,1995,0.2576,14.2576,360.97,2.01,1.7489,0.0038,11.438,11.748,23.187,-0.998,-0.051,-1.049
Yemen,1996,0.2143,14.2143,362.74,1.24,1.7513,0.0025,11.848,11.743,23.592,-0.588,-0.056,-0.644
Yemen,1997,0.171,14.171,363.88,1.91,1.7545,0.0064,11.692,11.341,23.032,-0.745,-0.458,-1.203
Yemen,1998,0.171,14.171,366.84,2.97,1.7655,0.0121,11.782,11.689,23.471,-0.655,-0.11,-0.765
Yemen,1999,0.171,14.171,368.54,0.92,1.7723,0.0024,11.713,11.712,23.426,-0.723,-0.087,-0.81
Yemen,2000,0.171,14.171,369.71,1.62,1.7733,-0.0014,11.519,11.724,23.243,-0.917,-0.075,-0.992
Yemen,2001,0.171,14.171,371.32,1.62,1.7713,-0.0007,11.622,11.628,23.25,-0.814,-0.172,-0.986
Yemen,2002,0.171,14.171,373.45,2.51,1.7727,0.0032,11.385,11.176,22.561,-1.052,-0.623,-1.675
Yemen,2003,0.171,14.171,375.98,2.26,1.7773,0.0048,11.419,11.924,23.343,-1.017,0.125,-0.892
Yemen,2004,0.171,14.171,377.7,1.59,1.777,-0.0048,11.251,11.938,23.189,-1.186,0.139,-1.047
Yemen,2005,0.171,14.171,379.98,2.57,1.7742,0.0003,10.928,11.648,22.575,-1.509,-0.152,-1.661
Yemen,2006,0.171,14.171,382.09,1.69,1.775,0.0019,10.794,11.412,22.206,-1.642,-0.387,-2.03
Yemen,2007,0.171,14.171,384.02,2.31,1.7814,0.0078,10.498,11.637,22.135,-1.938,-0.162,-2.101
Yemen,2008,0.171,14.171,385.83,1.54,1.787,0.0065,10.99,12.213,23.203,-1.447,0.414,-1.032
Yemen,2009,0.171,14.171,387.64,2.0,1.7935,0.0047,10.956,11.999,22.955,-1.481,0.2,-1.281
Yemen,2010,0.171,14.171,390.1,2.3,1.7989,0.0051,10.734,12.058,22.792,-1.702,0.258,-1.444
Yemen,2011,0.171,14.171,391.85,1.92,1.8031,0.005,10.506,11.45,21.956,-1.931,-0.349,-2.28
Yemen,2012,0.171,14.171,394.06,2.65,1.8081,0.005,10.42,11.981,22.401,-2.017,0.182,-1.835
Yemen,2013,0.171,14.171,396.74,1.99,1.8134,0.0057,10.919,12.474,23.393,-1.517,0.675,-0.842
Yemen,2014,0.171,14.171,398.81,2.17,1.8226,0.0127,10.812,12.727,23.539,-1.624,0.928,-0.697
Yemen,2015,0.171,14.171,401.01,2.95,1.8342,0.01,10.589,12.366,22.955,-1.848,0.567,-1.281
Yemen,2016,0.171,14.171,404.41,3.03,1.8431,0.007,10.176,11.178,21.353,-2.261,-0.622,-2.882
Yemen,2017,0.171,14.171,406.76,1.9,1.8496,0.0069,10.415,10.702,21.118,-2.022,-1.097,-3.118
Yemen,2018,0.171,14.171,408.72,2.85,1.8573,0.0088,10.378,10.952,21.33,-2.058,-0.847,-2.906
Yemen,2019,0.171,14.171,411.65,2.49,1.8666,0.0096,10.225,10.83,21.055,-2.212,-0.969,-3.181
Yemen,2020,0.171,14.171,414.21,2.3,1.8787,0.0148,10.164,11.578,21.742,-2.272,-0.222,-2.494
Zambia,1979,0.226,14.226,336.84,1.83,1.5305,0.0166,12.35,11.656,24.006,-0.087,-0.143,-0.23
Zambia,1980,0.128,14.128,338.76,1.68,1.5471,0.0169,12.348,11.206,23.554,-0.088,-0.593,-0.682
Zambia,1981,-0.166,13.834,340.12,1.43,1.564,0.0169,12.147,11.387,23.533,-0.29,-0.413,-0.702
Zambia,1982,0.294,14.294,341.48,0.86,1.5809,0.0333,12.468,11.595,24.062,0.031,-0.204,-0.173
Zambia,1983,0.996,14.996,343.15,2.36,1.6142,0.0306,12.353,11.344,23.698,-0.083,-0.455,-0.538
Zambia,1984,0.52,14.52,344.87,1.51,1.6448,0.0129,11.92,11.428,23.348,-0.517,-0.371,-0.887
Zambia,1985,0.149,14.149,346.35,1.21,1.6573,0.0122,12.016,11.569,23.585,-0.421,-0.23,-0.651
Zambia,1986,0.006,14.006,347.61,1.47,1.6701,0.0129,12.224,11.044,23.268,-0.212,-0.755,-0.967
Zambia,1987,0.921,14.921,349.31,2.06,1.6827,0.0114,12.268,11.405,23.673,-0.169,-0.394,-0.562
Zambia,1988,0.6,14.6,351.69,2.24,1.6931,0.0107,12.19,11.497,23.687,-0.247,-0.302,-0.549
Zambia,1989,0.116,14.116,353.2,1.24,1.7045,0.0112,11.987,11.381,23.368,-0.45,-0.418,-0.868
Zambia,1990,0.749,14.749,354.45,1.2,1.7144,0.0086,11.718,11.365,23.082,-0.719,-0.434,-1.153
Zambia,1991,0.048,14.048,355.7,1.05,1.7248,0.0141,11.77,11.498,23.268,-0.667,-0.301,-0.967
Zambia,1992,0.637,14.637,356.54,0.49,1.7355,0.0024,12.122,11.374,23.496,-0.315,-0.425,-0.74
Zambia,1993,-0.054,13.946,357.21,1.36,1.7365,0.0039,11.947,11.37,23.317,-0.49,-0.429,-0.919
Zambia,1994,0.271,14.271,358.96,1.96,1.7421,0.0073,12.032,11.728,23.76,-0.404,-0.072,-0.476
Zambia,1995,0.705,14.705,360.97,2.01,1.7489,0.0038,11.438,11.748,23.187,-0.998,-0.051,-1.049
Zambia,1996,0.747,14.747,362.74,1.24,1.7513,0.0025,11.848,11.743,23.592,-0.588,-0.056,-0.644
Zambia,1997,0.476,14.476,363.88,1.91,1.7545,0.0064,11.692,11.341,23.032,-0.745,-0.458,-1.203
Zambia,1998,1.017,15.017,366.84,2.97,1.7655,0.0121,11.782,11.689,23.471,-0.655,-0.11,-0.765
Zambia,1999,0.219,14.219,368.54,0.92,1.7723,0.0024,11.713,11.712,23.426,-0.723,-0.087,-0.81
Zambia,2000,0.113,14.113,369.71,1.62,1.7733,-0.0014,11.519,11.724,23.243,-0.917,-0.075,-0.992
Zambia,2001,0.332,14.332,371.32,1.62,1.7713,-0.0007,11.622,11.628,23.25,-0.814,-0.172,-0.986
Zambia,2002,0.74,14.74,373.45,2.51,1.7727,0.0032,11.385,11.176,22.561,-1.052,-0.623,-1.675
Zambia,2003,0.951,14.951,375.98,2.26,1.7773,0.0048,11.419,11.924,23.343,-1.017,0.125,-0.892
Zambia,2004,0.539,14.539,377.7,1.59,1.777,-0.0048,11.251,11.938,23.189,-1.186,0.139,-1.047
Zambia,2005,1.156,15.156,379.98,2.57,1.7742,0.0003,10.928,11.648,22.575,-1.509,-0.152,-1.661
Zambia,2006,0.691,14.691,382.09,1.69,1.775,0.0019,10.794,11.412,22.206,-1.642,-0.387,-2.03
Zambia,2007,1.041,15.041,384.02,2.31,1.7814,0.0078,10.498,11.637,22.135,-1.938,-0.162,-2.101
Zambia,2008,0.486,14.486,385.83,1.54,1.787,0.0065,10.99,12.213,23.203,-1.447,0.414,-1.032
Zambia,2009,0.524,14.524,387.64,2.0,1.7935,0.0047,10.956,11.999,22.955,-1.481,0.2,-1.281
Zambia,2010,1.448,15.448,390.1,2.3,1.7989,0.0051,10.734,12.058,22.792,-1.702,0.258,-1.444
Zambia,2011,0.942,14.942,391.85,1.92,1.8031,0.005,10.506,11.45,21.956,-1.931,-0.349,-2.28
Zambia,2012,1.024,15.024,394.06,2.65,1.8081,0.005,10.42,11.981,22.401,-2.017,0.182,-1.835
Zambia,2013,1.069,15.069,396.74,1.99,1.8134,0.0057,10.919,12.474,23.393,-1.517,0.675,-0.842
Zambia,2014,0.935,14.935,398.81,2.17,1.8226,0.0127,10.812,12.727,23.539,-1.624,0.928,-0.697
Zambia,2015,1.863,15.863,401.01,2.95,1.8342,0.01,10.589,12.366,22.955,-1.848,0.567,-1.281
Zambia,2016,1.3,15.3,404.41,3.03,1.8431,0.007,10.176,11.178,21.353,-2.261,-0.622,-2.882
Zambia,2017,0.629,14.629,406.76,1.9,1.8496,0.0069,10.415,10.702,21.118,-2.022,-1.097,-3.118
Zambia,2018,0.888,14.888,408.72,2.85,1.8573,0.0088,10.378,10.952,21.33,-2.058,-0.847,-2.906
Zambia,2019,1.31,15.31,411.65,2.49,1.8666,0.0096,10.225,10.83,21.055,-2.212,-0.969,-3.181
Zambia,2020,1.304,15.304,414.21,2.3,1.8787,0.0148,10.164,11.578,21.742,-2.272,-0.222,-2.494
Zimbabwe,1979,0.183,14.183,336.84,1.83,1.5305,0.0166,12.35,11.656,24.006,-0.087,-0.143,-0.23
Zimbabwe,1980,-0.025,13.975,338.76,1.68,1.5471,0.0169,12.348,11.206,23.554,-0.088,-0.593,-0.682
Zimbabwe,1981,-0.384,13.616,340.12,1.43,1.564,0.0169,12.147,11.387,23.533,-0.29,-0.413,-0.702
Zimbabwe,1982,0.132,14.132,341.48,0.86,1.5809,0.0333,12.468,11.595,24.062,0.031,-0.204,-0.173
Zimbabwe,1983,1.181,15.181,343.15,2.36,1.6142,0.0306,12.353,11.344,23.698,-0.083,-0.455,-0.538
Zimbabwe,1984,0.449,14.449,344.87,1.51,1.6448,0.0129,11.92,11.428,23.348,-0.517,-0.371,-0.887
Zimbabwe,1985,-0.002,13.998,346.35,1.21,1.6573,0.0122,12.016,11.569,23.585,-0.421,-0.23,-0.651
Zimbabwe,1986,-0.013,13.987,347.61,1.47,1.6701,0.0129,12.224,11.044,23.268,-0.212,-0.755,-0.967
Zimbabwe,1987,1.028,15.028,349.31,2.06,1.6827,0.0114,12.268,11.405,23.673,-0.169,-0.394,-0.562
Zimbabwe,1988,0.418,14.418,351.69,2.24,1.6931,0.0107,12.19,11.497,23.687,-0.247,-0.302,-0.549
Zimbabwe,1989,0.172,14.172,353.2,1.24,1.7045,0.0112,11.987,11.381,23.368,-0.45,-0.418,-0.868
Zimbabwe,1990,0.518,14.518,354.45,1.2,1.7144,0.0086,11.718,11.365,23.082,-0.719,-0.434,-1.153
Zimbabwe,1991,0.139,14.139,355.7,1.05,1.7248,0.0141,11.77,11.498,23.268,-0.667,-0.301,-0.967
Zimbabwe,1992,1.031,15.031,356.54,0.49,1.7355,0.0024,12.122,11.374,23.496,-0.315,-0.425,-0.74
Zimbabwe,1993,0.36,14.36,357.21,1.36,1.7365,0.0039,11.947,11.37,23.317,-0.49,-0.429,-0.919
Zimbabwe,1994,0.007,14.007,358.96,1.96,1.7421,0.0073,12.032,11.728,23.76,-0.404,-0.072,-0.476
Zimbabwe,1995,0.792,14.792,360.97,2.01,1.7489,0.0038,11.438,11.748,23.187,-0.998,-0.051,-1.049
Zimbabwe,1996,-0.2,13.8,362.74,1.24,1.7513,0.0025,11.848,11.743,23.592,-0.588,-0.056,-0.644
Zimbabwe,1997,0.117,14.117,363.88,1.91,1.7545,0.0064,11.692,11.341,23.032,-0.745,-0.458,-1.203
Zimbabwe,1998,0.932,14.932,366.84,2.97,1.7655,0.0121,11.782,11.689,23.471,-0.655,-0.11,-0.765
Zimbabwe,1999,0.167,14.167,368.54,0.92,1.7723,0.0024,11.713,11.712,23.426,-0.723,-0.087,-0.81
Zimbabwe,2000,-0.287,13.713,369.71,1.62,1.7733,-0.0014,11.519,11.724,23.243,-0.917,-0.075,-0.992
Zimbabwe,2001,0.157,14.157,371.32,1.62,1.7713,-0.0007,11.622,11.628,23.25,-0.814,-0.172,-0.986
Zimbabwe,2002,0.524,14.524,373.45,2.51,1.7727,0.0032,11.385,11.176,22.561,-1.052,-0.623,-1.675
Zimbabwe,2003,0.497,14.497,375.98,2.26,1.7773,0.0048,11.419,11.924,23.343,-1.017,0.125,-0.892
Zimbabwe,2004,0.227,14.227,377.7,1.59,1.777,-0.0048,11.251,11.938,23.189,-1.186,0.139,-1.047
Zimbabwe,2005,1.33,15.33,379.98,2.57,1.7742,0.0003,10.928,11.648,22.575,-1.509,-0.152,-1.661
Zimbabwe,2006,-0.026,13.974,382.09,1.69,1.775,0.0019,10.794,11.412,22.206,-1.642,-0.387,-2.03
Zimbabwe,2007,0.366,14.366,384.02,2.31,1.7814,0.0078,10.498,11.637,22.135,-1.938,-0.162,-2.101
Zimbabwe,2008,0.322,14.322,385.83,1.54,1.787,0.0065,10.99,12.213,23.203,-1.447,0.414,-1.032
Zimbabwe,2009,-0.076,13.924,387.64,2.0,1.7935,0.0047,10.956,11.999,22.955,-1.481,0.2,-1.281
Zimbabwe,2010,1.072,15.072,390.1,2.3,1.7989,0.0051,10.734,12.058,22.792,-1.702,0.258,-1.444
Zimbabwe,2011,0.609,14.609,391.85,1.92,1.8031,0.005,10.506,11.45,21.956,-1.931,-0.349,-2.28
Zimbabwe,2012,0.72,14.72,394.06,2.65,1.8081,0.005,10.42,11.981,22.401,-2.017,0.182,-1.835
Zimbabwe,2013,0.394,14.394,396.74,1.99,1.8134,0.0057,10.919,12.474,23.393,-1.517,0.675,-0.842
Zimbabwe,2014,0.507,14.507,398.81,2.17,1.8226,0.0127,10.812,12.727,23.539,-1.624,0.928,-0.697
Zimbabwe,2015,1.226,15.226,401.01,2.95,1.8342,0.01,10.589,12.366,22.955,-1.848,0.567,-1.281
Zimbabwe,2016,1.47,15.47,404.41,3.03,1.8431,0.007,10.176,11.178,21.353,-2.261,-0.622,-2.882
Zimbabwe,2017,0.443,14.443,406.76,1.9,1.8496,0.0069,10.415,10.702,21.118,-2.022,-1.097,-3.118
Zimbabwe,2018,0.747,14.747,408.72,2.85,1.8573,0.0088,10.378,10.952,21.33,-2.058,-0.847,-2.906
Zimbabwe,2019,1.359,15.359,411.65,2.49,1.8666,0.0096,10.225,10.83,21.055,-2.212,-0.969,-3.181
Zimbabwe,2020,0.82,14.82,414.21,2.3,1.8787,0.0148,10.164,11.578,21.742,-2.272,-0.222,-2.494
